entry_ts_utc,exit_ts_utc,entry_ts_ms,exit_ts_ms,side,book_idx,tag,entry_price,exit_price,qty,realized_pnl,return_units,fees,exit_reason,max_hold_bars,stop_offset,target_offset
2025-10-01T02:00:00+00:00,2025-10-01T04:00:00+00:00,1759284000000,1759291200000,SHORT,1,k7_b1,4166.59,4124.92,0.01,0.37109669500000075,0.008906484559315909,0.045603305000000004,target,,,
2025-10-01T07:00:00+00:00,2025-10-01T08:00:00+00:00,1759302000000,1759305600000,LONG,1,k7_b1,4126.72,4167.99,0.01,0.3670790949999953,0.008895178131784936,0.045620905,target,,,
2025-10-01T09:00:00+00:00,2025-10-01T14:00:00+00:00,1759309200000,1759327200000,LONG,2,k7_b2,4292.14,4335.06,0.01,0.3817504000000007,0.008894174001780013,0.04744960000000001,target,,,
2025-10-01T10:00:00+00:00,2025-10-01T22:00:00+00:00,1759312800000,1759356000000,LONG,3,k7_b3,4310.6,4302.52,0.01,-0.12817215999999929,-0.002973418085649313,0.04737216000000001,max_hold,,,
2025-10-01T11:00:00+00:00,2025-10-01T23:00:00+00:00,1759316400000,1759359600000,LONG,4,k7_b4,4282.55,4310.54,0.01,0.23263800499999782,0.005432230913824655,0.047261995,max_hold,,,
2025-10-01T12:00:00+00:00,2025-10-02T00:00:00+00:00,1759320000000,1759363200000,LONG,5,k7_b5,4298.03,4345.85,0.01,0.4306586600000062,0.01001990819049672,0.04754134,max_hold,,,
2025-10-01T13:00:00+00:00,2025-10-02T01:00:00+00:00,1759323600000,1759366800000,LONG,5,k7_b5,4284.52,4333.17,0.01,0.4391027049999964,0.010248585722554599,0.047397295000000006,max_hold,,,
2025-10-01T14:00:00+00:00,2025-10-02T02:00:00+00:00,1759327200000,1759370400000,LONG,6,k7_b6,4295.73,4390.86,0.01,0.9035237550000011,0.021033066673184796,0.047776245,max_hold,,,
2025-10-02T11:00:00+00:00,2025-10-02T15:00:00+00:00,1759402800000,1759417200000,LONG,1,k7_b1,4380.21,4424.01,0.01,0.38957679000000184,0.00889402083461756,0.04842321000000001,target,,,
2025-10-02T12:00:00+00:00,2025-10-02T15:00:00+00:00,1759406400000,1759417200000,LONG,2,k7_b2,4379.43,4423.22,0.01,0.3894854249999996,0.008893518677088104,0.048414575000000015,target,,,
2025-10-02T15:00:00+00:00,2025-10-02T18:00:00+00:00,1759417200000,1759428000000,LONG,5,k7_b5,4374.73,4489.26,0.01,1.0965480550000066,0.0250655024424366,0.048751945000000005,target,,,
2025-10-02T13:00:00+00:00,2025-10-03T01:00:00+00:00,1759410000000,1759453200000,LONG,3,k7_b3,4406.02,4466.49,0.01,0.5559011949999935,0.012616855915315714,0.048798805,max_hold,,,
2025-10-02T14:00:00+00:00,2025-10-03T02:00:00+00:00,1759413600000,1759456800000,LONG,4,k7_b4,4417.18,4469.64,0.01,0.4757224900000004,0.010769823507305574,0.04887751000000001,max_hold,,,
2025-10-02T23:00:00+00:00,2025-10-03T11:00:00+00:00,1759446000000,1759489200000,LONG,4,k7_b4,4464.09,4487.34,0.01,0.183267135,0.0041053638031491296,0.04923286500000001,max_hold,,,
2025-10-03T01:00:00+00:00,2025-10-03T13:00:00+00:00,1759453200000,1759496400000,LONG,4,k7_b4,4468.73,4480.58,0.01,0.06927879500000364,0.0015503016516997816,0.049221205,max_hold,,,
2025-10-03T02:00:00+00:00,2025-10-03T14:00:00+00:00,1759456800000,1759500000000,LONG,4,k7_b4,4471.88,4468.51,0.01,-0.08287214499999893,-0.0018531835603817393,0.04917214500000001,max_hold,,,
2025-10-03T16:00:00+00:00,2025-10-03T17:00:00+00:00,1759507200000,1759510800000,SHORT,1,k7_b1,4530.93,4485.62,0.01,0.403508975000004,0.008905654578640676,0.049591025000000004,target,,,
2025-10-04T07:00:00+00:00,2025-10-04T13:00:00+00:00,1759561200000,1759582800000,SHORT,1,k7_b1,4502.73,4478.05,0.01,0.19740570999999382,0.004384133847687821,0.04939429000000001,max_hold,,,
2025-10-04T14:00:00+00:00,2025-10-04T15:00:00+00:00,1759586400000,1759590000000,SHORT,1,k7_b1,4495.61,4450.65,0.01,0.40039557000000037,0.008906367990105912,0.04920443,target,,,
2025-10-05T08:00:00+00:00,2025-10-05T09:00:00+00:00,1759651200000,1759654800000,SHORT,1,k7_b1,4602.6,4556.57,0.01,0.4099245650000065,0.008906369551992492,0.05037543500000001,target,,,
2025-10-05T09:00:00+00:00,2025-10-05T09:00:00+00:00,1759654800000,1759654800000,SHORT,2,k7_b2,4584.45,4538.61,0.01,0.40822317000000147,0.008904517881098093,0.050176830000000006,target_entry_bar,,,
2025-10-05T13:00:00+00:00,2025-10-06T01:00:00+00:00,1759669200000,1759712400000,SHORT,3,k7_b3,4527.73,4497.79,0.01,0.249759639999996,0.005516222036207902,0.04964036,max_hold,,,
2025-10-05T14:00:00+00:00,2025-10-06T02:00:00+00:00,1759672800000,1759716000000,SHORT,3,k7_b3,4534.71,4526.03,0.01,0.03696593000000291,0.0008151773762821195,0.04983407000000001,max_hold,,,
2025-10-05T15:00:00+00:00,2025-10-06T03:00:00+00:00,1759676400000,1759719600000,SHORT,3,k7_b3,4531.42,4536.8,0.01,-0.1036752100000011,-0.0022879187980809792,0.04987521,max_hold,,,
2025-10-05T16:00:00+00:00,2025-10-06T04:00:00+00:00,1759680000000,1759723200000,SHORT,4,k7_b4,4528.33,4534.9,0.01,-0.1155477649999971,-0.0025516639688361294,0.049847765,max_hold,,,
2025-10-06T07:00:00+00:00,2025-10-06T13:00:00+00:00,1759734000000,1759755600000,SHORT,1,k7_b1,4556.14,4579.01,0.01,-0.2789433249999989,-0.00612236070445594,0.050243325000000005,max_hold,,,
2025-10-06T10:00:00+00:00,2025-10-06T13:00:00+00:00,1759744800000,1759755600000,LONG,1,k7_b1,4573.45,4619.18,0.01,0.40674053500000473,0.008893516601252987,0.050559465,target,,,
2025-10-06T11:00:00+00:00,2025-10-06T13:00:00+00:00,1759748400000,1759755600000,LONG,2,k7_b2,4573.7,4619.44,0.01,0.4068377299999978,0.008895155563329421,0.050562270000000006,target,,,
2025-10-06T12:00:00+00:00,2025-10-06T15:00:00+00:00,1759752000000,1759762800000,LONG,3,k7_b3,4571.83,4691.52,0.01,1.145951575000005,0.025065489639816117,0.050948425000000006,target,,,
2025-10-06T13:00:00+00:00,2025-10-06T17:00:00+00:00,1759755600000,1759770000000,LONG,4,k7_b4,4581.3,4701.24,0.01,1.148346029999996,0.0250659426363695,0.051053970000000004,target,,,
2025-10-06T14:00:00+00:00,2025-10-07T02:00:00+00:00,1759759200000,1759802400000,LONG,5,k7_b5,4639.13,4674.25,0.01,0.2999764099999989,0.006466221252691752,0.05122359,max_hold,,,
2025-10-06T15:00:00+00:00,2025-10-07T03:00:00+00:00,1759762800000,1759806000000,LONG,6,k7_b6,4639.46,4684.83,0.01,0.4024164049999989,0.008673776797299661,0.051283595,max_hold,,,
2025-10-06T16:00:00+00:00,2025-10-07T04:00:00+00:00,1759766400000,1759809600000,LONG,6,k7_b6,4673.58,4688.74,0.01,0.10010723999999854,0.002141981949597494,0.05149276,max_hold,,,
2025-10-07T13:00:00+00:00,2025-10-07T13:00:00+00:00,1759842000000,1759842000000,SHORT,1,k7_b1,4743.62,4696.18,0.01,0.422481099999996,0.008906301516563216,0.051918900000000004,target_entry_bar,,,
2025-10-08T00:00:00+00:00,2025-10-08T02:00:00+00:00,1759881600000,1759888800000,LONG,1,k7_b1,4448.0,4492.48,0.01,0.39562735999999565,0.0088944999999999,0.049172640000000004,target,,,
2025-10-08T04:00:00+00:00,2025-10-08T08:00:00+00:00,1759896000000,1759910400000,LONG,2,k7_b2,4444.05,4488.49,0.01,0.395271029999996,0.00889438755189514,0.04912897000000001,target,,,
2025-10-08T06:00:00+00:00,2025-10-08T08:00:00+00:00,1759903200000,1759910400000,LONG,2,k7_b2,4438.39,4482.77,0.01,0.39473362000000106,0.00889362178627838,0.04906638000000001,target,,,
2025-10-08T22:00:00+00:00,2025-10-09T01:00:00+00:00,1759960800000,1759971600000,SHORT,1,k7_b1,4521.52,4476.3,0.01,0.4027119900000025,0.008906562173782323,0.049488010000000006,target,,,
2025-10-08T23:00:00+00:00,2025-10-09T01:00:00+00:00,1759964400000,1759971600000,SHORT,2,k7_b2,4517.14,4471.97,0.01,0.4022598950000007,0.008905189898918357,0.04944010500000001,target,,,
2025-10-09T00:00:00+00:00,2025-10-09T02:00:00+00:00,1759968000000,1759975200000,SHORT,3,k7_b3,4521.39,4403.02,0.01,1.134615744999999,0.025094401168667135,0.04908425500000001,target,,,
2025-10-09T05:00:00+00:00,2025-10-09T08:00:00+00:00,1759986000000,1759996800000,SHORT,2,k7_b2,4450.62,4406.11,0.01,0.3963879850000022,0.00890635428322351,0.048712015,target,,,
2025-10-09T06:00:00+00:00,2025-10-09T08:00:00+00:00,1759989600000,1759996800000,SHORT,3,k7_b3,4450.31,4333.8,0.01,1.1167873950000022,0.025094597792063973,0.04831260500000001,target,,,
2025-10-09T08:00:00+00:00,2025-10-09T14:00:00+00:00,1759996800000,1760018400000,SHORT,4,k7_b4,4422.2,4306.43,0.01,1.1096925349999953,0.02509367588530585,0.048007465000000006,target,,,
2025-10-09T17:00:00+00:00,2025-10-09T17:00:00+00:00,1760029200000,1760029200000,LONG,1,k7_b1,4277.57,4320.35,0.01,0.3805114400000066,0.00889550469074747,0.04728856000000001,target_entry_bar,,,
2025-10-09T19:00:00+00:00,2025-10-09T21:00:00+00:00,1760036400000,1760043600000,LONG,2,k7_b2,4308.33,4351.41,0.01,0.3831714299999993,0.00889373446323748,0.04762857,target,,,
2025-10-10T10:00:00+00:00,2025-10-10T13:00:00+00:00,1760090400000,1760101200000,LONG,1,k7_b1,4322.14,4365.36,0.01,0.3844187499999935,0.008894176264535472,0.047781250000000004,target,,,
2025-10-10T12:00:00+00:00,2025-10-10T14:00:00+00:00,1760097600000,1760104800000,SHORT,1,k7_b1,4339.24,4295.85,0.01,0.38640700499999414,0.00890494660355256,0.04749299500000001,target,,,
2025-10-10T13:00:00+00:00,2025-10-10T14:00:00+00:00,1760101200000,1760104800000,SHORT,2,k7_b2,4344.25,4300.81,0.01,0.386852169999996,0.008904924210162765,0.047547830000000006,target,,,
2025-10-10T14:00:00+00:00,2025-10-10T15:00:00+00:00,1760104800000,1760108400000,SHORT,3,k7_b3,4351.62,4237.69,0.01,1.092058795000003,0.025095453991846782,0.047241205,target,,,
2025-10-11T19:00:00+00:00,2025-10-11T19:00:00+00:00,1760209200000,1760209200000,SHORT,1,k7_b1,3811.26,3773.150000000001,0.01,0.3393857450000013,0.008904817435703712,0.041714255000000006,target_entry_bar,,,
2025-10-12T03:00:00+00:00,2025-10-12T03:00:00+00:00,1760238000000,1760238000000,LONG,1,k7_b1,3734.24,3771.58,0.01,0.3321179900000015,0.008893857652427308,0.04128201,target_entry_bar,,,
2025-10-12T04:00:00+00:00,2025-10-12T04:00:00+00:00,1760241600000,1760241600000,LONG,2,k7_b2,3781.88,3819.699999999999,0.01,0.3363913099999971,0.008894817127989178,0.04180869,target_entry_bar,,,
2025-10-12T05:00:00+00:00,2025-10-12T14:00:00+00:00,1760245200000,1760277600000,LONG,3,k7_b3,3802.26,3901.8,0.01,0.9530276699999997,0.025064768584999435,0.04237233,target,,,
2025-10-12T06:00:00+00:00,2025-10-12T14:00:00+00:00,1760248800000,1760277600000,LONG,4,k7_b4,3806.15,3905.8,0.01,0.9540842750000009,0.025066912102781048,0.042415725,target,,,
2025-10-12T12:00:00+00:00,2025-10-12T14:00:00+00:00,1760270400000,1760277600000,LONG,3,k7_b3,3820.04,3920.050000000001,0.01,0.9575295050000022,0.02506595493764469,0.04257049500000001,target,,,
2025-10-12T15:00:00+00:00,2025-10-12T15:00:00+00:00,1760281200000,1760281200000,SHORT,1,k7_b1,3971.36,4050.79,0.01,-0.8384218249999984,-0.021111705435921155,0.044121825,stop_entry_bar,,,
2025-10-13T10:00:00+00:00,2025-10-13T11:00:00+00:00,1760349600000,1760353200000,SHORT,1,k7_b1,4160.21,4118.61,0.01,0.37046649000000365,0.008904994940159358,0.04553351,target,,,
2025-10-13T15:00:00+00:00,2025-10-13T15:00:00+00:00,1760367600000,1760367600000,LONG,1,k7_b1,4095.84,4136.8,0.01,0.36432048000000034,0.00889489042540725,0.045279520000000004,target_entry_bar,,,
2025-10-13T18:00:00+00:00,2025-10-14T00:00:00+00:00,1760378400000,1760400000000,SHORT,1,k7_b1,4231.48,4239.7,0.01,-0.12879149000000256,-0.0030436511575146893,0.04659149,max_hold,,,
2025-10-13T19:00:00+00:00,2025-10-14T01:00:00+00:00,1760382000000,1760403600000,SHORT,2,k7_b2,4224.19,4240.27,0.01,-0.20735453000000836,-0.004908740610626141,0.04655453,max_hold,,,
2025-10-13T21:00:00+00:00,2025-10-14T02:00:00+00:00,1760389200000,1760407200000,SHORT,4,k7_b4,4282.88,4170.75,0.01,1.0748050350000011,0.02509538056167815,0.046494965000000006,target,,,
2025-10-13T20:00:00+00:00,2025-10-14T03:00:00+00:00,1760385600000,1760410800000,SHORT,3,k7_b3,4247.87,4136.66,0.01,1.0659850850000003,0.02509457881244013,0.046114915000000006,target,,,
2025-10-13T22:00:00+00:00,2025-10-14T03:00:00+00:00,1760392800000,1760410800000,SHORT,5,k7_b5,4254.69,4143.3,0.01,1.0677110549999942,0.02509492007643317,0.046188944999999995,target,,,
2025-10-13T23:00:00+00:00,2025-10-14T03:00:00+00:00,1760396400000,1760410800000,SHORT,6,k7_b6,4267.31,4155.59,0.01,1.0708740500000027,0.025094826717534057,0.046325950000000005,target,,,
2025-10-14T00:00:00+00:00,2025-10-14T04:00:00+00:00,1760400000000,1760414400000,SHORT,6,k7_b6,4237.58,4126.64,0.01,1.0633967899999959,0.025094435739266185,0.04600321,target,,,
2025-10-14T01:00:00+00:00,2025-10-14T04:00:00+00:00,1760403600000,1760414400000,SHORT,6,k7_b6,4238.14,4127.19,0.01,1.0634906850000072,0.025093335401850977,0.046009315,target,,,
2025-10-14T02:00:00+00:00,2025-10-14T04:00:00+00:00,1760407200000,1760414400000,SHORT,7,k7_b7,4207.78,4097.62,0.01,1.0559202999999986,0.025094474996316316,0.045679700000000004,target,,,
2025-10-14T13:00:00+00:00,2025-10-14T14:00:00+00:00,1760446800000,1760450400000,LONG,1,k7_b1,3941.38,3980.79,0.01,0.35052806499999856,0.008893536400955974,0.043571935000000006,target,,,
2025-10-14T14:00:00+00:00,2025-10-14T14:00:00+00:00,1760450400000,1760450400000,LONG,2,k7_b2,3955.98,3995.54,0.01,0.35186663999999945,0.008894550528566863,0.04373336,target_entry_bar,,,
2025-10-14T15:00:00+00:00,2025-10-14T15:00:00+00:00,1760454000000,1760454000000,LONG,3,k7_b3,3969.67,4073.599999999999,0.01,0.9950620149999984,0.025066618006030685,0.044237985,target_entry_bar,,,
2025-10-15T11:00:00+00:00,2025-10-15T12:00:00+00:00,1760526000000,1760529600000,SHORT,1,k7_b1,4114.6,4073.45,0.01,0.36646572500000546,0.008906472682642429,0.045034275000000006,target,,,
2025-10-16T11:00:00+00:00,2025-10-16T13:00:00+00:00,1760612400000,1760619600000,SHORT,1,k7_b1,4045.17,4004.72,0.01,0.3602256050000027,0.008905079514581655,0.04427439500000001,target,,,
2025-10-16T13:00:00+00:00,2025-10-16T13:00:00+00:00,1760619600000,1760619600000,SHORT,2,k7_b2,4050.49,4009.99,0.01,0.36066736000000005,0.008904289604467609,0.04433264,target_entry_bar,,,
2025-10-16T15:00:00+00:00,2025-10-16T15:00:00+00:00,1760626800000,1760626800000,SHORT,3,k7_b3,4011.82,3906.79,0.01,1.006747645000002,0.0250945367688481,0.043552355,target_entry_bar,,,
2025-10-16T21:00:00+00:00,2025-10-16T23:00:00+00:00,1760648400000,1760655600000,LONG,1,k7_b1,3851.6,3890.12,0.01,0.3426205399999998,0.008895537958251112,0.04257946,target,,,
2025-10-16T23:00:00+00:00,2025-10-17T00:00:00+00:00,1760655600000,1760659200000,LONG,2,k7_b2,3865.19,3903.84,0.01,0.34377033500000087,0.00889400870332379,0.04272966500000001,target,,,
2025-10-17T01:00:00+00:00,2025-10-17T06:00:00+00:00,1760662800000,1760680800000,SHORT,2,k7_b2,3923.83,3884.59,0.01,0.3494536899999978,0.008905933488453827,0.04294631,target,,,
2025-10-17T04:00:00+00:00,2025-10-17T06:00:00+00:00,1760673600000,1760680800000,SHORT,2,k7_b2,3929.48,3890.190000000001,0.01,0.34989181499999966,0.008904277792481438,0.043008185000000004,target,,,
2025-10-17T05:00:00+00:00,2025-10-17T06:00:00+00:00,1760677200000,1760680800000,SHORT,3,k7_b3,3909.01,3806.670000000001,0.01,0.9809637600000014,0.025094941174363877,0.04243624,target,,,
2025-10-17T06:00:00+00:00,2025-10-17T07:00:00+00:00,1760680800000,1760684400000,SHORT,4,k7_b4,3891.96,3790.07,0.01,0.9766488349999988,0.025094010087462326,0.04225116500000001,target,,,
2025-10-17T07:00:00+00:00,2025-10-17T08:00:00+00:00,1760684400000,1760688000000,SHORT,4,k7_b4,3816.83,3716.91,0.01,0.9577644300000008,0.025093190684416143,0.041435570000000005,target,,,
2025-10-19T11:00:00+00:00,2025-10-19T13:00:00+00:00,1760871600000,1760878800000,LONG,1,k7_b1,3931.54,3970.86,0.01,0.3497368000000016,0.008895669381463793,0.04346320000000001,target,,,
2025-10-19T12:00:00+00:00,2025-10-19T13:00:00+00:00,1760875200000,1760878800000,LONG,2,k7_b2,3924.18,3963.42,0.01,0.3490182000000024,0.008894041557726771,0.0433818,target,,,
2025-10-19T13:00:00+00:00,2025-10-19T17:00:00+00:00,1760878800000,1760893200000,LONG,3,k7_b3,3922.83,4025.530000000001,0.01,0.9832840200000028,0.025065680133984976,0.04371598,target,,,
2025-10-19T14:00:00+00:00,2025-10-20T02:00:00+00:00,1760882400000,1760925600000,LONG,4,k7_b4,3972.23,3936.139999999999,0.01,-0.40439603500000143,-0.010180579548515605,0.043496035,max_hold,,,
2025-10-20T21:00:00+00:00,2025-10-21T01:00:00+00:00,1760994000000,1761008400000,SHORT,1,k7_b1,3994.77,3954.82,0.01,0.3557772549999982,0.008906076069460775,0.043722745,target,,,
2025-10-21T00:00:00+00:00,2025-10-21T01:00:00+00:00,1761004800000,1761008400000,SHORT,2,k7_b2,3975.55,3935.79,0.01,0.35408763000000215,0.008906632541409418,0.04351237000000001,target,,,
2025-10-21T01:00:00+00:00,2025-10-21T04:00:00+00:00,1761008400000,1761019200000,SHORT,3,k7_b3,3968.51,3864.61,0.01,0.995917840000001,0.02509551040566865,0.04308216000000001,target,,,
2025-10-21T02:00:00+00:00,2025-10-21T05:00:00+00:00,1761012000000,1761022800000,SHORT,4,k7_b4,3944.58,3841.31,0.01,0.9898776049999998,0.02509462617059357,0.042822395,target,,,
2025-10-21T03:00:00+00:00,2025-10-21T14:00:00+00:00,1761015600000,1761055200000,SHORT,4,k7_b4,3927.74,4006.29,0.01,-0.8291371650000019,-0.021109777251040088,0.043637165000000006,stop,,,
2025-10-21T04:00:00+00:00,2025-10-21T14:00:00+00:00,1761019200000,1761055200000,SHORT,5,k7_b5,3919.45,3997.84,0.01,-0.8274450950000033,-0.021111255278164112,0.043545095000000006,stop,,,
2025-10-21T14:00:00+00:00,2025-10-21T14:00:00+00:00,1761055200000,1761055200000,LONG,1,k7_b1,3866.71,3905.38,0.01,0.3439535050000007,0.008895249579099564,0.042746495,target_entry_bar,,,
2025-10-21T20:00:00+00:00,2025-10-21T20:00:00+00:00,1761076800000,1761076800000,SHORT,1,k7_b1,3992.03,3952.11,0.01,0.35550723000000073,0.008905424808931814,0.043692770000000006,target_entry_bar,,,
2025-10-23T23:00:00+00:00,2025-10-24T02:00:00+00:00,1761260400000,1761271200000,LONG,1,k7_b1,3850.73,3889.24,0.01,0.34253016499999767,0.008895200780111762,0.042569835,target,,,
2025-10-24T00:00:00+00:00,2025-10-24T04:00:00+00:00,1761264000000,1761278400000,LONG,2,k7_b2,3857.15,3895.72,0.01,0.3430592149999971,0.008894111325719692,0.042640785,target,,,
2025-10-25T03:00:00+00:00,2025-10-25T09:00:00+00:00,1761361200000,1761382800000,SHORT,1,k7_b1,3930.47,3952.19,0.01,-0.26055463000000256,-0.006629096011418548,0.043354630000000005,max_hold,,,
2025-10-25T09:00:00+00:00,2025-10-25T15:00:00+00:00,1761382800000,1761404400000,SHORT,1,k7_b1,3950.21,3936.83,0.01,0.09042128000000109,0.0022890246341334027,0.043378719999999996,max_hold,,,
2025-10-25T13:00:00+00:00,2025-10-25T19:00:00+00:00,1761397200000,1761418800000,SHORT,2,k7_b2,3949.59,3958.21,0.01,-0.12969289999999892,-0.0032837053972690562,0.0434929,max_hold,,,
2025-10-26T04:00:00+00:00,2025-10-26T09:00:00+00:00,1761451200000,1761469200000,LONG,1,k7_b1,3931.92,3971.239999999999,0.01,0.3497326199999971,0.008894703351034535,0.04346738,target,,,
2025-10-26T05:00:00+00:00,2025-10-26T09:00:00+00:00,1761454800000,1761469200000,LONG,2,k7_b2,3939.86,3979.26,0.01,0.3504448400000009,0.008894855147137231,0.04355516,target,,,
2025-10-26T06:00:00+00:00,2025-10-26T11:00:00+00:00,1761458400000,1761476400000,LONG,3,k7_b3,3942.97,4046.199999999999,0.01,0.9883595650000002,0.025066372937151443,0.043940435,target,,,
2025-10-26T07:00:00+00:00,2025-10-26T11:00:00+00:00,1761462000000,1761476400000,LONG,4,k7_b4,3944.98,4048.26,0.01,0.988837180000002,0.02506570831791294,0.04396282000000001,target,,,
2025-10-26T08:00:00+00:00,2025-10-26T12:00:00+00:00,1761465600000,1761480000000,LONG,5,k7_b5,3951.7,4055.16,0.01,0.9905622700000004,0.025066737606599703,0.04403773,target,,,
2025-10-27T17:00:00+00:00,2025-10-27T20:00:00+00:00,1761584400000,1761595200000,SHORT,1,k7_b1,4209.89,4167.79,0.01,0.37492276000000363,0.008905761433196676,0.046077240000000005,target,,,
2025-10-27T18:00:00+00:00,2025-10-27T20:00:00+00:00,1761588000000,1761595200000,SHORT,2,k7_b2,4216.99,4174.82,0.01,0.37554504500000074,0.00890552372663916,0.046154955,target,,,
2025-10-27T19:00:00+00:00,2025-10-27T21:00:00+00:00,1761591600000,1761598800000,SHORT,3,k7_b3,4210.93,4100.69,0.01,1.056686090000007,0.02509388876091521,0.04571391,target,,,
2025-10-28T00:00:00+00:00,2025-10-28T02:00:00+00:00,1761609600000,1761616800000,SHORT,2,k7_b2,4116.4,4075.24,0.01,0.3665459799999986,0.008904527742687752,0.04505402,target,,,
2025-10-28T03:00:00+00:00,2025-10-28T09:00:00+00:00,1761620400000,1761642000000,LONG,1,k7_b1,4096.07,4121.69,0.01,0.21100231999999894,0.005151335792601176,0.04519768,max_hold,,,
2025-10-28T04:00:00+00:00,2025-10-28T10:00:00+00:00,1761624000000,1761645600000,LONG,2,k7_b2,4094.52,4120.81,0.01,0.21771568500000418,0.005317245611207277,0.045184315,max_hold,,,
2025-10-28T05:00:00+00:00,2025-10-28T17:00:00+00:00,1761627600000,1761670800000,LONG,3,k7_b3,4099.9,4132.93,0.01,0.28501943500000654,0.0069518630942219705,0.045280565,max_hold,,,
2025-10-28T06:00:00+00:00,2025-10-28T18:00:00+00:00,1761631200000,1761674400000,LONG,4,k7_b4,4069.05,4138.3,0.01,0.647359575,0.01590935414900284,0.045140425000000005,max_hold,,,
2025-10-28T12:00:00+00:00,2025-10-28T19:00:00+00:00,1761652800000,1761678000000,LONG,3,k7_b3,4112.17,4029.93,0.01,-0.8671815500000024,-0.021088173640681253,0.04478155,stop,,,
2025-10-28T13:00:00+00:00,2025-10-28T19:00:00+00:00,1761656400000,1761678000000,LONG,4,k7_b4,4122.06,4039.62,0.01,-0.8692892400000052,-0.02108870904353661,0.044889240000000004,stop,,,
2025-10-28T15:00:00+00:00,2025-10-28T19:00:00+00:00,1761663600000,1761678000000,LONG,5,k7_b5,4119.35,4036.96,0.01,-0.8687597050000033,-0.021089727869688255,0.044859705,stop,,,
2025-10-28T17:00:00+00:00,2025-10-28T19:00:00+00:00,1761670800000,1761678000000,SHORT,1,k7_b1,4130.86,4089.550000000001,0.01,0.3678877449999949,0.008905839098880012,0.04521225500000001,target,,,
2025-10-28T18:00:00+00:00,2025-10-28T19:00:00+00:00,1761674400000,1761678000000,SHORT,2,k7_b2,4136.23,4094.87,0.01,0.36832894999999677,0.008904943632244745,0.04527105000000001,target,,,
2025-10-28T16:00:00+00:00,2025-10-28T20:00:00+00:00,1761667200000,1761681600000,LONG,6,k7_b6,4097.41,4015.46,0.01,-0.8641207849999982,-0.02108943906028438,0.044620785,stop,,,
2025-10-28T19:00:00+00:00,2025-10-28T20:00:00+00:00,1761678000000,1761681600000,SHORT,3,k7_b3,4111.14,4003.51,0.01,1.0316694250000011,0.025094485349562434,0.044630575000000006,target,,,
2025-10-29T05:00:00+00:00,2025-10-29T11:00:00+00:00,1761714000000,1761735600000,SHORT,2,k7_b2,4009.46,3987.12,0.01,0.17941881000000146,0.00447488714190942,0.04398119,max_hold,,,
2025-10-29T09:00:00+00:00,2025-10-29T15:00:00+00:00,1761728400000,1761750000000,SHORT,2,k7_b2,4003.56,3986.94,0.01,0.1222522499999989,0.0030535885561849677,0.04394775000000001,max_hold,,,
2025-10-29T10:00:00+00:00,2025-10-29T18:00:00+00:00,1761732000000,1761760800000,SHORT,3,k7_b3,3993.67,3889.12,0.01,1.002144655000002,0.025093326564288032,0.043355345,target,,,
2025-10-29T11:00:00+00:00,2025-10-29T18:00:00+00:00,1761735600000,1761760800000,SHORT,3,k7_b3,3985.12,3880.79,0.01,1.0000374949999993,0.025094288126831798,0.04326250500000001,target,,,
2025-10-29T12:00:00+00:00,2025-10-29T18:00:00+00:00,1761739200000,1761760800000,SHORT,4,k7_b4,4007.12,3902.21,0.01,1.0055986849999985,0.02509529749545805,0.043501315,target,,,
2025-10-29T13:00:00+00:00,2025-10-29T18:00:00+00:00,1761742800000,1761760800000,SHORT,5,k7_b5,4011.99,3906.96,0.01,1.0067457749999975,0.02509342682808276,0.043554225,target,,,
2025-10-29T14:00:00+00:00,2025-10-29T18:00:00+00:00,1761746400000,1761760800000,SHORT,6,k7_b6,3991.19,3886.7,0.01,1.0015716050000023,0.02509456089537211,0.043328395000000006,target,,,
2025-10-29T15:00:00+00:00,2025-10-29T18:00:00+00:00,1761750000000,1761760800000,SHORT,6,k7_b6,3984.94,3880.61,0.01,1.0000394749999992,0.02509547132453686,0.04326052500000001,target,,,
2025-10-29T17:00:00+00:00,2025-10-29T18:00:00+00:00,1761757200000,1761760800000,SHORT,7,k7_b7,3959.01,3855.36,0.01,0.9935209650000009,0.025095187054339364,0.042979035,target,,,
2025-10-30T08:00:00+00:00,2025-10-30T09:00:00+00:00,1761811200000,1761814800000,SHORT,2,k7_b2,3936.22,3896.86,0.01,0.35051805999999675,0.00890494078074896,0.043081940000000006,target,,,
2025-10-30T06:00:00+00:00,2025-10-30T12:00:00+00:00,1761804000000,1761825600000,SHORT,1,k7_b1,3912.9,3879.52,0.01,0.2909416900000011,0.0074354491553579455,0.04285831000000001,max_hold,,,
2025-10-30T10:00:00+00:00,2025-10-30T12:00:00+00:00,1761818400000,1761825600000,SHORT,3,k7_b3,3896.63,3794.62,0.01,0.9777981250000022,0.02509343009215661,0.042301875,target,,,
2025-10-30T11:00:00+00:00,2025-10-30T13:00:00+00:00,1761822000000,1761829200000,SHORT,4,k7_b4,3889.36,3787.54,0.01,0.9759770500000016,0.02509351281444766,0.04222295,target,,,
2025-10-30T12:00:00+00:00,2025-10-30T13:00:00+00:00,1761825600000,1761829200000,SHORT,4,k7_b4,3877.58,3776.06,0.01,0.9731049799999999,0.025095677716513907,0.042095020000000004,target,,,
2025-10-31T12:00:00+00:00,2025-10-31T13:00:00+00:00,1761912000000,1761915600000,SHORT,1,k7_b1,3870.22,3831.52,0.01,0.34464042999999817,0.008904931244218628,0.04235957,target,,,
2025-11-01T07:00:00+00:00,2025-11-01T13:00:00+00:00,1761980400000,1762002000000,LONG,1,k7_b1,3858.97,3874.630000000001,0.01,0.11406520000000309,0.0029558457308557226,0.042534800000000005,max_hold,,,
2025-11-01T08:00:00+00:00,2025-11-01T14:00:00+00:00,1761984000000,1762005600000,LONG,2,k7_b2,3861.22,3868.62,0.01,0.03148588000000091,0.0008154386437447467,0.04251412,max_hold,,,
2025-11-02T05:00:00+00:00,2025-11-02T09:00:00+00:00,1762059600000,1762074000000,SHORT,1,k7_b1,3905.26,3866.21,0.01,0.34775691500000183,0.008904833865094816,0.04274308500000001,target,,,
2025-11-02T06:00:00+00:00,2025-11-02T10:00:00+00:00,1762063200000,1762077600000,SHORT,2,k7_b2,3899.09,3860.1,0.01,0.3472244550000023,0.00890526904995787,0.04267554500000001,target,,,
2025-11-02T13:00:00+00:00,2025-11-02T19:00:00+00:00,1762088400000,1762110000000,SHORT,1,k7_b1,3873.96,3862.44,0.01,0.0726497999999998,0.0018753368646036563,0.04255020000000001,max_hold,,,
2025-11-02T14:00:00+00:00,2025-11-02T20:00:00+00:00,1762092000000,1762113600000,SHORT,2,k7_b2,3864.52,3854.380000000001,0.01,0.05894604999999872,0.0015253136223903284,0.042453950000000004,max_hold,,,
2025-11-02T23:00:00+00:00,2025-11-02T23:00:00+00:00,1762124400000,1762124400000,LONG,1,k7_b1,3855.32,3893.869999999999,0.01,0.3428794549999973,0.008893670434620141,0.042620545,target_entry_bar,,,
2025-11-02T15:00:00+00:00,2025-11-03T03:00:00+00:00,1762095600000,1762138800000,SHORT,3,k7_b3,3849.47,3797.4,0.01,0.47864221499999704,0.012433977015017575,0.04205778500000001,max_hold,,,
2025-11-02T16:00:00+00:00,2025-11-03T03:00:00+00:00,1762099200000,1762138800000,SHORT,4,k7_b4,3849.7,3748.91,0.01,0.9661076449999996,0.02509566057095357,0.041792355,target,,,
2025-11-02T17:00:00+00:00,2025-11-03T03:00:00+00:00,1762102800000,1762138800000,SHORT,5,k7_b5,3860.81,3759.73,0.01,0.9688870299999992,0.02509543411874708,0.04191297000000001,target,,,
2025-11-02T19:00:00+00:00,2025-11-03T03:00:00+00:00,1762110000000,1762138800000,SHORT,5,k7_b5,3860.5,3759.43,0.01,0.9687903850000017,0.025094945861935024,0.041909615000000004,target,,,
2025-11-05T13:00:00+00:00,2025-11-05T15:00:00+00:00,1762347600000,1762354800000,LONG,1,k7_b1,3345.23,3378.68,0.01,0.29751849499999816,0.008893812832002527,0.036981505,target,,,
2025-11-05T15:00:00+00:00,2025-11-05T15:00:00+00:00,1762354800000,1762354800000,LONG,2,k7_b2,3348.88,3382.37,0.01,0.2978781249999978,0.008894858131673806,0.03702187500000001,target_entry_bar,,,
2025-11-06T14:00:00+00:00,2025-11-06T14:00:00+00:00,1762437600000,1762437600000,SHORT,1,k7_b1,3387.96,3354.079999999999,0.01,0.3017187800000011,0.008905618130084211,0.03708122,target_entry_bar,,,
2025-11-07T06:00:00+00:00,2025-11-07T09:00:00+00:00,1762495200000,1762506000000,SHORT,1,k7_b1,3363.72,3330.08,0.01,0.29958409999999874,0.008906332869561044,0.0368159,target,,,
2025-11-07T08:00:00+00:00,2025-11-07T09:00:00+00:00,1762502400000,1762506000000,SHORT,2,k7_b2,3354.63,3321.08,0.01,0.29878359500000184,0.008906603559856134,0.03671640500000001,target,,,
2025-11-07T09:00:00+00:00,2025-11-07T11:00:00+00:00,1762506000000,1762513200000,SHORT,3,k7_b3,3338.62,3251.21,0.01,0.8378559349999986,0.025095875990678737,0.036244065000000006,target,,,
2025-11-07T17:00:00+00:00,2025-11-07T17:00:00+00:00,1762534800000,1762534800000,LONG,1,k7_b1,3309.13,3342.22,0.01,0.2943175749999969,0.008894107363566764,0.036582425,target_entry_bar,,,
2025-11-08T09:00:00+00:00,2025-11-08T11:00:00+00:00,1762592400000,1762599600000,SHORT,1,k7_b1,3451.55,3417.03,0.01,0.3074228099999998,0.008906804479147044,0.03777719,target,,,
2025-11-08T11:00:00+00:00,2025-11-08T11:00:00+00:00,1762599600000,1762599600000,SHORT,2,k7_b2,3442.72,3408.29,0.01,0.3066194449999984,0.008906313757726401,0.037680555000000004,target_entry_bar,,,
2025-11-09T03:00:00+00:00,2025-11-09T05:00:00+00:00,1762657200000,1762664400000,LONG,1,k7_b1,3368.25,3401.93,0.01,0.2995640099999984,0.008893758183032684,0.037235990000000004,target,,,
2025-11-09T05:00:00+00:00,2025-11-09T06:00:00+00:00,1762664400000,1762668000000,LONG,2,k7_b2,3374.77,3408.52,0.01,0.30019190500000004,0.008895181153085989,0.037308095,target,,,
2025-11-09T13:00:00+00:00,2025-11-09T14:00:00+00:00,1762693200000,1762696800000,LONG,1,k7_b1,3442.37,3476.79,0.01,0.30614462000000076,0.008893425750282532,0.03805538,target,,,
2025-11-09T14:00:00+00:00,2025-11-09T14:00:00+00:00,1762696800000,1762696800000,LONG,2,k7_b2,3458.44,3493.02,0.01,0.3075669699999993,0.008893228449821286,0.03823303,target_entry_bar,,,
2025-11-09T17:00:00+00:00,2025-11-09T23:00:00+00:00,1762707600000,1762729200000,LONG,3,k7_b3,3527.99,3620.35,0.01,0.8842841300000013,0.02506481395922328,0.03931587,target,,,
2025-11-09T18:00:00+00:00,2025-11-09T23:00:00+00:00,1762711200000,1762729200000,LONG,4,k7_b4,3515.76,3607.8,0.01,0.8812204199999997,0.02506486278926888,0.039179580000000006,target,,,
2025-11-09T19:00:00+00:00,2025-11-10T00:00:00+00:00,1762714800000,1762732800000,LONG,4,k7_b4,3541.43,3634.14,0.01,0.8876343650000004,0.025064292249176192,0.039465635,target,,,
2025-11-10T10:00:00+00:00,2025-11-10T12:00:00+00:00,1762768800000,1762776000000,SHORT,1,k7_b1,3621.5,3585.29,0.01,0.3224626550000004,0.008904118597266336,0.039637345000000004,target,,,
2025-11-10T12:00:00+00:00,2025-11-10T14:00:00+00:00,1762776000000,1762783200000,SHORT,2,k7_b2,3607.08,3571.01,0.01,0.3212205049999971,0.008905278091974592,0.039479495,target,,,
2025-11-10T14:00:00+00:00,2025-11-10T15:00:00+00:00,1762783200000,1762786800000,SHORT,4,k7_b4,3612.1,3517.54,0.01,0.9063869799999994,0.0250930754962487,0.03921302000000001,target,,,
2025-11-10T13:00:00+00:00,2025-11-11T01:00:00+00:00,1762779600000,1762822800000,SHORT,3,k7_b3,3588.66,3584.01,0.01,0.0070503149999963585,0.00019646093527936218,0.039449685000000005,max_hold,,,
2025-11-11T12:00:00+00:00,2025-11-11T13:00:00+00:00,1762862400000,1762866000000,SHORT,1,k7_b1,3570.61,3534.9,0.01,0.3180196950000004,0.00890659285108148,0.039080305,target,,,
2025-11-11T13:00:00+00:00,2025-11-11T14:00:00+00:00,1762866000000,1762869600000,SHORT,2,k7_b2,3537.91,3502.53,0.01,0.3150775799999965,0.008905754527390366,0.03872242000000001,target,,,
2025-11-11T14:00:00+00:00,2025-11-11T20:00:00+00:00,1762869600000,1762891200000,SHORT,3,k7_b3,3529.22,3436.83,0.01,0.8855867249999987,0.025092987260641124,0.038313275,target,,,
2025-11-11T15:00:00+00:00,2025-11-11T20:00:00+00:00,1762873200000,1762891200000,SHORT,4,k7_b4,3526.49,3434.17,0.01,0.8849163699999971,0.025093403639312666,0.03828363,target,,,
2025-11-12T08:00:00+00:00,2025-11-12T08:00:00+00:00,1762934400000,1762934400000,LONG,1,k7_b1,3428.23,3462.51,0.01,0.30490093000000196,0.00889382946885133,0.03789907000000001,target_entry_bar,,,
2025-11-12T17:00:00+00:00,2025-11-12T17:00:00+00:00,1762966800000,1762966800000,LONG,1,k7_b1,3399.8,3433.8,0.01,0.3024152,0.008895087946349784,0.0375848,target_entry_bar,,,
2025-11-12T18:00:00+00:00,2025-11-13T00:00:00+00:00,1762970400000,1762992000000,LONG,2,k7_b2,3429.72,3413.449999999999,0.01,-0.2003374349999998,-0.005841218379342915,0.037637435,max_hold,,,
2025-11-12T20:00:00+00:00,2025-11-13T05:00:00+00:00,1762977600000,1763010000000,LONG,3,k7_b3,3408.29,3497.52,0.01,0.8543180450000002,0.02506588479853534,0.037981955000000005,target,,,
2025-11-12T21:00:00+00:00,2025-11-13T05:00:00+00:00,1762981200000,1763010000000,LONG,4,k7_b4,3416.95,3506.409999999999,0.01,0.8565215200000004,0.025066843822707397,0.03807848,target,,,
2025-11-12T22:00:00+00:00,2025-11-13T05:00:00+00:00,1762984800000,1763010000000,LONG,5,k7_b5,3423.56,3513.19,0.01,0.8581478750000011,0.025065951086004075,0.038152125,target,,,
2025-11-12T23:00:00+00:00,2025-11-13T05:00:00+00:00,1762988400000,1763010000000,LONG,5,k7_b5,3422.17,3511.76,0.01,0.8577633850000015,0.025064896980570853,0.038136615000000006,target,,,
2025-11-13T00:00:00+00:00,2025-11-13T05:00:00+00:00,1762992000000,1763010000000,LONG,5,k7_b5,3415.16,3504.57,0.01,0.8560414850000031,0.025065926193794816,0.038058515,target,,,
2025-11-13T01:00:00+00:00,2025-11-13T05:00:00+00:00,1762995600000,1763010000000,LONG,6,k7_b6,3412.61,3501.95,0.01,0.855369919999997,0.025064977246154613,0.03803008000000001,target,,,
2025-11-13T02:00:00+00:00,2025-11-13T05:00:00+00:00,1762999200000,1763010000000,LONG,7,k7_b7,3424.49,3514.14,0.01,0.858337535000001,0.02506468218625258,0.038162465000000007,target,,,
2025-11-13T12:00:00+00:00,2025-11-13T13:00:00+00:00,1763035200000,1763038800000,SHORT,1,k7_b1,3498.22,3463.24,0.01,0.3115119700000002,0.00890487076284511,0.03828803,target,,,
2025-11-13T13:00:00+00:00,2025-11-13T13:00:00+00:00,1763038800000,1763038800000,SHORT,2,k7_b2,3497.91,3462.93,0.01,0.3115153800000002,0.008905757438012989,0.038284620000000005,target_entry_bar,,,
2025-11-15T12:00:00+00:00,2025-11-15T13:00:00+00:00,1763208000000,1763211600000,LONG,1,k7_b1,3152.79,3184.32,0.01,0.280445895000002,0.008895165710370878,0.034854105,target,,,
2025-11-15T18:00:00+00:00,2025-11-15T20:00:00+00:00,1763229600000,1763236800000,SHORT,1,k7_b1,3212.51,3180.38,0.01,0.28613910500000106,0.008907026125988746,0.035160895000000005,target,,,
2025-11-16T00:00:00+00:00,2025-11-16T02:00:00+00:00,1763251200000,1763258400000,LONG,1,k7_b1,3168.15,3199.83,0.01,0.28177610999999836,0.008894026797973529,0.03502389,target,,,
2025-11-16T01:00:00+00:00,2025-11-16T02:00:00+00:00,1763254800000,1763258400000,LONG,2,k7_b2,3153.11,3184.64,0.01,0.28044237499999747,0.008894151329956692,0.034857625,target,,,
2025-11-16T02:00:00+00:00,2025-11-16T09:00:00+00:00,1763258400000,1763283600000,LONG,3,k7_b3,3151.03,3233.52,0.01,0.7897849749999979,0.025064343246493932,0.03511502500000001,target,,,
2025-11-16T12:00:00+00:00,2025-11-16T15:00:00+00:00,1763294400000,1763305200000,SHORT,1,k7_b1,3165.58,3133.92,0.01,0.28195274999999853,0.008906827500805493,0.034647250000000004,target,,,
2025-11-16T13:00:00+00:00,2025-11-16T15:00:00+00:00,1763298000000,1763305200000,SHORT,2,k7_b2,3166.96,3135.29,0.01,0.28203762500000074,0.008905626373556998,0.034662375,target,,,
2025-11-16T15:00:00+00:00,2025-11-16T16:00:00+00:00,1763305200000,1763308800000,SHORT,3,k7_b3,3168.88,3085.92,0.01,0.7951986000000003,0.02509399535482569,0.0344014,target,,,
2025-11-16T19:00:00+00:00,2025-11-16T19:00:00+00:00,1763319600000,1763319600000,LONG,1,k7_b1,3060.86,3091.47,0.01,0.2722621849999967,0.008894957136229578,0.03383781500000001,target_entry_bar,,,
2025-11-17T01:00:00+00:00,2025-11-17T06:00:00+00:00,1763341200000,1763359200000,SHORT,2,k7_b2,3133.29,3195.96,0.01,-0.6615108750000007,-0.021112341181314234,0.034810875000000005,stop,,,
2025-11-17T16:00:00+00:00,2025-11-17T17:00:00+00:00,1763395200000,1763398800000,LONG,1,k7_b1,3121.03,3058.61,0.01,-0.6581880200000008,-0.02108880786150728,0.03398802000000001,stop,,,
2025-11-17T17:00:00+00:00,2025-11-17T17:00:00+00:00,1763398800000,1763398800000,SHORT,1,k7_b1,3131.6,3100.28,0.01,0.2789246599999971,0.008906778004853656,0.03427534,target_entry_bar,,,
2025-11-18T03:00:00+00:00,2025-11-18T03:00:00+00:00,1763434800000,1763434800000,LONG,1,k7_b1,2985.91,3015.77,0.01,0.26559076000000126,0.008894801249870266,0.03300924,target_entry_bar,,,
2025-11-18T06:00:00+00:00,2025-11-18T08:00:00+00:00,1763445600000,1763452800000,LONG,2,k7_b2,3012.65,3042.78,0.01,0.2679951350000011,0.008895661128906482,0.033304865,target,,,
2025-11-18T07:00:00+00:00,2025-11-18T10:00:00+00:00,1763449200000,1763460000000,LONG,3,k7_b3,2990.34,3068.63,0.01,0.7495756649999997,0.025066569854932875,0.033324335000000004,target,,,
2025-11-19T13:00:00+00:00,2025-11-19T13:00:00+00:00,1763557200000,1763557200000,SHORT,1,k7_b1,3097.68,3066.7,0.01,0.2758959100000002,0.008906533599338866,0.03390409,target_entry_bar,,,
2025-11-19T14:00:00+00:00,2025-11-19T14:00:00+00:00,1763560800000,1763560800000,SHORT,2,k7_b2,3064.25,3033.61,0.01,0.2728617699999987,0.008904683690952066,0.03353823,target_entry_bar,,,
2025-11-19T15:00:00+00:00,2025-11-19T15:00:00+00:00,1763564400000,1763564400000,SHORT,3,k7_b3,3057.47,2977.43,0.01,0.7672080499999997,0.02509290524518637,0.03319195,target_entry_bar,,,
2025-11-19T19:00:00+00:00,2025-11-19T20:00:00+00:00,1763578800000,1763582400000,LONG,1,k7_b1,2899.91,2928.91,0.01,0.25794149,0.008894810183764324,0.03205851,target,,,
2025-11-19T20:00:00+00:00,2025-11-19T20:00:00+00:00,1763582400000,1763582400000,LONG,2,k7_b2,2882.24,2911.06,0.01,0.2563368500000016,0.008893667772288278,0.03186315,target_entry_bar,,,
2025-11-19T21:00:00+00:00,2025-11-19T23:00:00+00:00,1763586000000,1763593200000,LONG,3,k7_b3,2945.57,3022.69,0.01,0.7383745699999988,0.0250672898624035,0.03282543,target,,,
2025-11-19T23:00:00+00:00,2025-11-20T05:00:00+00:00,1763593200000,1763614800000,LONG,4,k7_b4,2984.75,3062.89,0.01,0.7481379799999988,0.025065348186615252,0.03326202,target,,,
2025-11-20T14:00:00+00:00,2025-11-20T16:00:00+00:00,1763647200000,1763654400000,LONG,1,k7_b1,3000.12,2940.12,0.01,-0.63267132,-0.021088200471981122,0.032671320000000004,stop,,,
2025-11-20T15:00:00+00:00,2025-11-20T16:00:00+00:00,1763650800000,1763654400000,LONG,2,k7_b2,3000.93,2940.91,0.01,-0.6328801199999998,-0.021089466265457702,0.03268012,stop,,,
2025-11-21T02:00:00+00:00,2025-11-21T02:00:00+00:00,1763690400000,1763690400000,SHORT,1,k7_b1,2859.6,2831.0,0.01,0.2547016999999991,0.008906899566372887,0.0312983,target_entry_bar,,,
2025-11-21T04:00:00+00:00,2025-11-21T06:00:00+00:00,1763697600000,1763704800000,SHORT,2,k7_b2,2806.35,2778.29,0.01,0.24988447999999946,0.008904252142462609,0.030715520000000003,target,,,
2025-11-21T05:00:00+00:00,2025-11-21T07:00:00+00:00,1763701200000,1763708400000,SHORT,3,k7_b3,2816.3,2742.57,0.01,0.7067262150000002,0.025094138231012326,0.030573785000000006,target,,,
2025-11-21T06:00:00+00:00,2025-11-21T07:00:00+00:00,1763704800000,1763708400000,SHORT,4,k7_b4,2807.13,2733.64,0.01,0.7044257650000023,0.025094162543238194,0.030474235000000002,target,,,
2025-11-22T13:00:00+00:00,2025-11-22T14:00:00+00:00,1763816400000,1763820000000,LONG,1,k7_b1,2721.06,2748.27,0.01,0.2420186850000004,0.008894279618972033,0.030081315000000004,target,,,
2025-11-22T14:00:00+00:00,2025-11-22T14:00:00+00:00,1763820000000,1763820000000,LONG,2,k7_b2,2719.44,2746.63,0.01,0.24183661500000053,0.008892882909716725,0.030063385000000005,target_entry_bar,,,
2025-11-22T21:00:00+00:00,2025-11-22T22:00:00+00:00,1763845200000,1763848800000,LONG,2,k7_b2,2741.36,2768.77,0.01,0.24379428499999856,0.008893187505471684,0.030305715000000004,target,,,
2025-11-22T16:00:00+00:00,2025-11-23T01:00:00+00:00,1763827200000,1763859600000,LONG,3,k7_b3,2738.98,2810.69,0.01,0.6865768150000005,0.025066879458776642,0.030523185,target,,,
2025-11-23T01:00:00+00:00,2025-11-23T04:00:00+00:00,1763859600000,1763870400000,LONG,3,k7_b3,2773.17,2845.77,0.01,0.6950958299999991,0.025065027748028396,0.03090417,target,,,
2025-11-23T05:00:00+00:00,2025-11-23T07:00:00+00:00,1763874000000,1763881200000,SHORT,1,k7_b1,2824.78,2796.53,0.01,0.251582795,0.008906279250065492,0.030917205000000003,target,,,
2025-11-23T06:00:00+00:00,2025-11-23T07:00:00+00:00,1763877600000,1763881200000,SHORT,2,k7_b2,2822.29,2794.07,0.01,0.251310019999998,0.008904471900477912,0.030889980000000004,target,,,
2025-11-23T14:00:00+00:00,2025-11-23T14:00:00+00:00,1763906400000,1763906400000,SHORT,2,k7_b2,2841.03,2812.62,0.01,0.25300492500000304,0.008905394346416722,0.031095075000000007,target_entry_bar,,,
2025-11-23T13:00:00+00:00,2025-11-23T16:00:00+00:00,1763902800000,1763913600000,SHORT,1,k7_b1,2832.39,2804.07,0.01,0.2521994699999971,0.00890412231366433,0.031000530000000002,target,,,
2025-11-23T20:00:00+00:00,2025-11-24T00:00:00+00:00,1763928000000,1763942400000,SHORT,2,k7_b2,2820.09,2791.89,0.01,0.25113411000000274,0.008905180685722894,0.03086589,target,,,
2025-11-23T22:00:00+00:00,2025-11-24T00:00:00+00:00,1763935200000,1763942400000,SHORT,4,k7_b4,2838.49,2764.18,0.01,0.7122853149999995,0.025093810969917085,0.030814685,target,,,
2025-11-24T01:00:00+00:00,2025-11-24T02:00:00+00:00,1763946000000,1763949600000,LONG,1,k7_b1,2788.08,2815.96,0.01,0.2479777800000011,0.008894213222002277,0.030822220000000004,target,,,
2025-11-23T16:00:00+00:00,2025-11-24T04:00:00+00:00,1763913600000,1763956800000,SHORT,3,k7_b3,2833.59,2855.51,0.01,-0.25049005000000074,-0.008840024491898994,0.03129005000000001,max_hold,,,
2025-11-23T21:00:00+00:00,2025-11-24T05:00:00+00:00,1763931600000,1763960400000,SHORT,3,k7_b3,2825.67,2882.18,0.01,-0.5964931749999977,-0.021109796083760582,0.031393175,stop,,,
2025-11-24T06:00:00+00:00,2025-11-24T09:00:00+00:00,1763964000000,1763974800000,SHORT,4,k7_b4,2864.69,2789.69,0.01,0.71890091,0.025095242766232994,0.031099090000000003,target,,,
2025-11-23T23:00:00+00:00,2025-11-24T11:00:00+00:00,1763938800000,1763982000000,SHORT,5,k7_b5,2835.45,2797.84,0.01,0.3451169049999967,0.012171503817736046,0.030983095000000002,max_hold,,,
2025-11-24T12:00:00+00:00,2025-11-24T14:00:00+00:00,1763985600000,1763992800000,LONG,1,k7_b1,2803.47,2831.5,0.01,0.24930766500000198,0.00889282442829786,0.030992335000000003,target,,,
2025-11-24T13:00:00+00:00,2025-11-24T14:00:00+00:00,1763989200000,1763992800000,LONG,2,k7_b2,2803.66,2831.7,0.01,0.24940551999999966,0.008895712033556125,0.03099448,target,,,
2025-11-24T07:00:00+00:00,2025-11-24T17:00:00+00:00,1763967600000,1764003600000,SHORT,5,k7_b5,2836.39,2893.12,0.01,-0.5988123050000003,-0.02111177606041483,0.031512305000000004,stop,,,
2025-11-24T14:00:00+00:00,2025-11-24T17:00:00+00:00,1763992800000,1764003600000,LONG,3,k7_b3,2815.31,2889.01,0.01,0.7056262400000027,0.025063891365426996,0.03137376,target,,,
2025-11-24T15:00:00+00:00,2025-11-24T17:00:00+00:00,1763996400000,1764003600000,LONG,4,k7_b4,2832.65,2906.81,0.01,0.7100329699999985,0.025066032513723843,0.03156703,target,,,
2025-11-24T16:00:00+00:00,2025-11-24T17:00:00+00:00,1764000000000,1764003600000,LONG,5,k7_b5,2846.58,2921.1,0.01,0.7134777599999998,0.025064384629977017,0.03172224,target,,,
2025-11-24T17:00:00+00:00,2025-11-24T17:00:00+00:00,1764003600000,1764003600000,LONG,6,k7_b6,2858.9,2933.75,0.01,0.716640424999999,0.025066998670817412,0.031859575,target_entry_bar,,,
2025-11-25T00:00:00+00:00,2025-11-25T01:00:00+00:00,1764028800000,1764032400000,SHORT,1,k7_b1,2950.7,2921.19,0.01,0.26280460499999764,0.008906517267089086,0.032295395000000005,target,,,
2025-11-25T15:00:00+00:00,2025-11-25T15:00:00+00:00,1764082800000,1764082800000,LONG,1,k7_b1,2880.85,2909.66,0.01,0.25625219499999946,0.008895020393286684,0.031847805,target_entry_bar,,,
2025-11-25T23:00:00+00:00,2025-11-26T03:00:00+00:00,1764111600000,1764126000000,SHORT,1,k7_b1,2967.25,2937.58,0.01,0.26422343500000073,0.008904657005644983,0.032476565,target,,,
2025-11-26T00:00:00+00:00,2025-11-26T03:00:00+00:00,1764115200000,1764126000000,SHORT,2,k7_b2,2956.76,2927.19,0.01,0.2633382750000016,0.008906312145727133,0.03236172500000001,target,,,
2025-11-26T02:00:00+00:00,2025-11-26T12:00:00+00:00,1764122400000,1764158400000,SHORT,4,k7_b4,2967.32,2889.64,0.01,0.7445867200000029,0.025092902686599455,0.032213280000000004,target,,,
2025-11-26T01:00:00+00:00,2025-11-26T13:00:00+00:00,1764118800000,1764162000000,SHORT,3,k7_b3,2951.59,2900.01,0.01,0.4836161999999993,0.016384938287499255,0.0321838,max_hold,,,
2025-11-26T13:00:00+00:00,2025-11-26T13:00:00+00:00,1764162000000,1764162000000,LONG,2,k7_b2,2901.47,2930.48,0.01,0.2580242750000022,0.008892881022378387,0.032075725,target_entry_bar,,,
2025-11-26T12:00:00+00:00,2025-11-26T14:00:00+00:00,1764158400000,1764165600000,LONG,1,k7_b1,2914.28,2943.42,0.01,0.25918264999999874,0.008893539742234745,0.032217350000000006,target,,,
2025-11-26T03:00:00+00:00,2025-11-26T15:00:00+00:00,1764126000000,1764169200000,SHORT,5,k7_b5,2953.94,2909.33,0.01,0.41385201500000124,0.014010169976370584,0.03224798500000001,max_hold,,,
2025-11-26T14:00:00+00:00,2025-11-26T17:00:00+00:00,1764165600000,1764176400000,LONG,3,k7_b3,2934.36,3011.18,0.01,0.7354995299999971,0.02506507483744316,0.03270047,target,,,
2025-11-26T15:00:00+00:00,2025-11-26T17:00:00+00:00,1764169200000,1764176400000,LONG,4,k7_b4,2910.79,2986.99,0.01,0.7295622099999982,0.02506406199004388,0.03243779,target,,,
2025-11-26T16:00:00+00:00,2025-11-26T17:00:00+00:00,1764172800000,1764176400000,LONG,5,k7_b5,2928.1,3004.76,0.01,0.7339692700000031,0.02506640039616144,0.03263073,target,,,
2025-11-27T12:00:00+00:00,2025-11-27T12:00:00+00:00,1764244800000,1764244800000,SHORT,1,k7_b1,3025.23,2994.98,0.01,0.269388845,0.008904739309077326,0.033111155,target_entry_bar,,,
2025-11-28T13:00:00+00:00,2025-11-28T13:00:00+00:00,1764334800000,1764334800000,LONG,1,k7_b1,3036.34,3066.7,0.01,0.2700332799999967,0.008893380846677141,0.03356672,target_entry_bar,,,
2025-11-29T00:00:00+00:00,2025-11-29T06:00:00+00:00,1764374400000,1764396000000,LONG,1,k7_b1,3031.32,3031.61,0.01,-0.030446115000000367,-0.0010043847234868098,0.033346115,max_hold,,,
2025-11-29T18:00:00+00:00,2025-11-30T00:00:00+00:00,1764439200000,1764460800000,LONG,1,k7_b1,2970.13,2987.96,0.01,0.14553050499999926,0.004899802533895797,0.03276949500000001,max_hold,,,
2025-11-30T17:00:00+00:00,2025-11-30T23:00:00+00:00,1764522000000,1764543600000,SHORT,1,k7_b1,3041.21,3032.23,0.01,0.05639608000000018,0.0018543961120738185,0.033403920000000004,max_hold,,,
2025-11-30T18:00:00+00:00,2025-11-30T23:00:00+00:00,1764525600000,1764543600000,SHORT,2,k7_b2,3038.35,3007.97,0.01,0.27054524000000113,0.008904347425411857,0.03325476,target,,,
2025-11-30T19:00:00+00:00,2025-12-01T00:00:00+00:00,1764529200000,1764547200000,SHORT,3,k7_b3,3034.38,2954.94,0.01,0.7614587400000006,0.025094376445929663,0.03294126000000001,target,,,
2025-11-30T20:00:00+00:00,2025-12-01T00:00:00+00:00,1764532800000,1764547200000,SHORT,4,k7_b4,3031.93,2952.55,0.01,0.7608853599999965,0.02509574297559629,0.03291464,target,,,
2025-11-30T21:00:00+00:00,2025-12-01T00:00:00+00:00,1764536400000,1764547200000,SHORT,5,k7_b5,3026.31,2947.08,0.01,0.7594463550000002,0.025094797129177122,0.032853645,target,,,
2025-11-30T22:00:00+00:00,2025-12-01T00:00:00+00:00,1764540000000,1764547200000,SHORT,6,k7_b6,3019.6,2940.55,0.01,0.7577191749999973,0.025093362531461032,0.032780825,target,,,
2025-11-30T23:00:00+00:00,2025-12-01T00:00:00+00:00,1764543600000,1764547200000,SHORT,6,k7_b6,3030.71,2951.37,0.01,0.7604985600000014,0.025093082479023112,0.032901440000000004,target,,,
2025-12-01T17:00:00+00:00,2025-12-01T20:00:00+00:00,1764608400000,1764619200000,LONG,1,k7_b1,2732.02,2759.34,0.01,0.24299752000000166,0.008894426834357056,0.030202480000000004,target,,,
2025-12-02T01:00:00+00:00,2025-12-02T01:00:00+00:00,1764637200000,1764637200000,LONG,1,k7_b1,2795.69,2823.65,0.01,0.24869363000000033,0.008895608239826316,0.030906370000000002,target_entry_bar,,,
2025-12-02T02:00:00+00:00,2025-12-02T08:00:00+00:00,1764640800000,1764662400000,LONG,2,k7_b2,2795.3,2804.2,0.01,0.058202749999996355,0.002082164705040473,0.030797250000000005,max_hold,,,
2025-12-02T04:00:00+00:00,2025-12-02T14:00:00+00:00,1764648000000,1764684000000,LONG,3,k7_b3,2804.65,2878.08,0.01,0.7030449849999983,0.025067120139767824,0.031255015000000004,target,,,
2025-12-02T05:00:00+00:00,2025-12-02T14:00:00+00:00,1764651600000,1764684000000,LONG,4,k7_b4,2805.25,2878.69,0.01,0.7031383300000006,0.02506508617770254,0.031261670000000005,target,,,
2025-12-02T06:00:00+00:00,2025-12-02T14:00:00+00:00,1764655200000,1764684000000,LONG,5,k7_b5,2803.4,2876.79,0.01,0.7026589549999988,0.025064527181279828,0.031241045000000002,target,,,
2025-12-02T08:00:00+00:00,2025-12-02T14:00:00+00:00,1764662400000,1764684000000,LONG,4,k7_b4,2805.61,2879.06,0.01,0.7032343149999981,0.02506529114880536,0.031265685,target,,,
2025-12-02T09:00:00+00:00,2025-12-02T14:00:00+00:00,1764666000000,1764684000000,LONG,5,k7_b5,2798.59,2871.86,0.01,0.7015125249999998,0.02506664159451723,0.031187475000000006,target,,,
2025-12-02T10:00:00+00:00,2025-12-02T14:00:00+00:00,1764669600000,1764684000000,LONG,6,k7_b6,2798.0,2871.25,0.01,0.701319125,0.025065015189421017,0.031180875000000004,target,,,
2025-12-02T13:00:00+00:00,2025-12-02T14:00:00+00:00,1764680400000,1764684000000,LONG,7,k7_b7,2827.9,2901.93,0.01,0.7087859349999975,0.02506403815552168,0.031514065,target,,,
2025-12-02T16:00:00+00:00,2025-12-03T04:00:00+00:00,1764691200000,1764734400000,LONG,7,k7_b7,3007.06,3029.07,0.01,0.1869012850000022,0.006215415887943779,0.033198715000000004,max_hold,,,
2025-12-02T17:00:00+00:00,2025-12-03T05:00:00+00:00,1764694800000,1764738000000,LONG,7,k7_b7,2995.59,3055.21,0.01,0.562920599999999,0.018791643716262872,0.0332794,max_hold,,,
2025-12-02T18:00:00+00:00,2025-12-03T06:00:00+00:00,1764698400000,1764741600000,LONG,7,k7_b7,3015.87,3057.18,0.01,0.37969822499999945,0.012590006366322138,0.033401775,max_hold,,,
2025-12-04T12:00:00+00:00,2025-12-04T14:00:00+00:00,1764849600000,1764856800000,SHORT,1,k7_b1,3183.49,3151.66,0.01,0.2834566749999993,0.008903959962179851,0.034843324999999994,target,,,
2025-12-04T16:00:00+00:00,2025-12-04T16:00:00+00:00,1764864000000,1764864000000,SHORT,2,k7_b2,3204.95,3172.9,0.01,0.2854218249999973,0.008905656094478768,0.035078175,target_entry_bar,,,
2025-12-05T00:00:00+00:00,2025-12-05T01:00:00+00:00,1764892800000,1764896400000,LONG,1,k7_b1,3133.58,3164.92,0.01,0.27875825000000143,0.008895839582841396,0.03464175,target,,,
2025-12-05T01:00:00+00:00,2025-12-05T02:00:00+00:00,1764896400000,1764900000000,LONG,2,k7_b2,3146.81,3178.28,0.01,0.2799120050000025,0.008895103453974105,0.034787995,target,,,
2025-12-05T07:00:00+00:00,2025-12-05T09:00:00+00:00,1764918000000,1764925200000,SHORT,1,k7_b1,3166.06,3134.4,0.01,0.28194746999999853,0.008905310385779124,0.03465253,target,,,
2025-12-05T08:00:00+00:00,2025-12-05T09:00:00+00:00,1764921600000,1764925200000,SHORT,2,k7_b2,3170.88,3139.17,0.01,0.2823947250000004,0.008905878651983059,0.03470527500000001,target,,,
2025-12-05T20:00:00+00:00,2025-12-05T23:00:00+00:00,1764964800000,1764975600000,SHORT,1,k7_b1,3035.57,3005.21,0.01,0.27037571000000127,0.008906917317011345,0.033224290000000004,target,,,
2025-12-05T23:00:00+00:00,2025-12-06T05:00:00+00:00,1764975600000,1764997200000,SHORT,2,k7_b2,3023.92,3035.04,0.01,-0.1445242799999989,-0.00477936850181218,0.03332428,max_hold,,,
2025-12-06T01:00:00+00:00,2025-12-06T13:00:00+00:00,1764982800000,1765026000000,SHORT,3,k7_b3,3023.19,3030.37,0.01,-0.10509457999999837,-0.0034762810144251064,0.033294580000000004,max_hold,,,
2025-12-06T02:00:00+00:00,2025-12-06T14:00:00+00:00,1764986400000,1765029600000,SHORT,3,k7_b3,3024.01,3034.6,0.01,-0.1392223549999969,-0.004603898631287492,0.033322355000000005,max_hold,,,
2025-12-06T03:00:00+00:00,2025-12-06T15:00:00+00:00,1764990000000,1765033200000,SHORT,4,k7_b4,3026.39,3053.49,0.01,-0.30443933999999906,-0.010059488036902021,0.03343934,max_hold,,,
2025-12-06T04:00:00+00:00,2025-12-06T16:00:00+00:00,1764993600000,1765036800000,SHORT,5,k7_b5,3037.12,3040.1,0.01,-0.06322471000000018,-0.00208173236487199,0.033424709999999996,max_hold,,,
2025-12-06T05:00:00+00:00,2025-12-06T17:00:00+00:00,1764997200000,1765040400000,SHORT,5,k7_b5,3033.52,3051.15,0.01,-0.2097656850000011,-0.006914926718795363,0.03346568500000001,max_hold,,,
2025-12-07T03:00:00+00:00,2025-12-07T09:00:00+00:00,1765076400000,1765098000000,SHORT,1,k7_b1,3050.81,3033.28,0.01,0.14183750499999745,0.004649175300985556,0.033462495,max_hold,,,
2025-12-07T04:00:00+00:00,2025-12-07T10:00:00+00:00,1765080000000,1765101600000,SHORT,2,k7_b2,3051.04,3029.12,0.01,0.18575912000000072,0.006088386910692771,0.033440880000000006,max_hold,,,
2025-12-07T05:00:00+00:00,2025-12-07T14:00:00+00:00,1765083600000,1765116000000,SHORT,3,k7_b3,3043.56,2963.88,0.01,0.7637590799999984,0.025094267239679793,0.03304092,target,,,
2025-12-07T06:00:00+00:00,2025-12-07T14:00:00+00:00,1765087200000,1765116000000,SHORT,4,k7_b4,3041.6,2961.97,0.01,0.7632803650000011,0.02509469900710156,0.033019635000000006,target,,,
2025-12-07T16:00:00+00:00,2025-12-07T17:00:00+00:00,1765123200000,1765126800000,SHORT,3,k7_b3,3024.31,3084.8,0.01,-0.6385001050000023,-0.021112257176017085,0.033600105000000005,stop,,,
2025-12-08T04:00:00+00:00,2025-12-08T08:00:00+00:00,1765166400000,1765180800000,LONG,1,k7_b1,3111.21,3142.32,0.01,0.27670558500000125,0.008893825392692916,0.034394415000000005,target,,,
2025-12-08T19:00:00+00:00,2025-12-08T19:00:00+00:00,1765220400000,1765220400000,LONG,2,k7_b2,3092.68,3123.61,0.01,0.2751104050000029,0.008895534132209051,0.034189595,target_entry_bar,,,
2025-12-08T17:00:00+00:00,2025-12-08T20:00:00+00:00,1765213200000,1765224000000,LONG,1,k7_b1,3108.22,3139.3,0.01,0.27643864000000384,0.008893792588684323,0.03436136000000001,target,,,
2025-12-09T05:00:00+00:00,2025-12-09T11:00:00+00:00,1765256400000,1765278000000,LONG,1,k7_b1,3107.58,3106.29,0.01,-0.047076284999999635,-0.0015148856988395998,0.034176285,max_hold,,,
2025-12-09T10:00:00+00:00,2025-12-09T12:00:00+00:00,1765274400000,1765281600000,LONG,2,k7_b2,3106.06,3137.12,0.01,0.27626250999999946,0.008894306935474506,0.03433749,target,,,
2025-12-09T11:00:00+00:00,2025-12-09T12:00:00+00:00,1765278000000,1765281600000,LONG,2,k7_b2,3107.85,3138.93,0.01,0.2764427099999993,0.008894982383319637,0.03435729,target,,,
2025-12-09T15:00:00+00:00,2025-12-09T15:00:00+00:00,1765292400000,1765292400000,LONG,3,k7_b3,3117.47,3199.09,0.01,0.7814589200000035,0.02506708709305955,0.03474108,target_entry_bar,,,
2025-12-10T23:00:00+00:00,2025-12-11T00:00:00+00:00,1765407600000,1765411200000,SHORT,1,k7_b1,3343.5,3310.07,0.01,0.2977053649999984,0.008904003738597229,0.03659463500000001,target,,,
2025-12-11T22:00:00+00:00,2025-12-12T00:00:00+00:00,1765490400000,1765497600000,SHORT,1,k7_b1,3245.85,3213.389999999999,0.01,0.2890741800000004,0.008905962382734889,0.03552582,target,,,
2025-12-11T23:00:00+00:00,2025-12-12T00:00:00+00:00,1765494000000,1765497600000,SHORT,2,k7_b2,3234.84,3202.489999999999,0.01,0.2880946850000036,0.008905994886918784,0.03540531500000001,target,,,
2025-12-13T02:00:00+00:00,2025-12-13T08:00:00+00:00,1765591200000,1765612800000,LONG,1,k7_b1,3084.74,3093.2,0.01,0.05062133000000037,0.0016410242030122594,0.03397867,max_hold,,,
2025-12-13T03:00:00+00:00,2025-12-13T08:00:00+00:00,1765594800000,1765612800000,LONG,2,k7_b2,3084.7,3115.55,0.01,0.27439862500000367,0.008895472007002421,0.034101375,target,,,
2025-12-14T11:00:00+00:00,2025-12-14T11:00:00+00:00,1765710000000,1765710000000,SHORT,1,k7_b1,3104.41,3073.37,0.01,0.2764222099999996,0.00890417857177369,0.03397779,target_entry_bar,,,
2025-12-14T18:00:00+00:00,2025-12-14T23:00:00+00:00,1765735200000,1765753200000,LONG,1,k7_b1,3084.73,3023.04,0.01,-0.6504927350000006,-0.021087509603757885,0.033592735,stop,,,
2025-12-14T19:00:00+00:00,2025-12-14T23:00:00+00:00,1765738800000,1765753200000,LONG,2,k7_b2,3101.49,3039.46,0.01,-0.6540752249999975,-0.021089064449667662,0.033775225,stop,,,
2025-12-14T20:00:00+00:00,2025-12-14T23:00:00+00:00,1765742400000,1765753200000,LONG,3,k7_b3,3093.43,3031.56,0.01,-0.6523874449999989,-0.02108945232314935,0.033687444999999996,stop,,,
2025-12-15T00:00:00+00:00,2025-12-15T02:00:00+00:00,1765756800000,1765764000000,LONG,6,k7_b6,3063.55,3143.75,0.01,0.7678598499999981,0.0250643811917546,0.03414015000000001,target,,,
2025-12-14T21:00:00+00:00,2025-12-15T09:00:00+00:00,1765746000000,1765789200000,LONG,4,k7_b4,3082.77,3138.3,0.01,0.5210841150000021,0.016903113595889478,0.034215885,max_hold,,,
2025-12-14T23:00:00+00:00,2025-12-15T09:00:00+00:00,1765753200000,1765789200000,LONG,6,k7_b6,3074.21,3154.69,0.01,0.7705410500000002,0.025064684910920208,0.03425895,target,,,
2025-12-15T01:00:00+00:00,2025-12-15T09:00:00+00:00,1765760400000,1765789200000,LONG,6,k7_b6,3075.13,3155.64,0.01,0.7708307649999977,0.02506660742797858,0.034269235,target,,,
2025-12-14T22:00:00+00:00,2025-12-15T10:00:00+00:00,1765749600000,1765792800000,LONG,5,k7_b5,3082.08,3152.44,0.01,0.6693101400000013,0.02171618322691174,0.034289860000000005,max_hold,,,
2025-12-15T02:00:00+00:00,2025-12-15T14:00:00+00:00,1765764000000,1765807200000,LONG,7,k7_b7,3108.97,3130.57,0.01,0.18168253000000362,0.005843817405764727,0.03431747,max_hold,,,
2025-12-15T09:00:00+00:00,2025-12-15T14:00:00+00:00,1765789200000,1765807200000,SHORT,1,k7_b1,3136.73,3105.36,0.01,0.27936850499999893,0.008906361242440342,0.034331495000000004,target,,,
2025-12-15T10:00:00+00:00,2025-12-15T14:00:00+00:00,1765792800000,1765807200000,SHORT,2,k7_b2,3150.86,3119.35,0.01,0.2806138450000022,0.00890594456751497,0.034486155000000004,target,,,
2025-12-15T11:00:00+00:00,2025-12-15T14:00:00+00:00,1765796400000,1765807200000,SHORT,3,k7_b3,3157.14,3074.49,0.01,0.7922260350000009,0.025093155039054363,0.034273965,target,,,
2025-12-15T12:00:00+00:00,2025-12-15T14:00:00+00:00,1765800000000,1765807200000,SHORT,4,k7_b4,3154.1,3071.53,0.01,0.7914590349999971,0.0250930228908404,0.034240965,target,,,
2025-12-15T13:00:00+00:00,2025-12-15T14:00:00+00:00,1765803600000,1765807200000,SHORT,5,k7_b5,3152.53,3070.0,0.01,0.791076085000002,0.02509337214871871,0.03422391500000001,target,,,
2025-12-15T14:00:00+00:00,2025-12-15T14:00:00+00:00,1765807200000,1765807200000,SHORT,6,k7_b6,3129.0,3047.08,0.01,0.7852315600000007,0.025095287951422202,0.03396844,target_entry_bar,,,
2025-12-16T16:00:00+00:00,2025-12-16T16:00:00+00:00,1765900800000,1765900800000,SHORT,1,k7_b1,2960.24,2930.64,0.01,0.2636001599999991,0.008904688809015454,0.03239984,target_entry_bar,,,
2025-12-17T08:00:00+00:00,2025-12-17T10:00:00+00:00,1765958400000,1765965600000,SHORT,1,k7_b1,2945.11,2915.66,0.01,0.26226576500000276,0.008905126294094371,0.032234235,target,,,
2025-12-17T21:00:00+00:00,2025-12-18T03:00:00+00:00,1766005200000,1766026800000,LONG,1,k7_b1,2823.06,2835.59,0.01,0.094177425000002,0.003336005079594553,0.031122575,max_hold,,,
2025-12-18T17:00:00+00:00,2025-12-18T17:00:00+00:00,1766077200000,1766077200000,SHORT,1,k7_b1,2941.09,2911.68,0.01,0.26190976500000307,0.008905193822698491,0.032190235,target_entry_bar,,,
2025-12-18T18:00:00+00:00,2025-12-18T19:00:00+00:00,1766080800000,1766084400000,SHORT,2,k7_b2,2843.03,2814.6,0.01,0.25318303500000294,0.008905394420741354,0.031116965000000003,target,,,
2025-12-18T21:00:00+00:00,2025-12-18T21:00:00+00:00,1766091600000,1766091600000,LONG,1,k7_b1,2781.49,2809.3,0.01,0.247350655000004,0.008892739323168662,0.030749345000000004,target_entry_bar,,,
2025-12-19T06:00:00+00:00,2025-12-19T07:00:00+00:00,1766124000000,1766127600000,LONG,1,k7_b1,2923.1,2952.33,0.01,0.2599851350000002,0.00889415808559407,0.032314865,target,,,
2025-12-19T07:00:00+00:00,2025-12-19T07:00:00+00:00,1766127600000,1766127600000,LONG,2,k7_b2,2948.08,2977.56,0.01,0.26220898000000015,0.008894228786193054,0.03259102,target_entry_bar,,,
2025-12-19T08:00:00+00:00,2025-12-19T20:00:00+00:00,1766131200000,1766174400000,LONG,3,k7_b3,2951.87,2983.62,0.01,0.284854805,0.009649977980060098,0.032645195,max_hold,,,
2025-12-20T13:00:00+00:00,2025-12-20T19:00:00+00:00,1766235600000,1766257200000,SHORT,1,k7_b1,2986.4,2976.91,0.01,0.062101795000002374,0.0020794868403429673,0.032798205,max_hold,,,
2025-12-20T21:00:00+00:00,2025-12-21T03:00:00+00:00,1766264400000,1766286000000,SHORT,1,k7_b1,2981.56,2964.83,0.01,0.13459485500000018,0.00451424271186896,0.032705145000000005,max_hold,,,
2025-12-21T05:00:00+00:00,2025-12-21T09:00:00+00:00,1766293200000,1766307600000,LONG,1,k7_b1,2975.29,3005.04,0.01,0.264608185,0.008893525841178506,0.032891815000000005,target,,,
2025-12-21T06:00:00+00:00,2025-12-21T09:00:00+00:00,1766296800000,1766307600000,LONG,2,k7_b2,2973.68,3003.42,0.01,0.2645259500000024,0.00889557551585922,0.03287405,target,,,
2025-12-21T21:00:00+00:00,2025-12-22T00:00:00+00:00,1766350800000,1766361600000,SHORT,1,k7_b1,2983.7,3043.37,0.01,-0.6298488850000008,-0.02110965864530619,0.033148885,stop,,,
2025-12-21T23:00:00+00:00,2025-12-22T00:00:00+00:00,1766358000000,1766361600000,SHORT,2,k7_b2,2993.5,3053.37,0.01,-0.6319577849999989,-0.02111099999999996,0.033257785000000005,stop,,,
2025-12-22T13:00:00+00:00,2025-12-22T15:00:00+00:00,1766408400000,1766415600000,SHORT,1,k7_b1,3055.33,3024.78,0.01,0.27205939499999726,0.008904419326226537,0.033440605,target,,,
2025-12-22T14:00:00+00:00,2025-12-22T15:00:00+00:00,1766412000000,1766415600000,SHORT,2,k7_b2,3053.99,3023.45,0.01,0.2719740799999996,0.008905532762058802,0.03342592,target,,,
2025-12-23T01:00:00+00:00,2025-12-23T02:00:00+00:00,1766451600000,1766455200000,SHORT,2,k7_b2,3025.48,2995.23,0.01,0.269386095,0.008903912602297817,0.033113905,target,,,
2025-12-22T18:00:00+00:00,2025-12-23T06:00:00+00:00,1766426400000,1766469600000,SHORT,3,k7_b3,3029.83,2974.15,0.01,0.5237781099999984,0.017287376189423116,0.033021890000000005,max_hold,,,
2025-12-23T18:00:00+00:00,2025-12-23T18:00:00+00:00,1766512800000,1766512800000,LONG,1,k7_b1,2910.86,2939.97,0.01,0.25892043499999673,0.008894980692990962,0.03217956500000001,target_entry_bar,,,
2025-12-24T01:00:00+00:00,2025-12-24T02:00:00+00:00,1766538000000,1766541600000,SHORT,1,k7_b1,2970.06,2940.36,0.01,0.2644926899999982,0.008905297872770186,0.032507310000000005,target,,,
2025-12-25T05:00:00+00:00,2025-12-25T10:00:00+00:00,1766638800000,1766656800000,SHORT,1,k7_b1,2942.16,2912.74,0.01,0.26199805000000076,0.008904955882752833,0.03220195,target,,,
2025-12-25T06:00:00+00:00,2025-12-25T12:00:00+00:00,1766642400000,1766664000000,SHORT,2,k7_b2,2939.51,2923.51,0.01,0.12775339,0.004346077747651819,0.03224661000000001,max_hold,,,
2025-12-25T13:00:00+00:00,2025-12-25T15:00:00+00:00,1766667600000,1766674800000,LONG,1,k7_b1,2928.08,2957.36,0.01,0.260430080000002,0.008894226933690404,0.03236992,target,,,
2025-12-25T07:00:00+00:00,2025-12-25T19:00:00+00:00,1766646000000,1766689200000,SHORT,3,k7_b3,2940.46,2957.89,0.01,-0.20674092499999838,-0.007030904178257768,0.032440925,max_hold,,,
2025-12-25T08:00:00+00:00,2025-12-25T20:00:00+00:00,1766649600000,1766692800000,SHORT,4,k7_b4,2939.35,2955.15,0.01,-0.19041975000000183,-0.006478294520897539,0.032419750000000004,max_hold,,,
2025-12-26T01:00:00+00:00,2025-12-26T02:00:00+00:00,1766710800000,1766714400000,LONG,1,k7_b1,2904.35,2933.39,0.01,0.2582924299999997,0.008893295573880548,0.03210757,target,,,
2025-12-26T02:00:00+00:00,2025-12-26T02:00:00+00:00,1766714400000,1766714400000,LONG,2,k7_b2,2918.23,2947.41,0.01,0.2595389799999984,0.008893712284501167,0.03226102,target_entry_bar,,,
2025-12-25T18:00:00+00:00,2025-12-26T06:00:00+00:00,1766685600000,1766728800000,SHORT,3,k7_b3,2950.0,2972.0,0.01,-0.252571,-0.008561728813559322,0.032571,max_hold,,,
2025-12-25T19:00:00+00:00,2025-12-26T07:00:00+00:00,1766689200000,1766732400000,SHORT,3,k7_b3,2956.41,2975.3,0.01,-0.2215244050000033,-0.007493020420036575,0.03262440500000001,max_hold,,,
2025-12-25T20:00:00+00:00,2025-12-26T08:00:00+00:00,1766692800000,1766736000000,SHORT,3,k7_b3,2953.67,2955.44,0.01,-0.05020010499999982,-0.0016995840767587381,0.032500105,max_hold,,,
2025-12-25T21:00:00+00:00,2025-12-26T09:00:00+00:00,1766696400000,1766739600000,SHORT,4,k7_b4,2947.38,2963.41,0.01,-0.19280934499999744,-0.006541719934314457,0.032509345,max_hold,,,
2025-12-25T22:00:00+00:00,2025-12-26T10:00:00+00:00,1766700000000,1766743200000,SHORT,5,k7_b5,2944.27,2971.83,0.01,-0.30813854999999946,-0.010465702873717404,0.03253855,max_hold,,,
2025-12-26T14:00:00+00:00,2025-12-26T14:00:00+00:00,1766757600000,1766757600000,SHORT,1,k7_b1,2981.51,2951.69,0.01,0.2655674000000016,0.008907144366445244,0.0326326,target_entry_bar,,,
2025-12-27T01:00:00+00:00,2025-12-27T07:00:00+00:00,1766797200000,1766818800000,SHORT,1,k7_b1,2924.88,2928.41,0.01,-0.06749309499999745,-0.002307550908071355,0.032193095000000005,max_hold,,,
2025-12-27T04:00:00+00:00,2025-12-27T10:00:00+00:00,1766808000000,1766829600000,SHORT,2,k7_b2,2930.51,2933.89,0.01,-0.06605419999999655,-0.0022540172188457485,0.032254200000000004,max_hold,,,
2025-12-27T06:00:00+00:00,2025-12-27T18:00:00+00:00,1766815200000,1766858400000,SHORT,3,k7_b3,2928.11,2927.06,0.01,-0.021703434999998182,-0.0007412096881605603,0.032203435,max_hold,,,
2025-12-27T08:00:00+00:00,2025-12-27T20:00:00+00:00,1766822400000,1766865600000,SHORT,3,k7_b3,2929.99,2929.6,0.01,-0.028327745000001275,-0.0009668205352237133,0.032227745,max_hold,,,
2025-12-27T12:00:00+00:00,2025-12-28T00:00:00+00:00,1766836800000,1766880000000,SHORT,3,k7_b3,2928.12,2947.61,0.01,-0.2272165150000024,-0.007759808853462372,0.032316515000000004,max_hold,,,
2025-12-28T09:00:00+00:00,2025-12-28T15:00:00+00:00,1766912400000,1766934000000,SHORT,1,k7_b1,2937.15,2944.01,0.01,-0.10094638000000128,-0.003436882011473751,0.03234638,max_hold,,,
2025-12-28T12:00:00+00:00,2025-12-28T18:00:00+00:00,1766923200000,1766944800000,SHORT,2,k7_b2,2941.51,2944.6,0.01,-0.0632736049999969,-0.002151058639950124,0.032373605,max_hold,,,
2025-12-28T21:00:00+00:00,2025-12-29T00:00:00+00:00,1766955600000,1766966400000,LONG,1,k7_b1,2932.66,2961.99,0.01,0.2608794249999993,0.008895658719387835,0.032420575,target,,,
2025-12-28T22:00:00+00:00,2025-12-29T00:00:00+00:00,1766959200000,1766966400000,LONG,2,k7_b2,2938.46,2967.84,0.01,0.2613153500000011,0.00889293541514947,0.032484650000000004,target,,,
2025-12-28T13:00:00+00:00,2025-12-29T01:00:00+00:00,1766926800000,1766970000000,SHORT,3,k7_b3,2936.44,2965.46,0.01,-0.3226604499999999,-0.010988150617754829,0.03246045,max_hold,,,
2025-12-28T15:00:00+00:00,2025-12-29T02:00:00+00:00,1766934000000,1766973600000,SHORT,3,k7_b3,2942.53,3001.38,0.01,-0.6211915049999992,-0.021110795981689197,0.03269150500000001,stop,,,
2025-12-28T16:00:00+00:00,2025-12-29T02:00:00+00:00,1766937600000,1766973600000,SHORT,4,k7_b4,2946.52,3005.45,0.01,-0.6220358349999984,-0.021110864171972304,0.032735835,stop,,,
2025-12-28T17:00:00+00:00,2025-12-29T02:00:00+00:00,1766941200000,1766973600000,SHORT,5,k7_b5,2940.51,2999.32,0.01,-0.6207690649999995,-0.02111093194717921,0.032669065000000004,stop,,,
2025-12-28T18:00:00+00:00,2025-12-29T02:00:00+00:00,1766944800000,1766973600000,SHORT,5,k7_b5,2943.12,3001.98,0.01,-0.6212980500000013,-0.02111018409035314,0.032698050000000006,stop,,,
2025-12-28T23:00:00+00:00,2025-12-29T03:00:00+00:00,1766962800000,1766977200000,LONG,3,k7_b3,2950.73,3027.98,0.01,0.739617095,0.025065563267394845,0.032882905000000004,target,,,
2025-12-29T00:00:00+00:00,2025-12-29T03:00:00+00:00,1766966400000,1766977200000,LONG,4,k7_b4,2951.08,3028.34,0.01,0.7397131900000021,0.02506584674085427,0.03288681,target,,,
2025-12-29T17:00:00+00:00,2025-12-29T23:00:00+00:00,1767027600000,1767049200000,LONG,1,k7_b1,2936.57,2936.89,0.01,-0.029104030000002914,-0.000991089264005384,0.032304030000000004,max_hold,,,
2025-12-29T19:00:00+00:00,2025-12-30T01:00:00+00:00,1767034800000,1767056400000,LONG,2,k7_b2,2919.71,2936.74,0.01,0.13808952499999744,0.0047295630387948605,0.032210475,max_hold,,,
2025-12-29T20:00:00+00:00,2025-12-30T08:00:00+00:00,1767038400000,1767081600000,LONG,3,k7_b3,2932.35,2949.43,0.01,0.1384502099999993,0.004721476290347308,0.03234979,max_hold,,,
2025-12-30T07:00:00+00:00,2025-12-30T08:00:00+00:00,1767078000000,1767081600000,LONG,2,k7_b2,2946.11,2975.57,0.01,0.26203076000000036,0.008894126831652598,0.03256924,target,,,
2025-12-30T08:00:00+00:00,2025-12-30T08:00:00+00:00,1767081600000,1767081600000,LONG,2,k7_b2,2950.91,2980.42,0.01,0.2624776850000022,0.008894804822919105,0.032622315,target_entry_bar,,,
2025-12-31T14:00:00+00:00,2025-12-31T16:00:00+00:00,1767189600000,1767196800000,SHORT,2,k7_b2,2994.09,2964.15,0.01,0.26662968000000054,0.008905199242507758,0.032770320000000006,target,,,
2025-12-31T13:00:00+00:00,2025-12-31T19:00:00+00:00,1767186000000,1767207600000,SHORT,1,k7_b1,2984.53,2973.15,0.01,0.08103276000000109,0.0027150928286866303,0.03276724,max_hold,,,
2025-12-31T15:00:00+00:00,2026-01-01T03:00:00+00:00,1767193200000,1767236400000,SHORT,3,k7_b3,2990.99,2981.17,0.01,0.0653531199999971,0.002184999615511824,0.032846879999999995,max_hold,,,
2026-01-01T05:00:00+00:00,2026-01-01T11:00:00+00:00,1767243600000,1767265200000,LONG,1,k7_b1,2976.01,2983.58,0.01,0.042922254999997085,0.0014422752275697018,0.032777745000000004,max_hold,,,
2026-01-01T06:00:00+00:00,2026-01-01T12:00:00+00:00,1767247200000,1767268800000,LONG,2,k7_b2,2982.01,2988.0,0.01,0.027064944999997814,0.0009076074526912321,0.032835055,max_hold,,,
2026-01-01T07:00:00+00:00,2026-01-01T19:00:00+00:00,1767250800000,1767294000000,LONG,3,k7_b3,2976.59,2989.04,0.01,0.09168903499999817,0.0030803380714172312,0.032810965000000004,max_hold,,,
2026-01-01T14:00:00+00:00,2026-01-01T20:00:00+00:00,1767276000000,1767297600000,LONG,2,k7_b2,2982.92,2994.08,0.01,0.07872649999999855,0.002639242755420814,0.0328735,max_hold,,,
2026-01-01T15:00:00+00:00,2026-01-02T03:00:00+00:00,1767279600000,1767322800000,LONG,3,k7_b3,2985.36,3000.78,0.01,0.12127623000000072,0.0040623653428732455,0.032923770000000005,max_hold,,,
2026-01-01T17:00:00+00:00,2026-01-02T05:00:00+00:00,1767286800000,1767330000000,LONG,4,k7_b4,2982.85,3010.18,0.01,0.24033833499999926,0.00805733895435571,0.032961665,max_hold,,,
2026-01-01T19:00:00+00:00,2026-01-02T07:00:00+00:00,1767294000000,1767337200000,LONG,4,k7_b4,2990.54,3025.2,0.01,0.3135134299999986,0.010483505654497134,0.03308657,max_hold,,,
2026-01-01T20:00:00+00:00,2026-01-02T08:00:00+00:00,1767297600000,1767340800000,LONG,4,k7_b4,2995.58,3017.0,0.01,0.18113081000000072,0.006046602327429103,0.03306919,max_hold,,,
2026-01-01T21:00:00+00:00,2026-01-02T09:00:00+00:00,1767301200000,1767344400000,LONG,5,k7_b5,2989.39,3030.84,0.01,0.38138873500000275,0.012758078905730025,0.033111265,max_hold,,,
2026-01-01T22:00:00+00:00,2026-01-02T10:00:00+00:00,1767304800000,1767348000000,LONG,6,k7_b6,2989.85,3047.19,0.01,0.5401962800000014,0.01806767162232224,0.033203720000000006,max_hold,,,
2026-01-01T23:00:00+00:00,2026-01-02T11:00:00+00:00,1767308400000,1767351600000,LONG,7,k7_b7,2999.14,3056.11,0.01,0.5363961250000026,0.017884997866055023,0.033303875000000004,max_hold,,,
2026-01-02T05:00:00+00:00,2026-01-02T14:00:00+00:00,1767330000000,1767362400000,LONG,6,k7_b6,3011.69,3090.54,0.01,0.754937734999999,0.025066913759384232,0.03356226500000001,target,,,
2026-01-02T06:00:00+00:00,2026-01-02T14:00:00+00:00,1767333600000,1767362400000,LONG,7,k7_b7,3016.52,3095.49,0.01,0.7560839449999981,0.025064774806730875,0.033616055,target,,,
2026-01-02T08:00:00+00:00,2026-01-02T14:00:00+00:00,1767340800000,1767362400000,LONG,6,k7_b6,3018.51,3097.53,0.01,0.7565617799999997,0.025064080622558802,0.03363822,target,,,
2026-01-03T21:00:00+00:00,2026-01-04T00:00:00+00:00,1767474000000,1767484800000,LONG,1,k7_b1,3115.64,3146.8,0.01,0.2771565800000031,0.008895654825332937,0.03444342,target,,,
2026-01-03T22:00:00+00:00,2026-01-04T00:00:00+00:00,1767477600000,1767484800000,LONG,2,k7_b2,3120.92,3152.13,0.01,0.27759822500000036,0.008894756193686487,0.034501775000000005,target,,,
2026-01-03T23:00:00+00:00,2026-01-04T11:00:00+00:00,1767481200000,1767524400000,LONG,3,k7_b3,3122.95,3144.62,0.01,0.18222836500000072,0.005835135528906987,0.034471635,max_hold,,,
2026-01-04T00:00:00+00:00,2026-01-04T12:00:00+00:00,1767484800000,1767528000000,LONG,4,k7_b4,3127.03,3138.32,0.01,0.07844057499999964,0.0025084688986034553,0.034459425,max_hold,,,
2026-01-04T11:00:00+00:00,2026-01-04T17:00:00+00:00,1767524400000,1767546000000,SHORT,1,k7_b1,3143.04,3137.9,0.01,0.016854829999998724,0.0005362588449398903,0.03454517,max_hold,,,
2026-01-05T14:00:00+00:00,2026-01-05T15:00:00+00:00,1767621600000,1767625200000,LONG,1,k7_b1,3154.59,3186.14,0.01,0.28062598499999725,0.00889579897863105,0.03487401500000001,target,,,
2026-01-06T10:00:00+00:00,2026-01-06T14:00:00+00:00,1767693600000,1767708000000,LONG,1,k7_b1,3223.52,3255.76,0.01,0.28676396000000237,0.008895988236462078,0.03563604,target,,,
2026-01-06T11:00:00+00:00,2026-01-06T14:00:00+00:00,1767697200000,1767708000000,LONG,2,k7_b2,3229.07,3261.360000000001,0.01,0.28720263499999965,0.008894283338546381,0.03569736500000001,target,,,
2026-01-06T12:00:00+00:00,2026-01-07T00:00:00+00:00,1767700800000,1767744000000,LONG,3,k7_b3,3237.98,3295.46,0.01,0.5388660800000002,0.016642044731591924,0.03593392000000001,max_hold,,,
2026-01-06T13:00:00+00:00,2026-01-07T01:00:00+00:00,1767704400000,1767747600000,LONG,4,k7_b4,3238.68,3256.449999999999,0.01,0.14197678499999983,0.004383785523731885,0.035723215,max_hold,,,
2026-01-06T14:00:00+00:00,2026-01-07T02:00:00+00:00,1767708000000,1767751200000,LONG,5,k7_b5,3237.92,3243.88,0.01,0.023950100000000363,0.0007396754706725416,0.035649900000000005,max_hold,,,
2026-01-06T21:00:00+00:00,2026-01-07T09:00:00+00:00,1767733200000,1767776400000,LONG,4,k7_b4,3241.73,3253.14,0.01,0.07837821499999856,0.002417789729557939,0.035721785,max_hold,,,
2026-01-07T08:00:00+00:00,2026-01-07T09:00:00+00:00,1767772800000,1767776400000,SHORT,1,k7_b1,3252.36,3219.84,0.01,0.28960289999999983,0.008904392502674975,0.035597100000000007,target,,,
2026-01-08T06:00:00+00:00,2026-01-08T06:00:00+00:00,1767852000000,1767852000000,SHORT,1,k7_b1,3140.76,3109.35,0.01,0.2797243950000031,0.008906264566538135,0.034375605000000004,target_entry_bar,,,
2026-01-08T08:00:00+00:00,2026-01-08T12:00:00+00:00,1767859200000,1767873600000,SHORT,2,k7_b2,3124.84,3093.59,0.01,0.27829863499999996,0.008906012307830159,0.03420136500000001,target,,,
2026-01-08T18:00:00+00:00,2026-01-08T20:00:00+00:00,1767895200000,1767902400000,SHORT,1,k7_b1,3131.76,3100.44,0.01,0.27892290000000164,0.008906266763736737,0.034277100000000005,target,,,
2026-01-09T09:00:00+00:00,2026-01-09T13:00:00+00:00,1767949200000,1767963600000,LONG,1,k7_b1,3083.11,3113.94,0.01,0.2742162249999993,0.008894143413631019,0.03408377500000001,target,,,
2026-01-09T12:00:00+00:00,2026-01-09T15:00:00+00:00,1767960000000,1767970800000,LONG,2,k7_b2,3090.55,3121.46,0.01,0.27493394499999857,0.008895955250683488,0.034166055,target,,,
2026-01-09T13:00:00+00:00,2026-01-10T01:00:00+00:00,1767963600000,1768006800000,LONG,3,k7_b3,3084.66,3082.39,0.01,-0.056618774999999816,-0.001835494835735537,0.033918775,max_hold,,,
2026-01-09T14:00:00+00:00,2026-01-10T02:00:00+00:00,1767967200000,1768010400000,LONG,4,k7_b4,3098.85,3088.99,0.01,-0.13263312000000127,-0.004280075511883482,0.03403312,max_hold,,,
2026-01-09T15:00:00+00:00,2026-01-10T03:00:00+00:00,1767970800000,1768014000000,LONG,4,k7_b4,3079.13,3086.68,0.01,0.04158804499999727,0.0013506427140132851,0.03391195500000001,max_hold,,,
2026-01-09T21:00:00+00:00,2026-01-10T09:00:00+00:00,1767992400000,1768035600000,LONG,4,k7_b4,3073.84,3088.9,0.01,0.11670492999999946,0.00379671453296201,0.033895070000000006,max_hold,,,
2026-01-09T22:00:00+00:00,2026-01-10T10:00:00+00:00,1767996000000,1768039200000,LONG,5,k7_b5,3086.23,3094.66,0.01,0.05030510499999836,0.0016299856135154657,0.033994895000000004,max_hold,,,
2026-01-11T12:00:00+00:00,2026-01-11T16:00:00+00:00,1768132800000,1768147200000,LONG,1,k7_b1,3105.36,3136.41,0.01,0.2761702649999973,0.008893341351727249,0.034329735,target,,,
2026-01-12T13:00:00+00:00,2026-01-12T14:00:00+00:00,1768222800000,1768226400000,SHORT,1,k7_b1,3114.43,3083.29,0.01,0.2773125399999987,0.008904118570653338,0.03408746,target,,,
2026-01-12T15:00:00+00:00,2026-01-12T21:00:00+00:00,1768230000000,1768251600000,SHORT,2,k7_b2,3102.32,3101.1,0.01,-0.02191880999999745,-0.0007065296294385315,0.03411881,max_hold,,,
2026-01-12T16:00:00+00:00,2026-01-13T04:00:00+00:00,1768233600000,1768276800000,SHORT,3,k7_b3,3127.09,3114.98,0.01,0.08676861500000127,0.0027747399339322267,0.034331385000000006,max_hold,,,
2026-01-13T01:00:00+00:00,2026-01-13T05:00:00+00:00,1768266000000,1768280400000,LONG,1,k7_b1,3108.75,3139.84,0.01,0.27653275500000146,0.008895303739445162,0.034367245000000005,target,,,
2026-01-13T02:00:00+00:00,2026-01-13T05:00:00+00:00,1768269600000,1768280400000,LONG,2,k7_b2,3097.9,3128.88,0.01,0.2755527100000002,0.008894822621776047,0.03424729000000001,target,,,
2026-01-12T20:00:00+00:00,2026-01-13T08:00:00+00:00,1768248000000,1768291200000,SHORT,3,k7_b3,3118.76,3121.08,0.01,-0.0575191199999971,-0.0018442945273120437,0.03431912000000001,max_hold,,,
2026-01-13T08:00:00+00:00,2026-01-13T13:00:00+00:00,1768291200000,1768309200000,LONG,2,k7_b2,3122.65,3153.88,0.01,0.2777790850000002,0.008895620226410267,0.034520915,target,,,
2026-01-13T03:00:00+00:00,2026-01-13T15:00:00+00:00,1768273200000,1768316400000,LONG,3,k7_b3,3101.69,3143.23,0.01,0.3810529399999997,0.012285332834680439,0.034347060000000006,max_hold,,,
2026-01-13T11:00:00+00:00,2026-01-13T19:00:00+00:00,1768302000000,1768330800000,LONG,5,k7_b5,3135.0,3217.07,0.01,0.7857636150000017,0.025064230143540724,0.034936385,target,,,
2026-01-13T12:00:00+00:00,2026-01-13T19:00:00+00:00,1768305600000,1768330800000,LONG,6,k7_b6,3134.34,3216.4,0.01,0.7856709299999994,0.0250665508528111,0.034929070000000007,target,,,
2026-01-13T13:00:00+00:00,2026-01-13T19:00:00+00:00,1768309200000,1768330800000,LONG,7,k7_b7,3135.51,3217.6,0.01,0.785957894999997,0.025066349493383752,0.034942105,target,,,
2026-01-13T09:00:00+00:00,2026-01-13T21:00:00+00:00,1768294800000,1768338000000,LONG,3,k7_b3,3136.37,3202.78,0.01,0.6292346750000031,0.020062514148522118,0.034865325,max_hold,,,
2026-01-13T10:00:00+00:00,2026-01-13T22:00:00+00:00,1768298400000,1768341600000,LONG,4,k7_b4,3139.1,3208.49,0.01,0.6589882549999987,0.02099290417635624,0.034911745,max_hold,,,
2026-01-13T14:00:00+00:00,2026-01-13T22:00:00+00:00,1768312800000,1768341600000,LONG,7,k7_b7,3142.68,3224.96,0.01,0.787777980000002,0.025067075871549188,0.03502202,target,,,
2026-01-14T01:00:00+00:00,2026-01-14T13:00:00+00:00,1768352400000,1768395600000,LONG,3,k7_b3,3325.1,3295.23,0.01,-0.3351118149999989,-0.010078247721872994,0.036411815,max_hold,,,
2026-01-14T02:00:00+00:00,2026-01-14T14:00:00+00:00,1768356000000,1768399200000,LONG,3,k7_b3,3336.84,3301.300000000001,0.01,-0.39190976999999966,-0.011744937425828017,0.036509770000000004,max_hold,,,
2026-01-14T03:00:00+00:00,2026-01-14T15:00:00+00:00,1768359600000,1768402800000,LONG,3,k7_b3,3327.25,3347.52,0.01,0.16598876499999982,0.0049887674505973345,0.036711235,max_hold,,,
2026-01-14T15:00:00+00:00,2026-01-14T16:00:00+00:00,1768402800000,1768406400000,LONG,2,k7_b2,3349.2,3382.69,0.01,0.29787460500000235,0.008893903170906556,0.037025395,target,,,
2026-01-14T06:00:00+00:00,2026-01-14T18:00:00+00:00,1768370400000,1768413600000,LONG,4,k7_b4,3331.05,3340.95,0.01,0.06230399999999636,0.0018704012248389054,0.036696000000000006,max_hold,,,
2026-01-14T22:00:00+00:00,2026-01-15T00:00:00+00:00,1768428000000,1768435200000,SHORT,1,k7_b1,3369.53,3335.83,0.01,0.3001205200000027,0.008906895620457532,0.036879480000000006,target,,,
2026-01-14T16:00:00+00:00,2026-01-15T03:00:00+00:00,1768406400000,1768446000000,LONG,3,k7_b3,3345.87,3278.95,0.01,-0.7056365100000008,-0.021089776650019303,0.036436510000000005,stop,,,
2026-01-14T18:00:00+00:00,2026-01-15T03:00:00+00:00,1768413600000,1768446000000,LONG,3,k7_b3,3342.63,3275.78,0.01,-0.7049012549999991,-0.021088222597176444,0.03640125500000001,stop,,,
2026-01-15T04:00:00+00:00,2026-01-15T06:00:00+00:00,1768449600000,1768456800000,LONG,2,k7_b2,3286.45,3319.31,0.01,0.29226832000000125,0.008893131494469755,0.036331680000000005,target,,,
2026-01-15T05:00:00+00:00,2026-01-15T17:00:00+00:00,1768453200000,1768496400000,LONG,3,k7_b3,3305.16,3328.69,0.01,0.198813825000002,0.006015255691101248,0.036486175,max_hold,,,
2026-01-15T06:00:00+00:00,2026-01-15T18:00:00+00:00,1768456800000,1768500000000,LONG,3,k7_b3,3310.68,3299.55,0.01,-0.14765626499999654,-0.004459998097067567,0.036356265,max_hold,,,
2026-01-15T07:00:00+00:00,2026-01-15T19:00:00+00:00,1768460400000,1768503600000,LONG,4,k7_b4,3316.01,3287.09,0.01,-0.32551705000000075,-0.00981652799599521,0.036317050000000003,max_hold,,,
2026-01-15T21:00:00+00:00,2026-01-15T23:00:00+00:00,1768510800000,1768518000000,LONG,1,k7_b1,3288.18,3321.06,0.01,0.2924491800000011,0.008893952885790958,0.03635082,target,,,
2026-01-16T05:00:00+00:00,2026-01-16T11:00:00+00:00,1768539600000,1768561200000,LONG,1,k7_b1,3288.01,3296.309999999999,0.01,0.046786239999997266,0.0014229348450885873,0.036213760000000005,max_hold,,,
2026-01-18T13:00:00+00:00,2026-01-18T18:00:00+00:00,1768741200000,1768759200000,LONG,1,k7_b1,3322.38,3355.599999999999,0.01,0.295471109999998,0.008893356870676983,0.03672889,target,,,
2026-01-18T14:00:00+00:00,2026-01-18T18:00:00+00:00,1768744800000,1768759200000,LONG,2,k7_b2,3326.15,3359.41,0.01,0.2958294199999976,0.008894049276190119,0.03677058,target,,,
2026-01-18T21:00:00+00:00,2026-01-18T23:00:00+00:00,1768770000000,1768777200000,SHORT,1,k7_b1,3338.1,3304.72,0.01,0.2972644900000011,0.008905200263623052,0.03653551,target,,,
2026-01-18T22:00:00+00:00,2026-01-18T23:00:00+00:00,1768773600000,1768777200000,SHORT,2,k7_b2,3338.69,3305.3,0.01,0.29735805499999873,0.008906429018567124,0.036541945000000006,target,,,
2026-01-18T15:00:00+00:00,2026-01-19T00:00:00+00:00,1768748400000,1768780800000,LONG,3,k7_b3,3325.18,3258.679999999999,0.01,-0.7012112300000001,-0.021087917947299098,0.03621123,stop,,,
2026-01-18T23:00:00+00:00,2026-01-19T00:00:00+00:00,1768777200000,1768780800000,SHORT,3,k7_b3,3347.65,3260.01,0.01,0.8400578699999988,0.02509395755231278,0.03634213000000001,target,,,
2026-01-19T05:00:00+00:00,2026-01-19T11:00:00+00:00,1768798800000,1768820400000,SHORT,2,k7_b2,3209.42,3214.0,0.01,-0.08112880999999927,-0.002527834001159065,0.03532881,max_hold,,,
2026-01-19T13:00:00+00:00,2026-01-19T19:00:00+00:00,1768827600000,1768849200000,SHORT,1,k7_b1,3222.04,3213.31,0.01,0.05190557500000018,0.0016109537746272606,0.035394425,max_hold,,,
2026-01-20T02:00:00+00:00,2026-01-20T05:00:00+00:00,1768874400000,1768885200000,SHORT,1,k7_b1,3190.56,3158.65,0.01,0.28417934499999853,0.008906879826738833,0.034920655,target,,,
2026-01-20T03:00:00+00:00,2026-01-20T05:00:00+00:00,1768878000000,1768885200000,SHORT,2,k7_b2,3189.62,3157.72,0.01,0.28408963000000087,0.008906692019739055,0.03491037,target,,,
2026-01-20T05:00:00+00:00,2026-01-20T08:00:00+00:00,1768885200000,1768896000000,SHORT,3,k7_b3,3170.19,3087.19,0.01,0.79558441,0.02509579583558083,0.03441559,target,,,
2026-01-20T06:00:00+00:00,2026-01-20T08:00:00+00:00,1768888800000,1768896000000,SHORT,4,k7_b4,3168.53,3085.58,0.01,0.7951023950000028,0.025093731004598434,0.034397605,target,,,
2026-01-21T12:00:00+00:00,2026-01-21T14:00:00+00:00,1768996800000,1769004000000,LONG,1,k7_b1,2943.65,2973.09,0.01,0.26185793000000057,0.008895688346100947,0.032542070000000006,target,,,
2026-01-21T13:00:00+00:00,2026-01-21T14:00:00+00:00,1769000400000,1769004000000,LONG,2,k7_b2,2931.39,2960.7,0.01,0.2606935049999995,0.008893170304872414,0.032406495,target,,,
2026-01-21T14:00:00+00:00,2026-01-21T15:00:00+00:00,1769004000000,1769007600000,LONG,3,k7_b3,2928.26,3004.92,0.01,0.7339675099999986,0.025064970665173124,0.03263249,target,,,
2026-01-21T15:00:00+00:00,2026-01-21T16:00:00+00:00,1769007600000,1769011200000,LONG,4,k7_b4,2980.79,2921.17,0.01,-0.6286607799999989,-0.02109040824747798,0.03246078,stop,,,
2026-01-21T17:00:00+00:00,2026-01-21T19:00:00+00:00,1769014800000,1769022000000,LONG,5,k7_b5,2891.39,2967.09,0.01,0.7247783600000027,0.025066779645776003,0.03222164,target,,,
2026-01-22T06:00:00+00:00,2026-01-22T11:00:00+00:00,1769061600000,1769079600000,SHORT,1,k7_b1,3017.23,2987.06,0.01,0.26867640500000073,0.008904737292152097,0.033023595,target,,,
2026-01-22T07:00:00+00:00,2026-01-22T11:00:00+00:00,1769065200000,1769079600000,SHORT,2,k7_b2,3016.42,2986.26,0.01,0.26858525999999855,0.008904106855146119,0.03301474,target,,,
2026-01-22T08:00:00+00:00,2026-01-22T15:00:00+00:00,1769068800000,1769094000000,SHORT,3,k7_b3,2998.22,2919.73,0.01,0.7523512749999979,0.025093264503605404,0.032548725,target,,,
2026-01-22T09:00:00+00:00,2026-01-22T15:00:00+00:00,1769072400000,1769094000000,SHORT,4,k7_b4,3002.92,2924.3,0.01,0.753600289999999,0.025095583298922346,0.032599710000000004,target,,,
2026-01-22T10:00:00+00:00,2026-01-22T15:00:00+00:00,1769076000000,1769094000000,SHORT,5,k7_b5,3010.7,2931.88,0.01,0.7555158099999971,0.025094357126249616,0.03268419,target,,,
2026-01-22T11:00:00+00:00,2026-01-22T15:00:00+00:00,1769079600000,1769094000000,SHORT,6,k7_b6,2999.63,2921.1,0.01,0.7527359850000019,0.02509429446298383,0.032564015,target,,,
2026-01-23T05:00:00+00:00,2026-01-23T06:00:00+00:00,1769144400000,1769148000000,SHORT,1,k7_b1,2974.81,2945.06,0.01,0.264940715,0.008906139047535809,0.03255928500000001,target,,,
2026-01-23T16:00:00+00:00,2026-01-23T17:00:00+00:00,1769184000000,1769187600000,SHORT,1,k7_b1,2949.6,3008.59,0.01,-0.6226700450000024,-0.021110321569026393,0.032770045,stop,,,
2026-01-23T23:00:00+00:00,2026-01-24T05:00:00+00:00,1769209200000,1769230800000,SHORT,1,k7_b1,2957.28,2961.63,0.01,-0.07605400499999909,-0.0025717552954065592,0.032554005000000004,max_hold,,,
2026-01-24T12:00:00+00:00,2026-01-24T18:00:00+00:00,1769256000000,1769277600000,SHORT,1,k7_b1,2958.45,2962.97,0.01,-0.07776780999999983,-0.0026286673764978224,0.03256781,max_hold,,,
2026-01-24T15:00:00+00:00,2026-01-24T21:00:00+00:00,1769266800000,1769288400000,SHORT,2,k7_b2,2956.51,2955.04,0.01,-0.017813524999997457,-0.0006025186791181987,0.032513525,max_hold,,,
2026-01-24T16:00:00+00:00,2026-01-25T04:00:00+00:00,1769270400000,1769313600000,SHORT,3,k7_b3,2954.06,2941.54,0.01,0.0927741999999998,0.0031405658652837046,0.032425800000000005,max_hold,,,
2026-01-25T06:00:00+00:00,2026-01-25T12:00:00+00:00,1769320800000,1769342400000,SHORT,1,k7_b1,2944.55,2936.15,0.01,0.0516561500000009,0.0017542969214311489,0.03234385000000001,max_hold,,,
2026-01-25T07:00:00+00:00,2026-01-25T13:00:00+00:00,1769324400000,1769346000000,SHORT,2,k7_b2,2941.38,2941.11,0.01,-0.029653695000000185,-0.0010081558656141057,0.032353695,max_hold,,,
2026-01-25T08:00:00+00:00,2026-01-25T18:00:00+00:00,1769328000000,1769364000000,SHORT,3,k7_b3,2936.97,2860.08,0.01,0.7370162249999987,0.02509444172054869,0.031883775,target,,,
2026-01-25T10:00:00+00:00,2026-01-25T18:00:00+00:00,1769335200000,1769364000000,SHORT,4,k7_b4,2933.08,2856.29,0.01,0.7360584649999997,0.0250950695173674,0.031841535000000004,target,,,
2026-01-25T11:00:00+00:00,2026-01-25T18:00:00+00:00,1769338800000,1769364000000,SHORT,5,k7_b5,2942.24,2865.21,0.01,0.7383590249999974,0.02509513245010595,0.031940974999999996,target,,,
2026-01-25T12:00:00+00:00,2026-01-25T18:00:00+00:00,1769342400000,1769364000000,SHORT,5,k7_b5,2934.68,2857.85,0.01,0.7364410849999993,0.025094425456949288,0.031858915,target,,,
2026-01-25T13:00:00+00:00,2026-01-25T18:00:00+00:00,1769346000000,1769364000000,SHORT,5,k7_b5,2939.63,2862.67,0.01,0.7376873500000004,0.025094564622078302,0.03191265,target,,,
2026-01-25T14:00:00+00:00,2026-01-25T18:00:00+00:00,1769349600000,1769364000000,SHORT,6,k7_b6,2938.8,2861.86,0.01,0.7374963700000006,0.025095153463998928,0.03190363,target,,,
2026-01-25T15:00:00+00:00,2026-01-25T18:00:00+00:00,1769353200000,1769364000000,SHORT,7,k7_b7,2929.82,2853.12,0.01,0.7351938300000028,0.025093481169491737,0.03180617,target,,,
2026-01-25T23:00:00+00:00,2026-01-26T00:00:00+00:00,1769382000000,1769385600000,LONG,1,k7_b1,2807.2,2835.27,0.01,0.24966641500000167,0.00889378793815908,0.031033585000000002,target,,,
2026-01-26T00:00:00+00:00,2026-01-26T00:00:00+00:00,1769385600000,1769385600000,LONG,2,k7_b2,2816.9,2845.07,0.01,0.25055916500000075,0.00889485480492743,0.031140835000000002,target_entry_bar,,,
2026-01-26T05:00:00+00:00,2026-01-26T07:00:00+00:00,1769403600000,1769410800000,LONG,2,k7_b2,2866.35,2895.01,0.01,0.2549125200000031,0.008893279606468265,0.031687480000000004,target,,,
2026-01-26T06:00:00+00:00,2026-01-26T07:00:00+00:00,1769407200000,1769410800000,LONG,2,k7_b2,2869.58,2898.28,0.01,0.25527677000000276,0.008895962823827973,0.031723230000000005,target,,,
2026-01-26T13:00:00+00:00,2026-01-26T14:00:00+00:00,1769432400000,1769436000000,LONG,1,k7_b1,2902.75,2931.78,0.01,0.258210085000002,0.008895360778572111,0.032089915000000004,target,,,
2026-01-26T16:00:00+00:00,2026-01-26T18:00:00+00:00,1769443200000,1769450400000,LONG,2,k7_b2,2899.58,2928.58,0.01,0.25794511999999997,0.008895947688975643,0.03205488,target,,,
2026-01-26T19:00:00+00:00,2026-01-26T20:00:00+00:00,1769454000000,1769457600000,SHORT,1,k7_b1,2929.52,2900.22,0.01,0.26093643000000183,0.00890713939484973,0.03206357,target,,,
2026-01-27T01:00:00+00:00,2026-01-27T04:00:00+00:00,1769475600000,1769486400000,LONG,2,k7_b2,2920.83,2950.04,0.01,0.25981021500000034,0.00889508170622735,0.032289785,target,,,
2026-01-26T17:00:00+00:00,2026-01-27T05:00:00+00:00,1769446800000,1769490000000,LONG,3,k7_b3,2901.82,2939.41,0.01,0.3437732349999969,0.011846814585329098,0.032126765,max_hold,,,
2026-01-27T14:00:00+00:00,2026-01-27T14:00:00+00:00,1769522400000,1769522400000,LONG,1,k7_b1,2912.81,2941.94,0.01,0.2590988750000011,0.008895151932326555,0.032201125,target_entry_bar,,,
2026-01-27T15:00:00+00:00,2026-01-27T16:00:00+00:00,1769526000000,1769529600000,LONG,2,k7_b2,2918.78,2947.97,0.01,0.259632874999996,0.008895253325019219,0.032267125,target,,,
2026-01-27T16:00:00+00:00,2026-01-27T20:00:00+00:00,1769529600000,1769544000000,LONG,3,k7_b3,2937.63,3014.54,0.01,0.7363630649999986,0.025066569479478308,0.032736935,target,,,
2026-01-27T18:00:00+00:00,2026-01-27T20:00:00+00:00,1769536800000,1769544000000,LONG,4,k7_b4,2930.36,3007.08,0.01,0.734544079999998,0.0250666839569199,0.032655920000000005,target,,,
2026-01-27T19:00:00+00:00,2026-01-28T07:00:00+00:00,1769540400000,1769583600000,LONG,5,k7_b5,2978.59,3013.25,0.01,0.31364487999999857,0.010529978278312844,0.032955120000000004,max_hold,,,
2026-01-27T20:00:00+00:00,2026-01-28T08:00:00+00:00,1769544000000,1769587200000,LONG,5,k7_b5,2980.95,3004.07,0.01,0.19828239000000347,0.006651650983746909,0.03291761,max_hold,,,
2026-01-28T09:00:00+00:00,2026-01-28T10:00:00+00:00,1769590800000,1769594400000,LONG,1,k7_b1,2990.92,3020.83,0.01,0.2660353749999985,0.008894767329116074,0.033064625,target,,,
2026-01-28T17:00:00+00:00,2026-01-28T17:00:00+00:00,1769619600000,1769619600000,LONG,1,k7_b1,2999.9,3029.9,0.01,0.26683609999999996,0.008894833161105368,0.03316390000000001,target_entry_bar,,,
2026-01-29T00:00:00+00:00,2026-01-29T02:00:00+00:00,1769644800000,1769652000000,SHORT,1,k7_b1,3007.85,2977.77,0.01,0.2678790899999993,0.008905998969363477,0.03292091,target,,,
2026-01-29T01:00:00+00:00,2026-01-29T02:00:00+00:00,1769648400000,1769652000000,SHORT,2,k7_b2,3006.35,2976.29,0.01,0.2676954799999995,0.008904335157250469,0.03290452000000001,target,,,
2026-01-29T02:00:00+00:00,2026-01-29T14:00:00+00:00,1769652000000,1769695200000,SHORT,3,k7_b3,2989.79,2934.59,0.01,0.5194159099999982,0.01737298974175438,0.03258409,max_hold,,,
2026-01-29T14:00:00+00:00,2026-01-29T14:00:00+00:00,1769695200000,1769695200000,SHORT,1,k7_b1,2933.12,2903.79,0.01,0.26119699499999927,0.00890509065432029,0.032103005000000004,target_entry_bar,,,
2026-01-30T12:00:00+00:00,2026-01-30T13:00:00+00:00,1769774400000,1769778000000,SHORT,1,k7_b1,2757.11,2729.54,0.01,0.24552342500000165,0.008905100812082276,0.030176575000000004,target,,,
2026-01-31T05:00:00+00:00,2026-01-31T07:00:00+00:00,1769835600000,1769842800000,SHORT,1,k7_b1,2693.09,2666.16,0.01,0.2398241250000029,0.008905165627587749,0.029475875000000002,target,,,
2026-01-31T06:00:00+00:00,2026-01-31T07:00:00+00:00,1769839200000,1769842800000,SHORT,2,k7_b2,2695.63,2668.67,0.01,0.2400963500000004,0.008906873346861416,0.029503650000000003,target,,,
2026-01-31T07:00:00+00:00,2026-01-31T08:00:00+00:00,1769842800000,1769846400000,SHORT,3,k7_b3,2690.25,2619.82,0.01,0.6750946149999983,0.025094121921754423,0.029205385000000004,target,,,
2026-01-31T08:00:00+00:00,2026-01-31T08:00:00+00:00,1769846400000,1769846400000,SHORT,4,k7_b4,2677.52,2607.42,0.01,0.671932829999999,0.025095343078669775,0.029067170000000003,target_entry_bar,,,
2026-02-01T13:00:00+00:00,2026-02-01T13:00:00+00:00,1769950800000,1769950800000,SHORT,1,k7_b1,2393.6,2369.66,0.01,0.21320207000000055,0.008907172042112322,0.02619793,target_entry_bar,,,
2026-02-01T14:00:00+00:00,2026-02-01T14:00:00+00:00,1769954400000,1769954400000,SHORT,2,k7_b2,2378.82,2355.03,0.01,0.21186382499999964,0.008906257093853238,0.026036175000000005,target_entry_bar,,,
2026-02-02T04:00:00+00:00,2026-02-02T04:00:00+00:00,1770004800000,1770004800000,LONG,1,k7_b1,2238.52,2260.91,0.01,0.19915313499999873,0.008896643094544552,0.024746865,target_entry_bar,,,
2026-02-02T13:00:00+00:00,2026-02-02T13:00:00+00:00,1770037200000,1770037200000,LONG,1,k7_b1,2311.25,2334.36,0.01,0.20554914500000127,0.008893418929150947,0.025550855000000004,target_entry_bar,,,
2026-02-03T01:00:00+00:00,2026-02-03T02:00:00+00:00,1770080400000,1770084000000,SHORT,1,k7_b1,2351.46,2327.95,0.01,0.2093632450000022,0.0089035426926251,0.025736755,target,,,
2026-02-03T02:00:00+00:00,2026-02-03T02:00:00+00:00,1770084000000,1770084000000,SHORT,2,k7_b2,2352.09,2328.57,0.01,0.20945636999999984,0.008905117151129413,0.025743630000000003,target_entry_bar,,,
2026-02-03T04:00:00+00:00,2026-02-03T09:00:00+00:00,1770091200000,1770109200000,SHORT,3,k7_b3,2341.92,2280.61,0.01,0.5876760849999995,0.02509377284450363,0.025423915000000002,target,,,
2026-02-03T05:00:00+00:00,2026-02-03T09:00:00+00:00,1770094800000,1770109200000,SHORT,4,k7_b4,2343.72,2282.36,0.01,0.5881565599999967,0.025095001109347394,0.02544344,target,,,
2026-02-03T09:00:00+00:00,2026-02-03T15:00:00+00:00,1770109200000,1770130800000,SHORT,3,k7_b3,2313.46,2252.89,0.01,0.5805850750000017,0.025095963405462017,0.025114925000000003,target,,,
2026-02-03T14:00:00+00:00,2026-02-03T16:00:00+00:00,1770127200000,1770134400000,SHORT,4,k7_b4,2309.91,2249.44,0.01,0.5796235749999981,0.02509290729941851,0.025076425000000003,target,,,
2026-02-03T16:00:00+00:00,2026-02-03T16:00:00+00:00,1770134400000,1770134400000,SHORT,4,k7_b4,2301.0,2240.76,0.01,0.5774203199999979,0.025094320730117248,0.024979680000000004,target_entry_bar,,,
2026-02-04T09:00:00+00:00,2026-02-04T09:00:00+00:00,1770195600000,1770195600000,SHORT,1,k7_b1,2277.67,2254.89,0.01,0.202870920000002,0.008906949645910163,0.024929080000000003,target_entry_bar,,,
2026-02-04T10:00:00+00:00,2026-02-04T11:00:00+00:00,1770199200000,1770202800000,SHORT,2,k7_b2,2258.76,2236.17,0.01,0.20117788500000144,0.008906563114275153,0.024722115000000003,target,,,
2026-02-04T11:00:00+00:00,2026-02-04T13:00:00+00:00,1770202800000,1770210000000,SHORT,3,k7_b3,2258.48,2199.35,0.01,0.5667819350000012,0.02509572522227344,0.024518065000000002,target,,,
2026-02-04T12:00:00+00:00,2026-02-04T14:00:00+00:00,1770206400000,1770213600000,SHORT,4,k7_b4,2252.6,2193.63,0.01,0.565245734999998,0.025093036269199946,0.024454265000000003,target,,,
2026-02-04T13:00:00+00:00,2026-02-04T14:00:00+00:00,1770210000000,1770213600000,SHORT,5,k7_b5,2241.97,2183.28,0.01,0.562561124999996,0.02509226818378462,0.024338875000000003,target,,,
2026-02-05T12:00:00+00:00,2026-02-05T14:00:00+00:00,1770292800000,1770300000000,LONG,1,k7_b1,2079.76,2100.56,0.01,0.18500823999999727,0.008895653344616554,0.022991760000000003,target,,,
2026-02-05T13:00:00+00:00,2026-02-05T14:00:00+00:00,1770296400000,1770300000000,LONG,2,k7_b2,2063.99,2084.63,0.01,0.18358259000000327,0.008894548423199884,0.022817410000000003,target,,,
2026-02-05T14:00:00+00:00,2026-02-05T15:00:00+00:00,1770300000000,1770303600000,LONG,3,k7_b3,2058.55,2017.38,0.01,-0.43411761500000073,-0.021088514488353485,0.022417615000000002,stop,,,
2026-02-05T15:00:00+00:00,2026-02-05T15:00:00+00:00,1770303600000,1770303600000,LONG,4,k7_b4,2046.4,2005.47,0.01,-0.43158528500000065,-0.021089976788506676,0.022285285000000002,stop_entry_bar,,,
2026-02-05T16:00:00+00:00,2026-02-05T16:00:00+00:00,1770307200000,1770307200000,LONG,5,k7_b5,1960.19,2011.51,0.01,0.4913556499999993,0.025066735877644478,0.021844350000000005,target_entry_bar,,,
2026-02-06T11:00:00+00:00,2026-02-06T13:00:00+00:00,1770375600000,1770382800000,LONG,1,k7_b1,1927.24,1946.51,0.01,0.17139437499999982,0.008893255380751738,0.021305625,target,,,
2026-02-06T12:00:00+00:00,2026-02-06T13:00:00+00:00,1770379200000,1770382800000,LONG,2,k7_b2,1932.72,1952.05,0.01,0.17193376499999927,0.008895947938656362,0.021366235,target,,,
2026-02-06T13:00:00+00:00,2026-02-06T14:00:00+00:00,1770382800000,1770386400000,LONG,3,k7_b3,1920.98,1971.27,0.01,0.4814926249999997,0.025064947318556133,0.021407375000000003,target,,,
2026-02-06T14:00:00+00:00,2026-02-06T14:00:00+00:00,1770386400000,1770386400000,LONG,4,k7_b4,1950.28,2001.34,0.01,0.4888660899999995,0.02506645661135834,0.021733910000000002,target_entry_bar,,,
2026-02-06T15:00:00+00:00,2026-02-06T16:00:00+00:00,1770390000000,1770393600000,LONG,5,k7_b5,1979.2,2031.02,0.01,0.4961437899999993,0.025067895614389615,0.022056210000000003,target,,,
2026-02-06T16:00:00+00:00,2026-02-06T16:00:00+00:00,1770393600000,1770393600000,LONG,6,k7_b6,1980.48,2032.33,0.01,0.4964295449999991,0.02506612260664077,0.022070455000000003,target_entry_bar,,,
2026-02-07T10:00:00+00:00,2026-02-07T12:00:00+00:00,1770458400000,1770465600000,LONG,1,k7_b1,2014.64,2034.79,0.01,0.17922813499999865,0.008896285936941521,0.022271865000000002,target,,,
2026-02-07T11:00:00+00:00,2026-02-07T12:00:00+00:00,1770462000000,1770465600000,LONG,2,k7_b2,2010.72,2030.83,0.01,0.178871474999999,0.008895891770112147,0.022228525,target,,,
2026-02-07T12:00:00+00:00,2026-02-07T12:00:00+00:00,1770465600000,1770465600000,LONG,3,k7_b3,2018.54,2071.39,0.01,0.506005384999999,0.025067889910529342,0.022494615000000003,target_entry_bar,,,
2026-02-07T15:00:00+00:00,2026-02-07T16:00:00+00:00,1770476400000,1770480000000,LONG,4,k7_b4,2020.41,2073.3,0.01,0.506384595000001,0.02506345716958444,0.022515405000000002,target,,,
2026-02-07T17:00:00+00:00,2026-02-07T18:00:00+00:00,1770483600000,1770487200000,LONG,3,k7_b3,2050.1,2103.77,0.01,0.5138537150000008,0.025064812204282753,0.022846285,target,,,
2026-02-07T18:00:00+00:00,2026-02-07T20:00:00+00:00,1770487200000,1770494400000,LONG,4,k7_b4,2061.3,2115.26,0.01,0.5166289200000004,0.02506325716780674,0.022971080000000005,target,,,
2026-02-08T06:00:00+00:00,2026-02-08T08:00:00+00:00,1770530400000,1770537600000,LONG,1,k7_b1,2084.6,2105.45,0.01,0.1854547249999991,0.008896417777990938,0.023045275,target,,,
2026-02-08T07:00:00+00:00,2026-02-08T08:00:00+00:00,1770534000000,1770537600000,LONG,2,k7_b2,2079.37,2100.16,0.01,0.18491258499999963,0.00889272159355957,0.022987415,target,,,
2026-02-08T08:00:00+00:00,2026-02-08T12:00:00+00:00,1770537600000,1770552000000,LONG,3,k7_b3,2084.54,2139.11,0.01,0.5224699250000017,0.025064039308432633,0.023230075000000003,target,,,
2026-02-08T13:00:00+00:00,2026-02-08T15:00:00+00:00,1770555600000,1770562800000,SHORT,1,k7_b1,2128.94,2107.65,0.01,0.18959875499999965,0.008905781985401168,0.023301245000000005,target,,,
2026-02-08T14:00:00+00:00,2026-02-08T15:00:00+00:00,1770559200000,1770562800000,SHORT,2,k7_b2,2124.3,2103.06,0.01,0.18914952000000235,0.008904086993362629,0.023250480000000004,target,,,
2026-02-09T14:00:00+00:00,2026-02-09T14:00:00+00:00,1770645600000,1770645600000,LONG,2,k7_b2,2022.7,2042.93,0.01,0.17993903500000016,0.008895982350323833,0.022360965000000003,target_entry_bar,,,
2026-02-09T13:00:00+00:00,2026-02-09T15:00:00+00:00,1770642000000,1770649200000,LONG,1,k7_b1,2035.62,2055.98,0.01,0.1810962000000013,0.008896365726412656,0.0225038,target,,,
2026-02-09T15:00:00+00:00,2026-02-09T16:00:00+00:00,1770649200000,1770652800000,LONG,3,k7_b3,2043.43,2096.93,0.01,0.5122280199999977,0.025067069583983678,0.022771980000000004,target,,,
2026-02-09T16:00:00+00:00,2026-02-09T17:00:00+00:00,1770652800000,1770656400000,LONG,4,k7_b4,2061.32,2115.29,0.01,0.5167286449999979,0.025067851910426226,0.022971355000000002,target,,,
2026-02-09T21:00:00+00:00,2026-02-09T21:00:00+00:00,1770670800000,1770670800000,SHORT,1,k7_b1,2122.61,2101.38,0.01,0.18906805500000018,0.008907338371156273,0.023231945000000004,target_entry_bar,,,
2026-02-09T22:00:00+00:00,2026-02-10T00:00:00+00:00,1770674400000,1770681600000,SHORT,2,k7_b2,2120.16,2098.96,0.01,0.1887948399999982,0.008904744924911242,0.023205160000000002,target,,,
2026-02-10T00:00:00+00:00,2026-02-10T05:00:00+00:00,1770681600000,1770699600000,SHORT,3,k7_b3,2102.9,2047.85,0.01,0.5276708750000019,0.025092532930714815,0.022829125,target,,,
2026-02-10T12:00:00+00:00,2026-02-10T13:00:00+00:00,1770724800000,1770728400000,LONG,1,k7_b1,2002.88,2022.91,0.01,0.17815815499999973,0.008895098807716875,0.022141845,target,,,
2026-02-10T19:00:00+00:00,2026-02-11T01:00:00+00:00,1770750000000,1770771600000,LONG,1,k7_b1,2009.28,2023.99,0.01,0.12491701500000037,0.006217003852126153,0.022182985000000002,max_hold,,,
2026-02-12T14:00:00+00:00,2026-02-12T14:00:00+00:00,1770904800000,1770904800000,SHORT,1,k7_b1,1992.95,1973.02,0.01,0.17748716500000064,0.008905751022353829,0.021812835000000003,target_entry_bar,,,
2026-02-12T15:00:00+00:00,2026-02-12T15:00:00+00:00,1770908400000,1770908400000,SHORT,2,k7_b2,1976.65,1956.88,0.01,0.1760655849999998,0.008907271646472557,0.021634415000000004,target_entry_bar,,,
2026-02-12T22:00:00+00:00,2026-02-12T22:00:00+00:00,1770933600000,1770933600000,LONG,1,k7_b1,1923.23,1942.46,0.01,0.17103870500000018,0.008893304752941674,0.021261295000000003,target_entry_bar,,,
2026-02-13T06:00:00+00:00,2026-02-13T08:00:00+00:00,1770962400000,1770969600000,LONG,1,k7_b1,1933.96,1953.3,0.01,0.1720200699999992,0.008894706715754161,0.021379930000000005,target,,,
2026-02-13T14:00:00+00:00,2026-02-13T14:00:00+00:00,1770991200000,1770991200000,LONG,1,k7_b1,1970.64,1990.35,0.01,0.17531455499999807,0.00889632581293377,0.021785445000000004,target_entry_bar,,,
2026-02-13T23:00:00+00:00,2026-02-14T05:00:00+00:00,1771023600000,1771045200000,SHORT,1,k7_b1,2052.34,2052.55,0.01,-0.024676895000000365,-0.001202378504536303,0.022576895000000003,max_hold,,,
2026-02-14T01:00:00+00:00,2026-02-14T07:00:00+00:00,1771030800000,1771052400000,SHORT,2,k7_b2,2053.03,2052.61,0.01,-0.01838101999999928,-0.0008953118074260618,0.022581020000000007,max_hold,,,
2026-02-14T02:00:00+00:00,2026-02-14T11:00:00+00:00,1771034400000,1771066800000,SHORT,3,k7_b3,2052.34,2093.39,0.01,-0.43330151499999725,-0.02111256005340232,0.022801515,stop,,,
2026-02-14T12:00:00+00:00,2026-02-14T12:00:00+00:00,1771070400000,1771070400000,SHORT,2,k7_b2,2097.17,2076.2,0.01,0.18674646500000255,0.008904688937949833,0.022953535000000004,target_entry_bar,,,
2026-02-14T16:00:00+00:00,2026-02-14T22:00:00+00:00,1771084800000,1771106400000,SHORT,2,k7_b2,2085.33,2084.8,0.01,-0.01763571500000255,-0.000845703797480617,0.022935715000000002,max_hold,,,
2026-02-15T00:00:00+00:00,2026-02-15T01:00:00+00:00,1771113600000,1771117200000,SHORT,1,k7_b1,2084.38,2063.54,0.01,0.18558644000000146,0.008903675913221267,0.022813560000000004,target,,,
2026-02-15T01:00:00+00:00,2026-02-15T01:00:00+00:00,1771117200000,1771117200000,SHORT,2,k7_b2,2077.99,2057.21,0.01,0.18505639999999746,0.00890554814989473,0.022743600000000003,target_entry_bar,,,
2026-02-15T05:00:00+00:00,2026-02-15T12:00:00+00:00,1771131600000,1771156800000,SHORT,3,k7_b3,2074.67,2020.36,0.01,0.5205773350000017,0.025092054881017303,0.022522664999999997,target,,,
2026-02-15T10:00:00+00:00,2026-02-15T12:00:00+00:00,1771149600000,1771156800000,SHORT,2,k7_b2,2066.77,2046.1,0.01,0.18407921500000074,0.008906613459649633,0.022620784999999997,target,,,
2026-02-15T11:00:00+00:00,2026-02-15T13:00:00+00:00,1771153200000,1771160400000,SHORT,3,k7_b3,2059.53,2005.61,0.01,0.516841730000003,0.025095129956834956,0.022358270000000003,target,,,
2026-02-15T12:00:00+00:00,2026-02-15T13:00:00+00:00,1771156800000,1771160400000,SHORT,4,k7_b4,2059.94,2006.01,0.01,0.5169372750000006,0.025094773391458037,0.022362725,target,,,
2026-02-16T06:00:00+00:00,2026-02-16T07:00:00+00:00,1771221600000,1771225200000,LONG,1,k7_b1,1957.91,1977.49,0.01,0.1741552999999993,0.00889495942101523,0.021644700000000003,target,,,
2026-02-16T13:00:00+00:00,2026-02-16T13:00:00+00:00,1771246800000,1771246800000,SHORT,1,k7_b1,2004.58,1984.53,0.01,0.17855989499999952,0.008907596354348518,0.021940105,target_entry_bar,,,
2026-02-16T14:00:00+00:00,2026-02-16T17:00:00+00:00,1771250400000,1771261200000,LONG,1,k7_b1,1967.75,1987.43,0.01,0.17504651000000063,0.008895769787828769,0.021753490000000004,target,,,
2026-02-16T15:00:00+00:00,2026-02-16T20:00:00+00:00,1771254000000,1771272000000,LONG,2,k7_b2,1972.91,1992.64,0.01,0.1754894750000002,0.008894955928045383,0.021810525000000004,target,,,
2026-02-16T20:00:00+00:00,2026-02-16T20:00:00+00:00,1771272000000,1771272000000,LONG,2,k7_b2,1974.36,1994.1,0.01,0.1755734700000001,0.008892677627180458,0.02182653,target_entry_bar,,,
2026-02-17T13:00:00+00:00,2026-02-17T13:00:00+00:00,1771333200000,1771333200000,LONG,1,k7_b1,1969.79,1989.49,0.01,0.17522396000000046,0.008895565517136368,0.021776040000000003,target_entry_bar,,,
2026-02-17T15:00:00+00:00,2026-02-17T15:00:00+00:00,1771340400000,1771340400000,LONG,2,k7_b2,1948.53,1968.02,0.01,0.1733589750000001,0.008896910748102421,0.021541025,target_entry_bar,,,
2026-02-17T22:00:00+00:00,2026-02-18T01:00:00+00:00,1771365600000,1771376400000,SHORT,1,k7_b1,1997.69,1977.71,0.01,0.17793530000000018,0.008907052645805914,0.0218647,target,,,
2026-02-17T16:00:00+00:00,2026-02-18T04:00:00+00:00,1771344000000,1771387200000,LONG,3,k7_b3,1968.63,1995.85,0.01,0.250395359999998,0.012719269745965366,0.02180464,max_hold,,,
2026-02-17T18:00:00+00:00,2026-02-18T06:00:00+00:00,1771351200000,1771394400000,LONG,4,k7_b4,1966.07,1995.29,0.01,0.27041252000000027,0.013753961964731687,0.021787479999999998,max_hold,,,
2026-02-18T11:00:00+00:00,2026-02-18T11:00:00+00:00,1771412400000,1771412400000,SHORT,1,k7_b1,1995.3,1975.35,0.01,0.17766142500000046,0.008903995639753444,0.021838575,target_entry_bar,,,
2026-02-18T18:00:00+00:00,2026-02-18T18:00:00+00:00,1771437600000,1771437600000,SHORT,1,k7_b1,1972.47,1952.75,0.01,0.17561129000000025,0.008903115890229013,0.021588710000000004,target_entry_bar,,,
2026-02-18T21:00:00+00:00,2026-02-19T00:00:00+00:00,1771448400000,1771459200000,LONG,1,k7_b1,1939.37,1958.76,0.01,0.17246028500000102,0.008892593213260028,0.021439715,target,,,
2026-02-18T22:00:00+00:00,2026-02-19T01:00:00+00:00,1771452000000,1771462800000,LONG,2,k7_b2,1941.7,1961.12,0.01,0.17273448999999846,0.008896044188082528,0.021465510000000004,target,,,
2026-02-19T07:00:00+00:00,2026-02-19T09:00:00+00:00,1771484400000,1771491600000,SHORT,1,k7_b1,1981.13,1961.32,0.01,0.1764165250000017,0.008904843447931316,0.021683475,target,,,
2026-02-19T08:00:00+00:00,2026-02-19T10:00:00+00:00,1771488000000,1771495200000,SHORT,2,k7_b2,1979.82,1960.02,0.01,0.17633087999999952,0.008906409673606668,0.02166912,target,,,
2026-02-19T10:00:00+00:00,2026-02-19T13:00:00+00:00,1771495200000,1771506000000,SHORT,3,k7_b3,1961.95,1910.59,0.01,0.49230103000000125,0.025092435077346577,0.02129897,target,,,
2026-02-19T11:00:00+00:00,2026-02-19T16:00:00+00:00,1771498800000,1771516800000,SHORT,4,k7_b4,1957.82,1906.56,0.01,0.49134590999999994,0.025096582423307555,0.02125409,target,,,
2026-02-19T17:00:00+00:00,2026-02-19T17:00:00+00:00,1771520400000,1771520400000,LONG,1,k7_b1,1921.93,1941.15,0.01,0.1709530600000003,0.008894864016899694,0.02124694,target_entry_bar,,,
2026-02-19T18:00:00+00:00,2026-02-19T18:00:00+00:00,1771524000000,1771524000000,LONG,2,k7_b2,1920.55,1939.76,0.01,0.1708682950000004,0.008896841790112228,0.021231705000000003,target_entry_bar,,,
2026-02-20T10:00:00+00:00,2026-02-20T11:00:00+00:00,1771581600000,1771585200000,SHORT,1,k7_b1,1965.82,1946.16,0.01,0.17508410999999854,0.00890641615203826,0.021515890000000003,target,,,
2026-02-21T06:00:00+00:00,2026-02-21T11:00:00+00:00,1771653600000,1771671600000,LONG,1,k7_b1,1963.0,1982.63,0.01,0.17459903500000107,0.008894500000000055,0.021700965000000003,target,,,
2026-02-21T07:00:00+00:00,2026-02-21T11:00:00+00:00,1771657200000,1771671600000,LONG,2,k7_b2,1961.49,1981.1,0.01,0.174415754999999,0.008892003273021988,0.021684245000000005,target,,,
2026-02-21T08:00:00+00:00,2026-02-21T20:00:00+00:00,1771660800000,1771704000000,LONG,3,k7_b3,1962.99,1987.48,0.01,0.2231724150000001,0.01136900417220669,0.021727585,max_hold,,,
2026-02-21T09:00:00+00:00,2026-02-21T21:00:00+00:00,1771664400000,1771707600000,LONG,4,k7_b4,1969.11,1973.15,0.01,0.01871757000000191,0.0009505598976188183,0.021682430000000003,max_hold,,,
2026-02-21T10:00:00+00:00,2026-02-21T22:00:00+00:00,1771668000000,1771711200000,LONG,5,k7_b5,1970.37,1981.23,0.01,0.08686620000000128,0.00440862376101957,0.0217338,max_hold,,,
2026-02-22T17:00:00+00:00,2026-02-22T23:00:00+00:00,1771779600000,1771801200000,SHORT,1,k7_b1,1950.59,1957.3,0.01,-0.08859339500000037,-0.004541876816758025,0.021493395000000002,max_hold,,,
2026-02-22T23:00:00+00:00,2026-02-23T00:00:00+00:00,1771801200000,1771804800000,SHORT,1,k7_b1,1956.32,1936.76,0.01,0.17418805999999948,0.008903863376134758,0.02141194,target,,,
2026-02-23T00:00:00+00:00,2026-02-23T00:00:00+00:00,1771804800000,1771804800000,SHORT,2,k7_b2,1956.02,1936.46,0.01,0.17419135999999946,0.008905397695320061,0.02140864,target_entry_bar,,,
2026-02-23T10:00:00+00:00,2026-02-23T14:00:00+00:00,1771840800000,1771855200000,SHORT,1,k7_b1,1915.92,1896.76,0.01,0.1706302600000008,0.008905917783623575,0.02096974,target,,,
2026-02-23T13:00:00+00:00,2026-02-23T14:00:00+00:00,1771851600000,1771855200000,SHORT,2,k7_b2,1918.33,1899.15,0.01,0.17080385999999836,0.008903778807608616,0.020996140000000003,target,,,
2026-02-23T14:00:00+00:00,2026-02-23T17:00:00+00:00,1771855200000,1771866000000,SHORT,3,k7_b3,1920.05,1869.78,0.01,0.4818559349999998,0.02509600973932969,0.020844065000000002,target,,,
2026-02-23T15:00:00+00:00,2026-02-23T17:00:00+00:00,1771858800000,1771866000000,SHORT,4,k7_b4,1905.11,1855.23,0.01,0.47811812999999886,0.025096615418532205,0.020681869999999998,target,,,
2026-02-23T22:00:00+00:00,2026-02-24T01:00:00+00:00,1771884000000,1771894800000,SHORT,4,k7_b4,1861.76,1813.02,0.01,0.4671887100000001,0.025093927788759032,0.02021129,target,,,
2026-02-24T02:00:00+00:00,2026-02-24T08:00:00+00:00,1771898400000,1771920000000,LONG,1,k7_b1,1840.79,1824.63,0.01,-0.18175980999999855,-0.009874011158252627,0.020159810000000004,max_hold,,,
2026-02-23T21:00:00+00:00,2026-02-24T09:00:00+00:00,1771880400000,1771923600000,SHORT,3,k7_b3,1858.89,1830.44,0.01,0.2642086850000005,0.01421325011162578,0.020291315000000004,max_hold,,,
2026-02-23T23:00:00+00:00,2026-02-24T11:00:00+00:00,1771887600000,1771930800000,SHORT,5,k7_b5,1858.15,1825.0,0.01,0.3112426750000009,0.016750137233269697,0.020257325000000003,max_hold,,,
2026-02-24T12:00:00+00:00,2026-02-24T14:00:00+00:00,1771934400000,1771941600000,LONG,1,k7_b1,1826.67,1844.94,0.01,0.16250614499999982,0.008896305572435077,0.020193855000000004,target,,,
2026-02-24T13:00:00+00:00,2026-02-24T14:00:00+00:00,1771938000000,1771941600000,LONG,2,k7_b2,1823.94,1842.18,0.01,0.1622363400000001,0.008894828777262415,0.02016366,target,,,
2026-02-24T14:00:00+00:00,2026-02-24T17:00:00+00:00,1771941600000,1771952400000,LONG,3,k7_b3,1815.51,1863.04,0.01,0.45506797499999974,0.025065572483764877,0.020232025,target,,,
2026-02-24T15:00:00+00:00,2026-02-25T01:00:00+00:00,1771945200000,1771981200000,LONG,4,k7_b4,1834.6,1882.63,0.01,0.459855235000002,0.025065694701842473,0.020444765,target,,,
2026-02-25T01:00:00+00:00,2026-02-25T01:00:00+00:00,1771981200000,1771981200000,LONG,3,k7_b3,1851.88,1900.36,0.01,0.4641626799999979,0.02506440374106302,0.02063732,target_entry_bar,,,
2026-02-25T08:00:00+00:00,2026-02-25T08:00:00+00:00,1772006400000,1772006400000,LONG,2,k7_b2,1893.31,1912.24,0.01,0.16836947500000063,0.008892863556417102,0.020930525,target_entry_bar,,,
2026-02-25T09:00:00+00:00,2026-02-25T13:00:00+00:00,1772010000000,1772024400000,LONG,3,k7_b3,1910.38,1960.39,0.01,0.47881076499999986,0.025063639956448443,0.021289235000000004,target,,,
2026-02-25T10:00:00+00:00,2026-02-25T13:00:00+00:00,1772013600000,1772024400000,LONG,4,k7_b4,1915.36,1965.5,0.01,0.480055270000001,0.025063448646729648,0.02134473,target,,,
2026-02-25T11:00:00+00:00,2026-02-25T13:00:00+00:00,1772017200000,1772024400000,LONG,5,k7_b5,1912.71,1962.78,0.01,0.47938480499999936,0.02506312012798591,0.021315195000000002,target,,,
2026-02-25T12:00:00+00:00,2026-02-25T13:00:00+00:00,1772020800000,1772024400000,LONG,6,k7_b6,1926.24,1976.67,0.01,0.4828339950000006,0.02506613895464743,0.021466005000000003,target,,,
2026-02-25T13:00:00+00:00,2026-02-25T15:00:00+00:00,1772024400000,1772031600000,LONG,6,k7_b6,1953.63,2004.78,0.01,0.48972874499999863,0.025067630257520544,0.021771255,target,,,
2026-02-25T14:00:00+00:00,2026-02-25T15:00:00+00:00,1772028000000,1772031600000,LONG,6,k7_b6,1964.86,2016.3,0.01,0.49250362000000053,0.02506558329855565,0.02189638,target,,,
2026-02-26T13:00:00+00:00,2026-02-26T14:00:00+00:00,1772110800000,1772114400000,SHORT,1,k7_b1,2068.16,2047.48,0.01,0.18416397999999837,0.008904725939965882,0.02263602,target,,,
2026-02-26T14:00:00+00:00,2026-02-26T14:00:00+00:00,1772114400000,1772114400000,SHORT,2,k7_b2,2063.17,2042.54,0.01,0.1837185950000011,0.008904675572056644,0.022581405000000002,target_entry_bar,,,
2026-02-26T15:00:00+00:00,2026-02-26T16:00:00+00:00,1772118000000,1772121600000,SHORT,3,k7_b3,2049.19,1995.54,0.01,0.514253985000001,0.025095476017353242,0.022246015,target,,,
2026-02-27T05:00:00+00:00,2026-02-27T09:00:00+00:00,1772168400000,1772182800000,SHORT,1,k7_b1,2040.76,2020.35,0.01,0.18176389500000084,0.00890667667927639,0.022336105000000002,target,,,
2026-02-27T07:00:00+00:00,2026-02-27T09:00:00+00:00,1772175600000,1772182800000,SHORT,2,k7_b2,2033.89,2013.55,0.01,0.18113908000000145,0.008906041133001363,0.022260920000000003,target,,,
2026-02-27T08:00:00+00:00,2026-02-27T10:00:00+00:00,1772179200000,1772186400000,SHORT,3,k7_b3,2030.52,1977.36,0.01,0.5095566600000009,0.025094885054074863,0.02204334,target,,,
2026-02-27T09:00:00+00:00,2026-02-27T10:00:00+00:00,1772182800000,1772186400000,SHORT,4,k7_b4,2031.61,1978.42,0.01,0.5098448349999982,0.025095605701881674,0.022055165,target,,,
2026-02-27T10:00:00+00:00,2026-02-27T11:00:00+00:00,1772186400000,1772190000000,SHORT,5,k7_b5,2007.8,1955.24,0.01,0.5038032799999995,0.025092304014344036,0.021796720000000002,target,,,
2026-02-28T04:00:00+00:00,2026-02-28T06:00:00+00:00,1772251200000,1772258400000,SHORT,1,k7_b1,1922.36,1903.14,0.01,0.171159749999998,0.00890362627187405,0.021040250000000003,target,,,
2026-02-28T05:00:00+00:00,2026-02-28T06:00:00+00:00,1772254800000,1772258400000,SHORT,2,k7_b2,1923.27,1904.04,0.01,0.1712497950000002,0.00890409536882498,0.021050205000000002,target,,,
2026-02-28T06:00:00+00:00,2026-02-28T06:00:00+00:00,1772258400000,1772258400000,SHORT,3,k7_b3,1918.2,1867.98,0.01,0.4813760100000003,0.025095193931811085,0.02082399,target_entry_bar,,,
2026-02-28T17:00:00+00:00,2026-02-28T18:00:00+00:00,1772298000000,1772301600000,LONG,1,k7_b1,1903.73,1922.77,0.01,0.16935424999999965,0.008895917488299267,0.021045750000000002,target,,,
2026-02-28T18:00:00+00:00,2026-02-28T18:00:00+00:00,1772301600000,1772301600000,LONG,2,k7_b2,1906.78,1925.85,0.01,0.16962053499999938,0.008895653142994963,0.021079465,target_entry_bar,,,
2026-02-28T19:00:00+00:00,2026-03-01T01:00:00+00:00,1772305200000,1772326800000,LONG,3,k7_b3,1935.83,1986.51,0.01,0.4852271300000007,0.025065585821069034,0.02157287,target,,,
2026-02-28T20:00:00+00:00,2026-03-01T01:00:00+00:00,1772308800000,1772326800000,LONG,4,k7_b4,1946.76,1997.73,0.01,0.4880053050000003,0.025067563798311054,0.021694695,target,,,
2026-03-01T23:00:00+00:00,2026-03-01T23:00:00+00:00,1772406000000,1772406000000,LONG,1,k7_b1,1924.6,1943.85,0.01,0.171223525,0.008896577210849008,0.021276475000000003,target_entry_bar,,,
2026-03-02T13:00:00+00:00,2026-03-02T14:00:00+00:00,1772456400000,1772460000000,LONG,1,k7_b1,1937.85,1957.23,0.01,0.17237706000000108,0.00889527362798984,0.02142294,target,,,
2026-03-02T14:00:00+00:00,2026-03-02T14:00:00+00:00,1772460000000,1772460000000,LONG,2,k7_b2,1927.4,1946.67,0.01,0.1713926149999998,0.008892425806786333,0.021307385,target_entry_bar,,,
2026-03-02T17:00:00+00:00,2026-03-02T17:00:00+00:00,1772470800000,1772470800000,SHORT,1,k7_b1,2062.3,2041.68,0.01,0.18362811000000118,0.008904044513407417,0.022571890000000004,target_entry_bar,,,
2026-03-03T08:00:00+00:00,2026-03-03T08:00:00+00:00,1772524800000,1772524800000,SHORT,1,k7_b1,1994.27,1974.33,0.01,0.17757270000000056,0.008904145376503712,0.0218273,target_entry_bar,,,
2026-03-04T05:00:00+00:00,2026-03-04T06:00:00+00:00,1772600400000,1772604000000,LONG,1,k7_b1,1960.12,1979.72,0.01,0.17433088000000135,0.008893888129298276,0.02166912,target,,,
2026-03-04T06:00:00+00:00,2026-03-04T07:00:00+00:00,1772604000000,1772607600000,LONG,2,k7_b2,1971.08,1990.79,0.01,0.17530971500000037,0.008894094354364125,0.021790285,target,,,
2026-03-04T07:00:00+00:00,2026-03-04T08:00:00+00:00,1772607600000,1772611200000,LONG,3,k7_b3,1980.24,2032.08,0.01,0.4963322399999992,0.02506424675796869,0.02206776,target,,,
2026-03-04T08:00:00+00:00,2026-03-04T08:00:00+00:00,1772611200000,1772611200000,LONG,4,k7_b4,2006.72,2059.26,0.01,0.5030371100000018,0.0250676282690162,0.022362890000000003,target_entry_bar,,,
2026-03-04T15:00:00+00:00,2026-03-04T15:00:00+00:00,1772636400000,1772636400000,LONG,3,k7_b3,2080.09,2134.55,0.01,0.5214194800000004,0.025067159594056043,0.023180520000000003,target_entry_bar,,,
2026-03-05T13:00:00+00:00,2026-03-05T13:00:00+00:00,1772715600000,1772715600000,SHORT,1,k7_b1,2135.97,2114.61,0.01,0.19022180999999674,0.008905640528658958,0.02337819,target_entry_bar,,,
2026-03-06T07:00:00+00:00,2026-03-06T09:00:00+00:00,1772780400000,1772787600000,SHORT,1,k7_b1,2072.08,2051.36,0.01,0.184521079999998,0.008905113702173565,0.02267892,target,,,
2026-03-06T08:00:00+00:00,2026-03-06T09:00:00+00:00,1772784000000,1772787600000,SHORT,2,k7_b2,2080.74,2059.93,0.01,0.18532631499999946,0.00890675024270209,0.022773685000000002,target,,,
2026-03-06T09:00:00+00:00,2026-03-06T13:00:00+00:00,1772787600000,1772802000000,SHORT,3,k7_b3,2073.87,2019.58,0.01,0.5203860249999996,0.025092509414765617,0.022513975,target,,,
2026-03-06T12:00:00+00:00,2026-03-06T14:00:00+00:00,1772798400000,1772805600000,SHORT,4,k7_b4,2049.0,1995.36,0.01,0.5141560200000009,0.025093021961932693,0.022243980000000003,target,,,
2026-03-06T13:00:00+00:00,2026-03-06T14:00:00+00:00,1772802000000,1772805600000,SHORT,4,k7_b4,2046.56,1992.98,0.01,0.5135825299999993,0.02509491683605657,0.022217470000000003,target,,,
2026-03-06T14:00:00+00:00,2026-03-06T15:00:00+00:00,1772805600000,1772809200000,SHORT,4,k7_b4,2017.53,1964.71,0.01,0.5062976799999993,0.02509492696515042,0.021902320000000003,target,,,
2026-03-07T10:00:00+00:00,2026-03-07T16:00:00+00:00,1772877600000,1772899200000,SHORT,1,k7_b1,1984.3,1980.19,0.01,0.019295304999999,0.0009723985788438744,0.021804695,max_hold,,,
2026-03-07T12:00:00+00:00,2026-03-07T18:00:00+00:00,1772884800000,1772906400000,SHORT,2,k7_b2,1986.52,1976.56,0.01,0.07780306000000037,0.003916550550711816,0.02179694,max_hold,,,
2026-03-07T17:00:00+00:00,2026-03-07T19:00:00+00:00,1772902800000,1772910000000,SHORT,2,k7_b2,1975.27,1955.52,0.01,0.175880655,0.008904132346464028,0.021619345,target,,,
2026-03-07T18:00:00+00:00,2026-03-07T19:00:00+00:00,1772906400000,1772910000000,SHORT,2,k7_b2,1975.57,1955.81,0.01,0.17597740999999992,0.008907677784133183,0.021622590000000004,target,,,
2026-03-07T19:00:00+00:00,2026-03-08T07:00:00+00:00,1772910000000,1772953200000,SHORT,3,k7_b3,1969.3,1946.66,0.01,0.20486221999999873,0.010402793886152374,0.02153778,max_hold,,,
2026-03-07T22:00:00+00:00,2026-03-08T10:00:00+00:00,1772920800000,1772964000000,SHORT,4,k7_b4,1968.42,1962.55,0.01,0.03707966500000118,0.0018837273041323079,0.021620335,max_hold,,,
2026-03-08T00:00:00+00:00,2026-03-08T12:00:00+00:00,1772928000000,1772971200000,SHORT,3,k7_b3,1967.4,1950.28,0.01,0.1496527600000012,0.007606626003863025,0.021547240000000002,max_hold,,,
2026-03-08T01:00:00+00:00,2026-03-08T13:00:00+00:00,1772931600000,1772974800000,SHORT,4,k7_b4,1966.94,1945.24,0.01,0.19548301000000046,0.00993843279408627,0.02151699,max_hold,,,
2026-03-08T02:00:00+00:00,2026-03-08T14:00:00+00:00,1772935200000,1772978400000,SHORT,5,k7_b5,1967.06,1943.13,0.01,0.21779395499999837,0.01107205448740752,0.021506045,max_hold,,,
2026-03-08T19:00:00+00:00,2026-03-08T19:00:00+00:00,1772996400000,1772996400000,LONG,1,k7_b1,1930.0,1949.3,0.01,0.17166384999999956,0.008894499999999977,0.02133615,target_entry_bar,,,
2026-03-09T03:00:00+00:00,2026-03-09T03:00:00+00:00,1773025200000,1773025200000,LONG,1,k7_b1,1959.86,1979.46,0.01,0.17433374000000137,0.008895213943853201,0.02166626,target_entry_bar,,,
2026-03-09T12:00:00+00:00,2026-03-09T12:00:00+00:00,1773057600000,1773057600000,LONG,1,k7_b1,1992.49,2012.41,0.01,0.17717305000000072,0.008892042118153703,0.022026950000000003,target_entry_bar,,,
2026-03-10T09:00:00+00:00,2026-03-10T13:00:00+00:00,1773133200000,1773147600000,SHORT,1,k7_b1,2054.99,2034.44,0.01,0.18300813499999727,0.008905548688801274,0.022491865,target,,,
2026-03-10T10:00:00+00:00,2026-03-10T13:00:00+00:00,1773136800000,1773147600000,SHORT,2,k7_b2,2065.88,2045.22,0.01,0.18398895000000082,0.008906081185741708,0.022611050000000004,target,,,
2026-03-10T11:00:00+00:00,2026-03-10T23:00:00+00:00,1773140400000,1773183600000,SHORT,3,k7_b3,2060.64,2026.29,0.01,0.32102188499999906,0.015578746651525694,0.022478115,max_hold,,,
2026-03-10T12:00:00+00:00,2026-03-11T00:00:00+00:00,1773144000000,1773187200000,SHORT,4,k7_b4,2059.73,2035.38,0.01,0.22097689499999912,0.010728439892607241,0.022523105,max_hold,,,
2026-03-11T08:00:00+00:00,2026-03-11T11:00:00+00:00,1773216000000,1773226800000,LONG,2,k7_b2,2012.6,2032.73,0.01,0.1790506850000011,0.008896486385769705,0.022249315000000002,target,,,
2026-03-11T06:00:00+00:00,2026-03-11T12:00:00+00:00,1773208800000,1773230400000,LONG,1,k7_b1,2014.27,2016.97,0.01,0.004828180000000452,0.00023969874942289028,0.022171820000000002,max_hold,,,
2026-03-11T10:00:00+00:00,2026-03-11T13:00:00+00:00,1773223200000,1773234000000,LONG,3,k7_b3,2017.97,2070.8,0.01,0.5058117650000016,0.025065375848005746,0.022488235000000002,target,,,
2026-03-11T12:00:00+00:00,2026-03-11T13:00:00+00:00,1773230400000,1773234000000,LONG,4,k7_b4,2017.98,2070.81,0.01,0.5058116549999994,0.02506524618678081,0.022488345,target,,,
2026-03-11T13:00:00+00:00,2026-03-11T13:00:00+00:00,1773234000000,1773234000000,LONG,5,k7_b5,2023.08,2076.04,0.01,0.5070548400000005,0.025063509104929143,0.02254516,target_entry_bar,,,
2026-03-11T11:00:00+00:00,2026-03-11T17:00:00+00:00,1773226800000,1773248400000,LONG,4,k7_b4,2028.83,2081.94,0.01,0.5084907650000012,0.02506325147991706,0.022609235000000002,target,,,
2026-03-11T18:00:00+00:00,2026-03-11T23:00:00+00:00,1773252000000,1773270000000,SHORT,1,k7_b1,2066.07,2045.41,0.01,0.1839868600000008,0.008905161006161495,0.022613140000000004,target,,,
2026-03-11T21:00:00+00:00,2026-03-11T23:00:00+00:00,1773262800000,1773270000000,SHORT,2,k7_b2,2066.44,2045.78,0.01,0.1839827900000008,0.008903369563113413,0.02261721,target,,,
2026-03-11T22:00:00+00:00,2026-03-12T03:00:00+00:00,1773266400000,1773284400000,SHORT,3,k7_b3,2071.03,2016.81,0.01,0.5197168800000026,0.025094608962690182,0.022483120000000002,target,,,
2026-03-12T05:00:00+00:00,2026-03-12T08:00:00+00:00,1773291600000,1773302400000,LONG,1,k7_b1,2022.85,2043.08,0.01,0.17993738500000017,0.008895241120201704,0.022362615000000002,target,,,
2026-03-12T06:00:00+00:00,2026-03-12T08:00:00+00:00,1773295200000,1773302400000,LONG,2,k7_b2,2026.82,2047.09,0.01,0.18029349499999983,0.008895387602253769,0.022406505,target,,,
2026-03-11T23:00:00+00:00,2026-03-12T11:00:00+00:00,1773270000000,1773313200000,SHORT,4,k7_b4,2059.68,2069.1,0.01,-0.11690829000000072,-0.005676041423910546,0.02270829,max_hold,,,
2026-03-12T07:00:00+00:00,2026-03-12T14:00:00+00:00,1773298800000,1773324000000,LONG,3,k7_b3,2030.32,2083.47,0.01,0.5088741549999987,0.02506374142992231,0.022625845,target,,,
2026-03-12T08:00:00+00:00,2026-03-12T14:00:00+00:00,1773302400000,1773324000000,LONG,4,k7_b4,2040.74,2094.17,0.01,0.5115579950000007,0.025067279271244778,0.022742005000000003,target,,,
2026-03-13T00:00:00+00:00,2026-03-13T00:00:00+00:00,1773360000000,1773360000000,SHORT,1,k7_b1,2071.56,2112.99,0.01,-0.4373150249999984,-0.021110420407808535,0.023015025,stop_entry_bar,,,
2026-03-13T09:00:00+00:00,2026-03-13T10:00:00+00:00,1773392400000,1773396000000,LONG,1,k7_b1,2100.02,2121.02,0.01,0.18678428,0.008894404815192236,0.023215720000000002,target,,,
2026-03-13T10:00:00+00:00,2026-03-13T12:00:00+00:00,1773396000000,1773403200000,LONG,2,k7_b2,2113.65,2134.79,0.01,0.18803357999999873,0.008896154992548375,0.023366420000000002,target,,,
2026-03-13T11:00:00+00:00,2026-03-13T13:00:00+00:00,1773399600000,1773406800000,LONG,3,k7_b3,2126.95,2182.63,0.01,0.5330973100000029,0.02506393239145269,0.02370269,target,,,
2026-03-13T12:00:00+00:00,2026-03-13T13:00:00+00:00,1773403200000,1773406800000,LONG,4,k7_b4,2121.08,2176.61,0.01,0.531662705000002,0.025065660182548608,0.023637295000000003,target,,,
2026-03-13T13:00:00+00:00,2026-03-13T13:00:00+00:00,1773406800000,1773406800000,LONG,5,k7_b5,2146.31,2202.5,0.01,0.5379815450000005,0.0250654166919038,0.023918455,target_entry_bar,,,
2026-03-13T15:00:00+00:00,2026-03-13T17:00:00+00:00,1773414000000,1773421200000,LONG,5,k7_b5,2151.48,2108.45,0.01,-0.45372961500000203,-0.0210891858162754,0.023429615,stop,,,
2026-03-13T16:00:00+00:00,2026-03-13T22:00:00+00:00,1773417600000,1773439200000,LONG,5,k7_b5,2128.08,2085.52,0.01,-0.4487747999999995,-0.02108824856208411,0.023174800000000002,stop,,,
2026-03-14T19:00:00+00:00,2026-03-14T23:00:00+00:00,1773514800000,1773529200000,LONG,1,k7_b1,2076.78,2097.55,0.01,0.18474118499999984,0.008895558749602742,0.022958815000000004,target,,,
2026-03-14T20:00:00+00:00,2026-03-14T23:00:00+00:00,1773518400000,1773529200000,LONG,2,k7_b2,2077.29,2098.06,0.01,0.18473557499999982,0.008893104718166449,0.022964425000000004,target,,,
2026-03-15T06:00:00+00:00,2026-03-15T12:00:00+00:00,1773554400000,1773576000000,SHORT,1,k7_b1,2105.83,2118.61,0.01,-0.151034420000002,-0.0071722038341177595,0.023234420000000006,max_hold,,,
2026-03-15T07:00:00+00:00,2026-03-15T13:00:00+00:00,1773558000000,1773579600000,SHORT,2,k7_b2,2105.76,2108.64,0.01,-0.05197919999999655,-0.0024684294506494824,0.023179200000000004,max_hold,,,
2026-03-15T20:00:00+00:00,2026-03-15T20:00:00+00:00,1773604800000,1773604800000,LONG,1,k7_b1,2113.38,2134.51,0.01,0.1879366050000011,0.008892702921386645,0.023363395000000002,target_entry_bar,,,
2026-03-15T09:00:00+00:00,2026-03-15T21:00:00+00:00,1773565200000,1773608400000,SHORT,3,k7_b3,2110.75,2128.01,0.01,-0.19591318000000219,-0.00928168565675718,0.023313180000000003,max_hold,,,
2026-03-15T10:00:00+00:00,2026-03-15T22:00:00+00:00,1773568800000,1773612000000,SHORT,4,k7_b4,2115.15,2138.42,0.01,-0.25609463499999985,-0.012107634683119392,0.023394635000000004,max_hold,,,
2026-03-15T11:00:00+00:00,2026-03-15T22:00:00+00:00,1773572400000,1773612000000,SHORT,5,k7_b5,2116.8,2159.14,0.01,-0.4469176699999969,-0.02111289068405125,0.023517670000000004,stop,,,
2026-03-15T12:00:00+00:00,2026-03-15T22:00:00+00:00,1773576000000,1773612000000,SHORT,5,k7_b5,2117.55,2159.9,0.01,-0.4470259749999991,-0.021110527496399092,0.023525975000000005,stop,,,
2026-03-15T21:00:00+00:00,2026-03-15T22:00:00+00:00,1773608400000,1773612000000,LONG,2,k7_b2,2129.08,2150.37,0.01,0.18936302499999963,0.008894124457512148,0.023536975,target,,,
2026-03-15T22:00:00+00:00,2026-03-15T23:00:00+00:00,1773612000000,1773615600000,LONG,3,k7_b3,2139.49,2195.5,0.01,0.5362575550000022,0.025064737624387223,0.023842445000000004,target,,,
2026-03-16T04:00:00+00:00,2026-03-16T04:00:00+00:00,1773633600000,1773633600000,LONG,2,k7_b2,2236.26,2258.62,0.01,0.19887815999999672,0.008893337983955207,0.024721840000000002,target_entry_bar,,,
2026-03-16T18:00:00+00:00,2026-03-16T18:00:00+00:00,1773684000000,1773684000000,LONG,1,k7_b1,2314.6,2337.75,0.01,0.20591207500000092,0.008896227209885116,0.025587925000000004,target_entry_bar,,,
2026-03-17T02:00:00+00:00,2026-03-17T03:00:00+00:00,1773712800000,1773716400000,SHORT,1,k7_b1,2358.65,2335.06,0.01,0.21008459500000146,0.00890698471583327,0.025815405000000003,target,,,
2026-03-17T03:00:00+00:00,2026-03-17T03:00:00+00:00,1773716400000,1773716400000,SHORT,2,k7_b2,2348.78,2325.29,0.01,0.20919261500000236,0.008906437171638141,0.025707385000000003,target_entry_bar,,,
2026-03-17T13:00:00+00:00,2026-03-17T13:00:00+00:00,1773752400000,1773752400000,LONG,1,k7_b1,2315.78,2338.94,0.01,0.20599903999999855,0.008895449481384179,0.025600960000000002,target_entry_bar,,,
2026-03-17T16:00:00+00:00,2026-03-17T17:00:00+00:00,1773763200000,1773766800000,LONG,2,k7_b2,2315.84,2339.0,0.01,0.20599837999999857,0.008895190514025087,0.025601620000000002,target,,,
2026-03-18T04:00:00+00:00,2026-03-18T05:00:00+00:00,1773806400000,1773810000000,SHORT,1,k7_b1,2338.44,2315.06,0.01,0.20820575000000108,0.008903617368844234,0.02559425,target,,,
2026-03-18T10:00:00+00:00,2026-03-18T11:00:00+00:00,1773828000000,1773831600000,SHORT,1,k7_b1,2326.95,2303.68,0.01,0.20723153499999983,0.008905714991727362,0.025468465000000003,target,,,
2026-03-19T05:00:00+00:00,2026-03-19T07:00:00+00:00,1773896400000,1773903600000,LONG,1,k7_b1,2193.59,2149.72,0.01,-0.46258820500000347,-0.021088179878646578,0.023888205000000003,stop,,,
2026-03-20T09:00:00+00:00,2026-03-20T09:00:00+00:00,1773997200000,1773997200000,SHORT,1,k7_b1,2161.65,2140.03,0.01,0.19254075999999892,0.008907120024055647,0.023659240000000005,target_entry_bar,,,
2026-03-20T19:00:00+00:00,2026-03-20T21:00:00+00:00,1774033200000,1774040400000,LONG,1,k7_b1,2123.47,2144.7,0.01,0.18882506500000018,0.00889228785902321,0.023474935000000002,target,,,
2026-03-20T21:00:00+00:00,2026-03-20T21:00:00+00:00,1774040400000,1774040400000,LONG,2,k7_b2,2133.16,2154.49,0.01,0.18971792499999926,0.008893750351591033,0.023582075,target_entry_bar,,,
2026-03-21T20:00:00+00:00,2026-03-21T23:00:00+00:00,1774123200000,1774134000000,SHORT,1,k7_b1,2150.11,2128.61,0.01,0.19146704,0.008904988116887043,0.023532960000000002,target,,,
2026-03-21T21:00:00+00:00,2026-03-21T23:00:00+00:00,1774126800000,1774134000000,SHORT,2,k7_b2,2153.49,2131.96,0.01,0.19173002499999747,0.008903223372293231,0.023569975,target,,,
2026-03-21T22:00:00+00:00,2026-03-21T23:00:00+00:00,1774130400000,1774134000000,SHORT,3,k7_b3,2151.58,2095.25,0.01,0.5399424349999993,0.025095159603640085,0.023357565,target,,,
2026-03-21T23:00:00+00:00,2026-03-21T23:00:00+00:00,1774134000000,1774134000000,SHORT,4,k7_b4,2147.7,2091.47,0.01,0.5389845650000002,0.025095896307677994,0.023315435000000002,target_entry_bar,,,
2026-03-22T05:00:00+00:00,2026-03-22T17:00:00+00:00,1774155600000,1774198800000,SHORT,3,k7_b3,2117.33,2080.96,0.01,0.3406094049999989,0.016086741556583004,0.023090595000000002,max_hold,,,
2026-03-22T06:00:00+00:00,2026-03-22T18:00:00+00:00,1774159200000,1774202400000,SHORT,4,k7_b4,2110.96,2078.46,0.01,0.30195819,0.014304306571417744,0.023041810000000003,max_hold,,,
2026-03-22T07:00:00+00:00,2026-03-22T19:00:00+00:00,1774162800000,1774206000000,SHORT,5,k7_b5,2106.51,2070.93,0.01,0.33282408000000385,0.015799786376518687,0.02297592,max_hold,,,
2026-03-23T01:00:00+00:00,2026-03-23T02:00:00+00:00,1774227600000,1774231200000,LONG,1,k7_b1,2043.54,2063.98,0.01,0.18180864000000055,0.008896749757773301,0.022591360000000005,target,,,
2026-03-23T02:00:00+00:00,2026-03-23T02:00:00+00:00,1774231200000,1774231200000,LONG,2,k7_b2,2047.66,2068.14,0.01,0.1821630999999979,0.00889615951866999,0.0226369,target_entry_bar,,,
2026-03-23T07:00:00+00:00,2026-03-23T08:00:00+00:00,1774249200000,1774252800000,LONG,2,k7_b2,2037.22,2057.59,0.01,0.1811785450000012,0.008893420690941636,0.022521455000000003,target,,,
2026-03-23T08:00:00+00:00,2026-03-23T11:00:00+00:00,1774252800000,1774263600000,LONG,2,k7_b2,2044.68,2065.13,0.01,0.18189604500000045,0.008896064176301448,0.022603955000000002,target,,,
2026-03-23T09:00:00+00:00,2026-03-23T11:00:00+00:00,1774256400000,1774263600000,LONG,3,k7_b3,2047.88,2101.49,0.01,0.5132784649999967,0.025063893636345716,0.022821535,target,,,
2026-03-23T10:00:00+00:00,2026-03-23T11:00:00+00:00,1774260000000,1774263600000,LONG,4,k7_b4,2043.66,2097.16,0.01,0.5122254899999977,0.025064124658700452,0.022774510000000005,target,,,
2026-03-23T11:00:00+00:00,2026-03-23T11:00:00+00:00,1774263600000,1774263600000,LONG,5,k7_b5,2048.87,2102.51,0.01,0.5135674100000033,0.025065885585713262,0.02283259,target_entry_bar,,,
2026-03-24T10:00:00+00:00,2026-03-24T13:00:00+00:00,1774346400000,1774357200000,SHORT,1,k7_b1,2162.59,2140.96,0.01,0.1926304750000011,0.008907396917584983,0.023669525000000004,target,,,
2026-03-24T11:00:00+00:00,2026-03-24T13:00:00+00:00,1774350000000,1774357200000,SHORT,2,k7_b2,2159.17,2137.58,0.01,0.19226787500000145,0.008904712227383737,0.023632125,target,,,
2026-03-24T12:00:00+00:00,2026-03-24T17:00:00+00:00,1774353600000,1774371600000,SHORT,3,k7_b3,2163.65,2107.01,0.01,0.5429113699999988,0.025092384165645958,0.023488630000000003,target,,,
2026-03-24T13:00:00+00:00,2026-03-24T17:00:00+00:00,1774357200000,1774371600000,SHORT,4,k7_b4,2160.3,2103.74,0.01,0.542147780000004,0.025095948710827383,0.023452220000000003,target,,,
2026-03-24T17:00:00+00:00,2026-03-24T20:00:00+00:00,1774371600000,1774382400000,LONG,1,k7_b1,2127.66,2148.94,0.01,0.18927870000000202,0.008896097120780672,0.023521300000000002,target,,,
2026-03-24T18:00:00+00:00,2026-03-24T20:00:00+00:00,1774375200000,1774382400000,LONG,2,k7_b2,2109.44,2130.53,0.01,0.18758016500000144,0.008892415285573491,0.023319835000000004,target,,,
2026-03-24T19:00:00+00:00,2026-03-25T05:00:00+00:00,1774378800000,1774414800000,LONG,3,k7_b3,2119.11,2174.59,0.01,0.5311846500000001,0.025066402876679366,0.023615350000000004,target,,,
2026-03-24T20:00:00+00:00,2026-03-25T05:00:00+00:00,1774382400000,1774414800000,LONG,4,k7_b4,2117.02,2172.44,0.01,0.5306079700000007,0.02506390917421662,0.02359203,target,,,
2026-03-25T10:00:00+00:00,2026-03-25T15:00:00+00:00,1774432800000,1774450800000,SHORT,1,k7_b1,2184.15,2162.31,0.01,0.19449447000000145,0.008904812856259938,0.02390553,target,,,
2026-03-25T13:00:00+00:00,2026-03-25T15:00:00+00:00,1774443600000,1774450800000,SHORT,2,k7_b2,2181.17,2159.36,0.01,0.19422708499999947,0.008904720173118072,0.023872915,target,,,
2026-03-25T14:00:00+00:00,2026-03-26T02:00:00+00:00,1774447200000,1774490400000,SHORT,3,k7_b3,2182.21,2163.7,0.01,0.1611974950000022,0.007386891958152615,0.023902505,max_hold,,,
2026-03-26T05:00:00+00:00,2026-03-26T05:00:00+00:00,1774501200000,1774501200000,SHORT,1,k7_b1,2147.36,2125.89,0.01,0.19119712500000255,0.008903822600775024,0.023502875000000003,target_entry_bar,,,
2026-03-26T06:00:00+00:00,2026-03-26T09:00:00+00:00,1774504800000,1774515600000,SHORT,2,k7_b2,2117.57,2096.39,0.01,0.1886232200000029,0.008907531746294236,0.02317678,target,,,
2026-03-26T07:00:00+00:00,2026-03-26T11:00:00+00:00,1774508400000,1774522800000,SHORT,3,k7_b3,2119.64,2064.15,0.01,0.5318891549999978,0.02509337222358503,0.023010845000000002,target,,,
2026-03-26T08:00:00+00:00,2026-03-26T11:00:00+00:00,1774512000000,1774522800000,SHORT,4,k7_b4,2121.29,2065.75,0.01,0.5323712799999997,0.02509658179692544,0.023028720000000003,target,,,
2026-03-26T21:00:00+00:00,2026-03-27T03:00:00+00:00,1774558800000,1774580400000,SHORT,1,k7_b1,2062.79,2067.11,0.01,-0.06591445000000165,-0.0031954028282084775,0.022714450000000004,max_hold,,,
2026-03-26T22:00:00+00:00,2026-03-27T04:00:00+00:00,1774562400000,1774584000000,SHORT,2,k7_b2,2066.04,2060.44,0.01,0.03330435999999909,0.0016119900873167552,0.022695640000000003,max_hold,,,
2026-03-27T07:00:00+00:00,2026-03-27T08:00:00+00:00,1774594800000,1774598400000,SHORT,2,k7_b2,2060.36,2039.76,0.01,0.18344934000000138,0.008903751771535138,0.02255066,target,,,
2026-03-27T02:00:00+00:00,2026-03-27T10:00:00+00:00,1774576800000,1774605600000,SHORT,3,k7_b3,2072.15,2017.9,0.01,0.520004725,0.025094936418695552,0.022495275000000002,target,,,
2026-03-27T08:00:00+00:00,2026-03-27T10:00:00+00:00,1774598400000,1774605600000,SHORT,3,k7_b3,2063.9,2009.87,0.01,0.517894265000002,0.025092992150782593,0.022405735000000003,target,,,
2026-03-27T10:00:00+00:00,2026-03-27T10:00:00+00:00,1774605600000,1774605600000,SHORT,4,k7_b4,2038.88,1985.5,0.01,0.5116659100000011,0.025095440143608306,0.022134090000000002,target_entry_bar,,,
2026-03-28T00:00:00+00:00,2026-03-28T06:00:00+00:00,1774656000000,1774677600000,SHORT,1,k7_b1,1990.57,1993.04,0.01,-0.04660985500000027,-0.002341533078464976,0.021909855,max_hold,,,
2026-03-28T01:00:00+00:00,2026-03-28T07:00:00+00:00,1774659600000,1774681200000,SHORT,2,k7_b2,1990.51,1999.86,0.01,-0.1154470349999991,-0.005799872143320008,0.021947035000000004,max_hold,,,
2026-03-28T20:00:00+00:00,2026-03-28T23:00:00+00:00,1774728000000,1774738800000,SHORT,1,k7_b1,2018.51,1998.32,0.01,0.17980743500000054,0.00890792886832369,0.022092565,target,,,
2026-03-28T21:00:00+00:00,2026-03-28T23:00:00+00:00,1774731600000,1774738800000,SHORT,2,k7_b2,2022.46,2002.24,0.01,0.18006415000000026,0.008903224291209726,0.022135850000000002,target,,,
2026-03-30T01:00:00+00:00,2026-03-30T02:00:00+00:00,1774832400000,1774836000000,LONG,1,k7_b1,1997.43,2017.4,0.01,0.17761843500000027,0.00889234841771678,0.022081565000000004,target,,,
2026-03-30T13:00:00+00:00,2026-03-30T14:00:00+00:00,1774875600000,1774879200000,SHORT,1,k7_b1,2072.68,2051.95,0.01,0.1846145350000002,0.008907044744002944,0.022685465,target,,,
2026-03-30T17:00:00+00:00,2026-03-30T17:00:00+00:00,1774890000000,1774890000000,SHORT,2,k7_b2,2064.03,2043.39,0.01,0.183809190000001,0.008905354573334738,0.022590810000000003,target_entry_bar,,,
2026-03-31T00:00:00+00:00,2026-03-31T01:00:00+00:00,1774915200000,1774918800000,LONG,1,k7_b1,2026.71,2046.98,0.01,0.18029470499999983,0.008895930103468175,0.022405295,target,,,
2026-03-31T12:00:00+00:00,2026-03-31T13:00:00+00:00,1774958400000,1774962000000,LONG,1,k7_b1,2041.26,2061.67,0.01,0.18153388500000084,0.008893226977455142,0.022566115000000005,target,,,
2026-03-31T13:00:00+00:00,2026-03-31T13:00:00+00:00,1774962000000,1774962000000,LONG,2,k7_b2,2047.81,2068.29,0.01,0.18216145000000017,0.008895427310150852,0.02263855,target_entry_bar,,,
2026-03-31T15:00:00+00:00,2026-03-31T16:00:00+00:00,1774969200000,1774972800000,LONG,3,k7_b3,2046.23,2099.8,0.01,0.5128968350000016,0.02506545378574264,0.022803165,target,,,
2026-04-01T01:00:00+00:00,2026-04-01T01:00:00+00:00,1775005200000,1775005200000,SHORT,1,k7_b1,2112.86,2091.73,0.01,0.18817475500000108,0.008906162973410498,0.023125245000000003,target_entry_bar,,,
2026-04-01T10:00:00+00:00,2026-04-01T13:00:00+00:00,1775037600000,1775048400000,SHORT,1,k7_b1,2134.43,2113.09,0.01,0.19003863999999693,0.00890348430260055,0.023361360000000005,target,,,
2026-04-01T11:00:00+00:00,2026-04-01T13:00:00+00:00,1775041200000,1775048400000,SHORT,2,k7_b2,2130.51,2109.2,0.01,0.189781595000004,0.00890780118375431,0.023318405000000004,target,,,
2026-04-01T17:00:00+00:00,2026-04-01T18:00:00+00:00,1775062800000,1775066400000,SHORT,2,k7_b2,2143.92,2122.48,0.01,0.19093480000000057,0.008905873353483366,0.023465200000000005,target,,,
2026-04-01T12:00:00+00:00,2026-04-02T00:00:00+00:00,1775044800000,1775088000000,SHORT,3,k7_b3,2133.11,2138.8,0.01,-0.08039550500000056,-0.003768933857138195,0.023495505000000007,max_hold,,,
2026-04-01T22:00:00+00:00,2026-04-02T01:00:00+00:00,1775080800000,1775091600000,SHORT,3,k7_b3,2154.48,2098.08,0.01,0.540610920000001,0.025092408376963395,0.02338908,target,,,
2026-04-02T00:00:00+00:00,2026-04-02T01:00:00+00:00,1775088000000,1775091600000,SHORT,2,k7_b2,2137.73,2116.35,0.01,0.1904025600000011,0.008906763716652763,0.023397440000000002,target,,,
2026-04-02T01:00:00+00:00,2026-04-02T01:00:00+00:00,1775091600000,1775091600000,SHORT,3,k7_b3,2153.5,2097.12,0.01,0.5404215900000011,0.025095035523566338,0.023378410000000002,target_entry_bar,,,
2026-04-02T10:00:00+00:00,2026-04-02T13:00:00+00:00,1775124000000,1775134800000,SHORT,2,k7_b2,2041.79,2021.37,0.01,0.18185262000000074,0.008906529074978364,0.02234738,target,,,
2026-04-02T15:00:00+00:00,2026-04-02T21:00:00+00:00,1775142000000,1775163600000,SHORT,2,k7_b2,2061.56,2067.29,0.01,-0.08000867500000018,-0.003880977269640475,0.022708675,max_hold,,,
2026-04-04T20:00:00+00:00,2026-04-05T02:00:00+00:00,1775332800000,1775354400000,SHORT,1,k7_b1,2062.73,2056.39,0.01,0.040744840000001455,0.0019752871194970477,0.02265516,max_hold,,,
2026-04-05T05:00:00+00:00,2026-04-05T06:00:00+00:00,1775365200000,1775368800000,SHORT,1,k7_b1,2053.22,2032.69,0.01,0.18282749499999745,0.00890442792296965,0.022472505000000004,target,,,
2026-04-05T13:00:00+00:00,2026-04-05T15:00:00+00:00,1775394000000,1775401200000,LONG,1,k7_b1,2027.97,2048.25,0.01,0.18038078999999974,0.00889464784982025,0.022419210000000002,target,,,
2026-04-05T14:00:00+00:00,2026-04-05T15:00:00+00:00,1775397600000,1775401200000,LONG,2,k7_b2,2036.46,2056.82,0.01,0.18108696000000127,0.008892242420671227,0.02251304,target,,,
2026-04-05T15:00:00+00:00,2026-04-05T23:00:00+00:00,1775401200000,1775430000000,LONG,3,k7_b3,2038.39,2091.76,0.01,0.5109841750000012,0.025068027953433894,0.022715825000000002,target,,,
2026-04-06T21:00:00+00:00,2026-04-06T22:00:00+00:00,1775509200000,1775512800000,SHORT,1,k7_b1,2146.5,2125.03,0.01,0.19120658499999799,0.008907830654553832,0.023493415000000004,target,,,
2026-04-07T07:00:00+00:00,2026-04-07T09:00:00+00:00,1775545200000,1775552400000,LONG,1,k7_b1,2104.07,2125.11,0.01,0.18713950999999965,0.00889416749442745,0.02326049,target,,,
2026-04-07T08:00:00+00:00,2026-04-07T09:00:00+00:00,1775548800000,1775552400000,LONG,2,k7_b2,2104.05,2125.09,0.01,0.18713972999999964,0.008894262493762012,0.023260270000000003,target,,,
2026-04-07T10:00:00+00:00,2026-04-07T10:00:00+00:00,1775556000000,1775556000000,SHORT,1,k7_b1,2126.19,2104.93,0.01,0.18932884000000216,0.008904605891289216,0.023271160000000003,target_entry_bar,,,
2026-04-07T17:00:00+00:00,2026-04-07T17:00:00+00:00,1775581200000,1775581200000,LONG,2,k7_b2,2083.67,2104.51,0.01,0.18536501000000147,0.008896082873007792,0.023034990000000005,target_entry_bar,,,
2026-04-07T11:00:00+00:00,2026-04-07T21:00:00+00:00,1775559600000,1775595600000,LONG,3,k7_b3,2089.34,2144.04,0.01,0.5237164099999981,0.025066117051317546,0.023283590000000003,target,,,
2026-04-07T19:00:00+00:00,2026-04-07T21:00:00+00:00,1775588400000,1775595600000,LONG,4,k7_b4,2086.36,2140.98,0.01,0.5229496299999989,0.02506516756456215,0.023250370000000003,target,,,
2026-04-07T18:00:00+00:00,2026-04-07T22:00:00+00:00,1775584800000,1775599200000,LONG,3,k7_b3,2099.34,2154.3,0.01,0.5262049800000004,0.025065257652405058,0.023395020000000002,target,,,
2026-04-07T20:00:00+00:00,2026-04-07T22:00:00+00:00,1775592000000,1775599200000,LONG,5,k7_b5,2113.58,2168.91,0.01,0.5297463049999992,0.025063934414595104,0.023553695,target,,,
2026-04-07T21:00:00+00:00,2026-04-07T22:00:00+00:00,1775595600000,1775599200000,LONG,6,k7_b6,2115.62,2171.01,0.01,0.5303235350000033,0.0250670505572836,0.023576465000000005,target,,,
2026-04-07T22:00:00+00:00,2026-04-07T22:00:00+00:00,1775599200000,1775599200000,LONG,7,k7_b7,2145.34,2201.51,0.01,0.5377923250000007,0.025067929792014353,0.023907675000000003,target_entry_bar,,,
2026-04-08T18:00:00+00:00,2026-04-08T18:00:00+00:00,1775671200000,1775671200000,SHORT,1,k7_b1,2229.58,2207.28,0.01,0.19859726999999727,0.008907384798930619,0.024402730000000004,target_entry_bar,,,
2026-04-09T10:00:00+00:00,2026-04-09T13:00:00+00:00,1775728800000,1775739600000,SHORT,1,k7_b1,2191.67,2169.75,0.01,0.19521219000000073,0.008907006529267668,0.023987810000000005,target,,,
2026-04-09T14:00:00+00:00,2026-04-09T15:00:00+00:00,1775743200000,1775746800000,LONG,1,k7_b1,2165.3,2186.95,0.01,0.19256262499999635,0.00889311527271031,0.023937375000000004,target,,,
2026-04-09T18:00:00+00:00,2026-04-09T22:00:00+00:00,1775757600000,1775772000000,SHORT,2,k7_b2,2220.85,2198.64,0.01,0.19779280500000038,0.008906175788549447,0.024307195000000004,target,,,
2026-04-09T17:00:00+00:00,2026-04-09T23:00:00+00:00,1775754000000,1775775600000,SHORT,1,k7_b1,2206.13,2196.57,0.01,0.07138514999999945,0.003235763531614159,0.024214850000000003,max_hold,,,
2026-04-10T01:00:00+00:00,2026-04-10T07:00:00+00:00,1775782800000,1775804400000,LONG,1,k7_b1,2195.06,2185.25,0.01,-0.12219170499999946,-0.005566668109299949,0.024091705,max_hold,,,
2026-04-09T20:00:00+00:00,2026-04-10T08:00:00+00:00,1775764800000,1775808000000,SHORT,3,k7_b3,2214.25,2178.62,0.01,0.3321392150000011,0.015000077452862191,0.024160785000000004,max_hold,,,
2026-04-10T02:00:00+00:00,2026-04-10T08:00:00+00:00,1775786400000,1775808000000,LONG,2,k7_b2,2194.59,2178.62,0.01,-0.18375265500000257,-0.008372983336295279,0.024052655000000003,max_hold,,,
2026-04-09T21:00:00+00:00,2026-04-10T09:00:00+00:00,1775768400000,1775811600000,SHORT,4,k7_b4,2210.97,2184.68,0.01,0.23872392499999964,0.010797248492742988,0.024176075,max_hold,,,
2026-04-09T22:00:00+00:00,2026-04-10T10:00:00+00:00,1775772000000,1775815200000,SHORT,5,k7_b5,2208.53,2195.19,0.01,0.10917954000000146,0.0049435389150249915,0.024220460000000006,max_hold,,,
2026-04-10T03:00:00+00:00,2026-04-10T14:00:00+00:00,1775790000000,1775829600000,LONG,3,k7_b3,2189.04,2246.35,0.01,0.5487053549999995,0.025066026888499047,0.024394645,target,,,
2026-04-10T04:00:00+00:00,2026-04-10T14:00:00+00:00,1775793600000,1775829600000,LONG,4,k7_b4,2186.26,2243.5,0.01,0.5480363199999978,0.02506729849148764,0.024363680000000002,target,,,
2026-04-10T07:00:00+00:00,2026-04-10T14:00:00+00:00,1775804400000,1775829600000,LONG,4,k7_b4,2186.35,2243.59,0.01,0.5480353300000024,0.02506622132778386,0.02436467,target,,,
2026-04-10T08:00:00+00:00,2026-04-10T14:00:00+00:00,1775808000000,1775829600000,LONG,4,k7_b4,2179.71,2236.77,0.01,0.5463093599999994,0.025063396506874742,0.024290640000000002,target,,,
2026-04-10T09:00:00+00:00,2026-04-10T14:00:00+00:00,1775811600000,1775829600000,LONG,5,k7_b5,2185.78,2243.0,0.01,0.547841709999998,0.025063899843534024,0.02435829,target,,,
2026-04-10T10:00:00+00:00,2026-04-10T15:00:00+00:00,1775815200000,1775833200000,LONG,6,k7_b6,2196.29,2253.79,0.01,0.55052456,0.025066114219888996,0.02447544,target,,,
2026-04-10T11:00:00+00:00,2026-04-10T15:00:00+00:00,1775818800000,1775833200000,LONG,7,k7_b7,2197.09,2254.61,0.01,0.5507156499999998,0.02506568461009789,0.024484350000000002,target,,,
2026-04-10T21:00:00+00:00,2026-04-11T03:00:00+00:00,1775854800000,1775876400000,SHORT,1,k7_b1,2252.9,2247.0,0.01,0.034250550000000914,0.001520287185405518,0.02474945,max_hold,,,
2026-04-10T22:00:00+00:00,2026-04-11T04:00:00+00:00,1775858400000,1775880000000,SHORT,2,k7_b2,2252.59,2235.94,0.01,0.14181308500000092,0.006295556892288472,0.024686915000000004,max_hold,,,
2026-04-11T06:00:00+00:00,2026-04-11T12:00:00+00:00,1775887200000,1775908800000,LONG,1,k7_b1,2232.55,2245.0,0.01,0.09987347499999819,0.00447351571073428,0.024626525000000003,max_hold,,,
2026-04-11T07:00:00+00:00,2026-04-11T13:00:00+00:00,1775890800000,1775912400000,LONG,2,k7_b2,2235.84,2244.25,0.01,0.05945950499999855,0.0026593810379990763,0.024640495000000002,max_hold,,,
2026-04-11T08:00:00+00:00,2026-04-11T18:00:00+00:00,1775894400000,1775930400000,LONG,3,k7_b3,2232.8,2291.25,0.01,0.5596177249999983,0.025063495386958,0.024882275000000002,target,,,
2026-04-11T09:00:00+00:00,2026-04-11T18:00:00+00:00,1775898000000,1775930400000,LONG,4,k7_b4,2232.63,2291.08,0.01,0.5596195949999982,0.025065487563993957,0.024880405,target,,,
2026-04-11T22:00:00+00:00,2026-04-12T01:00:00+00:00,1775944800000,1775955600000,SHORT,1,k7_b1,2297.3,2274.33,0.01,0.20455603500000252,0.00890419340094905,0.025143965000000004,target,,,
2026-04-11T23:00:00+00:00,2026-04-12T01:00:00+00:00,1775948400000,1775955600000,SHORT,2,k7_b2,2294.69,2271.74,0.01,0.20438463500000273,0.008906851688027696,0.025115365,target,,,
2026-04-12T08:00:00+00:00,2026-04-12T10:00:00+00:00,1775980800000,1775988000000,SHORT,1,k7_b1,2215.9,2193.74,0.01,0.1973469800000031,0.00890595153210899,0.02425302,target,,,
2026-04-12T09:00:00+00:00,2026-04-12T12:00:00+00:00,1775984400000,1775995200000,SHORT,2,k7_b2,2211.83,2189.71,0.01,0.19699152999999892,0.008906269017058224,0.024208470000000003,target,,,
2026-04-12T10:00:00+00:00,2026-04-12T22:00:00+00:00,1775988000000,1776031200000,SHORT,3,k7_b3,2211.9,2210.06,0.01,-0.005920779999998543,-0.00026767846647671883,0.02432078,max_hold,,,
2026-04-13T00:00:00+00:00,2026-04-13T06:00:00+00:00,1776038400000,1776060000000,LONG,1,k7_b1,2191.71,2190.36,0.01,-0.03760138499999909,-0.001715618626551829,0.024101385000000003,max_hold,,,
2026-04-13T09:00:00+00:00,2026-04-13T13:00:00+00:00,1776070800000,1776085200000,LONG,1,k7_b1,2185.43,2207.28,0.01,0.19434009500000363,0.008892533505992123,0.024159905000000002,target,,,
2026-04-13T10:00:00+00:00,2026-04-13T13:00:00+00:00,1776074400000,1776085200000,LONG,2,k7_b2,2188.17,2210.05,0.01,0.19460979000000111,0.008893723522395477,0.024190210000000004,target,,,
2026-04-13T11:00:00+00:00,2026-04-13T17:00:00+00:00,1776078000000,1776099600000,LONG,3,k7_b3,2183.85,2241.02,0.01,0.5473632150000007,0.02506413970739752,0.024336785,target,,,
2026-04-13T12:00:00+00:00,2026-04-13T19:00:00+00:00,1776081600000,1776106800000,LONG,4,k7_b4,2187.39,2244.66,0.01,0.5483237249999999,0.0250674879651091,0.024376275000000003,target,,,
2026-04-14T16:00:00+00:00,2026-04-14T18:00:00+00:00,1776182400000,1776189600000,LONG,2,k7_b2,2364.44,2317.15,0.01,-0.49864874499999967,-0.021089507240615098,0.025748745000000003,stop,,,
2026-04-14T15:00:00+00:00,2026-04-14T19:00:00+00:00,1776178800000,1776193200000,LONG,1,k7_b1,2353.26,2306.19,0.01,-0.49632697500000167,-0.02109103860176953,0.025626975000000003,stop,,,
2026-04-14T23:00:00+00:00,2026-04-15T00:00:00+00:00,1776207600000,1776211200000,LONG,1,k7_b1,2315.23,2338.38,0.01,0.20590514500000093,0.008893507124562178,0.025594855,target,,,
2026-04-15T00:00:00+00:00,2026-04-15T06:00:00+00:00,1776211200000,1776232800000,LONG,2,k7_b2,2322.33,2318.3,0.01,-0.06582346499999746,-0.0028343717301157656,0.025523465000000002,max_hold,,,
2026-04-15T03:00:00+00:00,2026-04-15T15:00:00+00:00,1776222000000,1776265200000,LONG,3,k7_b3,2324.88,2337.24,0.01,0.09795833999999673,0.004213479405388524,0.025641660000000004,max_hold,,,
2026-04-15T04:00:00+00:00,2026-04-15T16:00:00+00:00,1776225600000,1776268800000,LONG,4,k7_b4,2328.76,2330.6,0.01,-0.007226480000003092,-0.0003103145021386099,0.02562648,max_hold,,,
2026-04-15T13:00:00+00:00,2026-04-15T19:00:00+00:00,1776258000000,1776279600000,SHORT,1,k7_b1,2330.48,2357.12,0.01,-0.29218179999999877,-0.0125374086025196,0.0257818,max_hold,,,
2026-04-15T14:00:00+00:00,2026-04-16T02:00:00+00:00,1776261600000,1776304800000,LONG,3,k7_b3,2326.89,2350.86,0.01,0.21397237500000255,0.009195637739644012,0.025727625000000004,max_hold,,,
2026-04-15T15:00:00+00:00,2026-04-16T03:00:00+00:00,1776265200000,1776308400000,LONG,3,k7_b3,2338.41,2355.49,0.01,0.1449835499999993,0.006200091087533807,0.02581645,max_hold,,,
2026-04-15T16:00:00+00:00,2026-04-16T04:00:00+00:00,1776268800000,1776312000000,LONG,3,k7_b3,2331.77,2356.51,0.01,0.22161446000000237,0.00950413033875564,0.025785540000000003,max_hold,,,
2026-04-15T17:00:00+00:00,2026-04-16T05:00:00+00:00,1776272400000,1776315600000,LONG,4,k7_b4,2341.6,2352.72,0.01,0.08538123999999891,0.0036462777587973573,0.02581876,max_hold,,,
2026-04-15T18:00:00+00:00,2026-04-16T06:00:00+00:00,1776276000000,1776319200000,LONG,5,k7_b5,2348.75,2355.72,0.01,0.043825414999998,0.001865903778605556,0.025874585,max_hold,,,
2026-04-16T07:00:00+00:00,2026-04-16T10:00:00+00:00,1776322800000,1776333600000,SHORT,1,k7_b1,2353.38,2329.85,0.01,0.20954223500000202,0.00890388441305705,0.025757765000000002,target,,,
2026-04-16T02:00:00+00:00,2026-04-16T13:00:00+00:00,1776304800000,1776344400000,LONG,5,k7_b5,2352.04,2305.0,0.01,-0.49601371999999966,-0.021088660056801743,0.02561372,stop,,,
2026-04-16T16:00:00+00:00,2026-04-16T16:00:00+00:00,1776355200000,1776355200000,SHORT,1,k7_b1,2336.42,2313.06,0.01,0.20802786000000129,0.00890370138930506,0.02557214,target_entry_bar,,,
2026-04-17T05:00:00+00:00,2026-04-17T08:00:00+00:00,1776402000000,1776412800000,LONG,1,k7_b1,2328.97,2352.26,0.01,0.20715323500000418,0.008894628741460997,0.025746765000000005,target,,,
2026-04-17T06:00:00+00:00,2026-04-17T08:00:00+00:00,1776405600000,1776412800000,LONG,2,k7_b2,2319.42,2342.61,0.01,0.20625883500000056,0.008892690198411695,0.025641165000000004,target,,,
2026-04-17T07:00:00+00:00,2026-04-17T13:00:00+00:00,1776409200000,1776430800000,LONG,3,k7_b3,2331.13,2392.16,0.01,0.5843219049999975,0.025066036857661195,0.025978095,target,,,
2026-04-17T08:00:00+00:00,2026-04-17T13:00:00+00:00,1776412800000,1776430800000,LONG,4,k7_b4,2334.4,2395.51,0.01,0.5850854950000013,0.025063634981151526,0.026014505000000004,target,,,
2026-04-17T11:00:00+00:00,2026-04-17T13:00:00+00:00,1776423600000,1776430800000,LONG,4,k7_b4,2343.71,2405.07,0.01,0.5874817100000013,0.025066314091760553,0.026118290000000002,target,,,
2026-04-17T12:00:00+00:00,2026-04-17T13:00:00+00:00,1776427200000,1776430800000,LONG,4,k7_b4,2354.82,2416.47,0.01,0.5902579049999964,0.025065945804774732,0.026242095,target,,,
2026-04-17T13:00:00+00:00,2026-04-17T13:00:00+00:00,1776430800000,1776430800000,LONG,5,k7_b5,2371.92,2434.02,0.01,0.5945673299999991,0.02506692173429117,0.026432670000000002,target_entry_bar,,,
2026-04-18T03:00:00+00:00,2026-04-18T08:00:00+00:00,1776481200000,1776499200000,SHORT,1,k7_b1,2417.08,2392.91,0.01,0.2152450550000007,0.00890516884008807,0.026454945,target,,,
2026-04-18T04:00:00+00:00,2026-04-18T08:00:00+00:00,1776484800000,1776499200000,SHORT,2,k7_b2,2402.79,2378.76,0.01,0.21400147499999744,0.008906374464684699,0.026298525000000003,target,,,
2026-04-18T05:00:00+00:00,2026-04-18T11:00:00+00:00,1776488400000,1776510000000,SHORT,3,k7_b3,2405.06,2342.1,0.01,0.6034906200000004,0.025092539063474525,0.02610938,target,,,
2026-04-18T06:00:00+00:00,2026-04-18T11:00:00+00:00,1776492000000,1776510000000,SHORT,4,k7_b4,2406.4,2343.4,0.01,0.6038761,0.025094585272606384,0.026123900000000002,target,,,
2026-04-18T07:00:00+00:00,2026-04-18T11:00:00+00:00,1776495600000,1776510000000,SHORT,5,k7_b5,2407.15,2344.13,0.01,0.6040679599999998,0.025094736929564,0.026132040000000002,target,,,
2026-04-18T08:00:00+00:00,2026-04-18T18:00:00+00:00,1776499200000,1776535200000,SHORT,6,k7_b6,2401.17,2338.31,0.01,0.6025328600000013,0.02509330284819489,0.026067140000000003,target,,,
2026-04-19T10:00:00+00:00,2026-04-19T12:00:00+00:00,1776592800000,1776600000000,LONG,2,k7_b2,2309.88,2332.98,0.01,0.2054642699999991,0.008895019221777715,0.025535730000000003,target,,,
2026-04-19T09:00:00+00:00,2026-04-19T13:00:00+00:00,1776589200000,1776603600000,LONG,1,k7_b1,2318.25,2341.43,0.01,0.20617175999999837,0.008893422193464827,0.02562824,target,,,
2026-04-19T11:00:00+00:00,2026-04-19T22:00:00+00:00,1776596400000,1776636000000,LONG,3,k7_b3,2317.54,2271.19,0.01,-0.4887380149999991,-0.02108865499624598,0.025238015000000003,stop,,,
2026-04-20T08:00:00+00:00,2026-04-20T12:00:00+00:00,1776672000000,1776686400000,LONG,1,k7_b1,2297.98,2320.96,0.01,0.2043958300000002,0.008894586985091261,0.025404170000000004,target,,,
2026-04-20T13:00:00+00:00,2026-04-20T14:00:00+00:00,1776690000000,1776693600000,SHORT,1,k7_b1,2316.47,2293.31,0.01,0.20624620999999854,0.008903469934857716,0.02535379,target,,,
2026-04-21T10:00:00+00:00,2026-04-21T12:00:00+00:00,1776765600000,1776772800000,SHORT,1,k7_b1,2323.16,2299.93,0.01,0.20687300500000017,0.00890481090411337,0.025426995,target,,,
2026-04-21T22:00:00+00:00,2026-04-22T02:00:00+00:00,1776808800000,1776823200000,LONG,1,k7_b1,2312.41,2335.53,0.01,0.20563633000000345,0.008892727933195387,0.025563670000000004,target,,,
2026-04-21T23:00:00+00:00,2026-04-22T02:00:00+00:00,1776812400000,1776823200000,LONG,2,k7_b2,2311.22,2334.33,0.01,0.20554947500000129,0.008893548645304268,0.025550524999999998,target,,,
2026-04-22T00:00:00+00:00,2026-04-22T05:00:00+00:00,1776816000000,1776834000000,LONG,3,k7_b3,2327.29,2388.22,0.01,0.5833646949999984,0.025066265699590445,0.025935305,target,,,
2026-04-22T01:00:00+00:00,2026-04-22T05:00:00+00:00,1776819600000,1776834000000,LONG,4,k7_b4,2325.4,2386.28,0.01,0.5828857600000011,0.025066042831340892,0.025914240000000005,target,,,
2026-04-22T02:00:00+00:00,2026-04-22T05:00:00+00:00,1776823200000,1776834000000,LONG,5,k7_b5,2322.59,2383.4,0.01,0.5822170549999994,0.02506757779031165,0.025882945000000004,target,,,
2026-04-22T05:00:00+00:00,2026-04-22T17:00:00+00:00,1776834000000,1776877200000,LONG,4,k7_b4,2363.99,2385.37,0.01,0.1876785200000011,0.007939057271815918,0.02612148,max_hold,,,
2026-04-22T22:00:00+00:00,2026-04-22T23:00:00+00:00,1776895200000,1776898800000,SHORT,1,k7_b1,2400.51,2376.5,0.01,0.2138264450000022,0.008907542355582863,0.026273555000000004,target,,,
2026-04-22T23:00:00+00:00,2026-04-22T23:00:00+00:00,1776898800000,1776898800000,SHORT,2,k7_b2,2397.76,2373.78,0.01,0.2135565300000002,0.008906501484719078,0.026243470000000005,target_entry_bar,,,
2026-04-23T07:00:00+00:00,2026-04-23T09:00:00+00:00,1776927600000,1776934800000,SHORT,2,k7_b2,2352.06,2328.54,0.01,0.20945669999999983,0.008905244764164173,0.0257433,target,,,
2026-04-23T03:00:00+00:00,2026-04-23T15:00:00+00:00,1776913200000,1776956400000,SHORT,3,k7_b3,2349.6,2332.87,0.01,0.1415464150000002,0.006024277110997626,0.025753585,max_hold,,,
2026-04-23T10:00:00+00:00,2026-04-23T15:00:00+00:00,1776938400000,1776956400000,LONG,1,k7_b1,2315.93,2339.09,0.01,0.2059973900000031,0.00889480208814615,0.02560261,target,,,
2026-04-23T11:00:00+00:00,2026-04-23T15:00:00+00:00,1776942000000,1776956400000,LONG,2,k7_b2,2314.05,2337.19,0.01,0.2058181799999987,0.00889428404744922,0.025581820000000005,target,,,
2026-04-24T12:00:00+00:00,2026-04-24T14:00:00+00:00,1777032000000,1777039200000,SHORT,1,k7_b1,2325.54,2302.28,0.01,0.20714698999999764,0.00890747912312829,0.025453010000000005,target,,,
2026-04-24T13:00:00+00:00,2026-04-24T19:00:00+00:00,1777035600000,1777057200000,SHORT,2,k7_b2,2322.66,2318.73,0.01,0.013772354999998362,0.0005929561364985992,0.025527645,max_hold,,,
2026-04-24T21:00:00+00:00,2026-04-25T03:00:00+00:00,1777064400000,1777086000000,SHORT,1,k7_b1,2324.1,2316.42,0.01,0.05127713999999837,0.002206322447398923,0.02552286,max_hold,,,
2026-04-26T10:00:00+00:00,2026-04-26T16:00:00+00:00,1777197600000,1777219200000,SHORT,1,k7_b1,2332.17,2347.0,0.01,-0.17403543499999927,-0.007462382030469446,0.025735435,max_hold,,,
2026-04-26T12:00:00+00:00,2026-04-26T18:00:00+00:00,1777204800000,1777226400000,SHORT,2,k7_b2,2333.61,2348.15,0.01,-0.17114967999999964,-0.007334116669023514,0.025749680000000004,max_hold,,,
2026-04-26T14:00:00+00:00,2026-04-26T22:00:00+00:00,1777212000000,1777240800000,SHORT,3,k7_b3,2332.72,2379.37,0.01,-0.4924164950000009,-0.021109112752494982,0.025916494999999998,stop,,,
2026-04-26T18:00:00+00:00,2026-04-27T00:00:00+00:00,1777226400000,1777248000000,SHORT,2,k7_b2,2346.97,2368.32,0.01,-0.23943409500000362,-0.010201838753797604,0.025934095000000004,max_hold,,,
2026-04-27T01:00:00+00:00,2026-04-27T05:00:00+00:00,1777251600000,1777266000000,SHORT,3,k7_b3,2388.67,2326.13,0.01,0.5994685999999996,0.025096333943156635,0.025931400000000004,target,,,
2026-04-27T02:00:00+00:00,2026-04-27T05:00:00+00:00,1777255200000,1777266000000,SHORT,3,k7_b3,2392.36,2329.73,0.01,0.6003285050000011,0.025093568902673558,0.025971495000000004,target,,,
2026-04-27T03:00:00+00:00,2026-04-27T05:00:00+00:00,1777258800000,1777266000000,SHORT,4,k7_b4,2389.8,2327.24,0.01,0.599656280000004,0.025092320696292744,0.025943720000000003,target,,,
2026-04-27T04:00:00+00:00,2026-04-27T05:00:00+00:00,1777262400000,1777266000000,SHORT,5,k7_b5,2392.48,2329.84,0.01,0.6004272399999987,0.025096437169798647,0.025972760000000004,target,,,
2026-04-27T05:00:00+00:00,2026-04-27T05:00:00+00:00,1777266000000,1777266000000,SHORT,6,k7_b6,2380.72,2318.39,0.01,0.5974548949999993,0.02509555491615979,0.025845105,target_entry_bar,,,
2026-04-26T19:00:00+00:00,2026-04-27T07:00:00+00:00,1777230000000,1777273200000,SHORT,3,k7_b3,2359.22,2319.4,0.01,0.37246758999999713,0.015787742982850142,0.025732410000000004,max_hold,,,
2026-04-27T12:00:00+00:00,2026-04-28T00:00:00+00:00,1777291200000,1777334400000,SHORT,6,k7_b6,2317.6,2302.28,0.01,0.12779065999999709,0.005513922160855933,0.025409340000000002,max_hold,,,
2026-04-27T13:00:00+00:00,2026-04-28T01:00:00+00:00,1777294800000,1777338000000,SHORT,6,k7_b6,2311.71,2305.08,0.01,0.04090765500000109,0.0017695842039010554,0.025392345000000004,max_hold,,,
2026-04-27T14:00:00+00:00,2026-04-28T02:00:00+00:00,1777298400000,1777341600000,SHORT,6,k7_b6,2309.85,2297.34,0.01,0.09976045499999762,0.004318914864601495,0.025339545,max_hold,,,
2026-04-27T15:00:00+00:00,2026-04-28T03:00:00+00:00,1777302000000,1777345200000,SHORT,6,k7_b6,2312.66,2287.6,0.01,0.22529856999999942,0.009741966826079036,0.02530143,max_hold,,,
2026-04-28T16:00:00+00:00,2026-04-28T19:00:00+00:00,1777392000000,1777402800000,LONG,1,k7_b1,2279.67,2302.47,0.01,0.20279822999999728,0.008895946781770926,0.025201770000000002,target,,,
2026-04-29T04:00:00+00:00,2026-04-29T04:00:00+00:00,1777435200000,1777435200000,LONG,1,k7_b1,2311.7,2334.82,0.01,0.20564414000000347,0.008895797032487066,0.02555586,target_entry_bar,,,
2026-04-29T07:00:00+00:00,2026-04-29T13:00:00+00:00,1777446000000,1777467600000,SHORT,1,k7_b1,2322.64,2315.14,0.01,0.049492209999999995,0.0021308601419074845,0.02550779,max_hold,,,
2026-04-29T08:00:00+00:00,2026-04-29T13:00:00+00:00,1777449600000,1777467600000,SHORT,2,k7_b2,2321.66,2298.44,0.01,0.206789449999998,0.00890696527484636,0.02541055,target,,,
2026-04-29T09:00:00+00:00,2026-04-29T15:00:00+00:00,1777453200000,1777474800000,SHORT,3,k7_b3,2323.15,2262.33,0.01,0.5829798600000016,0.025094370143985602,0.025220140000000002,target,,,
2026-04-29T10:00:00+00:00,2026-04-29T15:00:00+00:00,1777456800000,1777474800000,SHORT,4,k7_b4,2337.64,2276.44,0.01,0.5866225599999982,0.025094649304426613,0.02537744,target,,,
2026-04-29T11:00:00+00:00,2026-04-29T15:00:00+00:00,1777460400000,1777474800000,SHORT,5,k7_b5,2331.2,2270.17,0.01,0.5849924649999975,0.02509404877316393,0.025307535,target,,,
2026-04-29T12:00:00+00:00,2026-04-29T15:00:00+00:00,1777464000000,1777474800000,SHORT,6,k7_b6,2329.39,2268.41,0.01,0.5845121000000002,0.025092925615719144,0.025287900000000002,target,,,
2026-04-29T13:00:00+00:00,2026-04-29T18:00:00+00:00,1777467600000,1777485600000,SHORT,6,k7_b6,2313.98,2253.4,0.01,0.5806794099999993,0.025094400556616707,0.025120590000000005,target,,,
2026-04-29T14:00:00+00:00,2026-04-29T18:00:00+00:00,1777471200000,1777485600000,SHORT,6,k7_b6,2300.75,2240.52,0.01,0.5773230150000002,0.025092818211452792,0.024976985,target,,,
2026-04-29T15:00:00+00:00,2026-04-29T18:00:00+00:00,1777474800000,1777485600000,SHORT,7,k7_b7,2297.09,2236.95,0.01,0.5764627800000033,0.02509535020395384,0.02493722,target,,,
2026-04-29T21:00:00+00:00,2026-04-29T21:00:00+00:00,1777496400000,1777496400000,LONG,1,k7_b1,2240.51,2262.92,0.01,0.19933113499999855,0.008896685799215293,0.024768865,target_entry_bar,,,
2026-04-29T22:00:00+00:00,2026-04-30T01:00:00+00:00,1777500000000,1777510800000,LONG,2,k7_b2,2252.7,2275.23,0.01,0.200396385000002,0.008895831002796735,0.024903615,target,,,
2026-04-30T03:00:00+00:00,2026-04-30T09:00:00+00:00,1777518000000,1777539600000,LONG,2,k7_b2,2245.3,2255.26,0.01,0.07484692000000037,0.0033334930744221424,0.024753080000000004,max_hold,,,
