entry_ts_utc,exit_ts_utc,entry_ts_ms,exit_ts_ms,side,book_idx,tag,entry_price,exit_price,qty,realized_pnl,return_units,fees,exit_reason,max_hold_bars,stop_offset,target_offset
2025-10-01T02:00:00+00:00,2025-10-01T04:00:00+00:00,1759284000000,1759291200000,SHORT,1,k7_b1,4166.59,4124.92,0.01,0.37109669500000075,0.008906484559315909,0.045603305000000004,target,,,
2025-10-01T04:00:00+00:00,2025-10-01T08:00:00+00:00,1759291200000,1759305600000,LONG,1,k7_b1,4128.91,4170.2,0.01,0.36725489499999964,0.008894717855317738,0.045645105000000005,target,,,
2025-10-01T07:00:00+00:00,2025-10-01T08:00:00+00:00,1759302000000,1759305600000,LONG,2,k7_b2,4126.72,4167.99,0.01,0.3670790949999953,0.008895178131784936,0.045620905,target,,,
2025-10-01T09:00:00+00:00,2025-10-01T21:00:00+00:00,1759309200000,1759352400000,LONG,3,k7_b3,4292.14,4333.0,0.01,0.36116172999999674,0.00841449090663391,0.047438270000000005,max_hold,,,
2025-10-01T10:00:00+00:00,2025-10-01T22:00:00+00:00,1759312800000,1759356000000,LONG,3,k7_b3,4310.6,4302.52,0.01,-0.12817215999999929,-0.002973418085649313,0.04737216000000001,max_hold,,,
2025-10-01T11:00:00+00:00,2025-10-01T23:00:00+00:00,1759316400000,1759359600000,LONG,4,k7_b4,4282.55,4310.54,0.01,0.23263800499999782,0.005432230913824655,0.047261995,max_hold,,,
2025-10-01T12:00:00+00:00,2025-10-02T00:00:00+00:00,1759320000000,1759363200000,LONG,5,k7_b5,4298.03,4345.85,0.01,0.4306586600000062,0.01001990819049672,0.04754134,max_hold,,,
2025-10-01T13:00:00+00:00,2025-10-02T01:00:00+00:00,1759323600000,1759366800000,LONG,5,k7_b5,4284.52,4333.17,0.01,0.4391027049999964,0.010248585722554599,0.047397295000000006,max_hold,,,
2025-10-01T14:00:00+00:00,2025-10-02T02:00:00+00:00,1759327200000,1759370400000,LONG,6,k7_b6,4295.73,4390.86,0.01,0.9035237550000011,0.021033066673184796,0.047776245,max_hold,,,
2025-10-01T22:00:00+00:00,2025-10-02T06:00:00+00:00,1759356000000,1759384800000,LONG,5,k7_b5,4304.68,4417.38,0.01,1.0790286699999982,0.02506640842060265,0.047971330000000006,target,,,
2025-10-02T00:00:00+00:00,2025-10-02T12:00:00+00:00,1759363200000,1759406400000,LONG,4,k7_b4,4348.03,4377.24,0.01,0.24411101500000038,0.005614290034797377,0.047988985,max_hold,,,
2025-10-02T11:00:00+00:00,2025-10-02T15:00:00+00:00,1759402800000,1759417200000,LONG,2,k7_b2,4380.21,4424.01,0.01,0.38957679000000184,0.00889402083461756,0.04842321000000001,target,,,
2025-10-02T12:00:00+00:00,2025-10-02T15:00:00+00:00,1759406400000,1759417200000,LONG,2,k7_b2,4379.43,4423.22,0.01,0.3894854249999996,0.008893518677088104,0.048414575000000015,target,,,
2025-10-02T15:00:00+00:00,2025-10-02T18:00:00+00:00,1759417200000,1759428000000,LONG,5,k7_b5,4374.73,4489.26,0.01,1.0965480550000066,0.0250655024424366,0.048751945000000005,target,,,
2025-10-02T13:00:00+00:00,2025-10-03T01:00:00+00:00,1759410000000,1759453200000,LONG,3,k7_b3,4406.02,4466.49,0.01,0.5559011949999935,0.012616855915315714,0.048798805,max_hold,,,
2025-10-02T14:00:00+00:00,2025-10-03T02:00:00+00:00,1759413600000,1759456800000,LONG,4,k7_b4,4417.18,4469.64,0.01,0.4757224900000004,0.010769823507305574,0.04887751000000001,max_hold,,,
2025-10-02T16:00:00+00:00,2025-10-03T03:00:00+00:00,1759420800000,1759460400000,LONG,6,k7_b6,4437.72,4553.9,0.01,1.112346089999994,0.025065711446418292,0.049453910000000004,target,,,
2025-10-02T22:00:00+00:00,2025-10-03T10:00:00+00:00,1759442400000,1759485600000,LONG,5,k7_b5,4468.9,4471.75,0.01,-0.020673574999996367,-0.00046260992638001225,0.049173575000000004,max_hold,,,
2025-10-02T23:00:00+00:00,2025-10-03T11:00:00+00:00,1759446000000,1759489200000,LONG,6,k7_b6,4464.09,4487.34,0.01,0.183267135,0.0041053638031491296,0.04923286500000001,max_hold,,,
2025-10-03T01:00:00+00:00,2025-10-03T13:00:00+00:00,1759453200000,1759496400000,LONG,6,k7_b6,4468.73,4480.58,0.01,0.06927879500000364,0.0015503016516997816,0.049221205,max_hold,,,
2025-10-03T02:00:00+00:00,2025-10-03T14:00:00+00:00,1759456800000,1759500000000,LONG,6,k7_b6,4471.88,4468.51,0.01,-0.08287214499999893,-0.0018531835603817393,0.04917214500000001,max_hold,,,
2025-10-03T16:00:00+00:00,2025-10-03T17:00:00+00:00,1759507200000,1759510800000,SHORT,1,k7_b1,4530.93,4485.62,0.01,0.403508975000004,0.008905654578640676,0.049591025000000004,target,,,
2025-10-03T21:00:00+00:00,2025-10-04T01:00:00+00:00,1759525200000,1759539600000,SHORT,2,k7_b2,4531.12,4485.81,0.01,0.4035068849999949,0.008905235019156299,0.04959311500000001,target,,,
2025-10-04T06:00:00+00:00,2025-10-04T12:00:00+00:00,1759557600000,1759579200000,SHORT,1,k7_b1,4499.34,4482.42,0.01,0.11980032000000074,0.0026626198509114834,0.04939968000000001,max_hold,,,
2025-10-04T07:00:00+00:00,2025-10-04T13:00:00+00:00,1759561200000,1759582800000,SHORT,2,k7_b2,4502.73,4478.05,0.01,0.19740570999999382,0.004384133847687821,0.04939429000000001,max_hold,,,
2025-10-04T14:00:00+00:00,2025-10-04T15:00:00+00:00,1759586400000,1759590000000,SHORT,1,k7_b1,4495.61,4450.65,0.01,0.40039557000000037,0.008906367990105912,0.04920443,target,,,
2025-10-05T04:00:00+00:00,2025-10-05T08:00:00+00:00,1759636800000,1759651200000,SHORT,2,k7_b2,4527.83,4618.39,0.01,-0.955904210000004,-0.021111751324586037,0.05030421,stop,,,
2025-10-05T03:00:00+00:00,2025-10-05T09:00:00+00:00,1759633200000,1759654800000,SHORT,1,k7_b1,4545.22,4586.75,0.01,-0.46552583499999745,-0.010242096862198033,0.05022583500000001,max_hold,,,
2025-10-05T05:00:00+00:00,2025-10-05T17:00:00+00:00,1759640400000,1759683600000,SHORT,3,k7_b3,4570.87,4526.88,0.01,0.3898623749999979,0.008529281624723474,0.050037625,max_hold,,,
2025-10-05T06:00:00+00:00,2025-10-05T18:00:00+00:00,1759644000000,1759687200000,SHORT,4,k7_b4,4565.79,4510.21,0.01,0.5058819999999993,0.011079835034024765,0.049918000000000004,max_hold,,,
2025-10-05T08:00:00+00:00,2025-10-05T19:00:00+00:00,1759651200000,1759690800000,SHORT,5,k7_b5,4602.6,4482.1,0.01,1.15503415,0.025095253769608483,0.049965850000000006,target,,,
2025-10-05T09:00:00+00:00,2025-10-05T21:00:00+00:00,1759654800000,1759698000000,SHORT,5,k7_b5,4584.45,4496.53,0.01,0.8292546100000008,0.018088420857463837,0.049945390000000006,max_hold,,,
2025-10-05T10:00:00+00:00,2025-10-05T22:00:00+00:00,1759658400000,1759701600000,SHORT,5,k7_b5,4546.25,4503.51,0.01,0.37762631999999785,0.00830632543304917,0.04977368,max_hold,,,
2025-10-05T21:00:00+00:00,2025-10-06T00:00:00+00:00,1759698000000,1759708800000,LONG,1,k7_b1,4498.78,4543.77,0.01,0.4001659750000069,0.008894988752506388,0.049734025,target,,,
2025-10-05T22:00:00+00:00,2025-10-06T00:00:00+00:00,1759701600000,1759708800000,LONG,2,k7_b2,4505.77,4550.83,0.01,0.4007886999999949,0.008895010175841085,0.0498113,target,,,
2025-10-05T13:00:00+00:00,2025-10-06T01:00:00+00:00,1759669200000,1759712400000,SHORT,6,k7_b6,4527.73,4497.79,0.01,0.249759639999996,0.005516222036207902,0.04964036,max_hold,,,
2025-10-05T14:00:00+00:00,2025-10-06T02:00:00+00:00,1759672800000,1759716000000,SHORT,7,k7_b7,4534.71,4526.03,0.01,0.03696593000000291,0.0008151773762821195,0.04983407000000001,max_hold,,,
2025-10-06T01:00:00+00:00,2025-10-06T13:00:00+00:00,1759712400000,1759755600000,LONG,3,k7_b3,4500.04,4579.01,0.01,0.7397652250000025,0.01643908109705697,0.049934775,max_hold,,,
2025-10-06T07:00:00+00:00,2025-10-06T13:00:00+00:00,1759734000000,1759755600000,SHORT,1,k7_b1,4556.14,4579.01,0.01,-0.2789433249999989,-0.00612236070445594,0.050243325000000005,max_hold,,,
2025-10-06T10:00:00+00:00,2025-10-06T13:00:00+00:00,1759744800000,1759755600000,LONG,2,k7_b2,4573.45,4619.18,0.01,0.40674053500000473,0.008893516601252987,0.050559465,target,,,
2025-10-06T12:00:00+00:00,2025-10-06T15:00:00+00:00,1759752000000,1759762800000,LONG,4,k7_b4,4571.83,4691.52,0.01,1.145951575000005,0.025065489639816117,0.050948425000000006,target,,,
2025-10-06T11:00:00+00:00,2025-10-06T17:00:00+00:00,1759748400000,1759770000000,LONG,3,k7_b3,4573.7,4693.44,0.01,1.1464307299999978,0.025065717690272597,0.050969270000000004,target,,,
2025-10-06T13:00:00+00:00,2025-10-06T17:00:00+00:00,1759755600000,1759770000000,LONG,4,k7_b4,4581.3,4701.24,0.01,1.148346029999996,0.0250659426363695,0.051053970000000004,target,,,
2025-10-06T14:00:00+00:00,2025-10-07T02:00:00+00:00,1759759200000,1759802400000,LONG,5,k7_b5,4639.13,4674.25,0.01,0.2999764099999989,0.006466221252691752,0.05122359,max_hold,,,
2025-10-06T15:00:00+00:00,2025-10-07T03:00:00+00:00,1759762800000,1759806000000,LONG,6,k7_b6,4639.46,4684.83,0.01,0.4024164049999989,0.008673776797299661,0.051283595,max_hold,,,
2025-10-06T16:00:00+00:00,2025-10-07T04:00:00+00:00,1759766400000,1759809600000,LONG,6,k7_b6,4673.58,4688.74,0.01,0.10010723999999854,0.002141981949597494,0.05149276,max_hold,,,
2025-10-07T05:00:00+00:00,2025-10-07T07:00:00+00:00,1759813200000,1759820400000,SHORT,1,k7_b1,4709.33,4662.24,0.01,0.4193563650000015,0.008904798877972058,0.051543635000000004,target,,,
2025-10-07T06:00:00+00:00,2025-10-07T08:00:00+00:00,1759816800000,1759824000000,SHORT,2,k7_b2,4707.06,4659.99,0.01,0.41918122500000615,0.008905372461791567,0.051518775,target,,,
2025-10-07T07:00:00+00:00,2025-10-07T12:00:00+00:00,1759820400000,1759838400000,LONG,1,k7_b1,4669.83,4716.53,0.01,0.4153750199999982,0.008894863838726424,0.05162498,target,,,
2025-10-07T13:00:00+00:00,2025-10-07T13:00:00+00:00,1759842000000,1759842000000,SHORT,2,k7_b2,4743.62,4696.18,0.01,0.422481099999996,0.008906301516563216,0.051918900000000004,target_entry_bar,,,
2025-10-07T12:00:00+00:00,2025-10-07T14:00:00+00:00,1759838400000,1759845600000,SHORT,1,k7_b1,4704.08,4657.04,0.01,0.41891383999999965,0.008905329841329222,0.05148616,target,,,
2025-10-07T14:00:00+00:00,2025-10-07T15:00:00+00:00,1759845600000,1759849200000,SHORT,3,k7_b3,4699.64,4576.6,0.01,1.1793806799999997,0.025095128137474353,0.05101932000000001,target,,,
2025-10-07T21:00:00+00:00,2025-10-07T23:00:00+00:00,1759870800000,1759878000000,SHORT,2,k7_b2,4505.11,4460.06,0.01,0.40119156499999276,0.008905255698528843,0.04930843500000001,target,,,
2025-10-08T00:00:00+00:00,2025-10-08T02:00:00+00:00,1759881600000,1759888800000,LONG,1,k7_b1,4448.0,4492.48,0.01,0.39562735999999565,0.0088944999999999,0.049172640000000004,target,,,
2025-10-08T04:00:00+00:00,2025-10-08T08:00:00+00:00,1759896000000,1759910400000,LONG,2,k7_b2,4444.05,4488.49,0.01,0.395271029999996,0.00889438755189514,0.04912897000000001,target,,,
2025-10-08T06:00:00+00:00,2025-10-08T08:00:00+00:00,1759903200000,1759910400000,LONG,2,k7_b2,4438.39,4482.77,0.01,0.39473362000000106,0.00889362178627838,0.04906638000000001,target,,,
2025-10-08T11:00:00+00:00,2025-10-08T13:00:00+00:00,1759921200000,1759928400000,SHORT,1,k7_b1,4495.44,4450.49,0.01,0.4002973849999982,0.008904520692079044,0.049202615000000005,target,,,
2025-10-08T07:00:00+00:00,2025-10-08T19:00:00+00:00,1759906800000,1759950000000,LONG,3,k7_b3,4455.69,4521.41,0.01,0.6078259500000025,0.0136415672993409,0.04937405,max_hold,,,
2025-10-08T22:00:00+00:00,2025-10-09T01:00:00+00:00,1759960800000,1759971600000,SHORT,2,k7_b2,4521.52,4476.3,0.01,0.4027119900000025,0.008906562173782323,0.049488010000000006,target,,,
2025-10-08T21:00:00+00:00,2025-10-09T02:00:00+00:00,1759957200000,1759975200000,SHORT,1,k7_b1,4499.18,4454.19,0.01,0.4006564650000069,0.008905099707057882,0.049243535000000005,target,,,
2025-10-09T00:00:00+00:00,2025-10-09T02:00:00+00:00,1759968000000,1759975200000,SHORT,4,k7_b4,4521.39,4403.02,0.01,1.134615744999999,0.025094401168667135,0.04908425500000001,target,,,
2025-10-09T03:00:00+00:00,2025-10-09T05:00:00+00:00,1759978800000,1759986000000,LONG,1,k7_b1,4412.97,4457.1,0.01,0.39251461500000107,0.008894567944037712,0.048785385000000014,target,,,
2025-10-08T23:00:00+00:00,2025-10-09T08:00:00+00:00,1759964400000,1759996800000,SHORT,3,k7_b3,4517.14,4398.88,0.01,1.1335618900000024,0.02509468136918498,0.04903811000000001,target,,,
2025-10-09T01:00:00+00:00,2025-10-09T08:00:00+00:00,1759971600000,1759996800000,SHORT,5,k7_b5,4506.75,4388.76,0.01,1.130974694999998,0.025095128307538645,0.04892530500000001,target,,,
2025-10-09T04:00:00+00:00,2025-10-09T08:00:00+00:00,1759982400000,1759996800000,LONG,2,k7_b2,4451.03,4362.01,0.01,-0.9386717199999953,-0.021088865273880323,0.04847172,stop,,,
2025-10-09T05:00:00+00:00,2025-10-09T08:00:00+00:00,1759986000000,1759996800000,SHORT,4,k7_b4,4450.62,4334.1,0.01,1.1168840399999953,0.025095021367809323,0.048315960000000005,target,,,
2025-10-09T06:00:00+00:00,2025-10-09T08:00:00+00:00,1759989600000,1759996800000,SHORT,5,k7_b5,4450.31,4333.8,0.01,1.1167873950000022,0.025094597792063973,0.04831260500000001,target,,,
2025-10-09T08:00:00+00:00,2025-10-09T14:00:00+00:00,1759996800000,1760018400000,SHORT,6,k7_b6,4422.2,4306.43,0.01,1.1096925349999953,0.02509367588530585,0.048007465000000006,target,,,
2025-10-09T14:00:00+00:00,2025-10-09T16:00:00+00:00,1760018400000,1760025600000,LONG,1,k7_b1,4351.54,4264.51,0.01,-0.9176882749999975,-0.02108881625815223,0.04738827500000001,stop,,,
2025-10-09T17:00:00+00:00,2025-10-09T17:00:00+00:00,1760029200000,1760029200000,LONG,2,k7_b2,4277.57,4320.35,0.01,0.3805114400000066,0.00889550469074747,0.04728856000000001,target_entry_bar,,,
2025-10-09T19:00:00+00:00,2025-10-10T07:00:00+00:00,1760036400000,1760079600000,LONG,3,k7_b3,4308.33,4325.66,0.01,0.12581305499999929,0.002920227907332987,0.047486945,max_hold,,,
2025-10-09T20:00:00+00:00,2025-10-10T08:00:00+00:00,1760040000000,1760083200000,LONG,3,k7_b3,4338.55,4321.05,0.01,-0.22262780000000001,-0.005131387214622397,0.047627800000000005,max_hold,,,
2025-10-09T21:00:00+00:00,2025-10-10T09:00:00+00:00,1760043600000,1760086800000,LONG,4,k7_b4,4337.22,4343.91,0.01,0.019153784999995996,0.00044161432899405596,0.04774621500000001,max_hold,,,
2025-10-10T12:00:00+00:00,2025-10-10T14:00:00+00:00,1760097600000,1760104800000,SHORT,1,k7_b1,4339.24,4295.85,0.01,0.38640700499999414,0.00890494660355256,0.04749299500000001,target,,,
2025-10-10T13:00:00+00:00,2025-10-10T14:00:00+00:00,1760101200000,1760104800000,SHORT,2,k7_b2,4344.25,4300.81,0.01,0.386852169999996,0.008904924210162765,0.047547830000000006,target,,,
2025-10-10T07:00:00+00:00,2025-10-10T15:00:00+00:00,1760079600000,1760108400000,LONG,3,k7_b3,4327.83,4241.27,0.01,-0.912730049999995,-0.02108978518102594,0.04713005000000001,stop,,,
2025-10-10T08:00:00+00:00,2025-10-10T15:00:00+00:00,1760083200000,1760108400000,LONG,3,k7_b3,4323.22,4236.76,0.01,-0.9116798900000004,-0.02108798279985752,0.047079890000000006,stop,,,
2025-10-10T10:00:00+00:00,2025-10-10T15:00:00+00:00,1760090400000,1760108400000,LONG,3,k7_b3,4322.14,4235.7,0.01,-0.9114681200000052,-0.021088352529071368,0.047068120000000005,stop,,,
2025-10-10T14:00:00+00:00,2025-10-10T15:00:00+00:00,1760104800000,1760108400000,SHORT,3,k7_b3,4351.62,4237.69,0.01,1.092058795000003,0.025095453991846782,0.047241205,target,,,
2025-10-10T15:00:00+00:00,2025-10-10T15:00:00+00:00,1760108400000,1760108400000,SHORT,4,k7_b4,4275.56,4163.63,0.01,1.0728844550000027,0.02509342530569101,0.046415545,target_entry_bar,,,
2025-10-10T18:00:00+00:00,2025-10-10T19:00:00+00:00,1760119200000,1760122800000,SHORT,4,k7_b4,4089.96,3982.88,0.01,1.0263993799999993,0.025095584797895316,0.04440062,target,,,
2025-10-11T11:00:00+00:00,2025-10-11T17:00:00+00:00,1760180400000,1760202000000,LONG,1,k7_b1,3834.27,3817.34,0.01,-0.21138385499999837,-0.005513014341712983,0.042083855,max_hold,,,
2025-10-11T12:00:00+00:00,2025-10-11T18:00:00+00:00,1760184000000,1760205600000,LONG,2,k7_b2,3840.59,3823.19,0.01,-0.21615079000000093,-0.0056280620946261095,0.04215079000000001,max_hold,,,
2025-10-11T18:00:00+00:00,2025-10-11T19:00:00+00:00,1760205600000,1760209200000,SHORT,1,k7_b1,3821.27,3783.059999999999,0.01,0.3402761850000004,0.008904793040010269,0.041823815,target,,,
2025-10-11T19:00:00+00:00,2025-10-11T19:00:00+00:00,1760209200000,1760209200000,SHORT,2,k7_b2,3811.26,3773.150000000001,0.01,0.3393857450000013,0.008904817435703712,0.041714255000000006,target_entry_bar,,,
2025-10-11T21:00:00+00:00,2025-10-11T21:00:00+00:00,1760216400000,1760216400000,LONG,1,k7_b1,3695.58,3732.54,0.01,0.3287453400000004,0.00889563586771225,0.04085466000000001,target_entry_bar,,,
2025-10-11T22:00:00+00:00,2025-10-12T03:00:00+00:00,1760220000000,1760238000000,LONG,2,k7_b2,3736.21,3773.57,0.01,0.33229621000000126,0.00889393824222946,0.04130379,target,,,
2025-10-12T01:00:00+00:00,2025-10-12T03:00:00+00:00,1760230800000,1760238000000,LONG,4,k7_b4,3701.64,3798.55,0.01,0.9278489550000031,0.02506588849807121,0.041251045,target,,,
2025-10-12T03:00:00+00:00,2025-10-12T06:00:00+00:00,1760238000000,1760248800000,LONG,4,k7_b4,3734.24,3832.0,0.01,0.9359856800000023,0.025064957795963898,0.041614319999999996,target,,,
2025-10-11T23:00:00+00:00,2025-10-12T07:00:00+00:00,1760223600000,1760252400000,LONG,3,k7_b3,3742.68,3840.66,0.01,0.9380916300000002,0.02506470310045209,0.04170837,target,,,
2025-10-12T04:00:00+00:00,2025-10-12T14:00:00+00:00,1760241600000,1760277600000,LONG,4,k7_b4,3781.88,3880.89,0.01,0.9479547649999976,0.025065701846700518,0.042145235,target,,,
2025-10-12T05:00:00+00:00,2025-10-12T14:00:00+00:00,1760245200000,1760277600000,LONG,5,k7_b5,3802.26,3901.8,0.01,0.9530276699999997,0.025064768584999435,0.04237233,target,,,
2025-10-12T06:00:00+00:00,2025-10-12T14:00:00+00:00,1760248800000,1760277600000,LONG,6,k7_b6,3806.15,3905.8,0.01,0.9540842750000009,0.025066912102781048,0.042415725,target,,,
2025-10-12T08:00:00+00:00,2025-10-12T14:00:00+00:00,1760256000000,1760277600000,LONG,7,k7_b7,3827.18,3927.38,0.01,0.9593499200000026,0.02506675724685023,0.04265008000000001,target,,,
2025-10-12T11:00:00+00:00,2025-10-12T14:00:00+00:00,1760266800000,1760277600000,LONG,7,k7_b7,3819.5,3919.49,0.01,0.9573355549999978,0.025064420866605517,0.042564445000000006,target,,,
2025-10-12T14:00:00+00:00,2025-10-12T14:00:00+00:00,1760277600000,1760277600000,LONG,7,k7_b7,3810.06,3909.81,0.01,0.9550407150000001,0.02506629068833562,0.042459285,target_entry_bar,,,
2025-10-12T15:00:00+00:00,2025-10-12T15:00:00+00:00,1760281200000,1760281200000,SHORT,1,k7_b1,3971.36,4050.79,0.01,-0.8384218249999984,-0.021111705435921155,0.044121825,stop_entry_bar,,,
2025-10-13T02:00:00+00:00,2025-10-13T02:00:00+00:00,1760320800000,1760320800000,SHORT,1,k7_b1,4194.82,4152.87,0.01,0.3735877049999982,0.008905929336658026,0.045912295000000006,target_entry_bar,,,
2025-10-13T10:00:00+00:00,2025-10-13T11:00:00+00:00,1760349600000,1760353200000,SHORT,1,k7_b1,4160.21,4118.61,0.01,0.37046649000000365,0.008904994940159358,0.04553351,target,,,
2025-10-13T11:00:00+00:00,2025-10-13T11:00:00+00:00,1760353200000,1760353200000,SHORT,2,k7_b2,4147.62,4106.14,0.01,0.3694043199999956,0.008906416691982284,0.04539568000000001,target_entry_bar,,,
2025-10-13T15:00:00+00:00,2025-10-13T15:00:00+00:00,1760367600000,1760367600000,LONG,1,k7_b1,4095.84,4136.8,0.01,0.36432048000000034,0.00889489042540725,0.045279520000000004,target_entry_bar,,,
2025-10-13T16:00:00+00:00,2025-10-13T17:00:00+00:00,1760371200000,1760374800000,SHORT,2,k7_b2,4131.38,4214.01,0.01,-0.8721996450000011,-0.02111158123919855,0.045899645,stop,,,
2025-10-13T17:00:00+00:00,2025-10-13T19:00:00+00:00,1760374800000,1760382000000,SHORT,2,k7_b2,4161.43,4244.66,0.01,-0.8785334949999956,-0.021111336607848634,0.046233495,stop,,,
2025-10-13T21:00:00+00:00,2025-10-14T02:00:00+00:00,1760389200000,1760407200000,SHORT,6,k7_b6,4282.88,4170.75,0.01,1.0748050350000011,0.02509538056167815,0.046494965000000006,target,,,
2025-10-13T20:00:00+00:00,2025-10-14T03:00:00+00:00,1760385600000,1760410800000,SHORT,5,k7_b5,4247.87,4136.66,0.01,1.0659850850000003,0.02509457881244013,0.046114915000000006,target,,,
2025-10-13T22:00:00+00:00,2025-10-14T03:00:00+00:00,1760392800000,1760410800000,SHORT,6,k7_b6,4254.69,4143.3,0.01,1.0677110549999942,0.02509492007643317,0.046188944999999995,target,,,
2025-10-13T23:00:00+00:00,2025-10-14T03:00:00+00:00,1760396400000,1760410800000,SHORT,6,k7_b6,4267.31,4155.59,0.01,1.0708740500000027,0.025094826717534057,0.046325950000000005,target,,,
2025-10-13T18:00:00+00:00,2025-10-14T04:00:00+00:00,1760378400000,1760414400000,SHORT,3,k7_b3,4231.48,4120.7,0.01,1.0618630099999975,0.02509436438314721,0.045936990000000004,target,,,
2025-10-13T19:00:00+00:00,2025-10-14T04:00:00+00:00,1760382000000,1760414400000,SHORT,4,k7_b4,4224.19,4113.6,0.01,1.0600421549999923,0.025094566177184086,0.045857845,target,,,
2025-10-14T00:00:00+00:00,2025-10-14T04:00:00+00:00,1760400000000,1760414400000,SHORT,7,k7_b7,4237.58,4126.64,0.01,1.0633967899999959,0.025094435739266185,0.04600321,target,,,
2025-10-14T06:00:00+00:00,2025-10-14T08:00:00+00:00,1760421600000,1760428800000,SHORT,7,k7_b7,4066.51,3960.05,0.01,1.0204539200000005,0.025094095920088735,0.044146080000000004,target,,,
2025-10-14T13:00:00+00:00,2025-10-14T14:00:00+00:00,1760446800000,1760450400000,LONG,1,k7_b1,3941.38,3980.79,0.01,0.35052806499999856,0.008893536400955974,0.043571935000000006,target,,,
2025-10-14T14:00:00+00:00,2025-10-14T14:00:00+00:00,1760450400000,1760450400000,LONG,2,k7_b2,3955.98,3995.54,0.01,0.35186663999999945,0.008894550528566863,0.04373336,target_entry_bar,,,
2025-10-14T15:00:00+00:00,2025-10-14T15:00:00+00:00,1760454000000,1760454000000,LONG,3,k7_b3,3969.67,4073.599999999999,0.01,0.9950620149999984,0.025066618006030685,0.044237985,target_entry_bar,,,
2025-10-15T09:00:00+00:00,2025-10-15T10:00:00+00:00,1760518800000,1760522400000,SHORT,1,k7_b1,4178.03,4136.25,0.01,0.37207145999999747,0.00890542815633199,0.04572854,target,,,
2025-10-15T10:00:00+00:00,2025-10-15T10:00:00+00:00,1760522400000,1760522400000,SHORT,2,k7_b2,4152.53,4111.0,0.01,0.36985058499999746,0.008906632462619113,0.04544941500000001,target_entry_bar,,,
2025-10-15T11:00:00+00:00,2025-10-15T14:00:00+00:00,1760526000000,1760536800000,SHORT,3,k7_b3,4114.6,4006.88,0.01,1.0325318600000026,0.02509434355708945,0.04466814000000001,target,,,
2025-10-15T12:00:00+00:00,2025-10-15T15:00:00+00:00,1760529600000,1760540400000,SHORT,4,k7_b4,4096.5,3989.25,0.01,1.028028375,0.025095285609666788,0.044471625,target,,,
2025-10-15T13:00:00+00:00,2025-10-15T15:00:00+00:00,1760533200000,1760540400000,SHORT,5,k7_b5,4090.88,3983.78,0.01,1.026589369999999,0.02509458527260636,0.044410630000000006,target,,,
2025-10-15T19:00:00+00:00,2025-10-15T21:00:00+00:00,1760554800000,1760562000000,LONG,3,k7_b3,4007.43,3927.28,0.01,-0.8451409049999963,-0.02108934915893718,0.04364090500000001,stop,,,
2025-10-15T17:00:00+00:00,2025-10-15T23:00:00+00:00,1760547600000,1760569200000,LONG,1,k7_b1,3976.6,3959.68,0.01,-0.21284954000000073,-0.005352550922898977,0.04364954,max_hold,,,
2025-10-15T18:00:00+00:00,2025-10-16T00:00:00+00:00,1760551200000,1760572800000,LONG,2,k7_b2,3992.96,3983.8,0.01,-0.13547217999999855,-0.0033927757853822365,0.043872180000000004,max_hold,,,
2025-10-16T03:00:00+00:00,2025-10-16T05:00:00+00:00,1760583600000,1760590800000,SHORT,2,k7_b2,4027.41,3987.14,0.01,0.3586199749999998,0.008904481416096196,0.044080025,target,,,
2025-10-15T20:00:00+00:00,2025-10-16T08:00:00+00:00,1760558400000,1760601600000,SHORT,4,k7_b4,3979.27,4002.51,0.01,-0.2762997900000024,-0.006943479331636263,0.04389979000000001,max_hold,,,
2025-10-15T22:00:00+00:00,2025-10-16T10:00:00+00:00,1760565600000,1760608800000,LONG,4,k7_b4,3954.04,4028.26,0.01,0.6982973500000025,0.01766035118511706,0.04390265,max_hold,,,
2025-10-15T23:00:00+00:00,2025-10-16T10:00:00+00:00,1760569200000,1760608800000,LONG,4,k7_b4,3961.66,4065.38,0.01,0.9930512800000025,0.025066544832216864,0.04414872,target,,,
2025-10-16T10:00:00+00:00,2025-10-16T14:00:00+00:00,1760608800000,1760623200000,SHORT,2,k7_b2,4026.24,3985.98,0.01,0.3585327899999976,0.008904903582498748,0.04406721,target,,,
2025-10-16T07:00:00+00:00,2025-10-16T15:00:00+00:00,1760598000000,1760626800000,SHORT,3,k7_b3,4037.97,3932.26,0.01,1.013263734999996,0.025093394329328746,0.043836265,target,,,
2025-10-16T11:00:00+00:00,2025-10-16T15:00:00+00:00,1760612400000,1760626800000,SHORT,3,k7_b3,4045.17,3939.27,0.01,1.015085580000001,0.025093768123465785,0.04391442,target,,,
2025-10-16T12:00:00+00:00,2025-10-16T15:00:00+00:00,1760616000000,1760626800000,SHORT,4,k7_b4,4058.47,3952.22,0.01,1.018441205,0.02509421543093826,0.044058795,target,,,
2025-10-16T13:00:00+00:00,2025-10-16T15:00:00+00:00,1760619600000,1760626800000,SHORT,5,k7_b5,4050.49,3944.45,0.01,1.0164278299999996,0.02509394739895666,0.043972170000000005,target,,,
2025-10-16T15:00:00+00:00,2025-10-16T15:00:00+00:00,1760626800000,1760626800000,SHORT,6,k7_b6,4011.82,3906.79,0.01,1.006747645000002,0.0250945367688481,0.043552355,target_entry_bar,,,
2025-10-16T21:00:00+00:00,2025-10-16T23:00:00+00:00,1760648400000,1760655600000,LONG,2,k7_b2,3851.6,3890.12,0.01,0.3426205399999998,0.008895537958251112,0.04257946,target,,,
2025-10-16T20:00:00+00:00,2025-10-17T00:00:00+00:00,1760644800000,1760659200000,LONG,1,k7_b1,3867.91,3906.59,0.01,0.34404025000000293,0.008894732555824798,0.04275975,target,,,
2025-10-17T00:00:00+00:00,2025-10-17T06:00:00+00:00,1760659200000,1760680800000,LONG,5,k7_b5,3893.97,3816.090000000001,0.01,-0.8212053299999966,-0.02108915399964552,0.042405330000000005,stop,,,
2025-10-17T01:00:00+00:00,2025-10-17T06:00:00+00:00,1760662800000,1760680800000,SHORT,2,k7_b2,3923.83,3884.59,0.01,0.3494536899999978,0.008905933488453827,0.04294631,target,,,
2025-10-17T02:00:00+00:00,2025-10-17T06:00:00+00:00,1760666400000,1760680800000,SHORT,3,k7_b3,3916.57,3814.03,0.01,0.9828816999999996,0.025095471292482952,0.04251830000000001,target,,,
2025-10-17T03:00:00+00:00,2025-10-17T06:00:00+00:00,1760670000000,1760680800000,SHORT,3,k7_b3,3919.03,3816.43,0.01,0.9834549700000036,0.025094346560245867,0.04254503,target,,,
2025-10-17T04:00:00+00:00,2025-10-17T06:00:00+00:00,1760673600000,1760680800000,SHORT,4,k7_b4,3929.48,3826.61,0.01,0.9860415049999989,0.025093434881969086,0.042658495000000005,target,,,
2025-10-17T05:00:00+00:00,2025-10-17T06:00:00+00:00,1760677200000,1760680800000,SHORT,5,k7_b5,3909.01,3806.670000000001,0.01,0.9809637600000014,0.025094941174363877,0.04243624,target,,,
2025-10-16T22:00:00+00:00,2025-10-17T07:00:00+00:00,1760652000000,1760684400000,LONG,3,k7_b3,3883.56,3805.89,0.01,-0.8189919750000008,-0.021088691175107397,0.042291975,stop,,,
2025-10-16T23:00:00+00:00,2025-10-17T07:00:00+00:00,1760655600000,1760684400000,LONG,4,k7_b4,3865.19,3787.89,0.01,-0.8150919400000018,-0.021088017406647584,0.04209194000000001,stop,,,
2025-10-17T06:00:00+00:00,2025-10-17T07:00:00+00:00,1760680800000,1760684400000,SHORT,6,k7_b6,3891.96,3790.07,0.01,0.9766488349999988,0.025094010087462326,0.04225116500000001,target,,,
2025-10-17T07:00:00+00:00,2025-10-17T08:00:00+00:00,1760684400000,1760688000000,SHORT,6,k7_b6,3816.83,3716.91,0.01,0.9577644300000008,0.025093190684416143,0.041435570000000005,target,,,
2025-10-17T22:00:00+00:00,2025-10-17T23:00:00+00:00,1760738400000,1760742000000,SHORT,2,k7_b2,3872.59,3833.86,0.01,0.3449145250000002,0.008906559305271153,0.042385475000000006,target,,,
2025-10-17T21:00:00+00:00,2025-10-18T03:00:00+00:00,1760734800000,1760756400000,SHORT,1,k7_b1,3854.02,3849.5,0.01,0.002830639999999815,7.344642736674472e-05,0.04236936,max_hold,,,
2025-10-18T07:00:00+00:00,2025-10-18T07:00:00+00:00,1760770800000,1760770800000,LONG,1,k7_b1,3872.62,3911.35,0.01,0.3444881650000002,0.008895480708151075,0.042811835000000006,target_entry_bar,,,
2025-10-18T04:00:00+00:00,2025-10-18T10:00:00+00:00,1760760000000,1760781600000,SHORT,2,k7_b2,3867.05,3876.38,0.01,-0.13588886499999928,-0.0035140188257198448,0.042588865000000004,max_hold,,,
2025-10-17T23:00:00+00:00,2025-10-18T11:00:00+00:00,1760742000000,1760785200000,SHORT,3,k7_b3,3850.44,3874.75,0.01,-0.28558854499999947,-0.00741703662438577,0.042488545,max_hold,,,
2025-10-19T11:00:00+00:00,2025-10-19T13:00:00+00:00,1760871600000,1760878800000,LONG,1,k7_b1,3931.54,3970.86,0.01,0.3497368000000016,0.008895669381463793,0.04346320000000001,target,,,
2025-10-19T12:00:00+00:00,2025-10-19T13:00:00+00:00,1760875200000,1760878800000,LONG,2,k7_b2,3924.18,3963.42,0.01,0.3490182000000024,0.008894041557726771,0.0433818,target,,,
2025-10-19T13:00:00+00:00,2025-10-19T17:00:00+00:00,1760878800000,1760893200000,LONG,3,k7_b3,3922.83,4025.530000000001,0.01,0.9832840200000028,0.025065680133984976,0.04371598,target,,,
2025-10-19T15:00:00+00:00,2025-10-20T00:00:00+00:00,1760886000000,1760918400000,LONG,5,k7_b5,3989.3,3909.51,0.01,-0.8413434549999996,-0.02109000213069961,0.043443455000000006,stop,,,
2025-10-19T14:00:00+00:00,2025-10-20T02:00:00+00:00,1760882400000,1760925600000,LONG,4,k7_b4,3972.23,3936.139999999999,0.01,-0.40439603500000143,-0.010180579548515605,0.043496035,max_hold,,,
2025-10-19T16:00:00+00:00,2025-10-20T04:00:00+00:00,1760889600000,1760932800000,LONG,6,k7_b6,3979.53,4025.87,0.01,0.4193702999999969,0.010538186670285107,0.044029700000000005,max_hold,,,
2025-10-19T17:00:00+00:00,2025-10-20T05:00:00+00:00,1760893200000,1760936400000,LONG,6,k7_b6,3981.19,4052.87,0.01,0.6726126699999984,0.016894764379494533,0.044187330000000004,max_hold,,,
2025-10-20T03:00:00+00:00,2025-10-20T05:00:00+00:00,1760929200000,1760936400000,LONG,3,k7_b3,3956.82,4060.41,0.01,0.991805234999997,0.025065715271354188,0.04409476500000001,target,,,
2025-10-20T14:00:00+00:00,2025-10-20T16:00:00+00:00,1760968800000,1760976000000,SHORT,1,k7_b1,4035.4,3995.050000000001,0.01,0.35933252499999907,0.008904508227189351,0.044167475000000005,target,,,
2025-10-20T15:00:00+00:00,2025-10-20T16:00:00+00:00,1760972400000,1760976000000,SHORT,2,k7_b2,4035.55,3995.19,0.01,0.35943093000000126,0.00890661570294015,0.044169070000000005,target,,,
2025-10-20T20:00:00+00:00,2025-10-21T01:00:00+00:00,1760990400000,1761008400000,SHORT,2,k7_b2,3976.77,3937.0,0.01,0.3541742649999998,0.008906078676916188,0.043525734999999996,target,,,
2025-10-20T21:00:00+00:00,2025-10-21T01:00:00+00:00,1760994000000,1761008400000,SHORT,2,k7_b2,3994.77,3954.82,0.01,0.3557772549999982,0.008906076069460775,0.043722745,target,,,
2025-10-20T23:00:00+00:00,2025-10-21T04:00:00+00:00,1761001200000,1761019200000,SHORT,3,k7_b3,3985.01,3880.68,0.01,1.000038705000004,0.025095011179394878,0.043261295000000005,target,,,
2025-10-21T00:00:00+00:00,2025-10-21T04:00:00+00:00,1761004800000,1761019200000,SHORT,4,k7_b4,3975.55,3871.47,0.01,0.997641390000004,0.02509442441926284,0.04315861000000001,target,,,
2025-10-21T01:00:00+00:00,2025-10-21T04:00:00+00:00,1761008400000,1761019200000,SHORT,5,k7_b5,3968.51,3864.61,0.01,0.995917840000001,0.02509551040566865,0.04308216000000001,target,,,
2025-10-21T02:00:00+00:00,2025-10-21T05:00:00+00:00,1761012000000,1761022800000,SHORT,5,k7_b5,3944.58,3841.31,0.01,0.9898776049999998,0.02509462617059357,0.042822395,target,,,
2025-10-21T10:00:00+00:00,2025-10-21T12:00:00+00:00,1761040800000,1761048000000,LONG,1,k7_b1,3864.69,3903.34,0.01,0.3437758350000009,0.00889530169302068,0.042724165,target,,,
2025-10-21T03:00:00+00:00,2025-10-21T14:00:00+00:00,1761015600000,1761055200000,SHORT,5,k7_b5,3927.74,4006.29,0.01,-0.8291371650000019,-0.021109777251040088,0.043637165000000006,stop,,,
2025-10-21T04:00:00+00:00,2025-10-21T14:00:00+00:00,1761019200000,1761055200000,SHORT,6,k7_b6,3919.45,3997.84,0.01,-0.8274450950000033,-0.021111255278164112,0.043545095000000006,stop,,,
2025-10-21T11:00:00+00:00,2025-10-21T14:00:00+00:00,1761044400000,1761055200000,LONG,2,k7_b2,3884.22,3923.06,0.01,0.34545996000000145,0.008893933917234385,0.04294004,target,,,
2025-10-21T13:00:00+00:00,2025-10-21T14:00:00+00:00,1761051600000,1761055200000,LONG,3,k7_b3,3880.83,3982.43,0.01,0.9727520699999991,0.025065567674956105,0.043247930000000004,target,,,
2025-10-21T14:00:00+00:00,2025-10-21T14:00:00+00:00,1761055200000,1761055200000,LONG,4,k7_b4,3866.71,3967.94,0.01,0.9692094250000002,0.025065480085136982,0.043090575000000006,target_entry_bar,,,
2025-10-21T17:00:00+00:00,2025-10-21T17:00:00+00:00,1761066000000,1761066000000,SHORT,1,k7_b1,4026.02,3985.76,0.01,0.3585352099999976,0.008905450295825595,0.044064790000000006,target_entry_bar,,,
2025-10-21T18:00:00+00:00,2025-10-21T20:00:00+00:00,1761069600000,1761076800000,SHORT,2,k7_b2,4011.0,3970.89,0.01,0.3571996050000013,0.008905500000000033,0.043900395,target,,,
2025-10-21T20:00:00+00:00,2025-10-21T21:00:00+00:00,1761076800000,1761080400000,SHORT,3,k7_b3,3992.03,3887.52,0.01,1.001762475000002,0.025094061793122846,0.043337525,target,,,
2025-10-21T21:00:00+00:00,2025-10-22T00:00:00+00:00,1761080400000,1761091200000,SHORT,4,k7_b4,3950.28,3846.86,0.01,0.9913157300000006,0.025094821886043537,0.04288427,target,,,
2025-10-22T22:00:00+00:00,2025-10-22T23:00:00+00:00,1761170400000,1761174000000,LONG,1,k7_b1,3744.41,3781.85,0.01,0.3330055700000006,0.008893405636669077,0.04139443,target,,,
2025-10-22T23:00:00+00:00,2025-10-22T23:00:00+00:00,1761174000000,1761174000000,LONG,2,k7_b2,3752.01,3789.530000000001,0.01,0.3337215299999998,0.008894473362277814,0.04147847,target_entry_bar,,,
2025-10-23T09:00:00+00:00,2025-10-23T12:00:00+00:00,1761210000000,1761220800000,SHORT,1,k7_b1,3883.76,3844.920000000001,0.01,0.34589226000000145,0.008906118297732132,0.04250774,target,,,
2025-10-23T10:00:00+00:00,2025-10-23T12:00:00+00:00,1761213600000,1761220800000,SHORT,2,k7_b2,3886.93,3848.06,0.01,0.34615755499999895,0.00890568018976413,0.042542445000000005,target,,,
2025-10-23T17:00:00+00:00,2025-10-23T17:00:00+00:00,1761238800000,1761238800000,SHORT,1,k7_b1,3914.4,3875.26,0.01,0.34855686999999874,0.008904477569997925,0.04284313000000001,target_entry_bar,,,
2025-10-23T18:00:00+00:00,2025-10-23T18:00:00+00:00,1761242400000,1761242400000,SHORT,2,k7_b2,3917.42,3878.25,0.01,0.3488238150000007,0.00890442727611542,0.042876185000000004,target_entry_bar,,,
2025-10-23T23:00:00+00:00,2025-10-24T02:00:00+00:00,1761260400000,1761271200000,LONG,1,k7_b1,3850.73,3889.24,0.01,0.34253016499999767,0.008895200780111762,0.042569835,target,,,
2025-10-24T00:00:00+00:00,2025-10-24T04:00:00+00:00,1761264000000,1761278400000,LONG,2,k7_b2,3857.15,3895.72,0.01,0.3430592149999971,0.008894111325719692,0.042640785,target,,,
2025-10-24T01:00:00+00:00,2025-10-24T04:00:00+00:00,1761267600000,1761278400000,LONG,3,k7_b3,3867.55,3968.8,0.01,0.9694000749999999,0.025064965546663907,0.043099925,target,,,
2025-10-24T02:00:00+00:00,2025-10-24T05:00:00+00:00,1761271200000,1761282000000,LONG,4,k7_b4,3881.54,3983.16,0.01,0.9729441499999989,0.025065931305615782,0.043255850000000005,target,,,
2025-10-24T03:00:00+00:00,2025-10-24T12:00:00+00:00,1761274800000,1761307200000,LONG,5,k7_b5,3889.34,3991.16,0.01,0.9748572499999971,0.02506485033450398,0.04334275,target,,,
2025-10-24T04:00:00+00:00,2025-10-24T12:00:00+00:00,1761278400000,1761307200000,LONG,6,k7_b6,3891.39,3993.27,0.01,0.975434370000001,0.025066476760232232,0.04336563,target,,,
2025-10-25T03:00:00+00:00,2025-10-25T09:00:00+00:00,1761361200000,1761382800000,SHORT,1,k7_b1,3930.47,3952.19,0.01,-0.26055463000000256,-0.006629096011418548,0.043354630000000005,max_hold,,,
2025-10-25T09:00:00+00:00,2025-10-25T15:00:00+00:00,1761382800000,1761404400000,SHORT,1,k7_b1,3950.21,3936.83,0.01,0.09042128000000109,0.0022890246341334027,0.043378719999999996,max_hold,,,
2025-10-25T13:00:00+00:00,2025-10-25T19:00:00+00:00,1761397200000,1761418800000,SHORT,2,k7_b2,3949.59,3958.21,0.01,-0.12969289999999892,-0.0032837053972690562,0.0434929,max_hold,,,
2025-10-25T19:00:00+00:00,2025-10-26T01:00:00+00:00,1761418800000,1761440400000,SHORT,1,k7_b1,3956.23,3948.2,0.01,0.03682563500000201,0.0009308264433564784,0.043474365,max_hold,,,
2025-10-25T20:00:00+00:00,2025-10-26T01:00:00+00:00,1761422400000,1761440400000,SHORT,2,k7_b2,3954.08,3914.54,0.01,0.3521225899999996,0.00890529756605834,0.04327741,target,,,
2025-10-26T04:00:00+00:00,2025-10-26T09:00:00+00:00,1761451200000,1761469200000,LONG,1,k7_b1,3931.92,3971.239999999999,0.01,0.3497326199999971,0.008894703351034535,0.04346738,target,,,
2025-10-26T05:00:00+00:00,2025-10-26T09:00:00+00:00,1761454800000,1761469200000,LONG,2,k7_b2,3939.86,3979.26,0.01,0.3504448400000009,0.008894855147137231,0.04355516,target,,,
2025-10-26T06:00:00+00:00,2025-10-26T11:00:00+00:00,1761458400000,1761476400000,LONG,3,k7_b3,3942.97,4046.199999999999,0.01,0.9883595650000002,0.025066372937151443,0.043940435,target,,,
2025-10-26T07:00:00+00:00,2025-10-26T11:00:00+00:00,1761462000000,1761476400000,LONG,4,k7_b4,3944.98,4048.26,0.01,0.988837180000002,0.02506570831791294,0.04396282000000001,target,,,
2025-10-26T08:00:00+00:00,2025-10-26T12:00:00+00:00,1761465600000,1761480000000,LONG,5,k7_b5,3951.7,4055.16,0.01,0.9905622700000004,0.025066737606599703,0.04403773,target,,,
2025-10-26T19:00:00+00:00,2025-10-26T22:00:00+00:00,1761505200000,1761516000000,SHORT,1,k7_b1,4068.77,4150.15,0.01,-0.8590040599999965,-0.021112131184608533,0.045204060000000004,stop,,,
2025-10-26T20:00:00+00:00,2025-10-26T22:00:00+00:00,1761508800000,1761516000000,SHORT,2,k7_b2,4064.54,4145.83,0.01,-0.8580570349999996,-0.021110803067505783,0.045157035000000005,stop,,,
2025-10-27T08:00:00+00:00,2025-10-27T08:00:00+00:00,1761552000000,1761552000000,SHORT,1,k7_b1,4197.89,4155.91,0.01,0.37385410000000474,0.008905762180524137,0.045945900000000005,target_entry_bar,,,
2025-10-27T17:00:00+00:00,2025-10-27T20:00:00+00:00,1761584400000,1761595200000,SHORT,1,k7_b1,4209.89,4167.79,0.01,0.37492276000000363,0.008905761433196676,0.046077240000000005,target,,,
2025-10-27T18:00:00+00:00,2025-10-27T20:00:00+00:00,1761588000000,1761595200000,SHORT,2,k7_b2,4216.99,4174.82,0.01,0.37554504500000074,0.00890552372663916,0.046154955,target,,,
2025-10-27T19:00:00+00:00,2025-10-27T21:00:00+00:00,1761591600000,1761598800000,SHORT,3,k7_b3,4210.93,4100.69,0.01,1.056686090000007,0.02509388876091521,0.04571391,target,,,
2025-10-27T20:00:00+00:00,2025-10-28T02:00:00+00:00,1761595200000,1761616800000,SHORT,4,k7_b4,4190.31,4080.61,0.01,1.0515099400000028,0.025093846040030517,0.045490060000000006,target,,,
2025-10-28T03:00:00+00:00,2025-10-28T09:00:00+00:00,1761620400000,1761642000000,LONG,1,k7_b1,4096.07,4121.69,0.01,0.21100231999999894,0.005151335792601176,0.04519768,max_hold,,,
2025-10-28T04:00:00+00:00,2025-10-28T10:00:00+00:00,1761624000000,1761645600000,LONG,2,k7_b2,4094.52,4120.81,0.01,0.21771568500000418,0.005317245611207277,0.045184315,max_hold,,,
2025-10-28T00:00:00+00:00,2025-10-28T12:00:00+00:00,1761609600000,1761652800000,SHORT,3,k7_b3,4116.4,4110.11,0.01,0.017654194999999637,0.0004288746234573812,0.045245805,max_hold,,,
2025-10-28T05:00:00+00:00,2025-10-28T17:00:00+00:00,1761627600000,1761670800000,LONG,3,k7_b3,4099.9,4132.93,0.01,0.28501943500000654,0.0069518630942219705,0.045280565,max_hold,,,
2025-10-28T06:00:00+00:00,2025-10-28T18:00:00+00:00,1761631200000,1761674400000,LONG,4,k7_b4,4069.05,4138.3,0.01,0.647359575,0.01590935414900284,0.045140425000000005,max_hold,,,
2025-10-28T11:00:00+00:00,2025-10-28T19:00:00+00:00,1761649200000,1761678000000,LONG,3,k7_b3,4118.33,4035.96,0.01,-0.8685485949999989,-0.02108982512329024,0.044848595000000005,stop,,,
2025-10-28T12:00:00+00:00,2025-10-28T19:00:00+00:00,1761652800000,1761678000000,LONG,4,k7_b4,4112.17,4029.93,0.01,-0.8671815500000024,-0.021088173640681253,0.04478155,stop,,,
2025-10-28T13:00:00+00:00,2025-10-28T19:00:00+00:00,1761656400000,1761678000000,LONG,5,k7_b5,4122.06,4039.62,0.01,-0.8692892400000052,-0.02108870904353661,0.044889240000000004,stop,,,
2025-10-28T15:00:00+00:00,2025-10-28T19:00:00+00:00,1761663600000,1761678000000,LONG,6,k7_b6,4119.35,4036.96,0.01,-0.8687597050000033,-0.021089727869688255,0.044859705,stop,,,
2025-10-28T17:00:00+00:00,2025-10-28T19:00:00+00:00,1761670800000,1761678000000,SHORT,1,k7_b1,4130.86,4089.550000000001,0.01,0.3678877449999949,0.008905839098880012,0.04521225500000001,target,,,
2025-10-28T18:00:00+00:00,2025-10-28T19:00:00+00:00,1761674400000,1761678000000,SHORT,2,k7_b2,4136.23,4094.87,0.01,0.36832894999999677,0.008904943632244745,0.04527105000000001,target,,,
2025-10-28T16:00:00+00:00,2025-10-28T20:00:00+00:00,1761667200000,1761681600000,LONG,7,k7_b7,4097.41,4015.46,0.01,-0.8641207849999982,-0.02108943906028438,0.044620785,stop,,,
2025-10-28T19:00:00+00:00,2025-10-28T20:00:00+00:00,1761678000000,1761681600000,SHORT,3,k7_b3,4111.14,4003.51,0.01,1.0316694250000011,0.025094485349562434,0.044630575000000006,target,,,
2025-10-29T04:00:00+00:00,2025-10-29T10:00:00+00:00,1761710400000,1761732000000,SHORT,2,k7_b2,3994.01,3995.670000000001,0.01,-0.060543239999998555,-0.001515850986852776,0.04394324000000001,max_hold,,,
2025-10-29T05:00:00+00:00,2025-10-29T17:00:00+00:00,1761714000000,1761757200000,SHORT,3,k7_b3,4009.46,3961.0,0.01,0.44076247000000035,0.010993063155636928,0.04383753,max_hold,,,
2025-10-29T06:00:00+00:00,2025-10-29T18:00:00+00:00,1761717600000,1761760800000,SHORT,4,k7_b4,4022.98,4012.63,0.01,0.05930414499999909,0.001474134721027673,0.044195855000000006,max_hold,,,
2025-10-29T07:00:00+00:00,2025-10-29T18:00:00+00:00,1761721200000,1761760800000,SHORT,4,k7_b4,4020.82,3915.55,0.01,1.0090499649999998,0.025095626389641905,0.043650035000000004,target,,,
2025-10-29T08:00:00+00:00,2025-10-29T18:00:00+00:00,1761724800000,1761760800000,SHORT,5,k7_b5,4020.81,3915.55,0.01,1.0089500199999977,0.02509320311081592,0.043649980000000005,target,,,
2025-10-29T09:00:00+00:00,2025-10-29T18:00:00+00:00,1761728400000,1761760800000,SHORT,6,k7_b6,4003.56,3898.75,0.01,1.0046372949999993,0.025093599071826057,0.043462705000000004,target,,,
2025-10-29T10:00:00+00:00,2025-10-29T18:00:00+00:00,1761732000000,1761760800000,SHORT,6,k7_b6,3993.67,3889.12,0.01,1.002144655000002,0.025093326564288032,0.043355345,target,,,
2025-10-29T11:00:00+00:00,2025-10-29T18:00:00+00:00,1761735600000,1761760800000,SHORT,7,k7_b7,3985.12,3880.79,0.01,1.0000374949999993,0.025094288126831798,0.04326250500000001,target,,,
2025-10-29T18:00:00+00:00,2025-10-29T18:00:00+00:00,1761760800000,1761760800000,SHORT,7,k7_b7,4010.62,3905.619999999999,0.01,1.00646068,0.025094890066872454,0.04353932,target_entry_bar,,,
2025-10-30T03:00:00+00:00,2025-10-30T04:00:00+00:00,1761793200000,1761796800000,SHORT,5,k7_b5,3941.97,3838.77,0.01,0.9892059299999982,0.02509420239119015,0.042794070000000003,target,,,
2025-10-29T19:00:00+00:00,2025-10-30T07:00:00+00:00,1761764400000,1761807600000,SHORT,7,k7_b7,3913.33,3911.39,0.01,-0.023635959999999453,-0.0006039858637017438,0.04303596,max_hold,,,
2025-10-29T20:00:00+00:00,2025-10-30T08:00:00+00:00,1761768000000,1761811200000,SHORT,7,k7_b7,3901.58,3938.19,0.01,-0.4092187350000013,-0.01048853887399467,0.043118735000000005,max_hold,,,
2025-10-30T06:00:00+00:00,2025-10-30T12:00:00+00:00,1761804000000,1761825600000,SHORT,4,k7_b4,3912.9,3810.46,0.01,0.9819215200000007,0.025094470086125392,0.04247848,target,,,
2025-10-30T07:00:00+00:00,2025-10-30T12:00:00+00:00,1761807600000,1761825600000,SHORT,4,k7_b4,3909.43,3807.08,0.01,0.9810591949999992,0.025094686309768924,0.042440805,target,,,
2025-10-30T08:00:00+00:00,2025-10-30T12:00:00+00:00,1761811200000,1761825600000,SHORT,4,k7_b4,3936.22,3833.170000000001,0.01,0.9877683549999973,0.025094338095939688,0.042731645000000006,target,,,
2025-10-30T09:00:00+00:00,2025-10-30T12:00:00+00:00,1761814800000,1761825600000,SHORT,5,k7_b5,3917.69,3815.12,0.01,0.9831695450000016,0.025095644244440003,0.04253045500000001,target,,,
2025-10-30T10:00:00+00:00,2025-10-30T12:00:00+00:00,1761818400000,1761825600000,SHORT,6,k7_b6,3896.63,3794.62,0.01,0.9777981250000022,0.02509343009215661,0.042301875,target,,,
2025-10-30T11:00:00+00:00,2025-10-30T13:00:00+00:00,1761822000000,1761829200000,SHORT,7,k7_b7,3889.36,3787.54,0.01,0.9759770500000016,0.02509351281444766,0.04222295,target,,,
2025-10-31T12:00:00+00:00,2025-10-31T13:00:00+00:00,1761912000000,1761915600000,SHORT,1,k7_b1,3870.22,3831.52,0.01,0.34464042999999817,0.008904931244218628,0.04235957,target,,,
2025-10-31T15:00:00+00:00,2025-10-31T16:00:00+00:00,1761922800000,1761926400000,SHORT,2,k7_b2,3864.03,3825.39,0.01,0.3441081900000033,0.00890542231814979,0.042291810000000006,target,,,
2025-10-31T16:00:00+00:00,2025-11-01T04:00:00+00:00,1761926400000,1761969600000,SHORT,3,k7_b3,3856.65,3860.0,0.01,-0.0759415749999991,-0.0019691072562975404,0.04244157500000001,max_hold,,,
2025-10-31T20:00:00+00:00,2025-11-01T08:00:00+00:00,1761940800000,1761984000000,SHORT,3,k7_b3,3882.96,3859.29,0.01,0.19411762500000074,0.004999217735954033,0.042582375000000006,max_hold,,,
2025-11-01T07:00:00+00:00,2025-11-01T13:00:00+00:00,1761980400000,1762002000000,LONG,1,k7_b1,3858.97,3874.630000000001,0.01,0.11406520000000309,0.0029558457308557226,0.042534800000000005,max_hold,,,
2025-11-01T08:00:00+00:00,2025-11-01T14:00:00+00:00,1761984000000,1762005600000,LONG,2,k7_b2,3861.22,3868.62,0.01,0.03148588000000091,0.0008154386437447467,0.04251412,max_hold,,,
2025-11-01T20:00:00+00:00,2025-11-02T02:00:00+00:00,1762027200000,1762048800000,SHORT,1,k7_b1,3876.39,3870.469999999999,0.01,0.016592270000000735,0.0004280340729390163,0.042607729999999996,max_hold,,,
2025-11-02T01:00:00+00:00,2025-11-02T04:00:00+00:00,1762045200000,1762056000000,LONG,1,k7_b1,3866.67,3905.34,0.01,0.3439539450000007,0.008895352978144002,0.042746055000000005,target,,,
2025-11-02T05:00:00+00:00,2025-11-02T09:00:00+00:00,1762059600000,1762074000000,SHORT,1,k7_b1,3905.26,3866.21,0.01,0.34775691500000183,0.008904833865094816,0.04274308500000001,target,,,
2025-11-02T06:00:00+00:00,2025-11-02T10:00:00+00:00,1762063200000,1762077600000,SHORT,2,k7_b2,3899.09,3860.1,0.01,0.3472244550000023,0.00890526904995787,0.04267554500000001,target,,,
2025-11-02T08:00:00+00:00,2025-11-02T20:00:00+00:00,1762070400000,1762113600000,SHORT,3,k7_b3,3902.62,3854.380000000001,0.01,0.4397364999999978,0.011267725271740466,0.04266350000000001,max_hold,,,
2025-11-02T09:00:00+00:00,2025-11-02T21:00:00+00:00,1762074000000,1762117200000,SHORT,4,k7_b4,3891.27,3857.19,0.01,0.2981834699999993,0.00766288306902372,0.04261653,max_hold,,,
2025-11-02T22:00:00+00:00,2025-11-02T23:00:00+00:00,1762120800000,1762124400000,LONG,1,k7_b1,3861.47,3900.08,0.01,0.34341147500000124,0.0088932835163811,0.042688525000000005,target,,,
2025-11-02T23:00:00+00:00,2025-11-02T23:00:00+00:00,1762124400000,1762124400000,LONG,2,k7_b2,3855.32,3893.869999999999,0.01,0.3428794549999973,0.008893670434620141,0.042620545,target_entry_bar,,,
2025-11-02T12:00:00+00:00,2025-11-03T00:00:00+00:00,1762084800000,1762128000000,SHORT,3,k7_b3,3886.98,3904.79,0.01,-0.22095473499999946,-0.0056844834550216225,0.042854735000000005,max_hold,,,
2025-11-02T13:00:00+00:00,2025-11-03T01:00:00+00:00,1762088400000,1762131600000,SHORT,4,k7_b4,3873.96,3863.31,0.01,0.06394501500000091,0.0016506369451414291,0.042554985000000004,max_hold,,,
2025-11-02T14:00:00+00:00,2025-11-03T02:00:00+00:00,1762092000000,1762135200000,SHORT,5,k7_b5,3864.52,3835.17,0.01,0.25115170499999906,0.006498910731475035,0.04234829500000001,max_hold,,,
2025-11-02T15:00:00+00:00,2025-11-03T03:00:00+00:00,1762095600000,1762138800000,SHORT,6,k7_b6,3849.47,3797.4,0.01,0.47864221499999704,0.012433977015017575,0.04205778500000001,max_hold,,,
2025-11-02T16:00:00+00:00,2025-11-03T03:00:00+00:00,1762099200000,1762138800000,SHORT,7,k7_b7,3849.7,3748.91,0.01,0.9661076449999996,0.02509566057095357,0.041792355,target,,,
2025-11-03T02:00:00+00:00,2025-11-03T03:00:00+00:00,1762135200000,1762138800000,SHORT,4,k7_b4,3833.25,3732.9,0.01,0.9618861749999992,0.02509322833105065,0.04161382500000001,target,,,
2025-11-03T16:00:00+00:00,2025-11-03T16:00:00+00:00,1762185600000,1762185600000,LONG,1,k7_b1,3589.18,3625.07,0.01,0.3192216250000033,0.008893998768521035,0.039678375,target_entry_bar,,,
2025-11-03T21:00:00+00:00,2025-11-04T00:00:00+00:00,1762203600000,1762214400000,LONG,2,k7_b2,3588.63,3624.52,0.01,0.3192276749999987,0.008895530467058424,0.039672325,target,,,
2025-11-03T23:00:00+00:00,2025-11-04T00:00:00+00:00,1762210800000,1762214400000,LONG,2,k7_b2,3590.06,3625.96,0.01,0.31931189000000093,0.008894332963794504,0.03968811,target,,,
2025-11-04T04:00:00+00:00,2025-11-04T05:00:00+00:00,1762228800000,1762232400000,SHORT,1,k7_b1,3639.08,3602.690000000001,0.01,0.3240702649999987,0.008905280043307614,0.039829735000000005,target,,,
2025-11-04T05:00:00+00:00,2025-11-04T05:00:00+00:00,1762232400000,1762232400000,SHORT,2,k7_b2,3622.04,3585.82,0.01,0.32255676999999805,0.008905389504257216,0.03964323,target_entry_bar,,,
2025-11-04T14:00:00+00:00,2025-11-04T15:00:00+00:00,1762264800000,1762268400000,SHORT,1,k7_b1,3503.64,3573.71,0.01,-0.7396254250000016,-0.02111020039159279,0.038925425,stop,,,
2025-11-04T15:00:00+00:00,2025-11-04T15:00:00+00:00,1762268400000,1762268400000,SHORT,2,k7_b2,3552.56,3517.03,0.01,0.31641725499999745,0.008906739224671716,0.038882745,target_entry_bar,,,
2025-11-05T11:00:00+00:00,2025-11-05T11:00:00+00:00,1762340400000,1762340400000,LONG,1,k7_b1,3276.5,3309.27,0.01,0.29147826499999985,0.008896025179307182,0.036221735000000005,target_entry_bar,,,
2025-11-05T13:00:00+00:00,2025-11-05T15:00:00+00:00,1762347600000,1762354800000,LONG,2,k7_b2,3345.23,3378.68,0.01,0.29751849499999816,0.008893812832002527,0.036981505,target,,,
2025-11-05T15:00:00+00:00,2025-11-05T16:00:00+00:00,1762354800000,1762358400000,LONG,4,k7_b4,3348.88,3436.55,0.01,0.8393801350000007,0.025064503207042375,0.03731986500000001,target,,,
2025-11-05T14:00:00+00:00,2025-11-05T18:00:00+00:00,1762351200000,1762365600000,LONG,3,k7_b3,3360.39,3448.37,0.01,0.8423518200000002,0.0250670850704829,0.03744818,target,,,
2025-11-06T05:00:00+00:00,2025-11-06T05:00:00+00:00,1762405200000,1762405200000,SHORT,1,k7_b1,3449.15,3414.66,0.01,0.3071490450000024,0.008905064871055256,0.037750955,target_entry_bar,,,
2025-11-06T07:00:00+00:00,2025-11-06T13:00:00+00:00,1762412400000,1762434000000,LONG,1,k7_b1,3385.23,3347.88,0.01,-0.4105321049999991,-0.01212715546654139,0.037032105,max_hold,,,
2025-11-06T08:00:00+00:00,2025-11-06T14:00:00+00:00,1762416000000,1762437600000,LONG,2,k7_b2,3380.58,3389.66,0.01,0.05356367999999927,0.0015844523720781425,0.03723632,max_hold,,,
2025-11-06T09:00:00+00:00,2025-11-06T14:00:00+00:00,1762419600000,1762437600000,LONG,3,k7_b3,3385.3,3317.59,0.01,-0.7139658950000004,-0.021090180929312037,0.036865895,stop,,,
2025-11-06T14:00:00+00:00,2025-11-06T14:00:00+00:00,1762437600000,1762437600000,SHORT,1,k7_b1,3387.96,3354.079999999999,0.01,0.3017187800000011,0.008905618130084211,0.03708122,target_entry_bar,,,
2025-11-07T06:00:00+00:00,2025-11-07T09:00:00+00:00,1762495200000,1762506000000,SHORT,1,k7_b1,3363.72,3330.08,0.01,0.29958409999999874,0.008906332869561044,0.0368159,target,,,
2025-11-07T07:00:00+00:00,2025-11-07T09:00:00+00:00,1762498800000,1762506000000,SHORT,2,k7_b2,3344.62,3311.17,0.01,0.2978931549999982,0.008906636777870078,0.036606845,target,,,
2025-11-07T08:00:00+00:00,2025-11-07T11:00:00+00:00,1762502400000,1762513200000,SHORT,3,k7_b3,3354.63,3266.81,0.01,0.8417820800000017,0.025093142313757453,0.036417920000000006,target,,,
2025-11-07T09:00:00+00:00,2025-11-07T11:00:00+00:00,1762506000000,1762513200000,SHORT,4,k7_b4,3338.62,3251.21,0.01,0.8378559349999986,0.025095875990678737,0.036244065000000006,target,,,
2025-11-07T10:00:00+00:00,2025-11-07T12:00:00+00:00,1762509600000,1762516800000,SHORT,5,k7_b5,3298.19,3211.84,0.01,0.8276948349999992,0.025095426127663936,0.03580516500000001,target,,,
2025-11-07T13:00:00+00:00,2025-11-07T14:00:00+00:00,1762520400000,1762524000000,LONG,1,k7_b1,3223.29,3255.52,0.01,0.2866665450000002,0.00889360079297861,0.03563345500000001,target,,,
2025-11-07T14:00:00+00:00,2025-11-07T14:00:00+00:00,1762524000000,1762524000000,LONG,2,k7_b2,3241.14,3273.55,0.01,0.2882692050000031,0.00889406829078667,0.035830795,target_entry_bar,,,
2025-11-07T17:00:00+00:00,2025-11-07T18:00:00+00:00,1762534800000,1762538400000,LONG,3,k7_b3,3309.13,3395.76,0.01,0.829423105000001,0.025064687848467753,0.03687689500000001,target,,,
2025-11-08T05:00:00+00:00,2025-11-08T06:00:00+00:00,1762578000000,1762581600000,SHORT,1,k7_b1,3455.39,3420.840000000001,0.01,0.30768073499999726,0.008904370707792673,0.037819265000000005,target,,,
2025-11-08T09:00:00+00:00,2025-11-08T11:00:00+00:00,1762592400000,1762599600000,SHORT,2,k7_b2,3451.55,3417.03,0.01,0.3074228099999998,0.008906804479147044,0.03777719,target,,,
2025-11-08T17:00:00+00:00,2025-11-08T18:00:00+00:00,1762621200000,1762624800000,LONG,1,k7_b1,3368.54,3402.23,0.01,0.29966076500000055,0.008895864825710859,0.037239235,target,,,
2025-11-08T10:00:00+00:00,2025-11-08T22:00:00+00:00,1762596000000,1762639200000,SHORT,3,k7_b3,3436.6,3404.19,0.01,0.28647565499999855,0.008336019757900208,0.037624345000000003,max_hold,,,
2025-11-08T11:00:00+00:00,2025-11-08T23:00:00+00:00,1762599600000,1762642800000,SHORT,3,k7_b3,3442.72,3407.45,0.01,0.31502406499999985,0.009150441075661101,0.037675935,max_hold,,,
2025-11-08T12:00:00+00:00,2025-11-09T00:00:00+00:00,1762603200000,1762646400000,SHORT,4,k7_b4,3409.83,3400.08,0.01,0.060045495000000004,0.0017609527454447876,0.037454505,max_hold,,,
2025-11-09T03:00:00+00:00,2025-11-09T05:00:00+00:00,1762657200000,1762664400000,LONG,1,k7_b1,3368.25,3401.93,0.01,0.2995640099999984,0.008893758183032684,0.037235990000000004,target,,,
2025-11-09T04:00:00+00:00,2025-11-09T06:00:00+00:00,1762660800000,1762668000000,LONG,2,k7_b2,3376.51,3410.28,0.01,0.3003726549999998,0.00889595040441165,0.037327345000000005,target,,,
2025-11-09T05:00:00+00:00,2025-11-09T12:00:00+00:00,1762664400000,1762689600000,LONG,3,k7_b3,3374.77,3463.12,0.01,0.845891604999999,0.025065163107411734,0.037608395,target,,,
2025-11-09T10:00:00+00:00,2025-11-09T12:00:00+00:00,1762682400000,1762689600000,LONG,2,k7_b2,3401.35,3435.36,0.01,0.3024980950000022,0.008893471562761908,0.037601905000000005,target,,,
2025-11-09T11:00:00+00:00,2025-11-09T14:00:00+00:00,1762686000000,1762696800000,LONG,3,k7_b3,3402.05,3491.12,0.01,0.8527875649999972,0.025066873355770698,0.03791243500000001,target,,,
2025-11-09T13:00:00+00:00,2025-11-09T14:00:00+00:00,1762693200000,1762696800000,LONG,4,k7_b4,3442.37,3532.49,0.01,0.8628382699999989,0.025065239064946506,0.03836173,target,,,
2025-11-09T14:00:00+00:00,2025-11-09T14:00:00+00:00,1762696800000,1762696800000,LONG,5,k7_b5,3458.44,3548.98,0.01,0.8668591899999997,0.025065034813384058,0.03854081,target_entry_bar,,,
2025-11-09T15:00:00+00:00,2025-11-09T23:00:00+00:00,1762700400000,1762729200000,LONG,6,k7_b6,3506.77,3598.579999999999,0.01,0.8790205749999995,0.02506638801518205,0.039079425,target,,,
2025-11-09T16:00:00+00:00,2025-11-09T23:00:00+00:00,1762704000000,1762729200000,LONG,6,k7_b6,3515.34,3607.37,0.01,0.8811250949999975,0.02506514576114963,0.03917490500000001,target,,,
2025-11-09T17:00:00+00:00,2025-11-09T23:00:00+00:00,1762707600000,1762729200000,LONG,6,k7_b6,3527.99,3620.35,0.01,0.8842841300000013,0.02506481395922328,0.03931587,target,,,
2025-11-09T18:00:00+00:00,2025-11-09T23:00:00+00:00,1762711200000,1762729200000,LONG,7,k7_b7,3515.76,3607.8,0.01,0.8812204199999997,0.02506486278926888,0.039179580000000006,target,,,
2025-11-10T10:00:00+00:00,2025-11-10T12:00:00+00:00,1762768800000,1762776000000,SHORT,1,k7_b1,3621.5,3585.29,0.01,0.3224626550000004,0.008904118597266336,0.039637345000000004,target,,,
2025-11-10T12:00:00+00:00,2025-11-10T14:00:00+00:00,1762776000000,1762783200000,SHORT,2,k7_b2,3607.08,3571.01,0.01,0.3212205049999971,0.008905278091974592,0.039479495,target,,,
2025-11-10T14:00:00+00:00,2025-11-10T15:00:00+00:00,1762783200000,1762786800000,SHORT,4,k7_b4,3612.1,3517.54,0.01,0.9063869799999994,0.0250930754962487,0.03921302000000001,target,,,
2025-11-10T19:00:00+00:00,2025-11-10T19:00:00+00:00,1762801200000,1762801200000,LONG,1,k7_b1,3532.52,3567.85,0.01,0.3142479649999993,0.008895858056005325,0.039052035,target_entry_bar,,,
2025-11-10T13:00:00+00:00,2025-11-11T01:00:00+00:00,1762779600000,1762822800000,SHORT,3,k7_b3,3588.66,3584.01,0.01,0.0070503149999963585,0.00019646093527936218,0.039449685000000005,max_hold,,,
2025-11-10T21:00:00+00:00,2025-11-11T01:00:00+00:00,1762808400000,1762822800000,SHORT,3,k7_b3,3568.43,3639.8,0.01,-0.7533452650000034,-0.02111139254518103,0.039645265,stop,,,
2025-11-11T06:00:00+00:00,2025-11-11T09:00:00+00:00,1762840800000,1762851600000,LONG,1,k7_b1,3548.7,3584.19,0.01,0.3156691050000024,0.008895344915039377,0.039230895,target,,,
2025-11-11T07:00:00+00:00,2025-11-11T13:00:00+00:00,1762844400000,1762866000000,LONG,2,k7_b2,3557.45,3539.68,0.01,-0.21673421499999984,-0.006092403688034965,0.039034215000000004,max_hold,,,
2025-11-11T12:00:00+00:00,2025-11-11T13:00:00+00:00,1762862400000,1762866000000,SHORT,1,k7_b1,3570.61,3534.9,0.01,0.3180196950000004,0.00890659285108148,0.039080305,target,,,
2025-11-11T13:00:00+00:00,2025-11-11T14:00:00+00:00,1762866000000,1762869600000,SHORT,2,k7_b2,3537.91,3502.53,0.01,0.3150775799999965,0.008905754527390366,0.03872242000000001,target,,,
2025-11-11T08:00:00+00:00,2025-11-11T15:00:00+00:00,1762848000000,1762873200000,LONG,3,k7_b3,3544.66,3473.77,0.01,-0.7475013649999988,-0.021088097730106663,0.038601365,stop,,,
2025-11-11T14:00:00+00:00,2025-11-11T20:00:00+00:00,1762869600000,1762891200000,SHORT,3,k7_b3,3529.22,3436.83,0.01,0.8855867249999987,0.025092987260641124,0.038313275,target,,,
2025-11-11T15:00:00+00:00,2025-11-11T20:00:00+00:00,1762873200000,1762891200000,SHORT,4,k7_b4,3526.49,3434.17,0.01,0.8849163699999971,0.025093403639312666,0.03828363,target,,,
2025-11-12T05:00:00+00:00,2025-11-12T08:00:00+00:00,1762923600000,1762934400000,LONG,1,k7_b1,3444.38,3478.82,0.01,0.30632240000000055,0.008893397360337724,0.0380776,target,,,
2025-11-12T07:00:00+00:00,2025-11-12T08:00:00+00:00,1762930800000,1762934400000,LONG,2,k7_b2,3438.39,3472.77,0.01,0.3057886200000011,0.00889336637205207,0.03801138,target,,,
2025-11-12T08:00:00+00:00,2025-11-12T10:00:00+00:00,1762934400000,1762941600000,LONG,3,k7_b3,3428.23,3517.98,0.01,0.859295845,0.025065291564451628,0.038204155000000004,target,,,
2025-11-12T16:00:00+00:00,2025-11-12T22:00:00+00:00,1762963200000,1762984800000,LONG,2,k7_b2,3428.05,3421.84,0.01,-0.09977439500000038,-0.00291052916381034,0.037674395000000006,max_hold,,,
2025-11-12T17:00:00+00:00,2025-11-13T04:00:00+00:00,1762966800000,1763006400000,LONG,3,k7_b3,3399.8,3488.81,0.01,0.8522126449999976,0.02506655229719388,0.03788735500000001,target,,,
2025-11-12T18:00:00+00:00,2025-11-13T05:00:00+00:00,1762970400000,1763010000000,LONG,4,k7_b4,3429.72,3519.51,0.01,0.8596792350000042,0.02506558071795961,0.038220765000000004,target,,,
2025-11-12T20:00:00+00:00,2025-11-13T05:00:00+00:00,1762977600000,1763010000000,LONG,4,k7_b4,3408.29,3497.52,0.01,0.8543180450000002,0.02506588479853534,0.037981955000000005,target,,,
2025-11-12T21:00:00+00:00,2025-11-13T05:00:00+00:00,1762981200000,1763010000000,LONG,5,k7_b5,3416.95,3506.409999999999,0.01,0.8565215200000004,0.025066843822707397,0.03807848,target,,,
2025-11-12T22:00:00+00:00,2025-11-13T05:00:00+00:00,1762984800000,1763010000000,LONG,5,k7_b5,3423.56,3513.19,0.01,0.8581478750000011,0.025065951086004075,0.038152125,target,,,
2025-11-12T23:00:00+00:00,2025-11-13T05:00:00+00:00,1762988400000,1763010000000,LONG,6,k7_b6,3422.17,3511.76,0.01,0.8577633850000015,0.025064896980570853,0.038136615000000006,target,,,
2025-11-13T00:00:00+00:00,2025-11-13T05:00:00+00:00,1762992000000,1763010000000,LONG,7,k7_b7,3415.16,3504.57,0.01,0.8560414850000031,0.025065926193794816,0.038058515,target,,,
2025-11-13T12:00:00+00:00,2025-11-13T13:00:00+00:00,1763035200000,1763038800000,SHORT,1,k7_b1,3498.22,3463.24,0.01,0.3115119700000002,0.00890487076284511,0.03828803,target,,,
2025-11-13T13:00:00+00:00,2025-11-13T13:00:00+00:00,1763038800000,1763038800000,SHORT,2,k7_b2,3497.91,3462.93,0.01,0.3115153800000002,0.008905757438012989,0.038284620000000005,target_entry_bar,,,
2025-11-13T05:00:00+00:00,2025-11-13T14:00:00+00:00,1763010000000,1763042400000,LONG,7,k7_b7,3482.84,3413.18,0.01,-0.7345281100000031,-0.021089918285077783,0.03792811,stop,,,
2025-11-13T10:00:00+00:00,2025-11-13T14:00:00+00:00,1763028000000,1763042400000,LONG,4,k7_b4,3486.96,3417.22,0.01,-0.7353729900000023,-0.021089229300020718,0.03797299,stop,,,
2025-11-13T17:00:00+00:00,2025-11-13T18:00:00+00:00,1763053200000,1763056800000,SHORT,3,k7_b3,3325.07,3238.02,0.01,0.8344030050000019,0.025094298917015336,0.03609699500000001,target,,,
2025-11-13T18:00:00+00:00,2025-11-13T20:00:00+00:00,1763056800000,1763064000000,SHORT,3,k7_b3,3252.77,3167.61,0.01,0.8162879099999986,0.02509516227707457,0.035312090000000004,target,,,
2025-11-13T20:00:00+00:00,2025-11-13T23:00:00+00:00,1763064000000,1763074800000,SHORT,4,k7_b4,3194.62,3258.51,0.01,-0.6743922150000032,-0.021110248323744394,0.03549221500000001,stop,,,
2025-11-14T02:00:00+00:00,2025-11-14T02:00:00+00:00,1763085600000,1763085600000,LONG,1,k7_b1,3207.0,3239.07,0.01,0.28524661500000165,0.008894500000000052,0.035453385000000004,target_entry_bar,,,
2025-11-13T19:00:00+00:00,2025-11-14T04:00:00+00:00,1763060400000,1763092800000,SHORT,3,k7_b3,3210.85,3126.79,0.01,0.8057429799999994,0.025094382484388854,0.03485702,target,,,
2025-11-14T06:00:00+00:00,2025-11-14T12:00:00+00:00,1763100000000,1763121600000,SHORT,3,k7_b3,3189.41,3105.91,0.01,0.80037574,0.02509478994547581,0.034624260000000004,target,,,
2025-11-14T13:00:00+00:00,2025-11-14T14:00:00+00:00,1763125200000,1763128800000,LONG,1,k7_b1,3127.28,3158.55,0.01,0.2781279349999998,0.008893605145685702,0.034572065000000006,target,,,
2025-11-14T14:00:00+00:00,2025-11-14T14:00:00+00:00,1763128800000,1763128800000,LONG,2,k7_b2,3122.21,3153.43,0.01,0.277683979999998,0.008893827769432485,0.03451602,target_entry_bar,,,
2025-11-14T16:00:00+00:00,2025-11-14T20:00:00+00:00,1763136000000,1763150400000,LONG,3,k7_b3,3197.33,3133.38,0.01,-0.6743189049999981,-0.021090062802400698,0.034818905,stop,,,
2025-11-14T18:00:00+00:00,2025-11-14T23:00:00+00:00,1763143200000,1763161200000,LONG,4,k7_b4,3180.14,3116.54,0.01,-0.6706317399999991,-0.02108812001987331,0.03463174000000001,stop,,,
2025-11-14T21:00:00+00:00,2025-11-15T09:00:00+00:00,1763154000000,1763197200000,LONG,3,k7_b3,3137.79,3141.52,0.01,0.00276379500000018,8.80809423192814e-05,0.034536205,max_hold,,,
2025-11-15T00:00:00+00:00,2025-11-15T12:00:00+00:00,1763164800000,1763208000000,LONG,4,k7_b4,3112.76,3151.21,0.01,0.3500481649999982,0.011245587999074717,0.034451835,max_hold,,,
2025-11-15T01:00:00+00:00,2025-11-15T13:00:00+00:00,1763168400000,1763211600000,LONG,5,k7_b5,3141.37,3160.89,0.01,0.16053756999999982,0.005110431754298279,0.03466243,max_hold,,,
2025-11-15T09:00:00+00:00,2025-11-15T18:00:00+00:00,1763197200000,1763229600000,LONG,3,k7_b3,3143.1,3225.39,0.01,0.7878733049999996,0.02506675909134293,0.035026695000000004,target,,,
2025-11-15T18:00:00+00:00,2025-11-15T20:00:00+00:00,1763229600000,1763236800000,SHORT,1,k7_b1,3212.51,3180.38,0.01,0.28613910500000106,0.008907026125988746,0.035160895000000005,target,,,
2025-11-15T19:00:00+00:00,2025-11-15T20:00:00+00:00,1763233200000,1763236800000,SHORT,2,k7_b2,3205.54,3173.48,0.01,0.2855153899999994,0.00890693580488777,0.03508461,target,,,
2025-11-15T10:00:00+00:00,2025-11-15T22:00:00+00:00,1763200800000,1763244000000,LONG,4,k7_b4,3153.26,3156.59,0.01,-0.0014041750000007291,-4.45308981815876e-05,0.034704175000000004,max_hold,,,
2025-11-15T11:00:00+00:00,2025-11-15T23:00:00+00:00,1763204400000,1763247600000,LONG,5,k7_b5,3169.01,3170.0,0.01,-0.02496455500000219,-0.0007877714175721183,0.034864555000000005,max_hold,,,
2025-11-15T12:00:00+00:00,2025-11-16T00:00:00+00:00,1763208000000,1763251200000,LONG,5,k7_b5,3152.79,3166.56,0.01,0.10294357499999982,0.003265158002911701,0.034756425,max_hold,,,
2025-11-15T13:00:00+00:00,2025-11-16T01:00:00+00:00,1763211600000,1763254800000,LONG,5,k7_b5,3162.48,3151.53,0.01,-0.1442270549999982,-0.004560568130075073,0.03472705500000001,max_hold,,,
2025-11-15T21:00:00+00:00,2025-11-16T09:00:00+00:00,1763240400000,1763283600000,LONG,5,k7_b5,3175.45,3218.41,0.01,0.39443377000000035,0.012421350359791536,0.03516623000000001,max_hold,,,
2025-11-15T22:00:00+00:00,2025-11-16T09:00:00+00:00,1763244000000,1763283600000,LONG,5,k7_b5,3158.17,3240.849999999999,0.01,0.7916053899999984,0.02506531915634682,0.03519461,target,,,
2025-11-16T01:00:00+00:00,2025-11-16T09:00:00+00:00,1763254800000,1763283600000,LONG,4,k7_b4,3153.11,3235.66,0.01,0.7903617649999972,0.025066101880365645,0.035138235000000004,target,,,
2025-11-16T02:00:00+00:00,2025-11-16T09:00:00+00:00,1763258400000,1763283600000,LONG,5,k7_b5,3151.03,3233.52,0.01,0.7897849749999979,0.025064343246493932,0.03511502500000001,target,,,
2025-11-16T10:00:00+00:00,2025-11-16T11:00:00+00:00,1763287200000,1763290800000,SHORT,1,k7_b1,3245.49,3213.04,0.01,0.28897808499999816,0.008903989382188766,0.035521915,target,,,
2025-11-16T11:00:00+00:00,2025-11-16T11:00:00+00:00,1763290800000,1763290800000,SHORT,2,k7_b2,3233.33,3201.0,0.01,0.28791118499999924,0.008904478819050305,0.035388815000000004,target_entry_bar,,,
2025-11-16T00:00:00+00:00,2025-11-16T12:00:00+00:00,1763251200000,1763294400000,LONG,4,k7_b4,3168.15,3167.17,0.01,-0.044644260000000185,-0.0014091586572605522,0.03484426,max_hold,,,
2025-11-16T03:00:00+00:00,2025-11-16T13:00:00+00:00,1763262000000,1763298000000,LONG,6,k7_b6,3203.65,3139.58,0.01,-0.6755877650000016,-0.021088064083155198,0.034887765,stop,,,
2025-11-16T04:00:00+00:00,2025-11-16T13:00:00+00:00,1763265600000,1763298000000,LONG,7,k7_b7,3203.17,3139.11,0.01,-0.6754825399999995,-0.021087939135294085,0.034882540000000004,stop,,,
2025-11-16T12:00:00+00:00,2025-11-16T16:00:00+00:00,1763294400000,1763308800000,SHORT,3,k7_b3,3165.58,3082.71,0.01,0.7943344049999989,0.025092855179777447,0.034365595,target,,,
2025-11-16T13:00:00+00:00,2025-11-16T16:00:00+00:00,1763298000000,1763308800000,SHORT,4,k7_b4,3166.96,3084.05,0.01,0.7947194449999986,0.02509407902215369,0.03438055500000001,target,,,
2025-11-16T15:00:00+00:00,2025-11-16T16:00:00+00:00,1763305200000,1763308800000,SHORT,5,k7_b5,3168.88,3085.92,0.01,0.7951986000000003,0.02509399535482569,0.0344014,target,,,
2025-11-16T17:00:00+00:00,2025-11-16T18:00:00+00:00,1763312400000,1763316000000,LONG,1,k7_b1,3061.13,3091.74,0.01,0.2722592149999967,0.008894075553798654,0.033840785,target,,,
2025-11-16T18:00:00+00:00,2025-11-16T18:00:00+00:00,1763316000000,1763316000000,LONG,2,k7_b2,3079.73,3110.53,0.01,0.2739535700000018,0.008895376218045148,0.03404643,target_entry_bar,,,
2025-11-16T21:00:00+00:00,2025-11-16T23:00:00+00:00,1763326800000,1763334000000,SHORT,4,k7_b4,3086.59,3005.78,0.01,0.7745919649999995,0.025095395403989498,0.033508035000000005,target,,,
2025-11-16T23:00:00+00:00,2025-11-16T23:00:00+00:00,1763334000000,1763334000000,SHORT,5,k7_b5,3089.34,3008.46,0.01,0.7752621000000011,0.025094748392860643,0.0335379,target_entry_bar,,,
2025-11-16T19:00:00+00:00,2025-11-17T01:00:00+00:00,1763319600000,1763341200000,LONG,3,k7_b3,3060.86,3140.99,0.01,0.7671898249999966,0.025064518632018338,0.034110175000000006,target,,,
2025-11-17T00:00:00+00:00,2025-11-17T02:00:00+00:00,1763337600000,1763344800000,SHORT,5,k7_b5,3092.49,3154.34,0.01,-0.6528575650000036,-0.021111064708374275,0.03435756500000001,stop,,,
2025-11-17T01:00:00+00:00,2025-11-17T06:00:00+00:00,1763341200000,1763359200000,SHORT,5,k7_b5,3133.29,3195.96,0.01,-0.6615108750000007,-0.021112341181314234,0.034810875000000005,stop,,,
2025-11-17T16:00:00+00:00,2025-11-17T17:00:00+00:00,1763395200000,1763398800000,LONG,1,k7_b1,3121.03,3058.61,0.01,-0.6581880200000008,-0.02108880786150728,0.03398802000000001,stop,,,
2025-11-17T17:00:00+00:00,2025-11-17T17:00:00+00:00,1763398800000,1763398800000,SHORT,1,k7_b1,3131.6,3100.28,0.01,0.2789246599999971,0.008906778004853656,0.03427534,target_entry_bar,,,
2025-11-18T03:00:00+00:00,2025-11-18T03:00:00+00:00,1763434800000,1763434800000,LONG,1,k7_b1,2985.91,3015.77,0.01,0.26559076000000126,0.008894801249870266,0.03300924,target_entry_bar,,,
2025-11-18T06:00:00+00:00,2025-11-18T08:00:00+00:00,1763445600000,1763452800000,LONG,2,k7_b2,3012.65,3042.78,0.01,0.2679951350000011,0.008895661128906482,0.033304865,target,,,
2025-11-18T07:00:00+00:00,2025-11-18T10:00:00+00:00,1763449200000,1763460000000,LONG,3,k7_b3,2990.34,3068.63,0.01,0.7495756649999997,0.025066569854932875,0.033324335000000004,target,,,
2025-11-18T08:00:00+00:00,2025-11-18T15:00:00+00:00,1763452800000,1763478000000,LONG,4,k7_b4,3024.46,3103.64,0.01,0.7580954499999983,0.02506548111067755,0.03370455,target,,,
2025-11-19T00:00:00+00:00,2025-11-19T00:00:00+00:00,1763510400000,1763510400000,SHORT,1,k7_b1,3120.63,3089.42,0.01,0.2779447250000004,0.008906686310136106,0.034155275000000006,target_entry_bar,,,
2025-11-18T22:00:00+00:00,2025-11-19T04:00:00+00:00,1763503200000,1763524800000,LONG,1,k7_b1,3098.55,3072.01,0.01,-0.2993380799999996,-0.009660585757854468,0.03393808000000001,max_hold,,,
2025-11-19T04:00:00+00:00,2025-11-19T05:00:00+00:00,1763524800000,1763528400000,LONG,1,k7_b1,3073.55,3012.08,0.01,-0.6481709650000026,-0.021088674822274,0.033470965000000005,stop,,,
2025-11-19T11:00:00+00:00,2025-11-19T13:00:00+00:00,1763550000000,1763557200000,SHORT,1,k7_b1,3089.49,3058.6,0.01,0.27508550499999873,0.008903913105399232,0.033814495,target,,,
2025-11-19T13:00:00+00:00,2025-11-19T13:00:00+00:00,1763557200000,1763557200000,SHORT,2,k7_b2,3097.68,3066.7,0.01,0.2758959100000002,0.008906533599338866,0.03390409,target_entry_bar,,,
2025-11-19T14:00:00+00:00,2025-11-19T15:00:00+00:00,1763560800000,1763564400000,SHORT,3,k7_b3,3064.25,2984.03,0.01,0.768934459999998,0.025093724728726376,0.03326554,target,,,
2025-11-19T15:00:00+00:00,2025-11-19T15:00:00+00:00,1763564400000,1763564400000,SHORT,4,k7_b4,3057.47,2977.43,0.01,0.7672080499999997,0.02509290524518637,0.03319195,target_entry_bar,,,
2025-11-19T17:00:00+00:00,2025-11-19T18:00:00+00:00,1763571600000,1763575200000,LONG,1,k7_b1,2950.35,2891.34,0.01,-0.6222292949999977,-0.021090016269256114,0.032129295,stop,,,
2025-11-19T18:00:00+00:00,2025-11-19T20:00:00+00:00,1763575200000,1763582400000,LONG,2,k7_b2,2922.66,2951.89,0.01,0.25998997500000015,0.008895662683993354,0.032310025,target,,,
2025-11-19T19:00:00+00:00,2025-11-19T21:00:00+00:00,1763578800000,1763586000000,LONG,3,k7_b3,2899.91,2975.83,0.01,0.7268834300000008,0.025065723763840975,0.03231657,target,,,
2025-11-19T20:00:00+00:00,2025-11-19T21:00:00+00:00,1763582400000,1763586000000,LONG,4,k7_b4,2882.24,2957.7,0.01,0.7224803300000003,0.025066626304540925,0.03211967,target,,,
2025-11-19T21:00:00+00:00,2025-11-19T23:00:00+00:00,1763586000000,1763593200000,LONG,5,k7_b5,2945.57,3022.69,0.01,0.7383745699999988,0.0250672898624035,0.03282543,target,,,
2025-11-19T23:00:00+00:00,2025-11-20T05:00:00+00:00,1763593200000,1763614800000,LONG,6,k7_b6,2984.75,3062.89,0.01,0.7481379799999988,0.025065348186615252,0.03326202,target,,,
2025-11-20T02:00:00+00:00,2025-11-20T06:00:00+00:00,1763604000000,1763618400000,SHORT,2,k7_b2,3044.93,3014.48,0.01,0.2711732449999982,0.008905730016781936,0.033326755,target,,,
2025-11-19T22:00:00+00:00,2025-11-20T10:00:00+00:00,1763589600000,1763632800000,LONG,6,k7_b6,2991.82,3010.06,0.01,0.14938965999999781,0.004993270317064456,0.03301034,max_hold,,,
2025-11-20T07:00:00+00:00,2025-11-20T15:00:00+00:00,1763622000000,1763650800000,LONG,5,k7_b5,3021.14,2960.72,0.01,-0.6371002300000007,-0.021088073707276087,0.03290023,stop,,,
2025-11-20T14:00:00+00:00,2025-11-20T16:00:00+00:00,1763647200000,1763654400000,LONG,2,k7_b2,3000.12,2940.12,0.01,-0.63267132,-0.021088200471981122,0.032671320000000004,stop,,,
2025-11-20T15:00:00+00:00,2025-11-20T16:00:00+00:00,1763650800000,1763654400000,LONG,3,k7_b3,3000.93,2940.91,0.01,-0.6328801199999998,-0.021089466265457702,0.03268012,stop,,,
2025-11-20T17:00:00+00:00,2025-11-20T17:00:00+00:00,1763658000000,1763658000000,SHORT,1,k7_b1,2859.77,2831.17,0.01,0.2546998299999991,0.00890630470282572,0.03130017,target_entry_bar,,,
2025-11-20T18:00:00+00:00,2025-11-20T19:00:00+00:00,1763661600000,1763665200000,SHORT,2,k7_b2,2830.74,2802.43,0.01,0.2521175649999995,0.008906418992913497,0.030982435000000003,target,,,
2025-11-20T19:00:00+00:00,2025-11-20T21:00:00+00:00,1763665200000,1763672400000,SHORT,3,k7_b3,2810.79,2867.01,0.01,-0.5934279000000026,-0.021112495063665467,0.031227900000000003,stop,,,
2025-11-20T20:00:00+00:00,2025-11-20T22:00:00+00:00,1763668800000,1763676000000,SHORT,4,k7_b4,2844.96,2901.86,0.01,-0.600607510000001,-0.02111128135369218,0.031607510000000005,stop,,,
2025-11-20T22:00:00+00:00,2025-11-21T02:00:00+00:00,1763676000000,1763690400000,SHORT,5,k7_b5,2876.52,2801.21,0.01,0.7218724849999995,0.02509534037656611,0.031227515000000004,target,,,
2025-11-20T23:00:00+00:00,2025-11-21T02:00:00+00:00,1763679600000,1763690400000,SHORT,5,k7_b5,2883.62,2808.13,0.01,0.7235953749999978,0.025093298527545164,0.031304625,target,,,
2025-11-21T02:00:00+00:00,2025-11-21T02:00:00+00:00,1763690400000,1763690400000,SHORT,5,k7_b5,2859.6,2784.74,0.01,0.7175561300000013,0.025092884669184547,0.03104387,target_entry_bar,,,
2025-11-21T04:00:00+00:00,2025-11-21T07:00:00+00:00,1763697600000,1763708400000,SHORT,6,k7_b6,2806.35,2732.88,0.01,0.704234234999998,0.025094312363033763,0.030465765000000006,target,,,
2025-11-21T05:00:00+00:00,2025-11-21T07:00:00+00:00,1763701200000,1763708400000,SHORT,7,k7_b7,2816.3,2742.57,0.01,0.7067262150000002,0.025094138231012326,0.030573785000000006,target,,,
2025-11-21T10:00:00+00:00,2025-11-21T10:00:00+00:00,1763719200000,1763719200000,LONG,1,k7_b1,2682.08,2708.9,0.01,0.23854961000000166,0.00889420188808692,0.029650390000000002,target_entry_bar,,,
2025-11-21T11:00:00+00:00,2025-11-21T12:00:00+00:00,1763722800000,1763726400000,LONG,2,k7_b2,2697.23,2643.29,0.01,-0.5687728600000006,-0.02108729548462684,0.02937286,stop,,,
2025-11-21T12:00:00+00:00,2025-11-21T12:00:00+00:00,1763726400000,1763726400000,LONG,3,k7_b3,2688.79,2635.01,0.01,-0.5670808999999976,-0.021090561181795437,0.029280900000000002,stop_entry_bar,,,
2025-11-22T11:00:00+00:00,2025-11-22T11:00:00+00:00,1763809200000,1763809200000,LONG,1,k7_b1,2713.07,2740.2,0.01,0.24130701499999654,0.008894242131607239,0.029992985,target_entry_bar,,,
2025-11-22T13:00:00+00:00,2025-11-22T14:00:00+00:00,1763816400000,1763820000000,LONG,2,k7_b2,2721.06,2748.27,0.01,0.2420186850000004,0.008894279618972033,0.030081315000000004,target,,,
2025-11-22T14:00:00+00:00,2025-11-22T22:00:00+00:00,1763820000000,1763848800000,LONG,3,k7_b3,2719.44,2790.63,0.01,0.6815946150000005,0.025063785742652916,0.030305385000000004,target,,,
2025-11-22T16:00:00+00:00,2025-11-23T01:00:00+00:00,1763827200000,1763859600000,LONG,4,k7_b4,2738.98,2810.69,0.01,0.6865768150000005,0.025066879458776642,0.030523185,target,,,
2025-11-22T21:00:00+00:00,2025-11-23T01:00:00+00:00,1763845200000,1763859600000,LONG,3,k7_b3,2741.36,2813.13,0.01,0.6871503049999997,0.025066036748183373,0.030549695000000005,target,,,
2025-11-22T22:00:00+00:00,2025-11-23T02:00:00+00:00,1763848800000,1763863200000,LONG,4,k7_b4,2747.91,2819.85,0.01,0.6887773200000006,0.02506549777831154,0.03062268,target,,,
2025-11-23T01:00:00+00:00,2025-11-23T04:00:00+00:00,1763859600000,1763870400000,LONG,5,k7_b5,2773.17,2845.77,0.01,0.6950958299999991,0.025065027748028396,0.03090417,target,,,
2025-11-23T05:00:00+00:00,2025-11-23T07:00:00+00:00,1763874000000,1763881200000,SHORT,1,k7_b1,2824.78,2796.53,0.01,0.251582795,0.008906279250065492,0.030917205000000003,target,,,
2025-11-23T06:00:00+00:00,2025-11-23T07:00:00+00:00,1763877600000,1763881200000,SHORT,2,k7_b2,2822.29,2794.07,0.01,0.251310019999998,0.008904471900477912,0.030889980000000004,target,,,
2025-11-23T12:00:00+00:00,2025-11-23T18:00:00+00:00,1763899200000,1763920800000,SHORT,2,k7_b2,2813.01,2791.3,0.01,0.18627629500000037,0.006621956374133059,0.030823705000000007,max_hold,,,
2025-11-23T10:00:00+00:00,2025-11-23T22:00:00+00:00,1763892000000,1763935200000,SHORT,3,k7_b3,2813.65,2839.91,0.01,-0.2936945799999976,-0.010438205889147463,0.031094580000000004,max_hold,,,
2025-11-23T14:00:00+00:00,2025-11-24T00:00:00+00:00,1763906400000,1763942400000,SHORT,4,k7_b4,2841.03,2766.65,0.01,0.7129577600000011,0.02509504510688029,0.030842240000000007,target,,,
2025-11-23T13:00:00+00:00,2025-11-24T01:00:00+00:00,1763902800000,1763946000000,SHORT,3,k7_b3,2832.39,2786.68,0.01,0.4261951150000004,0.015047190358672373,0.030904885,max_hold,,,
2025-11-24T01:00:00+00:00,2025-11-24T02:00:00+00:00,1763946000000,1763949600000,LONG,1,k7_b1,2788.08,2815.96,0.01,0.2479777800000011,0.008894213222002277,0.030822220000000004,target,,,
2025-11-23T15:00:00+00:00,2025-11-24T03:00:00+00:00,1763910000000,1763953200000,SHORT,5,k7_b5,2812.14,2839.23,0.01,-0.3019825350000015,-0.010738531332010552,0.031082535,max_hold,,,
2025-11-23T16:00:00+00:00,2025-11-24T04:00:00+00:00,1763913600000,1763956800000,SHORT,6,k7_b6,2833.59,2855.51,0.01,-0.25049005000000074,-0.008840024491898994,0.03129005000000001,max_hold,,,
2025-11-23T20:00:00+00:00,2025-11-24T05:00:00+00:00,1763928000000,1763960400000,SHORT,6,k7_b6,2820.09,2876.49,0.01,-0.5953311899999963,-0.021110361371445462,0.03133119,stop,,,
2025-11-23T21:00:00+00:00,2025-11-24T05:00:00+00:00,1763931600000,1763960400000,SHORT,7,k7_b7,2825.67,2882.18,0.01,-0.5964931749999977,-0.021109796083760582,0.031393175,stop,,,
2025-11-24T06:00:00+00:00,2025-11-24T09:00:00+00:00,1763964000000,1763974800000,SHORT,5,k7_b5,2864.69,2789.69,0.01,0.71890091,0.025095242766232994,0.031099090000000003,target,,,
2025-11-24T12:00:00+00:00,2025-11-24T14:00:00+00:00,1763985600000,1763992800000,LONG,1,k7_b1,2803.47,2831.5,0.01,0.24930766500000198,0.00889282442829786,0.030992335000000003,target,,,
2025-11-24T13:00:00+00:00,2025-11-24T14:00:00+00:00,1763989200000,1763992800000,LONG,2,k7_b2,2803.66,2831.7,0.01,0.24940551999999966,0.008895712033556125,0.03099448,target,,,
2025-11-24T04:00:00+00:00,2025-11-24T16:00:00+00:00,1763956800000,1764000000000,SHORT,4,k7_b4,2854.08,2845.15,0.01,0.05795423499999837,0.002030575001401445,0.031345765,max_hold,,,
2025-11-24T07:00:00+00:00,2025-11-24T17:00:00+00:00,1763967600000,1764003600000,SHORT,6,k7_b6,2836.39,2893.12,0.01,-0.5988123050000003,-0.02111177606041483,0.031512305000000004,stop,,,
2025-11-24T08:00:00+00:00,2025-11-24T17:00:00+00:00,1763971200000,1764003600000,SHORT,6,k7_b6,2827.34,2883.89,0.01,-0.5969117649999973,-0.021112132428360127,0.031411765,stop,,,
2025-11-24T09:00:00+00:00,2025-11-24T17:00:00+00:00,1763974800000,1764003600000,SHORT,6,k7_b6,2835.96,2892.68,0.01,-0.598707519999998,-0.021111282246576046,0.031507520000000004,stop,,,
2025-11-24T14:00:00+00:00,2025-11-24T17:00:00+00:00,1763992800000,1764003600000,LONG,3,k7_b3,2815.31,2889.01,0.01,0.7056262400000027,0.025063891365426996,0.03137376,target,,,
2025-11-24T15:00:00+00:00,2025-11-24T17:00:00+00:00,1763996400000,1764003600000,LONG,4,k7_b4,2832.65,2906.81,0.01,0.7100329699999985,0.025066032513723843,0.03156703,target,,,
2025-11-24T16:00:00+00:00,2025-11-24T17:00:00+00:00,1764000000000,1764003600000,LONG,5,k7_b5,2846.58,2921.1,0.01,0.7134777599999998,0.025064384629977017,0.03172224,target,,,
2025-11-24T17:00:00+00:00,2025-11-24T17:00:00+00:00,1764003600000,1764003600000,LONG,6,k7_b6,2858.9,2933.75,0.01,0.716640424999999,0.025066998670817412,0.031859575,target_entry_bar,,,
2025-11-25T00:00:00+00:00,2025-11-25T01:00:00+00:00,1764028800000,1764032400000,SHORT,1,k7_b1,2950.7,2921.19,0.01,0.26280460499999764,0.008906517267089086,0.032295395000000005,target,,,
2025-11-25T01:00:00+00:00,2025-11-25T02:00:00+00:00,1764032400000,1764036000000,SHORT,2,k7_b2,2940.49,2911.09,0.01,0.2618163099999964,0.008903832694550785,0.03218369,target,,,
2025-11-25T05:00:00+00:00,2025-11-25T14:00:00+00:00,1764046800000,1764079200000,SHORT,4,k7_b4,2934.58,2857.75,0.01,0.7364421849999994,0.025095318069365952,0.031857815000000005,target,,,
2025-11-25T03:00:00+00:00,2025-11-25T15:00:00+00:00,1764039600000,1764082800000,SHORT,3,k7_b3,2928.28,2879.41,0.01,0.45675770500000346,0.015598156767795546,0.031942295,max_hold,,,
2025-11-25T15:00:00+00:00,2025-11-25T15:00:00+00:00,1764082800000,1764082800000,LONG,1,k7_b1,2880.85,2909.66,0.01,0.25625219499999946,0.008895020393286684,0.031847805,target_entry_bar,,,
2025-11-25T16:00:00+00:00,2025-11-25T16:00:00+00:00,1764086400000,1764086400000,LONG,2,k7_b2,2895.64,2924.6,0.01,0.25758868000000035,0.008895742564683468,0.032011319999999996,target_entry_bar,,,
2025-11-25T07:00:00+00:00,2025-11-25T19:00:00+00:00,1764054000000,1764097200000,SHORT,3,k7_b3,2919.61,2922.89,0.01,-0.06493374999999746,-0.002224055610167024,0.03213375,max_hold,,,
2025-11-25T08:00:00+00:00,2025-11-25T20:00:00+00:00,1764057600000,1764100800000,SHORT,4,k7_b4,2900.1,2921.18,0.01,-0.24281703999999926,-0.008372712665080488,0.032017040000000004,max_hold,,,
2025-11-25T21:00:00+00:00,2025-11-26T03:00:00+00:00,1764104400000,1764126000000,SHORT,1,k7_b1,2926.26,2955.42,0.01,-0.32394923999999853,-0.011070418896475313,0.03234924,max_hold,,,
2025-11-25T23:00:00+00:00,2025-11-26T03:00:00+00:00,1764111600000,1764126000000,SHORT,2,k7_b2,2967.25,2937.58,0.01,0.26422343500000073,0.008904657005644983,0.032476565,target,,,
2025-11-26T00:00:00+00:00,2025-11-26T12:00:00+00:00,1764115200000,1764158400000,SHORT,3,k7_b3,2956.76,2912.82,0.01,0.40711731000000057,0.013769034686616449,0.03228269,max_hold,,,
2025-11-26T02:00:00+00:00,2025-11-26T12:00:00+00:00,1764122400000,1764158400000,SHORT,5,k7_b5,2967.32,2889.64,0.01,0.7445867200000029,0.025092902686599455,0.032213280000000004,target,,,
2025-11-26T01:00:00+00:00,2025-11-26T13:00:00+00:00,1764118800000,1764162000000,SHORT,4,k7_b4,2951.59,2900.01,0.01,0.4836161999999993,0.016384938287499255,0.0321838,max_hold,,,
2025-11-26T09:00:00+00:00,2025-11-26T14:00:00+00:00,1764147600000,1764165600000,LONG,1,k7_b1,2913.28,2942.41,0.01,0.25909370499999657,0.008893539412620707,0.032206295,target,,,
2025-11-26T10:00:00+00:00,2025-11-26T14:00:00+00:00,1764151200000,1764165600000,LONG,2,k7_b2,2907.3,2936.37,0.01,0.2585598149999971,0.008893468682282428,0.032140185,target,,,
2025-11-26T03:00:00+00:00,2025-11-26T15:00:00+00:00,1764126000000,1764169200000,SHORT,5,k7_b5,2953.94,2909.33,0.01,0.41385201500000124,0.014010169976370584,0.03224798500000001,max_hold,,,
2025-11-26T11:00:00+00:00,2025-11-26T17:00:00+00:00,1764154800000,1764176400000,LONG,3,k7_b3,2914.2,2990.49,0.01,0.7304242049999997,0.02506431284743668,0.032475795,target,,,
2025-11-26T12:00:00+00:00,2025-11-26T17:00:00+00:00,1764158400000,1764176400000,LONG,4,k7_b4,2914.28,2990.58,0.01,0.7305232699999973,0.025067024102007947,0.03247673,target,,,
2025-11-26T13:00:00+00:00,2025-11-26T17:00:00+00:00,1764162000000,1764176400000,LONG,5,k7_b5,2901.47,2977.43,0.01,0.7272660500000003,0.02506543407307332,0.03233395,target,,,
2025-11-26T14:00:00+00:00,2025-11-26T17:00:00+00:00,1764165600000,1764176400000,LONG,6,k7_b6,2934.36,3011.18,0.01,0.7354995299999971,0.02506507483744316,0.03270047,target,,,
2025-11-26T15:00:00+00:00,2025-11-26T17:00:00+00:00,1764169200000,1764176400000,LONG,6,k7_b6,2910.79,2986.99,0.01,0.7295622099999982,0.02506406199004388,0.03243779,target,,,
2025-11-26T16:00:00+00:00,2025-11-26T17:00:00+00:00,1764172800000,1764176400000,LONG,6,k7_b6,2928.1,3004.76,0.01,0.7339692700000031,0.02506640039616144,0.03263073,target,,,
2025-11-26T17:00:00+00:00,2025-11-26T17:00:00+00:00,1764176400000,1764176400000,LONG,7,k7_b7,2946.64,3023.78,0.01,0.7385626900000033,0.025064571511959496,0.03283731000000001,target_entry_bar,,,
2025-11-27T02:00:00+00:00,2025-11-27T05:00:00+00:00,1764208800000,1764219600000,SHORT,1,k7_b1,3049.05,3018.56,0.01,0.2715281450000024,0.00890533592430437,0.033371855000000006,target,,,
2025-11-27T12:00:00+00:00,2025-11-27T12:00:00+00:00,1764244800000,1764244800000,SHORT,1,k7_b1,3025.23,2994.98,0.01,0.269388845,0.008904739309077326,0.033111155,target_entry_bar,,,
2025-11-27T23:00:00+00:00,2025-11-28T05:00:00+00:00,1764284400000,1764306000000,LONG,1,k7_b1,3010.92,3016.0,0.01,0.01765193999999927,0.0005862639990434574,0.03314806000000001,max_hold,,,
2025-11-28T00:00:00+00:00,2025-11-28T06:00:00+00:00,1764288000000,1764309600000,LONG,2,k7_b2,3015.32,3022.97,0.01,0.04328940499999636,0.0014356487868616384,0.033210595,max_hold,,,
2025-11-28T08:00:00+00:00,2025-11-28T08:00:00+00:00,1764316800000,1764316800000,LONG,1,k7_b1,3001.64,3031.66,0.01,0.2670168499999998,0.008895698684719013,0.03318315,target_entry_bar,,,
2025-11-28T12:00:00+00:00,2025-11-28T13:00:00+00:00,1764331200000,1764334800000,LONG,2,k7_b2,3033.96,3064.3,0.01,0.26985957000000144,0.008894631768381964,0.03354043,target,,,
2025-11-28T13:00:00+00:00,2025-11-29T01:00:00+00:00,1764334800000,1764378000000,LONG,3,k7_b3,3036.34,3034.5,0.01,-0.05178962000000146,-0.0017056594452532145,0.03338962,max_hold,,,
2025-11-28T15:00:00+00:00,2025-11-29T03:00:00+00:00,1764342000000,1764385200000,LONG,3,k7_b3,3067.0,3029.3,0.01,-0.4105296499999982,-0.013385381480273824,0.03352965000000001,max_hold,,,
2025-11-28T22:00:00+00:00,2025-11-29T10:00:00+00:00,1764367200000,1764410400000,LONG,3,k7_b3,3036.54,3000.3,0.01,-0.39560261999999785,-0.013028072082040673,0.03320262,max_hold,,,
2025-11-28T23:00:00+00:00,2025-11-29T11:00:00+00:00,1764370800000,1764414000000,LONG,4,k7_b4,3039.79,2995.66,0.01,-0.4744949750000011,-0.015609465620980433,0.033194975,max_hold,,,
2025-11-29T00:00:00+00:00,2025-11-29T12:00:00+00:00,1764374400000,1764417600000,LONG,5,k7_b5,3031.32,2998.45,0.01,-0.36186373500000346,-0.011937497030996511,0.033163735,max_hold,,,
2025-11-29T15:00:00+00:00,2025-11-29T21:00:00+00:00,1764428400000,1764450000000,LONG,1,k7_b1,2988.59,2996.22,0.01,0.04338354499999655,0.00145163923455531,0.032916455000000004,max_hold,,,
2025-11-29T18:00:00+00:00,2025-11-30T00:00:00+00:00,1764439200000,1764460800000,LONG,2,k7_b2,2970.13,2987.96,0.01,0.14553050499999926,0.004899802533895797,0.03276949500000001,max_hold,,,
2025-11-30T12:00:00+00:00,2025-11-30T13:00:00+00:00,1764504000000,1764507600000,LONG,1,k7_b1,3003.28,3033.31,0.01,0.26709875499999747,0.00889356819876926,0.033201245000000004,target,,,
2025-11-30T13:00:00+00:00,2025-11-30T19:00:00+00:00,1764507600000,1764529200000,SHORT,1,k7_b1,3023.07,3035.9,0.01,-0.1616243349999993,-0.00534636429192838,0.033324335000000004,max_hold,,,
2025-11-30T16:00:00+00:00,2025-11-30T22:00:00+00:00,1764518400000,1764540000000,SHORT,2,k7_b2,3026.13,3021.12,0.01,0.016840125000002176,0.0005564904680235871,0.03325987500000001,max_hold,,,
2025-11-30T17:00:00+00:00,2025-12-01T00:00:00+00:00,1764522000000,1764547200000,SHORT,3,k7_b3,3041.21,2961.59,0.01,0.7631845999999989,0.025094768200814768,0.03301540000000001,target,,,
2025-11-30T18:00:00+00:00,2025-12-01T00:00:00+00:00,1764525600000,1764547200000,SHORT,4,k7_b4,3038.35,2958.81,0.01,0.7624156199999996,0.025093080783978136,0.03298438000000001,target,,,
2025-11-30T19:00:00+00:00,2025-12-01T00:00:00+00:00,1764529200000,1764547200000,SHORT,4,k7_b4,3034.38,2954.94,0.01,0.7614587400000006,0.025094376445929663,0.03294126000000001,target,,,
2025-11-30T20:00:00+00:00,2025-12-01T00:00:00+00:00,1764532800000,1764547200000,SHORT,5,k7_b5,3031.93,2952.55,0.01,0.7608853599999965,0.02509574297559629,0.03291464,target,,,
2025-11-30T21:00:00+00:00,2025-12-01T00:00:00+00:00,1764536400000,1764547200000,SHORT,6,k7_b6,3026.31,2947.08,0.01,0.7594463550000002,0.025094797129177122,0.032853645,target,,,
2025-11-30T22:00:00+00:00,2025-12-01T00:00:00+00:00,1764540000000,1764547200000,SHORT,6,k7_b6,3019.6,2940.55,0.01,0.7577191749999973,0.025093362531461032,0.032780825,target,,,
2025-11-30T23:00:00+00:00,2025-12-01T00:00:00+00:00,1764543600000,1764547200000,SHORT,7,k7_b7,3030.71,2951.37,0.01,0.7604985600000014,0.025093082479023112,0.032901440000000004,target,,,
2025-12-01T14:00:00+00:00,2025-12-01T15:00:00+00:00,1764597600000,1764601200000,LONG,1,k7_b1,2813.44,2757.17,0.01,-0.5933383549999999,-0.021089426289524565,0.030638355,stop,,,
2025-12-01T16:00:00+00:00,2025-12-01T21:00:00+00:00,1764604800000,1764622800000,LONG,2,k7_b2,2746.39,2773.85,0.01,0.24423868000000035,0.008893080735074055,0.03036132,target,,,
2025-12-01T17:00:00+00:00,2025-12-01T22:00:00+00:00,1764608400000,1764626400000,LONG,3,k7_b3,2732.02,2803.54,0.01,0.6847544199999999,0.025064033938258134,0.03044558,target,,,
2025-12-01T18:00:00+00:00,2025-12-01T22:00:00+00:00,1764612000000,1764626400000,LONG,4,k7_b4,2739.49,2811.21,0.01,0.6866711500000026,0.025065656381297343,0.030528850000000003,target,,,
2025-12-01T20:00:00+00:00,2025-12-01T23:00:00+00:00,1764619200000,1764630000000,LONG,5,k7_b5,2740.94,2812.7,0.01,0.6870549799999977,0.025066399848227162,0.030545020000000003,target,,,
2025-12-01T19:00:00+00:00,2025-12-02T01:00:00+00:00,1764615600000,1764637200000,LONG,5,k7_b5,2749.74,2821.73,0.01,0.6892569150000024,0.025066257718911696,0.030643085,target,,,
2025-12-01T21:00:00+00:00,2025-12-02T09:00:00+00:00,1764622800000,1764666000000,LONG,6,k7_b6,2758.25,2797.19,0.01,0.3588450800000006,0.013009882352941197,0.03055492,max_hold,,,
2025-12-01T22:00:00+00:00,2025-12-02T10:00:00+00:00,1764626400000,1764669600000,LONG,6,k7_b6,2792.08,2796.6,0.01,0.014462259999999814,0.0005179744133405853,0.030737740000000003,max_hold,,,
2025-12-02T01:00:00+00:00,2025-12-02T13:00:00+00:00,1764637200000,1764680400000,LONG,7,k7_b7,2795.69,2826.48,0.01,0.2769780649999996,0.009907323952226448,0.030921935000000005,max_hold,,,
2025-12-02T05:00:00+00:00,2025-12-02T14:00:00+00:00,1764651600000,1764684000000,LONG,7,k7_b7,2805.25,2878.69,0.01,0.7031383300000006,0.02506508617770254,0.031261670000000005,target,,,
2025-12-02T06:00:00+00:00,2025-12-02T14:00:00+00:00,1764655200000,1764684000000,LONG,7,k7_b7,2803.4,2876.79,0.01,0.7026589549999988,0.025064527181279828,0.031241045000000002,target,,,
2025-12-02T07:00:00+00:00,2025-12-02T14:00:00+00:00,1764658800000,1764684000000,LONG,7,k7_b7,2813.14,2886.79,0.01,0.7051503850000009,0.02506630971085694,0.031349615,target,,,
2025-12-02T08:00:00+00:00,2025-12-02T14:00:00+00:00,1764662400000,1764684000000,LONG,7,k7_b7,2805.61,2879.06,0.01,0.7032343149999981,0.02506529114880536,0.031265685,target,,,
2025-12-02T10:00:00+00:00,2025-12-02T14:00:00+00:00,1764669600000,1764684000000,LONG,7,k7_b7,2798.0,2871.25,0.01,0.701319125,0.025065015189421017,0.031180875000000004,target,,,
2025-12-02T13:00:00+00:00,2025-12-02T14:00:00+00:00,1764680400000,1764684000000,LONG,7,k7_b7,2827.9,2901.93,0.01,0.7087859349999975,0.02506403815552168,0.031514065,target,,,
2025-12-02T17:00:00+00:00,2025-12-03T05:00:00+00:00,1764694800000,1764738000000,LONG,7,k7_b7,2995.59,3055.21,0.01,0.562920599999999,0.018791643716262872,0.0332794,max_hold,,,
2025-12-02T18:00:00+00:00,2025-12-03T06:00:00+00:00,1764698400000,1764741600000,LONG,7,k7_b7,3015.87,3057.18,0.01,0.37969822499999945,0.012590006366322138,0.033401775,max_hold,,,
2025-12-02T19:00:00+00:00,2025-12-03T07:00:00+00:00,1764702000000,1764745200000,LONG,7,k7_b7,3013.89,3065.36,0.01,0.4812641250000026,0.01596820471218268,0.033435875000000004,max_hold,,,
2025-12-02T20:00:00+00:00,2025-12-03T08:00:00+00:00,1764705600000,1764748800000,LONG,7,k7_b7,3016.11,3056.41,0.01,0.36960113999999733,0.012254232770024878,0.03339886,max_hold,,,
2025-12-03T03:00:00+00:00,2025-12-03T14:00:00+00:00,1764730800000,1764770400000,LONG,5,k7_b5,3030.99,3110.34,0.01,0.7597226850000036,0.025065166331792704,0.033777315,target,,,
2025-12-03T04:00:00+00:00,2025-12-03T14:00:00+00:00,1764734400000,1764770400000,LONG,6,k7_b6,3030.59,3109.93,0.01,0.7596271399999969,0.025065321934012744,0.03377286,target,,,
2025-12-03T11:00:00+00:00,2025-12-03T14:00:00+00:00,1764759600000,1764770400000,LONG,3,k7_b3,3056.09,3136.1,0.01,0.7660429549999976,0.025066112418155144,0.03405704500000001,target,,,
2025-12-03T17:00:00+00:00,2025-12-03T17:00:00+00:00,1764781200000,1764781200000,LONG,2,k7_b2,3088.54,3119.43,0.01,0.2747561649999987,0.00889598855770036,0.034143835,target_entry_bar,,,
2025-12-03T19:00:00+00:00,2025-12-03T22:00:00+00:00,1764788400000,1764799200000,LONG,3,k7_b3,3115.32,3196.88,0.01,0.7808828999999995,0.02506589692230652,0.0347171,target,,,
2025-12-03T21:00:00+00:00,2025-12-04T01:00:00+00:00,1764795600000,1764810000000,LONG,4,k7_b4,3138.4,3220.559999999999,0.01,0.7866257199999985,0.025064546265613004,0.034974279999999996,target,,,
2025-12-04T08:00:00+00:00,2025-12-04T13:00:00+00:00,1764835200000,1764853200000,SHORT,1,k7_b1,3187.41,3155.54,0.01,0.28381377499999894,0.008904212981699843,0.034886225,target,,,
2025-12-04T11:00:00+00:00,2025-12-04T14:00:00+00:00,1764846000000,1764856800000,SHORT,2,k7_b2,3185.68,3153.82,0.01,0.2837327499999967,0.008906505047587852,0.03486725,target,,,
2025-12-04T12:00:00+00:00,2025-12-04T19:00:00+00:00,1764849600000,1764874800000,SHORT,3,k7_b3,3183.49,3100.15,0.01,0.7988399799999969,0.025093214679486883,0.03456002,target,,,
2025-12-04T13:00:00+00:00,2025-12-04T19:00:00+00:00,1764853200000,1764874800000,SHORT,4,k7_b4,3173.82,3090.73,0.01,0.7964449750000016,0.02509420745347882,0.034455025,target,,,
2025-12-04T14:00:00+00:00,2025-12-04T19:00:00+00:00,1764856800000,1764874800000,SHORT,4,k7_b4,3167.8,3084.87,0.01,0.794910315000003,0.025093450186249224,0.034389685,target,,,
2025-12-04T16:00:00+00:00,2025-12-04T19:00:00+00:00,1764864000000,1764874800000,SHORT,5,k7_b5,3204.95,3121.04,0.01,0.8043070549999985,0.02509577544111448,0.034792945000000006,target,,,
2025-12-04T18:00:00+00:00,2025-12-04T19:00:00+00:00,1764871200000,1764874800000,SHORT,5,k7_b5,3157.63,3074.96,0.01,0.7924207550000008,0.025095427741692367,0.034279245,target,,,
2025-12-05T00:00:00+00:00,2025-12-05T01:00:00+00:00,1764892800000,1764896400000,LONG,2,k7_b2,3133.58,3164.92,0.01,0.27875825000000143,0.008895839582841396,0.03464175,target,,,
2025-12-04T21:00:00+00:00,2025-12-05T02:00:00+00:00,1764882000000,1764900000000,LONG,1,k7_b1,3141.1,3172.51,0.01,0.2793751450000031,0.008894181815287736,0.034724855,target,,,
2025-12-05T04:00:00+00:00,2025-12-05T09:00:00+00:00,1764907200000,1764925200000,LONG,4,k7_b4,3171.2,3107.78,0.01,-0.6687343899999962,-0.021087739341574048,0.034534390000000005,stop,,,
2025-12-05T07:00:00+00:00,2025-12-05T09:00:00+00:00,1764918000000,1764925200000,SHORT,1,k7_b1,3166.06,3134.4,0.01,0.28194746999999853,0.008905310385779124,0.03465253,target,,,
2025-12-05T08:00:00+00:00,2025-12-05T09:00:00+00:00,1764921600000,1764925200000,SHORT,2,k7_b2,3170.88,3139.17,0.01,0.2823947250000004,0.008905878651983059,0.03470527500000001,target,,,
2025-12-05T01:00:00+00:00,2025-12-05T13:00:00+00:00,1764896400000,1764939600000,LONG,3,k7_b3,3146.81,3126.5,0.01,-0.23760320499999946,-0.007550605374967013,0.034503205,max_hold,,,
2025-12-05T02:00:00+00:00,2025-12-05T13:00:00+00:00,1764900000000,1764939600000,LONG,4,k7_b4,3163.67,3100.4,0.01,-0.6671523849999998,-0.021087925889868405,0.034452385,stop,,,
2025-12-05T12:00:00+00:00,2025-12-05T16:00:00+00:00,1764936000000,1764950400000,SHORT,3,k7_b3,3128.42,3046.52,0.01,0.7850378300000009,0.025093747962230163,0.03396217,target,,,
2025-12-05T13:00:00+00:00,2025-12-05T16:00:00+00:00,1764939600000,1764950400000,SHORT,3,k7_b3,3124.93,3043.12,0.01,0.7841757249999994,0.02509418530975092,0.033924275000000004,target,,,
2025-12-05T18:00:00+00:00,2025-12-06T06:00:00+00:00,1764957600000,1765000800000,SHORT,3,k7_b3,3030.53,3035.67,0.01,-0.08476409999999873,-0.0027970058042652186,0.03336410000000001,max_hold,,,
2025-12-05T19:00:00+00:00,2025-12-06T07:00:00+00:00,1764961200000,1765004400000,SHORT,4,k7_b4,3004.63,3038.0,0.01,-0.36693446499999893,-0.012212301181842654,0.033234465000000005,max_hold,,,
2025-12-05T20:00:00+00:00,2025-12-06T08:00:00+00:00,1764964800000,1765008000000,SHORT,5,k7_b5,3035.57,3024.98,0.01,0.07256697500000145,0.002390555151091935,0.033333025,max_hold,,,
2025-12-05T23:00:00+00:00,2025-12-06T11:00:00+00:00,1764975600000,1765018800000,SHORT,6,k7_b6,3023.92,3029.56,0.01,-0.08969413999999873,-0.002966154527897521,0.03329414,max_hold,,,
2025-12-06T01:00:00+00:00,2025-12-06T13:00:00+00:00,1764982800000,1765026000000,SHORT,5,k7_b5,3023.19,3030.37,0.01,-0.10509457999999837,-0.0034762810144251064,0.033294580000000004,max_hold,,,
2025-12-06T02:00:00+00:00,2025-12-06T14:00:00+00:00,1764986400000,1765029600000,SHORT,6,k7_b6,3024.01,3034.6,0.01,-0.1392223549999969,-0.004603898631287492,0.033322355000000005,max_hold,,,
2025-12-06T03:00:00+00:00,2025-12-06T15:00:00+00:00,1764990000000,1765033200000,SHORT,7,k7_b7,3026.39,3053.49,0.01,-0.30443933999999906,-0.010059488036902021,0.03343934,max_hold,,,
2025-12-06T15:00:00+00:00,2025-12-06T21:00:00+00:00,1765033200000,1765054800000,SHORT,1,k7_b1,3051.96,3038.41,0.01,0.1020029650000018,0.003342211726235003,0.033497035,max_hold,,,
2025-12-06T18:00:00+00:00,2025-12-07T00:00:00+00:00,1765044000000,1765065600000,SHORT,2,k7_b2,3052.8,3036.53,0.01,0.12920868499999982,0.0042324647864255705,0.03349131500000001,max_hold,,,
2025-12-06T19:00:00+00:00,2025-12-07T07:00:00+00:00,1765047600000,1765090800000,SHORT,3,k7_b3,3039.12,3046.66,0.01,-0.10887178999999964,-0.0035823458764379047,0.03347179,max_hold,,,
2025-12-06T21:00:00+00:00,2025-12-07T09:00:00+00:00,1765054800000,1765098000000,SHORT,3,k7_b3,3036.89,3033.28,0.01,0.0027140649999967195,8.936988168806639e-05,0.033385935000000005,max_hold,,,
2025-12-07T02:00:00+00:00,2025-12-07T14:00:00+00:00,1765072800000,1765116000000,SHORT,3,k7_b3,3039.92,3030.19,0.01,0.06391439500000018,0.0021025025329613994,0.033385605,max_hold,,,
2025-12-07T03:00:00+00:00,2025-12-07T14:00:00+00:00,1765076400000,1765116000000,SHORT,4,k7_b4,3050.81,2970.94,0.01,0.765580374999999,0.02509433150540345,0.033119625,target,,,
2025-12-07T04:00:00+00:00,2025-12-07T14:00:00+00:00,1765080000000,1765116000000,SHORT,5,k7_b5,3051.04,2971.16,0.01,0.765677900000001,0.02509563624206831,0.0331221,target,,,
2025-12-07T05:00:00+00:00,2025-12-07T14:00:00+00:00,1765083600000,1765116000000,SHORT,6,k7_b6,3043.56,2963.88,0.01,0.7637590799999984,0.025094267239679793,0.03304092,target,,,
2025-12-07T06:00:00+00:00,2025-12-07T14:00:00+00:00,1765087200000,1765116000000,SHORT,7,k7_b7,3041.6,2961.97,0.01,0.7632803650000011,0.02509469900710156,0.033019635000000006,target,,,
2025-12-07T12:00:00+00:00,2025-12-07T14:00:00+00:00,1765108800000,1765116000000,SHORT,6,k7_b6,3033.0,2953.6,0.01,0.761073700000001,0.02509309924167494,0.032926300000000006,target,,,
2025-12-07T13:00:00+00:00,2025-12-07T14:00:00+00:00,1765112400000,1765116000000,SHORT,7,k7_b7,3045.99,2966.25,0.01,0.7643326799999979,0.025093079097436233,0.03306732,target,,,
2025-12-07T16:00:00+00:00,2025-12-07T17:00:00+00:00,1765123200000,1765126800000,SHORT,5,k7_b5,3024.31,3084.8,0.01,-0.6385001050000023,-0.021112257176017085,0.033600105000000005,stop,,,
2025-12-07T21:00:00+00:00,2025-12-07T22:00:00+00:00,1765141200000,1765144800000,SHORT,4,k7_b4,3138.41,3056.25,0.01,0.7875293699999986,0.0250932596442147,0.034070630000000005,target,,,
2025-12-08T04:00:00+00:00,2025-12-08T08:00:00+00:00,1765166400000,1765180800000,LONG,1,k7_b1,3111.21,3142.32,0.01,0.27670558500000125,0.008893825392692916,0.034394415000000005,target,,,
2025-12-08T05:00:00+00:00,2025-12-08T09:00:00+00:00,1765170000000,1765184400000,LONG,2,k7_b2,3129.17,3160.46,0.01,0.27830703499999965,0.0088939570237475,0.034592965,target,,,
2025-12-08T06:00:00+00:00,2025-12-08T18:00:00+00:00,1765173600000,1765216800000,LONG,3,k7_b3,3130.79,3119.19,0.01,-0.1503748899999991,-0.004803097301320085,0.034374890000000005,max_hold,,,
2025-12-08T07:00:00+00:00,2025-12-08T18:00:00+00:00,1765177200000,1765216800000,LONG,4,k7_b4,3130.84,3068.22,0.01,-0.6602948300000034,-0.021090021527769013,0.034094830000000007,stop,,,
2025-12-08T16:00:00+00:00,2025-12-09T04:00:00+00:00,1765209600000,1765252800000,LONG,3,k7_b3,3101.24,3128.0,0.01,0.23333918000000217,0.007524060698301395,0.03426082,max_hold,,,
2025-12-08T17:00:00+00:00,2025-12-09T05:00:00+00:00,1765213200000,1765256400000,LONG,4,k7_b4,3108.22,3106.02,0.01,-0.05617831999999818,-0.0018074113158012683,0.03417832,max_hold,,,
2025-12-08T19:00:00+00:00,2025-12-09T07:00:00+00:00,1765220400000,1765263600000,LONG,3,k7_b3,3092.68,3111.72,0.01,0.15627579999999963,0.0050530866432996506,0.03412420000000001,max_hold,,,
2025-12-09T05:00:00+00:00,2025-12-09T11:00:00+00:00,1765256400000,1765278000000,LONG,2,k7_b2,3107.58,3106.29,0.01,-0.047076284999999635,-0.0015148856988395998,0.034176285,max_hold,,,
2025-12-09T07:00:00+00:00,2025-12-09T13:00:00+00:00,1765263600000,1765285200000,LONG,2,k7_b2,3113.28,3135.96,0.01,0.19242917999999837,0.006180914662349623,0.03437082,max_hold,,,
2025-12-09T10:00:00+00:00,2025-12-09T15:00:00+00:00,1765274400000,1765292400000,LONG,3,k7_b3,3106.06,3187.38,0.01,0.7785860800000017,0.025066678686181263,0.034613920000000006,target,,,
2025-12-09T11:00:00+00:00,2025-12-09T15:00:00+00:00,1765278000000,1765292400000,LONG,3,k7_b3,3107.85,3189.21,0.01,0.7789661700000013,0.025064471258265403,0.034633830000000004,target,,,
2025-12-09T12:00:00+00:00,2025-12-09T15:00:00+00:00,1765281600000,1765292400000,LONG,4,k7_b4,3118.47,3200.11,0.01,0.7816478100000034,0.025065105965425463,0.03475219,target,,,
2025-12-09T14:00:00+00:00,2025-12-09T15:00:00+00:00,1765288800000,1765292400000,LONG,4,k7_b4,3117.41,3199.02,0.01,0.7813596350000013,0.025064384697553458,0.03474036500000001,target,,,
2025-12-09T15:00:00+00:00,2025-12-09T15:00:00+00:00,1765292400000,1765292400000,LONG,5,k7_b5,3117.47,3199.09,0.01,0.7814589200000035,0.02506708709305955,0.03474108,target_entry_bar,,,
2025-12-09T22:00:00+00:00,2025-12-10T10:00:00+00:00,1765317600000,1765360800000,LONG,5,k7_b5,3302.23,3346.12,0.01,0.40233407499999874,0.012183708433391942,0.036565925,max_hold,,,
2025-12-10T12:00:00+00:00,2025-12-10T16:00:00+00:00,1765368000000,1765382400000,LONG,1,k7_b1,3318.42,3351.6,0.01,0.29511488999999835,0.008893235033540007,0.03668511000000001,target,,,
2025-12-10T15:00:00+00:00,2025-12-10T16:00:00+00:00,1765378800000,1765382400000,LONG,2,k7_b2,3319.6,3352.800000000001,0.01,0.2953018000000027,0.008895704301723182,0.0366982,target,,,
2025-12-10T16:00:00+00:00,2025-12-10T18:00:00+00:00,1765382400000,1765389600000,LONG,3,k7_b3,3328.3,3415.43,0.01,0.8342094849999965,0.02506413138839637,0.037090515000000004,target,,,
2025-12-10T23:00:00+00:00,2025-12-11T00:00:00+00:00,1765407600000,1765411200000,SHORT,1,k7_b1,3343.5,3310.07,0.01,0.2977053649999984,0.008904003738597229,0.03659463500000001,target,,,
2025-12-11T00:00:00+00:00,2025-12-11T00:00:00+00:00,1765411200000,1765411200000,SHORT,2,k7_b2,3321.13,3287.920000000001,0.01,0.29575022500000037,0.008905108351675494,0.036349775,target_entry_bar,,,
2025-12-11T14:00:00+00:00,2025-12-11T14:00:00+00:00,1765461600000,1765461600000,SHORT,1,k7_b1,3188.94,3157.05,0.01,0.2839970549999987,0.008905688253777076,0.034902945000000005,target_entry_bar,,,
2025-12-11T21:00:00+00:00,2025-12-12T00:00:00+00:00,1765486800000,1765497600000,SHORT,1,k7_b1,3218.25,3186.07,0.01,0.2865762399999984,0.008904722753048967,0.03522376000000001,target,,,
2025-12-11T22:00:00+00:00,2025-12-12T00:00:00+00:00,1765490400000,1765497600000,SHORT,2,k7_b2,3245.85,3213.389999999999,0.01,0.2890741800000004,0.008905962382734889,0.03552582,target,,,
2025-12-11T23:00:00+00:00,2025-12-12T11:00:00+00:00,1765494000000,1765537200000,SHORT,3,k7_b3,3234.84,3242.54,0.01,-0.1126255899999982,-0.0034816432961135074,0.03562559000000001,max_hold,,,
2025-12-12T03:00:00+00:00,2025-12-12T15:00:00+00:00,1765508400000,1765551600000,SHORT,3,k7_b3,3255.41,3229.81,0.01,0.22033128999999912,0.006768157927880026,0.035668710000000006,max_hold,,,
2025-12-12T14:00:00+00:00,2025-12-12T15:00:00+00:00,1765548000000,1765551600000,SHORT,2,k7_b2,3239.38,3206.99,0.01,0.2884449650000033,0.008904326290833533,0.035455034999999996,target,,,
2025-12-13T02:00:00+00:00,2025-12-13T08:00:00+00:00,1765591200000,1765612800000,LONG,1,k7_b1,3084.74,3093.2,0.01,0.05062133000000037,0.0016410242030122594,0.03397867,max_hold,,,
2025-12-13T03:00:00+00:00,2025-12-13T08:00:00+00:00,1765594800000,1765612800000,LONG,2,k7_b2,3084.7,3115.55,0.01,0.27439862500000367,0.008895472007002421,0.034101375,target,,,
2025-12-14T11:00:00+00:00,2025-12-14T11:00:00+00:00,1765710000000,1765710000000,SHORT,1,k7_b1,3104.41,3073.37,0.01,0.2764222099999996,0.00890417857177369,0.03397779,target_entry_bar,,,
2025-12-14T18:00:00+00:00,2025-12-14T23:00:00+00:00,1765735200000,1765753200000,LONG,1,k7_b1,3084.73,3023.04,0.01,-0.6504927350000006,-0.021087509603757885,0.033592735,stop,,,
2025-12-14T19:00:00+00:00,2025-12-14T23:00:00+00:00,1765738800000,1765753200000,LONG,2,k7_b2,3101.49,3039.46,0.01,-0.6540752249999975,-0.021089064449667662,0.033775225,stop,,,
2025-12-14T20:00:00+00:00,2025-12-14T23:00:00+00:00,1765742400000,1765753200000,LONG,3,k7_b3,3093.43,3031.56,0.01,-0.6523874449999989,-0.02108945232314935,0.033687444999999996,stop,,,
2025-12-15T00:00:00+00:00,2025-12-15T02:00:00+00:00,1765756800000,1765764000000,LONG,6,k7_b6,3063.55,3143.75,0.01,0.7678598499999981,0.0250643811917546,0.03414015000000001,target,,,
2025-12-14T21:00:00+00:00,2025-12-15T09:00:00+00:00,1765746000000,1765789200000,LONG,4,k7_b4,3082.77,3138.3,0.01,0.5210841150000021,0.016903113595889478,0.034215885,max_hold,,,
2025-12-14T23:00:00+00:00,2025-12-15T09:00:00+00:00,1765753200000,1765789200000,LONG,6,k7_b6,3074.21,3154.69,0.01,0.7705410500000002,0.025064684910920208,0.03425895,target,,,
2025-12-15T01:00:00+00:00,2025-12-15T09:00:00+00:00,1765760400000,1765789200000,LONG,6,k7_b6,3075.13,3155.64,0.01,0.7708307649999977,0.02506660742797858,0.034269235,target,,,
2025-12-14T22:00:00+00:00,2025-12-15T10:00:00+00:00,1765749600000,1765792800000,LONG,5,k7_b5,3082.08,3152.44,0.01,0.6693101400000013,0.02171618322691174,0.034289860000000005,max_hold,,,
2025-12-15T02:00:00+00:00,2025-12-15T14:00:00+00:00,1765764000000,1765807200000,LONG,7,k7_b7,3108.97,3130.57,0.01,0.18168253000000362,0.005843817405764727,0.03431747,max_hold,,,
2025-12-15T09:00:00+00:00,2025-12-15T14:00:00+00:00,1765789200000,1765807200000,SHORT,1,k7_b1,3136.73,3105.36,0.01,0.27936850499999893,0.008906361242440342,0.034331495000000004,target,,,
2025-12-15T10:00:00+00:00,2025-12-15T14:00:00+00:00,1765792800000,1765807200000,SHORT,2,k7_b2,3150.86,3119.35,0.01,0.2806138450000022,0.00890594456751497,0.034486155000000004,target,,,
2025-12-15T11:00:00+00:00,2025-12-15T14:00:00+00:00,1765796400000,1765807200000,SHORT,3,k7_b3,3157.14,3074.49,0.01,0.7922260350000009,0.025093155039054363,0.034273965,target,,,
2025-12-15T12:00:00+00:00,2025-12-15T14:00:00+00:00,1765800000000,1765807200000,SHORT,4,k7_b4,3154.1,3071.53,0.01,0.7914590349999971,0.0250930228908404,0.034240965,target,,,
2025-12-15T13:00:00+00:00,2025-12-15T14:00:00+00:00,1765803600000,1765807200000,SHORT,5,k7_b5,3152.53,3070.0,0.01,0.791076085000002,0.02509337214871871,0.03422391500000001,target,,,
2025-12-15T14:00:00+00:00,2025-12-15T14:00:00+00:00,1765807200000,1765807200000,SHORT,6,k7_b6,3129.0,3047.08,0.01,0.7852315600000007,0.025095287951422202,0.03396844,target_entry_bar,,,
2025-12-16T12:00:00+00:00,2025-12-16T13:00:00+00:00,1765886400000,1765890000000,SHORT,1,k7_b1,2955.09,2925.54,0.01,0.2631565350000018,0.00890519527324047,0.032343465,target,,,
2025-12-16T13:00:00+00:00,2025-12-16T13:00:00+00:00,1765890000000,1765890000000,SHORT,2,k7_b2,2948.7,2919.21,0.01,0.26262649499999785,0.008906517957065754,0.032273505,target_entry_bar,,,
2025-12-16T15:00:00+00:00,2025-12-17T03:00:00+00:00,1765897200000,1765940400000,SHORT,3,k7_b3,2938.37,2958.38,0.01,-0.2325321250000022,-0.007913643448578709,0.032432125000000006,max_hold,,,
2025-12-16T16:00:00+00:00,2025-12-17T04:00:00+00:00,1765900800000,1765944000000,SHORT,4,k7_b4,2960.24,2946.46,0.01,0.10531314999999744,0.0035575882360888793,0.032486850000000005,max_hold,,,
2025-12-17T03:00:00+00:00,2025-12-17T04:00:00+00:00,1765940400000,1765944000000,SHORT,2,k7_b2,2956.9,2927.33,0.01,0.26333673500000165,0.0089058383780311,0.032363265,target,,,
2025-12-17T08:00:00+00:00,2025-12-17T10:00:00+00:00,1765958400000,1765965600000,SHORT,2,k7_b2,2945.11,2915.66,0.01,0.26226576500000276,0.008905126294094371,0.032234235,target,,,
2025-12-17T13:00:00+00:00,2025-12-17T14:00:00+00:00,1765976400000,1765980000000,LONG,1,k7_b1,2925.53,2954.79,0.01,0.26025823999999764,0.008896105662905444,0.03234176,target,,,
2025-12-17T16:00:00+00:00,2025-12-17T16:00:00+00:00,1765987200000,1765987200000,LONG,2,k7_b2,2904.69,2846.6,0.01,-0.6125320950000014,-0.021087692490420713,0.031632095,stop_entry_bar,,,
2025-12-17T17:00:00+00:00,2025-12-17T18:00:00+00:00,1765990800000,1765994400000,LONG,3,k7_b3,2864.11,2806.83,0.01,-0.603990170000002,-0.021088232295547377,0.031190170000000003,stop,,,
2025-12-17T21:00:00+00:00,2025-12-18T09:00:00+00:00,1766005200000,1766048400000,LONG,3,k7_b3,2823.06,2840.41,0.01,0.1423509149999991,0.00504243321077126,0.031149085,max_hold,,,
2025-12-18T14:00:00+00:00,2025-12-18T14:00:00+00:00,1766066400000,1766066400000,SHORT,1,k7_b1,2961.39,2931.78,0.01,0.26368756499999674,0.008904182326542493,0.032412435,target_entry_bar,,,
2025-12-18T15:00:00+00:00,2025-12-18T17:00:00+00:00,1766070000000,1766077200000,SHORT,2,k7_b2,2947.61,2918.13,0.01,0.26253843000000016,0.008906823833546506,0.03226157,target,,,
2025-12-18T16:00:00+00:00,2025-12-18T17:00:00+00:00,1766073600000,1766077200000,SHORT,3,k7_b3,2962.41,2884.85,0.01,0.7434400699999995,0.025095785863536765,0.03215993,target,,,
2025-12-18T17:00:00+00:00,2025-12-18T17:00:00+00:00,1766077200000,1766077200000,SHORT,4,k7_b4,2941.09,2864.09,0.01,0.73807151,0.025095169137972658,0.031928490000000004,target_entry_bar,,,
2025-12-18T21:00:00+00:00,2025-12-18T21:00:00+00:00,1766091600000,1766091600000,LONG,1,k7_b1,2781.49,2809.3,0.01,0.247350655000004,0.008892739323168662,0.030749345000000004,target_entry_bar,,,
2025-12-18T18:00:00+00:00,2025-12-19T03:00:00+00:00,1766080800000,1766113200000,SHORT,5,k7_b5,2843.03,2899.89,0.01,-0.6001860599999967,-0.021110788841482386,0.03158606,stop,,,
2025-12-19T06:00:00+00:00,2025-12-19T07:00:00+00:00,1766124000000,1766127600000,LONG,1,k7_b1,2923.1,2952.33,0.01,0.2599851350000002,0.00889415808559407,0.032314865,target,,,
2025-12-19T07:00:00+00:00,2025-12-19T07:00:00+00:00,1766127600000,1766127600000,LONG,2,k7_b2,2948.08,2977.56,0.01,0.26220898000000015,0.008894228786193054,0.03259102,target_entry_bar,,,
2025-12-19T08:00:00+00:00,2025-12-19T20:00:00+00:00,1766131200000,1766174400000,LONG,3,k7_b3,2951.87,2983.62,0.01,0.284854805,0.009649977980060098,0.032645195,max_hold,,,
2025-12-19T21:00:00+00:00,2025-12-20T03:00:00+00:00,1766178000000,1766199600000,SHORT,1,k7_b1,2992.89,2981.45,0.01,0.08154113000000054,0.002724494719151073,0.03285887,max_hold,,,
2025-12-20T05:00:00+00:00,2025-12-20T11:00:00+00:00,1766206800000,1766228400000,SHORT,1,k7_b1,2981.46,2977.71,0.01,0.004724564999999993,0.00015846481254150625,0.032775435000000006,max_hold,,,
2025-12-20T13:00:00+00:00,2025-12-20T19:00:00+00:00,1766235600000,1766257200000,SHORT,1,k7_b1,2986.4,2976.91,0.01,0.062101795000002374,0.0020794868403429673,0.032798205,max_hold,,,
2025-12-20T18:00:00+00:00,2025-12-21T00:00:00+00:00,1766253600000,1766275200000,SHORT,2,k7_b2,2975.01,2976.55,0.01,-0.04813357999999965,-0.001617930023764614,0.03273358000000001,max_hold,,,
2025-12-20T21:00:00+00:00,2025-12-21T03:00:00+00:00,1766264400000,1766286000000,SHORT,2,k7_b2,2981.56,2964.83,0.01,0.13459485500000018,0.00451424271186896,0.032705145000000005,max_hold,,,
2025-12-21T03:00:00+00:00,2025-12-21T08:00:00+00:00,1766286000000,1766304000000,LONG,1,k7_b1,2966.32,2995.98,0.01,0.26380734999999855,0.008893421815582895,0.032792650000000007,target,,,
2025-12-21T05:00:00+00:00,2025-12-21T09:00:00+00:00,1766293200000,1766307600000,LONG,2,k7_b2,2975.29,3005.04,0.01,0.264608185,0.008893525841178506,0.032891815000000005,target,,,
2025-12-21T12:00:00+00:00,2025-12-21T13:00:00+00:00,1766318400000,1766322000000,SHORT,1,k7_b1,2993.66,2963.72,0.01,0.26663441000000054,0.008906636358170286,0.03276559,target,,,
2025-12-21T13:00:00+00:00,2025-12-21T13:00:00+00:00,1766322000000,1766322000000,SHORT,2,k7_b2,2987.2,2957.33,0.01,0.2660050849999989,0.008904830108462738,0.032694915000000005,target_entry_bar,,,
2025-12-21T06:00:00+00:00,2025-12-21T18:00:00+00:00,1766296800000,1766340000000,LONG,3,k7_b3,2973.68,2982.43,0.01,0.05474139500000001,0.001840863677329101,0.032758604999999996,max_hold,,,
2025-12-21T07:00:00+00:00,2025-12-21T19:00:00+00:00,1766300400000,1766343600000,LONG,4,k7_b4,2976.47,2986.97,0.01,0.07220108,0.0024257284635827007,0.032798919999999995,max_hold,,,
2025-12-21T08:00:00+00:00,2025-12-21T20:00:00+00:00,1766304000000,1766347200000,LONG,5,k7_b5,2981.32,2989.48,0.01,0.048760599999998544,0.0016355372787892123,0.032839400000000005,max_hold,,,
2025-12-21T14:00:00+00:00,2025-12-22T00:00:00+00:00,1766325600000,1766361600000,LONG,4,k7_b4,2950.39,3027.63,0.01,0.7395208900000024,0.025065191042540222,0.03287911,target,,,
2025-12-21T21:00:00+00:00,2025-12-22T00:00:00+00:00,1766350800000,1766361600000,SHORT,1,k7_b1,2983.7,3043.37,0.01,-0.6298488850000008,-0.02110965864530619,0.033148885,stop,,,
2025-12-21T23:00:00+00:00,2025-12-22T00:00:00+00:00,1766358000000,1766361600000,SHORT,2,k7_b2,2993.5,3053.37,0.01,-0.6319577849999989,-0.02111099999999996,0.033257785000000005,stop,,,
2025-12-22T07:00:00+00:00,2025-12-22T08:00:00+00:00,1766386800000,1766390400000,LONG,1,k7_b1,3024.69,3054.94,0.01,0.269062035,0.008895524334725211,0.033437965,target,,,
2025-12-22T08:00:00+00:00,2025-12-22T12:00:00+00:00,1766390400000,1766404800000,LONG,2,k7_b2,3029.9,3060.2,0.01,0.2695044499999973,0.008894829862371605,0.033495550000000006,target,,,
2025-12-22T13:00:00+00:00,2025-12-22T15:00:00+00:00,1766408400000,1766415600000,SHORT,1,k7_b1,3055.33,3024.78,0.01,0.27205939499999726,0.008904419326226537,0.033440605,target,,,
2025-12-22T14:00:00+00:00,2025-12-22T15:00:00+00:00,1766412000000,1766415600000,SHORT,2,k7_b2,3053.99,3023.45,0.01,0.2719740799999996,0.008905532762058802,0.03342592,target,,,
2025-12-22T18:00:00+00:00,2025-12-23T06:00:00+00:00,1766426400000,1766469600000,SHORT,3,k7_b3,3029.83,2974.15,0.01,0.5237781099999984,0.017287376189423116,0.033021890000000005,max_hold,,,
2025-12-23T01:00:00+00:00,2025-12-23T06:00:00+00:00,1766451600000,1766469600000,SHORT,3,k7_b3,3025.48,2946.27,0.01,0.7592553750000004,0.025095369164562332,0.032844625,target,,,
2025-12-22T19:00:00+00:00,2025-12-23T07:00:00+00:00,1766430000000,1766473200000,SHORT,3,k7_b3,3012.8,2958.48,0.01,0.5103579600000017,0.01693965613382905,0.03284204,max_hold,,,
2025-12-23T02:00:00+00:00,2025-12-23T13:00:00+00:00,1766455200000,1766494800000,SHORT,4,k7_b4,3015.45,2936.51,0.01,0.756664219999996,0.025092912168996204,0.032735780000000006,target,,,
2025-12-23T18:00:00+00:00,2025-12-23T18:00:00+00:00,1766512800000,1766512800000,LONG,1,k7_b1,2910.86,2939.97,0.01,0.25892043499999673,0.008894980692990962,0.03217956500000001,target_entry_bar,,,
2025-12-23T12:00:00+00:00,2025-12-24T00:00:00+00:00,1766491200000,1766534400000,SHORT,3,k7_b3,2970.57,2963.29,0.01,0.040163770000002,0.0013520560027200838,0.03263623,max_hold,,,
2025-12-23T21:00:00+00:00,2025-12-24T02:00:00+00:00,1766523600000,1766541600000,SHORT,2,k7_b2,2967.23,2937.56,0.01,0.2642236550000007,0.008904724439965919,0.032476345000000004,target,,,
2025-12-23T22:00:00+00:00,2025-12-24T10:00:00+00:00,1766527200000,1766570400000,SHORT,3,k7_b3,2971.43,2918.01,0.01,0.5018080799999962,0.016887763803959583,0.032391920000000005,max_hold,,,
2025-12-24T05:00:00+00:00,2025-12-24T11:00:00+00:00,1766552400000,1766574000000,LONG,1,k7_b1,2935.96,2926.76,0.01,-0.12424495999999818,-0.004231834221174614,0.03224496,max_hold,,,
2025-12-24T06:00:00+00:00,2025-12-24T12:00:00+00:00,1766556000000,1766577600000,LONG,2,k7_b2,2929.77,2923.96,0.01,-0.09029551499999947,-0.0030820001228765216,0.032195515,max_hold,,,
2025-12-24T01:00:00+00:00,2025-12-24T13:00:00+00:00,1766538000000,1766581200000,SHORT,3,k7_b3,2970.06,2935.01,0.01,0.3180221149999973,0.01070759900473382,0.032477885000000005,max_hold,,,
2025-12-24T02:00:00+00:00,2025-12-24T14:00:00+00:00,1766541600000,1766584800000,SHORT,4,k7_b4,2960.72,2929.74,0.01,0.2774024700000002,0.00936942601799563,0.03239753,max_hold,,,
2025-12-24T07:00:00+00:00,2025-12-24T19:00:00+00:00,1766559600000,1766602800000,LONG,3,k7_b3,2933.79,2940.4,0.01,0.03379195500000126,0.0011518191486098617,0.03230804500000001,max_hold,,,
2025-12-24T10:00:00+00:00,2025-12-24T22:00:00+00:00,1766570400000,1766613600000,LONG,4,k7_b4,2919.47,2949.77,0.01,0.27071918000000184,0.009272887887185067,0.03228082,max_hold,,,
2025-12-24T16:00:00+00:00,2025-12-24T22:00:00+00:00,1766592000000,1766613600000,SHORT,1,k7_b1,2922.73,2949.77,0.01,-0.30269874999999963,-0.010356712730905682,0.03229875,max_hold,,,
2025-12-24T20:00:00+00:00,2025-12-25T02:00:00+00:00,1766606400000,1766628000000,LONG,2,k7_b2,2946.26,2947.17,0.01,-0.023313865000001453,-0.0007913037206492791,0.032413865,max_hold,,,
2025-12-25T03:00:00+00:00,2025-12-25T08:00:00+00:00,1766631600000,1766649600000,SHORT,1,k7_b1,2949.59,2920.09,0.01,0.26271676,0.008906890788211242,0.032283240000000005,target,,,
2025-12-24T21:00:00+00:00,2025-12-25T09:00:00+00:00,1766610000000,1766653200000,LONG,3,k7_b3,2943.43,2929.35,0.01,-0.17310028999999927,-0.005880903911423043,0.032300289999999995,max_hold,,,
2025-12-25T05:00:00+00:00,2025-12-25T10:00:00+00:00,1766638800000,1766656800000,SHORT,2,k7_b2,2942.16,2912.74,0.01,0.26199805000000076,0.008904955882752833,0.03220195,target,,,
2025-12-25T13:00:00+00:00,2025-12-25T15:00:00+00:00,1766667600000,1766674800000,LONG,1,k7_b1,2928.08,2957.36,0.01,0.260430080000002,0.008894226933690404,0.03236992,target,,,
2025-12-25T14:00:00+00:00,2025-12-25T15:00:00+00:00,1766671200000,1766674800000,LONG,2,k7_b2,2931.32,2960.63,0.01,0.2606942749999995,0.008893408942046568,0.032405725,target,,,
2025-12-25T06:00:00+00:00,2025-12-25T18:00:00+00:00,1766642400000,1766685600000,SHORT,3,k7_b3,2939.51,2951.48,0.01,-0.152100444999998,-0.005174346914961949,0.032400445,max_hold,,,
2025-12-25T07:00:00+00:00,2025-12-25T19:00:00+00:00,1766646000000,1766689200000,SHORT,4,k7_b4,2940.46,2957.89,0.01,-0.20674092499999838,-0.007030904178257768,0.032440925,max_hold,,,
2025-12-25T08:00:00+00:00,2025-12-25T20:00:00+00:00,1766649600000,1766692800000,SHORT,5,k7_b5,2939.35,2955.15,0.01,-0.19041975000000183,-0.006478294520897539,0.032419750000000004,max_hold,,,
2025-12-26T01:00:00+00:00,2025-12-26T02:00:00+00:00,1766710800000,1766714400000,LONG,2,k7_b2,2904.35,2933.39,0.01,0.2582924299999997,0.008893295573880548,0.03210757,target,,,
2025-12-25T15:00:00+00:00,2025-12-26T03:00:00+00:00,1766674800000,1766718000000,LONG,3,k7_b3,2933.2,2972.35,0.01,0.3590194750000009,0.012239856641210996,0.032480525,max_hold,,,
2025-12-25T18:00:00+00:00,2025-12-26T06:00:00+00:00,1766685600000,1766728800000,SHORT,3,k7_b3,2950.0,2972.0,0.01,-0.252571,-0.008561728813559322,0.032571,max_hold,,,
2025-12-25T19:00:00+00:00,2025-12-26T07:00:00+00:00,1766689200000,1766732400000,SHORT,3,k7_b3,2956.41,2975.3,0.01,-0.2215244050000033,-0.007493020420036575,0.03262440500000001,max_hold,,,
2025-12-25T20:00:00+00:00,2025-12-26T08:00:00+00:00,1766692800000,1766736000000,SHORT,3,k7_b3,2953.67,2955.44,0.01,-0.05020010499999982,-0.0016995840767587381,0.032500105,max_hold,,,
2025-12-25T21:00:00+00:00,2025-12-26T09:00:00+00:00,1766696400000,1766739600000,SHORT,4,k7_b4,2947.38,2963.41,0.01,-0.19280934499999744,-0.006541719934314457,0.032509345,max_hold,,,
2025-12-25T22:00:00+00:00,2025-12-26T10:00:00+00:00,1766700000000,1766743200000,SHORT,5,k7_b5,2944.27,2971.83,0.01,-0.30813854999999946,-0.010465702873717404,0.03253855,max_hold,,,
2025-12-26T02:00:00+00:00,2025-12-26T14:00:00+00:00,1766714400000,1766757600000,LONG,3,k7_b3,2918.23,2983.01,0.01,0.615343180000002,0.021086178265592566,0.032456820000000004,max_hold,,,
2025-12-26T07:00:00+00:00,2025-12-26T15:00:00+00:00,1766732400000,1766761200000,SHORT,5,k7_b5,2973.81,2895.96,0.01,0.746216264999999,0.025092936838600956,0.03228373500000001,target,,,
2025-12-26T14:00:00+00:00,2025-12-26T15:00:00+00:00,1766757600000,1766761200000,SHORT,3,k7_b3,2981.51,2903.45,0.01,0.7482327200000041,0.02509576422685163,0.03236728,target,,,
2025-12-26T06:00:00+00:00,2025-12-26T18:00:00+00:00,1766728800000,1766772000000,SHORT,5,k7_b5,2970.51,2921.03,0.01,0.4623965300000002,0.015566233744373867,0.032403470000000004,max_hold,,,
2025-12-26T15:00:00+00:00,2025-12-26T21:00:00+00:00,1766761200000,1766782800000,LONG,1,k7_b1,2917.85,2930.14,0.01,0.09073605499999964,0.0031096888119677034,0.032163945,max_hold,,,
2025-12-26T20:00:00+00:00,2025-12-27T02:00:00+00:00,1766779200000,1766800800000,LONG,2,k7_b2,2925.97,2926.72,0.01,-0.024689795,-0.0008438157260669112,0.032189795,max_hold,,,
2025-12-26T22:00:00+00:00,2025-12-27T04:00:00+00:00,1766786400000,1766808000000,LONG,2,k7_b2,2925.12,2931.98,0.01,0.03638595000000127,0.0012439130702330595,0.03221405,max_hold,,,
2025-12-27T01:00:00+00:00,2025-12-27T07:00:00+00:00,1766797200000,1766818800000,SHORT,2,k7_b2,2924.88,2928.41,0.01,-0.06749309499999745,-0.002307550908071355,0.032193095000000005,max_hold,,,
2025-12-27T02:00:00+00:00,2025-12-27T08:00:00+00:00,1766800800000,1766822400000,SHORT,2,k7_b2,2925.25,2931.46,0.01,-0.09431190500000036,-0.00322406307153236,0.032211905000000006,max_hold,,,
2025-12-27T03:00:00+00:00,2025-12-27T15:00:00+00:00,1766804400000,1766847600000,SHORT,3,k7_b3,2925.48,2928.33,0.01,-0.060695954999999094,-0.0020747349152959206,0.032195955,max_hold,,,
2025-12-27T04:00:00+00:00,2025-12-27T16:00:00+00:00,1766808000000,1766851200000,SHORT,4,k7_b4,2930.51,2925.54,0.01,0.01749172500000254,0.0005968833070012571,0.03220827500000001,max_hold,,,
2025-12-27T05:00:00+00:00,2025-12-27T17:00:00+00:00,1766811600000,1766854800000,SHORT,5,k7_b5,2927.47,2919.38,0.01,0.0487423249999969,0.0016649982749608672,0.032157675000000004,max_hold,,,
2025-12-27T06:00:00+00:00,2025-12-27T18:00:00+00:00,1766815200000,1766858400000,SHORT,6,k7_b6,2928.11,2927.06,0.01,-0.021703434999998182,-0.0007412096881605603,0.032203435,max_hold,,,
2025-12-27T08:00:00+00:00,2025-12-27T20:00:00+00:00,1766822400000,1766865600000,SHORT,5,k7_b5,2929.99,2929.6,0.01,-0.028327745000001275,-0.0009668205352237133,0.032227745,max_hold,,,
2025-12-27T12:00:00+00:00,2025-12-28T00:00:00+00:00,1766836800000,1766880000000,SHORT,6,k7_b6,2928.12,2947.61,0.01,-0.2272165150000024,-0.007759808853462372,0.032316515000000004,max_hold,,,
2025-12-28T00:00:00+00:00,2025-12-28T06:00:00+00:00,1766880000000,1766901600000,SHORT,1,k7_b1,2946.13,2933.77,0.01,0.09126055000000127,0.003097641651929863,0.032339450000000006,max_hold,,,
2025-12-28T01:00:00+00:00,2025-12-28T07:00:00+00:00,1766883600000,1766905200000,SHORT,2,k7_b2,2942.95,2941.63,0.01,-0.019165190000002913,-0.0006512237720655436,0.03236519,max_hold,,,
2025-12-28T08:00:00+00:00,2025-12-28T14:00:00+00:00,1766908800000,1766930400000,SHORT,1,k7_b1,2936.49,2939.23,0.01,-0.05971646000000237,-0.002033599978205353,0.032316460000000005,max_hold,,,
2025-12-28T09:00:00+00:00,2025-12-28T15:00:00+00:00,1766912400000,1766934000000,SHORT,2,k7_b2,2937.15,2944.01,0.01,-0.10094638000000128,-0.003436882011473751,0.03234638,max_hold,,,
2025-12-28T10:00:00+00:00,2025-12-28T22:00:00+00:00,1766916000000,1766959200000,SHORT,3,k7_b3,2935.0,2936.99,0.01,-0.052195944999997815,-0.0017783967632026513,0.032295945,max_hold,,,
2025-12-28T12:00:00+00:00,2025-12-29T00:00:00+00:00,1766923200000,1766966400000,SHORT,4,k7_b4,2941.51,2949.6,0.01,-0.1133011049999969,-0.0038518007757919197,0.032401105,max_hold,,,
2025-12-28T21:00:00+00:00,2025-12-29T00:00:00+00:00,1766955600000,1766966400000,LONG,1,k7_b1,2932.66,2961.99,0.01,0.2608794249999993,0.008895658719387835,0.032420575,target,,,
2025-12-28T22:00:00+00:00,2025-12-29T00:00:00+00:00,1766959200000,1766966400000,LONG,2,k7_b2,2938.46,2967.84,0.01,0.2613153500000011,0.00889293541514947,0.032484650000000004,target,,,
2025-12-28T13:00:00+00:00,2025-12-29T01:00:00+00:00,1766926800000,1766970000000,SHORT,5,k7_b5,2936.44,2965.46,0.01,-0.3226604499999999,-0.010988150617754829,0.03246045,max_hold,,,
2025-12-28T14:00:00+00:00,2025-12-29T02:00:00+00:00,1766930400000,1766973600000,SHORT,5,k7_b5,2937.76,2979.81,0.01,-0.45304663499999726,-0.015421499203474662,0.032546635000000004,max_hold,,,
2025-12-28T15:00:00+00:00,2025-12-29T02:00:00+00:00,1766934000000,1766973600000,SHORT,5,k7_b5,2942.53,3001.38,0.01,-0.6211915049999992,-0.021110795981689197,0.03269150500000001,stop,,,
2025-12-28T16:00:00+00:00,2025-12-29T02:00:00+00:00,1766937600000,1766973600000,SHORT,6,k7_b6,2946.52,3005.45,0.01,-0.6220358349999984,-0.021110864171972304,0.032735835,stop,,,
2025-12-28T17:00:00+00:00,2025-12-29T02:00:00+00:00,1766941200000,1766973600000,SHORT,7,k7_b7,2940.51,2999.32,0.01,-0.6207690649999995,-0.02111093194717921,0.032669065000000004,stop,,,
2025-12-28T23:00:00+00:00,2025-12-29T03:00:00+00:00,1766962800000,1766977200000,LONG,3,k7_b3,2950.73,3027.98,0.01,0.739617095,0.025065563267394845,0.032882905000000004,target,,,
2025-12-29T00:00:00+00:00,2025-12-29T03:00:00+00:00,1766966400000,1766977200000,LONG,4,k7_b4,2951.08,3028.34,0.01,0.7397131900000021,0.02506584674085427,0.03288681,target,,,
2025-12-29T01:00:00+00:00,2025-12-29T03:00:00+00:00,1766970000000,1766977200000,LONG,5,k7_b5,2966.95,3044.62,0.01,0.7436363650000007,0.02506400057297901,0.03306363500000001,target,,,
2025-12-29T07:00:00+00:00,2025-12-29T07:00:00+00:00,1766991600000,1766991600000,SHORT,1,k7_b1,3033.49,3003.16,0.01,0.2700984249999993,0.008903883810396584,0.033201575,target_entry_bar,,,
2025-12-29T12:00:00+00:00,2025-12-29T12:00:00+00:00,1767009600000,1767009600000,SHORT,2,k7_b2,2957.04,2927.47,0.01,0.26333519500000163,0.008905364655195792,0.032364805,target_entry_bar,,,
2025-12-29T11:00:00+00:00,2025-12-29T23:00:00+00:00,1767006000000,1767049200000,LONG,3,k7_b3,2966.6,2936.89,0.01,-0.32956919500000037,-0.011109323636486226,0.032469195000000006,max_hold,,,
2025-12-29T17:00:00+00:00,2025-12-29T23:00:00+00:00,1767027600000,1767049200000,LONG,2,k7_b2,2936.57,2936.89,0.01,-0.029104030000002914,-0.000991089264005384,0.032304030000000004,max_hold,,,
2025-12-29T19:00:00+00:00,2025-12-30T07:00:00+00:00,1767034800000,1767078000000,LONG,3,k7_b3,2919.71,2944.63,0.01,0.21694613000000074,0.007430399936980067,0.032253870000000004,max_hold,,,
2025-12-29T20:00:00+00:00,2025-12-30T08:00:00+00:00,1767038400000,1767081600000,LONG,4,k7_b4,2932.35,2949.43,0.01,0.1384502099999993,0.004721476290347308,0.03234979,max_hold,,,
2025-12-29T21:00:00+00:00,2025-12-30T09:00:00+00:00,1767042000000,1767085200000,LONG,5,k7_b5,2929.85,2976.7,0.01,0.43601397499999905,0.014881784903663977,0.032486025,max_hold,,,
2025-12-30T03:00:00+00:00,2025-12-30T14:00:00+00:00,1767063600000,1767103200000,LONG,4,k7_b4,2928.38,3005.04,0.01,0.7339661899999986,0.02506389846946088,0.03263381,target,,,
2025-12-30T07:00:00+00:00,2025-12-30T19:00:00+00:00,1767078000000,1767121200000,LONG,4,k7_b4,2946.11,2970.5,0.01,0.21135864499999873,0.007174159994025977,0.03254135500000001,max_hold,,,
2025-12-30T08:00:00+00:00,2025-12-30T20:00:00+00:00,1767081600000,1767124800000,LONG,4,k7_b4,2950.91,2970.32,0.01,0.1615332350000031,0.005474014287118316,0.032566765000000004,max_hold,,,
2025-12-30T11:00:00+00:00,2025-12-30T23:00:00+00:00,1767092400000,1767135600000,LONG,4,k7_b4,2977.67,2968.53,0.01,-0.12410409999999873,-0.0041678258504132,0.0327041,max_hold,,,
2025-12-30T12:00:00+00:00,2025-12-31T00:00:00+00:00,1767096000000,1767139200000,LONG,5,k7_b5,2979.34,2972.23,0.01,-0.10383363500000127,-0.0034851220404519545,0.032733635,max_hold,,,
2025-12-31T04:00:00+00:00,2025-12-31T10:00:00+00:00,1767153600000,1767175200000,LONG,1,k7_b1,2970.68,2975.58,0.01,0.016295570000000904,0.0005485467973662901,0.03270443000000001,max_hold,,,
2025-12-31T05:00:00+00:00,2025-12-31T11:00:00+00:00,1767157200000,1767178800000,LONG,2,k7_b2,2969.19,2979.71,0.01,0.07248104999999982,0.0024411051498893577,0.032718950000000004,max_hold,,,
2025-12-31T14:00:00+00:00,2025-12-31T16:00:00+00:00,1767189600000,1767196800000,SHORT,2,k7_b2,2994.09,2964.15,0.01,0.26662968000000054,0.008905199242507758,0.032770320000000006,target,,,
2025-12-31T13:00:00+00:00,2025-12-31T19:00:00+00:00,1767186000000,1767207600000,SHORT,1,k7_b1,2984.53,2973.15,0.01,0.08103276000000109,0.0027150928286866303,0.03276724,max_hold,,,
2025-12-31T15:00:00+00:00,2026-01-01T03:00:00+00:00,1767193200000,1767236400000,SHORT,3,k7_b3,2990.99,2981.17,0.01,0.0653531199999971,0.002184999615511824,0.032846879999999995,max_hold,,,
2026-01-01T02:00:00+00:00,2026-01-01T08:00:00+00:00,1767232800000,1767254400000,SHORT,2,k7_b2,2981.6,2977.18,0.01,0.011426710000000728,0.0003832408773812962,0.032773290000000004,max_hold,,,
2026-01-01T05:00:00+00:00,2026-01-01T11:00:00+00:00,1767243600000,1767265200000,LONG,1,k7_b1,2976.01,2983.58,0.01,0.042922254999997085,0.0014422752275697018,0.032777745000000004,max_hold,,,
2026-01-01T06:00:00+00:00,2026-01-01T12:00:00+00:00,1767247200000,1767268800000,LONG,2,k7_b2,2982.01,2988.0,0.01,0.027064944999997814,0.0009076074526912321,0.032835055,max_hold,,,
2026-01-01T07:00:00+00:00,2026-01-01T19:00:00+00:00,1767250800000,1767294000000,LONG,3,k7_b3,2976.59,2989.04,0.01,0.09168903499999817,0.0030803380714172312,0.032810965000000004,max_hold,,,
2026-01-01T08:00:00+00:00,2026-01-01T20:00:00+00:00,1767254400000,1767297600000,LONG,4,k7_b4,2978.67,2994.08,0.01,0.12124987499999854,0.004070604497980594,0.032850125,max_hold,,,
2026-01-01T14:00:00+00:00,2026-01-02T02:00:00+00:00,1767276000000,1767319200000,LONG,3,k7_b3,2982.92,3001.54,0.01,0.15328546999999892,0.0051387724109261705,0.03291453,max_hold,,,
2026-01-01T15:00:00+00:00,2026-01-02T03:00:00+00:00,1767279600000,1767322800000,LONG,4,k7_b4,2985.36,3000.78,0.01,0.12127623000000072,0.0040623653428732455,0.032923770000000005,max_hold,,,
2026-01-01T16:00:00+00:00,2026-01-02T04:00:00+00:00,1767283200000,1767326400000,LONG,5,k7_b5,2989.95,3021.04,0.01,0.27783955500000146,0.00929244820147499,0.033060445,max_hold,,,
2026-01-01T17:00:00+00:00,2026-01-02T05:00:00+00:00,1767286800000,1767330000000,LONG,6,k7_b6,2982.85,3010.18,0.01,0.24033833499999926,0.00805733895435571,0.032961665,max_hold,,,
2026-01-01T18:00:00+00:00,2026-01-02T06:00:00+00:00,1767290400000,1767333600000,LONG,7,k7_b7,2990.92,3015.01,0.01,0.20786738500000146,0.006949948009308221,0.033032615,max_hold,,,
2026-01-01T20:00:00+00:00,2026-01-02T08:00:00+00:00,1767297600000,1767340800000,LONG,7,k7_b7,2995.58,3017.0,0.01,0.18113081000000072,0.006046602327429103,0.03306919,max_hold,,,
2026-01-02T02:00:00+00:00,2026-01-02T14:00:00+00:00,1767319200000,1767362400000,LONG,7,k7_b7,3003.05,3049.03,0.01,0.4265135600000002,0.014202679276069333,0.03328644000000001,max_hold,,,
2026-01-02T03:00:00+00:00,2026-01-02T14:00:00+00:00,1767322800000,1767362400000,LONG,7,k7_b7,3002.29,3080.89,0.01,0.7525425099999992,0.02506561691242349,0.033457490000000006,target,,,
2026-01-02T05:00:00+00:00,2026-01-02T14:00:00+00:00,1767330000000,1767362400000,LONG,6,k7_b6,3011.69,3090.54,0.01,0.754937734999999,0.025066913759384232,0.03356226500000001,target,,,
2026-01-02T06:00:00+00:00,2026-01-02T14:00:00+00:00,1767333600000,1767362400000,LONG,6,k7_b6,3016.52,3095.49,0.01,0.7560839449999981,0.025064774806730875,0.033616055,target,,,
2026-01-02T07:00:00+00:00,2026-01-02T14:00:00+00:00,1767337200000,1767362400000,LONG,6,k7_b6,3026.72,3105.96,0.01,0.7586702600000025,0.025065756330285013,0.03372974,target,,,
2026-01-02T08:00:00+00:00,2026-01-02T14:00:00+00:00,1767340800000,1767362400000,LONG,6,k7_b6,3018.51,3097.53,0.01,0.7565617799999997,0.025064080622558802,0.03363822,target,,,
2026-01-03T07:00:00+00:00,2026-01-03T13:00:00+00:00,1767423600000,1767445200000,LONG,1,k7_b1,3098.56,3103.47,0.01,0.014988834999998549,0.000483735509397867,0.034111165,max_hold,,,
2026-01-03T08:00:00+00:00,2026-01-03T14:00:00+00:00,1767427200000,1767448800000,LONG,2,k7_b2,3091.07,3101.58,0.01,0.07104042499999763,0.0022982470471389397,0.03405957500000001,max_hold,,,
2026-01-03T09:00:00+00:00,2026-01-03T21:00:00+00:00,1767430800000,1767474000000,LONG,3,k7_b3,3096.06,3114.08,0.01,0.14604422999999983,0.004717099474816374,0.03415577,max_hold,,,
2026-01-03T12:00:00+00:00,2026-01-04T00:00:00+00:00,1767441600000,1767484800000,LONG,4,k7_b4,3098.55,3125.46,0.01,0.23486794499999855,0.007579930774071696,0.034232055000000004,max_hold,,,
2026-01-03T21:00:00+00:00,2026-01-04T00:00:00+00:00,1767474000000,1767484800000,LONG,2,k7_b2,3115.64,3146.8,0.01,0.2771565800000031,0.008895654825332937,0.03444342,target,,,
2026-01-03T22:00:00+00:00,2026-01-04T10:00:00+00:00,1767477600000,1767520800000,LONG,3,k7_b3,3120.92,3142.43,0.01,0.18065157499999762,0.005788407745151994,0.034448425000000005,max_hold,,,
2026-01-03T23:00:00+00:00,2026-01-04T11:00:00+00:00,1767481200000,1767524400000,LONG,4,k7_b4,3122.95,3144.62,0.01,0.18222836500000072,0.005835135528906987,0.034471635,max_hold,,,
2026-01-04T00:00:00+00:00,2026-01-04T12:00:00+00:00,1767484800000,1767528000000,LONG,4,k7_b4,3127.03,3138.32,0.01,0.07844057499999964,0.0025084688986034553,0.034459425,max_hold,,,
2026-01-04T11:00:00+00:00,2026-01-04T17:00:00+00:00,1767524400000,1767546000000,SHORT,1,k7_b1,3143.04,3137.9,0.01,0.016854829999998724,0.0005362588449398903,0.03454517,max_hold,,,
2026-01-04T12:00:00+00:00,2026-01-04T18:00:00+00:00,1767528000000,1767549600000,SHORT,2,k7_b2,3136.75,3135.93,0.01,-0.026299739999998364,-0.0008384391488004579,0.03449974,max_hold,,,
2026-01-04T18:00:00+00:00,2026-01-05T00:00:00+00:00,1767549600000,1767571200000,SHORT,1,k7_b1,3134.36,3143.33,0.01,-0.124227294999998,-0.003963402257558098,0.034527295,max_hold,,,
2026-01-04T21:00:00+00:00,2026-01-05T01:00:00+00:00,1767560400000,1767574800000,SHORT,2,k7_b2,3139.04,3201.82,0.01,-0.662674730000002,-0.021110745004842307,0.03487473000000001,stop,,,
2026-01-05T02:00:00+00:00,2026-01-05T06:00:00+00:00,1767578400000,1767592800000,LONG,1,k7_b1,3198.1,3134.14,0.01,-0.6744273200000004,-0.021088374972640017,0.034827319999999995,stop,,,
2026-01-05T03:00:00+00:00,2026-01-05T09:00:00+00:00,1767582000000,1767603600000,LONG,2,k7_b2,3193.43,3162.06,0.01,-0.3486551949999989,-0.01091789063796604,0.034955195,max_hold,,,
2026-01-05T04:00:00+00:00,2026-01-05T16:00:00+00:00,1767585600000,1767628800000,LONG,3,k7_b3,3186.35,3194.48,0.01,0.04620543500000109,0.0014501054498093774,0.035094565,max_hold,,,
2026-01-05T05:00:00+00:00,2026-01-05T17:00:00+00:00,1767589200000,1767632400000,LONG,4,k7_b4,3167.09,3182.47,0.01,0.11887741999999654,0.0037535220028479307,0.03492258000000001,max_hold,,,
2026-01-05T16:00:00+00:00,2026-01-05T17:00:00+00:00,1767628800000,1767632400000,SHORT,1,k7_b1,3192.88,3160.95,0.01,0.28435393500000294,0.008905876042945645,0.034946065,target,,,
2026-01-05T07:00:00+00:00,2026-01-05T19:00:00+00:00,1767596400000,1767639600000,LONG,5,k7_b5,3157.81,3227.0,0.01,0.6567835450000005,0.020798703690215702,0.035116455000000005,max_hold,,,
2026-01-05T08:00:00+00:00,2026-01-05T20:00:00+00:00,1767600000000,1767643200000,LONG,5,k7_b5,3157.58,3221.64,0.01,0.6055142899999995,0.01917653044420092,0.035085710000000006,max_hold,,,
2026-01-05T14:00:00+00:00,2026-01-05T20:00:00+00:00,1767621600000,1767643200000,LONG,5,k7_b5,3154.59,3237.18,0.01,0.790745264999997,0.025066498816010856,0.035154735000000006,target,,,
2026-01-05T21:00:00+00:00,2026-01-06T00:00:00+00:00,1767646800000,1767657600000,SHORT,2,k7_b2,3239.02,3206.63,0.01,0.28844892499999875,0.008905438218967427,0.035451075,target,,,
2026-01-05T22:00:00+00:00,2026-01-06T00:00:00+00:00,1767650400000,1767657600000,SHORT,2,k7_b2,3235.22,3202.87,0.01,0.2880905049999991,0.008904819610412867,0.035409495,target,,,
2026-01-05T17:00:00+00:00,2026-01-06T05:00:00+00:00,1767632400000,1767675600000,LONG,4,k7_b4,3184.07,3221.36,0.01,0.33767013499999965,0.010604984658000598,0.035229865,max_hold,,,
2026-01-06T01:00:00+00:00,2026-01-06T13:00:00+00:00,1767661200000,1767704400000,LONG,3,k7_b3,3216.32,3237.06,0.01,0.1719064099999978,0.0053448167470897725,0.035493590000000005,max_hold,,,
2026-01-06T03:00:00+00:00,2026-01-06T14:00:00+00:00,1767668400000,1767708000000,LONG,3,k7_b3,3217.59,3301.829999999999,0.01,0.8065431899999979,0.025066686246538492,0.03585681,target,,,
2026-01-06T05:00:00+00:00,2026-01-06T14:00:00+00:00,1767675600000,1767708000000,LONG,3,k7_b3,3222.98,3307.36,0.01,0.8078831300000011,0.025066340157245817,0.035916870000000004,target,,,
2026-01-06T06:00:00+00:00,2026-01-06T14:00:00+00:00,1767679200000,1767708000000,LONG,4,k7_b4,3218.72,3302.99,0.01,0.8068305949999998,0.025066815224685585,0.035869405,target,,,
2026-01-06T08:00:00+00:00,2026-01-06T14:00:00+00:00,1767686400000,1767708000000,LONG,5,k7_b5,3219.61,3303.9,0.01,0.8070206949999996,0.025065790421821263,0.035879305,target,,,
2026-01-06T09:00:00+00:00,2026-01-06T14:00:00+00:00,1767690000000,1767708000000,LONG,6,k7_b6,3220.15,3304.45,0.01,0.8071146999999973,0.025064506311817687,0.03588530000000001,target,,,
2026-01-06T10:00:00+00:00,2026-01-06T14:00:00+00:00,1767693600000,1767708000000,LONG,7,k7_b7,3223.52,3307.909999999999,0.01,0.8079771349999988,0.025065057297612513,0.035922865,target,,,
2026-01-06T17:00:00+00:00,2026-01-06T17:00:00+00:00,1767718800000,1767718800000,SHORT,1,k7_b1,3248.51,3216.02,0.01,0.28934508500000233,0.008907009213454855,0.035554915000000006,target_entry_bar,,,
2026-01-06T18:00:00+00:00,2026-01-06T21:00:00+00:00,1767722400000,1767733200000,LONG,5,k7_b5,3196.08,3279.75,0.01,0.8010829350000008,0.025064545787339517,0.035617065,target,,,
2026-01-06T21:00:00+00:00,2026-01-07T09:00:00+00:00,1767733200000,1767776400000,LONG,4,k7_b4,3241.73,3253.14,0.01,0.07837821499999856,0.002417789729557939,0.035721785,max_hold,,,
2026-01-07T08:00:00+00:00,2026-01-07T09:00:00+00:00,1767772800000,1767776400000,SHORT,1,k7_b1,3252.36,3219.84,0.01,0.28960289999999983,0.008904392502674975,0.035597100000000007,target,,,
2026-01-07T09:00:00+00:00,2026-01-07T09:00:00+00:00,1767776400000,1767776400000,SHORT,2,k7_b2,3251.51,3218.99,0.01,0.28961225000000435,0.008907007820981768,0.03558775,target_entry_bar,,,
2026-01-07T02:00:00+00:00,2026-01-07T14:00:00+00:00,1767751200000,1767794400000,LONG,3,k7_b3,3245.51,3210.69,0.01,-0.38370910000000163,-0.01182276745411358,0.0355091,max_hold,,,
2026-01-07T13:00:00+00:00,2026-01-07T19:00:00+00:00,1767790800000,1767812400000,SHORT,3,k7_b3,3210.25,3126.21,0.01,0.8055494699999997,0.025093044778444037,0.034850530000000005,target,,,
2026-01-07T14:00:00+00:00,2026-01-07T19:00:00+00:00,1767794400000,1767812400000,SHORT,3,k7_b3,3209.08,3125.07,0.01,0.8052621749999976,0.025093240897702693,0.034837825,target,,,
2026-01-07T19:00:00+00:00,2026-01-07T23:00:00+00:00,1767812400000,1767826800000,LONG,2,k7_b2,3146.83,3178.3,0.01,0.2799117850000025,0.008895039929071558,0.034788215,target,,,
2026-01-07T18:00:00+00:00,2026-01-08T00:00:00+00:00,1767808800000,1767830400000,LONG,1,k7_b1,3152.34,3167.53,0.01,0.11714071500000056,0.003715992405641541,0.034759285,max_hold,,,
2026-01-08T02:00:00+00:00,2026-01-08T03:00:00+00:00,1767837600000,1767841200000,SHORT,2,k7_b2,3172.61,3140.88,0.01,0.2825758050000002,0.008906729947897792,0.034724195000000006,target,,,
2026-01-07T16:00:00+00:00,2026-01-08T04:00:00+00:00,1767801600000,1767844800000,SHORT,3,k7_b3,3161.94,3141.35,0.01,0.17123190500000146,0.005415406522577957,0.034668095,max_hold,,,
2026-01-08T06:00:00+00:00,2026-01-08T06:00:00+00:00,1767852000000,1767852000000,SHORT,2,k7_b2,3140.76,3109.35,0.01,0.2797243950000031,0.008906264566538135,0.034375605000000004,target_entry_bar,,,
2026-01-07T22:00:00+00:00,2026-01-08T07:00:00+00:00,1767823200000,1767855600000,LONG,5,k7_b5,3150.0,3087.0,0.01,-0.6643035,-0.021089,0.0343035,stop,,,
2026-01-07T20:00:00+00:00,2026-01-08T08:00:00+00:00,1767816000000,1767859200000,LONG,3,k7_b3,3145.96,3126.41,0.01,-0.22999803500000182,-0.007310901441849286,0.034498035,max_hold,,,
2026-01-07T21:00:00+00:00,2026-01-08T09:00:00+00:00,1767819600000,1767862800000,LONG,4,k7_b4,3139.1,3115.41,0.01,-0.27129980500000056,-0.008642598356216767,0.034399805000000006,max_hold,,,
2026-01-08T04:00:00+00:00,2026-01-08T12:00:00+00:00,1767844800000,1767873600000,LONG,4,k7_b4,3142.93,3080.07,0.01,-0.6628264999999968,-0.021089445199224826,0.03422650000000001,stop,,,
2026-01-08T08:00:00+00:00,2026-01-08T12:00:00+00:00,1767859200000,1767873600000,SHORT,2,k7_b2,3124.84,3093.59,0.01,0.27829863499999996,0.008906012307830159,0.03420136500000001,target,,,
2026-01-08T16:00:00+00:00,2026-01-08T22:00:00+00:00,1767888000000,1767909600000,SHORT,2,k7_b2,3101.33,3117.62,0.01,-0.19710422499999963,-0.0063554741030461,0.034204225000000005,max_hold,,,
2026-01-08T11:00:00+00:00,2026-01-08T23:00:00+00:00,1767870000000,1767913200000,SHORT,3,k7_b3,3124.88,3117.94,0.01,0.035064490000000545,0.0011221067688999432,0.03433551,max_hold,,,
2026-01-08T18:00:00+00:00,2026-01-09T06:00:00+00:00,1767895200000,1767938400000,SHORT,3,k7_b3,3131.76,3117.47,0.01,0.10852923500000419,0.0034654390821775675,0.034370765,max_hold,,,
2026-01-09T05:00:00+00:00,2026-01-09T08:00:00+00:00,1767934800000,1767945600000,SHORT,2,k7_b2,3113.59,3082.45,0.01,0.2773217800000033,0.008906817532173577,0.034078220000000006,target,,,
2026-01-09T06:00:00+00:00,2026-01-09T08:00:00+00:00,1767938400000,1767945600000,SHORT,2,k7_b2,3115.91,3084.75,0.01,0.27749636999999855,0.008905788999040362,0.03410363,target,,,
2026-01-09T09:00:00+00:00,2026-01-09T13:00:00+00:00,1767949200000,1767963600000,LONG,1,k7_b1,3083.11,3113.94,0.01,0.2742162249999993,0.008894143413631019,0.03408377500000001,target,,,
2026-01-09T10:00:00+00:00,2026-01-09T15:00:00+00:00,1767952800000,1767970800000,LONG,2,k7_b2,3092.55,3123.48,0.01,0.27511183499999836,0.008895954309550317,0.034188165000000006,target,,,
2026-01-09T07:00:00+00:00,2026-01-09T19:00:00+00:00,1767942000000,1767985200000,SHORT,3,k7_b3,3120.26,3093.78,0.01,0.2306227800000002,0.007391139840910698,0.03417722000000001,max_hold,,,
2026-01-09T11:00:00+00:00,2026-01-09T23:00:00+00:00,1767956400000,1767999600000,LONG,3,k7_b3,3096.82,3085.19,0.01,-0.1503010550000011,-0.004853399777836655,0.034001055,max_hold,,,
2026-01-09T12:00:00+00:00,2026-01-10T00:00:00+00:00,1767960000000,1768003200000,LONG,4,k7_b4,3090.55,3087.16,0.01,-0.06787740500000328,-0.00219628884826336,0.033977405,max_hold,,,
2026-01-09T13:00:00+00:00,2026-01-10T01:00:00+00:00,1767963600000,1768006800000,LONG,5,k7_b5,3084.66,3082.39,0.01,-0.056618774999999816,-0.001835494835735537,0.033918775,max_hold,,,
2026-01-09T14:00:00+00:00,2026-01-10T02:00:00+00:00,1767967200000,1768010400000,LONG,6,k7_b6,3098.85,3088.99,0.01,-0.13263312000000127,-0.004280075511883482,0.03403312,max_hold,,,
2026-01-09T15:00:00+00:00,2026-01-10T03:00:00+00:00,1767970800000,1768014000000,LONG,6,k7_b6,3079.13,3086.68,0.01,0.04158804499999727,0.0013506427140132851,0.03391195500000001,max_hold,,,
2026-01-09T20:00:00+00:00,2026-01-10T08:00:00+00:00,1767988800000,1768032000000,LONG,6,k7_b6,3080.54,3091.49,0.01,0.07555383499999818,0.0024526165867022726,0.033946165,max_hold,,,
2026-01-09T21:00:00+00:00,2026-01-10T09:00:00+00:00,1767992400000,1768035600000,LONG,7,k7_b7,3073.84,3088.9,0.01,0.11670492999999946,0.00379671453296201,0.033895070000000006,max_hold,,,
2026-01-10T05:00:00+00:00,2026-01-10T17:00:00+00:00,1768021200000,1768064400000,LONG,4,k7_b4,3080.36,3094.19,0.01,0.10433997499999928,0.0033872656118115827,0.033960025000000005,max_hold,,,
2026-01-11T06:00:00+00:00,2026-01-11T12:00:00+00:00,1768111200000,1768132800000,SHORT,1,k7_b1,3096.51,3103.8,0.01,-0.10700170499999964,-0.0034555581929333226,0.03410170500000001,max_hold,,,
2026-01-11T12:00:00+00:00,2026-01-11T16:00:00+00:00,1768132800000,1768147200000,LONG,1,k7_b1,3105.36,3136.41,0.01,0.2761702649999973,0.008893341351727249,0.034329735,target,,,
2026-01-11T23:00:00+00:00,2026-01-12T02:00:00+00:00,1768172400000,1768183200000,LONG,1,k7_b1,3109.82,3140.92,0.01,0.2766209299999991,0.008895078493288971,0.034379070000000005,target,,,
2026-01-12T01:00:00+00:00,2026-01-12T02:00:00+00:00,1768179600000,1768183200000,LONG,2,k7_b2,3120.39,3151.59,0.01,0.27750411000000275,0.008893250843644632,0.03449589,target,,,
2026-01-12T06:00:00+00:00,2026-01-12T08:00:00+00:00,1768197600000,1768204800000,SHORT,1,k7_b1,3155.99,3124.43,0.01,0.2810576899999994,0.008905531703205632,0.03454231,target,,,
2026-01-12T07:00:00+00:00,2026-01-12T08:00:00+00:00,1768201200000,1768204800000,SHORT,2,k7_b2,3151.73,3120.21,0.01,0.28070432999999984,0.008906357143537035,0.034495670000000006,target,,,
2026-01-12T02:00:00+00:00,2026-01-12T14:00:00+00:00,1768183200000,1768226400000,LONG,3,k7_b3,3125.06,3107.8,0.01,-0.20688072999999765,-0.006620056254919831,0.03428073,max_hold,,,
2026-01-12T11:00:00+00:00,2026-01-12T23:00:00+00:00,1768215600000,1768258800000,SHORT,3,k7_b3,3103.87,3094.18,0.01,0.06281072500000054,0.0020236261505797775,0.034089275,max_hold,,,
2026-01-12T12:00:00+00:00,2026-01-13T00:00:00+00:00,1768219200000,1768262400000,SHORT,3,k7_b3,3112.56,3093.85,0.01,0.15296474500000037,0.004914435223738671,0.034135255,max_hold,,,
2026-01-12T13:00:00+00:00,2026-01-13T01:00:00+00:00,1768222800000,1768266000000,SHORT,3,k7_b3,3114.43,3107.19,0.01,0.03818108999999781,0.0012259415045449025,0.034218910000000005,max_hold,,,
2026-01-12T14:00:00+00:00,2026-01-13T02:00:00+00:00,1768226400000,1768269600000,SHORT,4,k7_b4,3106.24,3096.35,0.01,0.06478575499999872,0.0020856648230657875,0.034114245,max_hold,,,
2026-01-12T15:00:00+00:00,2026-01-13T03:00:00+00:00,1768230000000,1768273200000,SHORT,5,k7_b5,3102.32,3100.13,0.01,-0.012213474999999457,-0.0003936884331725759,0.034113475000000004,max_hold,,,
2026-01-12T16:00:00+00:00,2026-01-13T04:00:00+00:00,1768233600000,1768276800000,SHORT,6,k7_b6,3127.09,3114.98,0.01,0.08676861500000127,0.0027747399339322267,0.034331385000000006,max_hold,,,
2026-01-13T00:00:00+00:00,2026-01-13T05:00:00+00:00,1768262400000,1768280400000,LONG,1,k7_b1,3095.4,3126.35,0.01,0.27528037499999813,0.008893208470633783,0.034219625000000004,target,,,
2026-01-13T01:00:00+00:00,2026-01-13T05:00:00+00:00,1768266000000,1768280400000,LONG,2,k7_b2,3108.75,3139.84,0.01,0.27653275500000146,0.008895303739445162,0.034367245000000005,target,,,
2026-01-12T20:00:00+00:00,2026-01-13T08:00:00+00:00,1768248000000,1768291200000,SHORT,7,k7_b7,3118.76,3121.08,0.01,-0.0575191199999971,-0.0018442945273120437,0.03431912000000001,max_hold,,,
2026-01-13T02:00:00+00:00,2026-01-13T14:00:00+00:00,1768269600000,1768312800000,LONG,3,k7_b3,3097.9,3141.1,0.01,0.39768549999999814,0.012837260725007201,0.034314500000000005,max_hold,,,
2026-01-13T03:00:00+00:00,2026-01-13T15:00:00+00:00,1768273200000,1768316400000,LONG,4,k7_b4,3101.69,3143.23,0.01,0.3810529399999997,0.012285332834680439,0.034347060000000006,max_hold,,,
2026-01-13T08:00:00+00:00,2026-01-13T18:00:00+00:00,1768291200000,1768327200000,LONG,3,k7_b3,3122.65,3204.400000000001,0.01,0.7827012250000001,0.025065288296799194,0.034798775000000004,target,,,
2026-01-13T11:00:00+00:00,2026-01-13T19:00:00+00:00,1768302000000,1768330800000,LONG,6,k7_b6,3135.0,3217.07,0.01,0.7857636150000017,0.025064230143540724,0.034936385,target,,,
2026-01-13T12:00:00+00:00,2026-01-13T19:00:00+00:00,1768305600000,1768330800000,LONG,7,k7_b7,3134.34,3216.4,0.01,0.7856709299999994,0.0250665508528111,0.034929070000000007,target,,,
2026-01-13T09:00:00+00:00,2026-01-13T21:00:00+00:00,1768294800000,1768338000000,LONG,4,k7_b4,3136.37,3202.78,0.01,0.6292346750000031,0.020062514148522118,0.034865325,max_hold,,,
2026-01-13T10:00:00+00:00,2026-01-13T22:00:00+00:00,1768298400000,1768341600000,LONG,5,k7_b5,3139.1,3208.49,0.01,0.6589882549999987,0.02099290417635624,0.034911745,max_hold,,,
2026-01-13T15:00:00+00:00,2026-01-13T22:00:00+00:00,1768316400000,1768341600000,LONG,7,k7_b7,3144.81,3227.14,0.01,0.7882542749999992,0.02506524321024161,0.035045725,target,,,
2026-01-14T01:00:00+00:00,2026-01-14T13:00:00+00:00,1768352400000,1768395600000,LONG,3,k7_b3,3325.1,3295.23,0.01,-0.3351118149999989,-0.010078247721872994,0.036411815,max_hold,,,
2026-01-14T02:00:00+00:00,2026-01-14T14:00:00+00:00,1768356000000,1768399200000,LONG,3,k7_b3,3336.84,3301.300000000001,0.01,-0.39190976999999966,-0.011744937425828017,0.036509770000000004,max_hold,,,
2026-01-14T03:00:00+00:00,2026-01-14T15:00:00+00:00,1768359600000,1768402800000,LONG,3,k7_b3,3327.25,3347.52,0.01,0.16598876499999982,0.0049887674505973345,0.036711235,max_hold,,,
2026-01-14T05:00:00+00:00,2026-01-14T17:00:00+00:00,1768366800000,1768410000000,LONG,4,k7_b4,3339.68,3368.380000000001,0.01,0.2501056700000027,0.007488911213050434,0.03689433,max_hold,,,
2026-01-14T06:00:00+00:00,2026-01-14T18:00:00+00:00,1768370400000,1768413600000,LONG,5,k7_b5,3331.05,3340.95,0.01,0.06230399999999636,0.0018704012248389054,0.036696000000000006,max_hold,,,
2026-01-14T07:00:00+00:00,2026-01-14T19:00:00+00:00,1768374000000,1768417200000,LONG,6,k7_b6,3335.0,3337.97,0.01,-0.007001335000002003,-0.00020993508245883066,0.036701335,max_hold,,,
2026-01-14T08:00:00+00:00,2026-01-14T20:00:00+00:00,1768377600000,1768420800000,LONG,7,k7_b7,3336.55,3366.48,0.01,0.2624333349999983,0.00786540992941806,0.03686666500000001,max_hold,,,
2026-01-14T21:00:00+00:00,2026-01-14T22:00:00+00:00,1768424400000,1768428000000,SHORT,1,k7_b1,3380.21,3346.41,0.01,0.30100359000000176,0.008904878395129347,0.03699641000000001,target,,,
2026-01-14T22:00:00+00:00,2026-01-15T00:00:00+00:00,1768428000000,1768435200000,SHORT,2,k7_b2,3369.53,3335.83,0.01,0.3001205200000027,0.008906895620457532,0.036879480000000006,target,,,
2026-01-14T15:00:00+00:00,2026-01-15T03:00:00+00:00,1768402800000,1768446000000,LONG,6,k7_b6,3349.2,3312.73,0.01,-0.401340614999998,-0.011983178520243581,0.036640615,max_hold,,,
2026-01-14T16:00:00+00:00,2026-01-15T03:00:00+00:00,1768406400000,1768446000000,LONG,7,k7_b7,3345.87,3278.95,0.01,-0.7056365100000008,-0.021089776650019303,0.036436510000000005,stop,,,
2026-01-14T18:00:00+00:00,2026-01-15T03:00:00+00:00,1768413600000,1768446000000,LONG,6,k7_b6,3342.63,3275.78,0.01,-0.7049012549999991,-0.021088222597176444,0.03640125500000001,stop,,,
2026-01-15T04:00:00+00:00,2026-01-15T09:00:00+00:00,1768449600000,1768467600000,LONG,3,k7_b3,3286.45,3372.49,0.01,0.8237758299999997,0.025065825739019297,0.03662417,target,,,
2026-01-14T23:00:00+00:00,2026-01-15T11:00:00+00:00,1768431600000,1768474800000,SHORT,3,k7_b3,3345.74,3363.08,0.01,-0.21029851000000147,-0.006285560444027374,0.03689851,max_hold,,,
2026-01-15T00:00:00+00:00,2026-01-15T12:00:00+00:00,1768435200000,1768478400000,SHORT,4,k7_b4,3351.6,3348.63,0.01,-0.007151265000002002,-0.00021336868958115536,0.036851265,max_hold,,,
2026-01-15T13:00:00+00:00,2026-01-15T14:00:00+00:00,1768482000000,1768485600000,SHORT,1,k7_b1,3366.18,3332.52,0.01,0.2997571499999986,0.008904964975134978,0.03684285,target,,,
2026-01-15T14:00:00+00:00,2026-01-15T14:00:00+00:00,1768485600000,1768485600000,SHORT,2,k7_b2,3367.9,3334.22,0.01,0.2999383400000029,0.008905797084236554,0.036861660000000004,target_entry_bar,,,
2026-01-15T03:00:00+00:00,2026-01-15T15:00:00+00:00,1768446000000,1768489200000,LONG,3,k7_b3,3314.39,3340.360000000001,0.01,0.22309887500000253,0.006731219771964148,0.036601125000000005,max_hold,,,
2026-01-15T05:00:00+00:00,2026-01-15T17:00:00+00:00,1768453200000,1768496400000,LONG,4,k7_b4,3305.16,3328.69,0.01,0.198813825000002,0.006015255691101248,0.036486175,max_hold,,,
2026-01-15T06:00:00+00:00,2026-01-15T18:00:00+00:00,1768456800000,1768500000000,LONG,4,k7_b4,3310.68,3299.55,0.01,-0.14765626499999654,-0.004459998097067567,0.036356265,max_hold,,,
2026-01-15T07:00:00+00:00,2026-01-15T19:00:00+00:00,1768460400000,1768503600000,LONG,5,k7_b5,3316.01,3287.09,0.01,-0.32551705000000075,-0.00981652799599521,0.036317050000000003,max_hold,,,
2026-01-15T08:00:00+00:00,2026-01-15T20:00:00+00:00,1768464000000,1768507200000,LONG,6,k7_b6,3330.31,3294.01,0.01,-0.39943375999999725,-0.011993891259372167,0.03643376,max_hold,,,
2026-01-15T19:00:00+00:00,2026-01-15T23:00:00+00:00,1768503600000,1768518000000,LONG,2,k7_b2,3288.74,3321.63,0.01,0.2925429650000033,0.008895290141513265,0.036357035,target,,,
2026-01-15T21:00:00+00:00,2026-01-15T23:00:00+00:00,1768510800000,1768518000000,LONG,2,k7_b2,3288.18,3321.06,0.01,0.2924491800000011,0.008893952885790958,0.03635082,target,,,
2026-01-16T04:00:00+00:00,2026-01-16T10:00:00+00:00,1768536000000,1768557600000,LONG,1,k7_b1,3295.56,3306.409999999999,0.01,0.0721891649999991,0.0021904976695917874,0.036310835,max_hold,,,
2026-01-16T05:00:00+00:00,2026-01-16T11:00:00+00:00,1768539600000,1768561200000,LONG,2,k7_b2,3288.01,3296.309999999999,0.01,0.046786239999997266,0.0014229348450885873,0.036213760000000005,max_hold,,,
2026-01-16T16:00:00+00:00,2026-01-16T21:00:00+00:00,1768579200000,1768597200000,LONG,1,k7_b1,3264.68,3297.33,0.01,0.2904089450000009,0.008895479648847696,0.036091055000000004,target,,,
2026-01-17T14:00:00+00:00,2026-01-17T20:00:00+00:00,1768658400000,1768680000000,LONG,1,k7_b1,3303.87,3315.09,0.01,0.07579572000000255,0.002294149588210267,0.03640428,max_hold,,,
2026-01-17T17:00:00+00:00,2026-01-17T23:00:00+00:00,1768669200000,1768690800000,SHORT,1,k7_b1,3315.76,3300.37,0.01,0.11751128500000328,0.0035440226373441765,0.036388715,max_hold,,,
2026-01-17T18:00:00+00:00,2026-01-18T00:00:00+00:00,1768672800000,1768694400000,SHORT,2,k7_b2,3316.18,3308.86,0.01,0.03676227999999709,0.0011085731172613394,0.03643772,max_hold,,,
2026-01-18T04:00:00+00:00,2026-01-18T10:00:00+00:00,1768708800000,1768730400000,SHORT,1,k7_b1,3312.86,3321.48,0.01,-0.12268886999999892,-0.0037034124593251427,0.03648887000000001,max_hold,,,
2026-01-18T12:00:00+00:00,2026-01-18T18:00:00+00:00,1768737600000,1768759200000,LONG,1,k7_b1,3322.28,3343.39,0.01,0.17443881499999675,0.005250575357886655,0.036661185,max_hold,,,
2026-01-18T13:00:00+00:00,2026-01-18T18:00:00+00:00,1768741200000,1768759200000,LONG,2,k7_b2,3322.38,3355.599999999999,0.01,0.295471109999998,0.008893356870676983,0.03672889,target,,,
2026-01-18T18:00:00+00:00,2026-01-18T23:00:00+00:00,1768759200000,1768777200000,SHORT,1,k7_b1,3341.71,3308.29,0.01,0.2976250000000007,0.00890636829647099,0.036575,target,,,
2026-01-18T19:00:00+00:00,2026-01-18T23:00:00+00:00,1768762800000,1768777200000,SHORT,2,k7_b2,3358.98,3325.39,0.01,0.29913596500000145,0.008905559574632817,0.03676403500000001,target,,,
2026-01-18T14:00:00+00:00,2026-01-19T00:00:00+00:00,1768744800000,1768780800000,LONG,3,k7_b3,3326.15,3259.63,0.01,-0.7014217899999998,-0.021088098552380377,0.036221790000000004,stop,,,
2026-01-18T15:00:00+00:00,2026-01-19T00:00:00+00:00,1768748400000,1768780800000,LONG,4,k7_b4,3325.18,3258.679999999999,0.01,-0.7012112300000001,-0.021087917947299098,0.03621123,stop,,,
2026-01-18T16:00:00+00:00,2026-01-19T00:00:00+00:00,1768752000000,1768780800000,LONG,5,k7_b5,3333.98,3267.3,0.01,-0.7031070399999984,-0.021089119910737267,0.03630704,stop,,,
2026-01-18T20:00:00+00:00,2026-01-19T00:00:00+00:00,1768766400000,1768780800000,SHORT,3,k7_b3,3343.68,3256.14,0.01,0.8391009899999996,0.025095134402813656,0.03629901,target,,,
2026-01-18T21:00:00+00:00,2026-01-19T00:00:00+00:00,1768770000000,1768780800000,SHORT,4,k7_b4,3338.1,3250.71,0.01,0.8376615449999988,0.025093961984362326,0.036238455,target,,,
2026-01-18T22:00:00+00:00,2026-01-19T00:00:00+00:00,1768773600000,1768780800000,SHORT,5,k7_b5,3338.69,3251.280000000001,0.01,0.8378551649999986,0.0250953267598968,0.03624483500000001,target,,,
2026-01-18T23:00:00+00:00,2026-01-19T00:00:00+00:00,1768777200000,1768780800000,SHORT,6,k7_b6,3347.65,3260.01,0.01,0.8400578699999988,0.02509395755231278,0.03634213000000001,target,,,
2026-01-19T01:00:00+00:00,2026-01-19T13:00:00+00:00,1768784400000,1768827600000,LONG,4,k7_b4,3212.28,3223.659999999999,0.01,0.07840232999999654,0.0024407066009188654,0.035397670000000006,max_hold,,,
2026-01-19T05:00:00+00:00,2026-01-19T17:00:00+00:00,1768798800000,1768842000000,SHORT,5,k7_b5,3209.42,3221.65,0.01,-0.1576708850000002,-0.004912753238902986,0.035370885000000005,max_hold,,,
2026-01-19T13:00:00+00:00,2026-01-19T19:00:00+00:00,1768827600000,1768849200000,SHORT,2,k7_b2,3222.04,3213.31,0.01,0.05190557500000018,0.0016109537746272606,0.035394425,max_hold,,,
2026-01-19T17:00:00+00:00,2026-01-19T22:00:00+00:00,1768842000000,1768860000000,SHORT,2,k7_b2,3220.03,3187.83,0.01,0.2867567700000027,0.008905406781924474,0.03524323,target,,,
2026-01-20T02:00:00+00:00,2026-01-20T05:00:00+00:00,1768874400000,1768885200000,SHORT,2,k7_b2,3190.56,3158.65,0.01,0.28417934499999853,0.008906879826738833,0.034920655,target,,,
2026-01-19T18:00:00+00:00,2026-01-20T06:00:00+00:00,1768845600000,1768888800000,SHORT,3,k7_b3,3216.69,3170.12,0.01,0.43057254500000164,0.013385577876637215,0.035127455,max_hold,,,
2026-01-20T03:00:00+00:00,2026-01-20T08:00:00+00:00,1768878000000,1768896000000,SHORT,3,k7_b3,3189.62,3106.12,0.01,0.8003734299999999,0.02509306531812567,0.03462657,target,,,
2026-01-20T04:00:00+00:00,2026-01-20T08:00:00+00:00,1768881600000,1768896000000,SHORT,4,k7_b4,3185.81,3102.41,0.01,0.7994147900000009,0.02509298388792806,0.034585210000000005,target,,,
2026-01-20T05:00:00+00:00,2026-01-20T08:00:00+00:00,1768885200000,1768896000000,SHORT,5,k7_b5,3170.19,3087.19,0.01,0.79558441,0.02509579583558083,0.03441559,target,,,
2026-01-20T06:00:00+00:00,2026-01-20T08:00:00+00:00,1768888800000,1768896000000,SHORT,5,k7_b5,3168.53,3085.58,0.01,0.7951023950000028,0.025093731004598434,0.034397605,target,,,
2026-01-20T11:00:00+00:00,2026-01-20T15:00:00+00:00,1768906800000,1768921200000,SHORT,5,k7_b5,3099.7,3018.55,0.01,0.7778496249999963,0.025094351872761763,0.033650375,target,,,
2026-01-20T12:00:00+00:00,2026-01-20T15:00:00+00:00,1768910400000,1768921200000,SHORT,6,k7_b6,3106.59,3025.26,0.01,0.7795748249999992,0.02509422952497752,0.03372517500000001,target,,,
2026-01-20T13:00:00+00:00,2026-01-20T15:00:00+00:00,1768914000000,1768921200000,SHORT,7,k7_b7,3107.94,3026.57,0.01,0.779960194999999,0.025095728842899123,0.033739805000000005,target,,,
2026-01-21T10:00:00+00:00,2026-01-21T14:00:00+00:00,1768989600000,1769004000000,LONG,1,k7_b1,2953.94,2983.48,0.01,0.26274418999999966,0.008894703006831543,0.03265581000000001,target,,,
2026-01-21T12:00:00+00:00,2026-01-21T14:00:00+00:00,1768996800000,1769004000000,LONG,2,k7_b2,2943.65,2973.09,0.01,0.26185793000000057,0.008895688346100947,0.032542070000000006,target,,,
2026-01-21T13:00:00+00:00,2026-01-21T15:00:00+00:00,1769000400000,1769007600000,LONG,3,k7_b3,2931.39,3008.13,0.01,0.7347326400000024,0.025064308740904567,0.032667360000000006,target,,,
2026-01-21T14:00:00+00:00,2026-01-21T15:00:00+00:00,1769004000000,1769007600000,LONG,4,k7_b4,2928.26,3004.92,0.01,0.7339675099999986,0.025064970665173124,0.03263249,target,,,
2026-01-21T15:00:00+00:00,2026-01-21T16:00:00+00:00,1769007600000,1769011200000,LONG,5,k7_b5,2980.79,2921.17,0.01,-0.6286607799999989,-0.02109040824747798,0.03246078,stop,,,
2026-01-21T17:00:00+00:00,2026-01-21T19:00:00+00:00,1769014800000,1769022000000,LONG,5,k7_b5,2891.39,2967.09,0.01,0.7247783600000027,0.025066779645776003,0.03222164,target,,,
2026-01-22T06:00:00+00:00,2026-01-22T11:00:00+00:00,1769061600000,1769079600000,SHORT,1,k7_b1,3017.23,2987.06,0.01,0.26867640500000073,0.008904737292152097,0.033023595,target,,,
2026-01-22T07:00:00+00:00,2026-01-22T11:00:00+00:00,1769065200000,1769079600000,SHORT,2,k7_b2,3016.42,2986.26,0.01,0.26858525999999855,0.008904106855146119,0.03301474,target,,,
2026-01-22T08:00:00+00:00,2026-01-22T15:00:00+00:00,1769068800000,1769094000000,SHORT,3,k7_b3,2998.22,2919.73,0.01,0.7523512749999979,0.025093264503605404,0.032548725,target,,,
2026-01-22T09:00:00+00:00,2026-01-22T15:00:00+00:00,1769072400000,1769094000000,SHORT,4,k7_b4,3002.92,2924.3,0.01,0.753600289999999,0.025095583298922346,0.032599710000000004,target,,,
2026-01-22T10:00:00+00:00,2026-01-22T15:00:00+00:00,1769076000000,1769094000000,SHORT,5,k7_b5,3010.7,2931.88,0.01,0.7555158099999971,0.025094357126249616,0.03268419,target,,,
2026-01-22T11:00:00+00:00,2026-01-22T15:00:00+00:00,1769079600000,1769094000000,SHORT,6,k7_b6,2999.63,2921.1,0.01,0.7527359850000019,0.02509429446298383,0.032564015,target,,,
2026-01-22T21:00:00+00:00,2026-01-23T01:00:00+00:00,1769115600000,1769130000000,LONG,1,k7_b1,2939.07,2968.46,0.01,0.2614085849999987,0.008894261960416004,0.03249141500000001,target,,,
2026-01-23T01:00:00+00:00,2026-01-23T04:00:00+00:00,1769130000000,1769140800000,LONG,2,k7_b2,2953.64,2983.18,0.01,0.26274748999999964,0.008895718164705232,0.03265251,target,,,
2026-01-23T03:00:00+00:00,2026-01-23T04:00:00+00:00,1769137200000,1769140800000,LONG,2,k7_b2,2952.89,2982.42,0.01,0.262655795000002,0.008894872311532161,0.032644205,target,,,
2026-01-23T02:00:00+00:00,2026-01-23T06:00:00+00:00,1769133600000,1769148000000,SHORT,1,k7_b1,2966.07,2936.41,0.01,0.26413636000000307,0.008905263867676861,0.03246364,target,,,
2026-01-23T05:00:00+00:00,2026-01-23T06:00:00+00:00,1769144400000,1769148000000,SHORT,2,k7_b2,2974.81,2945.06,0.01,0.264940715,0.008906139047535809,0.03255928500000001,target,,,
2026-01-23T08:00:00+00:00,2026-01-23T17:00:00+00:00,1769155200000,1769187600000,SHORT,3,k7_b3,2945.36,3004.27,0.01,-0.6218229649999986,-0.02111195117065481,0.03272296500000001,stop,,,
2026-01-23T14:00:00+00:00,2026-01-23T17:00:00+00:00,1769176800000,1769187600000,SHORT,3,k7_b3,2928.05,2986.61,0.01,-0.6181306299999995,-0.021110658287939052,0.032530630000000005,stop,,,
2026-01-23T16:00:00+00:00,2026-01-23T17:00:00+00:00,1769184000000,1769187600000,SHORT,4,k7_b4,2949.6,3008.59,0.01,-0.6226700450000024,-0.021110321569026393,0.032770045,stop,,,
2026-01-23T17:00:00+00:00,2026-01-23T17:00:00+00:00,1769187600000,1769187600000,LONG,1,k7_b1,2967.84,2997.52,0.01,0.26399051999999834,0.008895038816108628,0.03280948,target_entry_bar,,,
2026-01-23T06:00:00+00:00,2026-01-23T18:00:00+00:00,1769148000000,1769191200000,SHORT,3,k7_b3,2965.47,2986.03,0.01,-0.238333250000004,-0.008036946925782558,0.032733250000000005,max_hold,,,
2026-01-23T21:00:00+00:00,2026-01-24T03:00:00+00:00,1769202000000,1769223600000,LONG,2,k7_b2,2940.35,2958.13,0.01,0.14535836000000202,0.004943573384121006,0.03244164,max_hold,,,
2026-01-23T22:00:00+00:00,2026-01-24T10:00:00+00:00,1769205600000,1769248800000,LONG,3,k7_b3,2944.1,2959.3,0.01,0.11953130000000274,0.004060028531639643,0.0324687,max_hold,,,
2026-01-23T23:00:00+00:00,2026-01-24T11:00:00+00:00,1769209200000,1769252400000,SHORT,3,k7_b3,2957.28,2960.42,0.01,-0.06394734999999874,-0.0021623704890980475,0.03254735,max_hold,,,
2026-01-24T00:00:00+00:00,2026-01-24T12:00:00+00:00,1769212800000,1769256000000,SHORT,4,k7_b4,2953.6,2959.93,0.01,-0.09582441499999927,-0.0032443260766521964,0.032524415,max_hold,,,
2026-01-24T06:00:00+00:00,2026-01-24T12:00:00+00:00,1769234400000,1769256000000,LONG,2,k7_b2,2961.16,2959.93,0.01,-0.044865995000000186,-0.0015151492995988123,0.032565995,max_hold,,,
2026-01-24T05:00:00+00:00,2026-01-24T17:00:00+00:00,1769230800000,1769274000000,SHORT,3,k7_b3,2960.14,2957.42,0.01,-0.005346580000002005,-0.00018061915990466687,0.032546580000000006,max_hold,,,
2026-01-24T12:00:00+00:00,2026-01-24T18:00:00+00:00,1769256000000,1769277600000,SHORT,2,k7_b2,2958.45,2962.97,0.01,-0.07776780999999983,-0.0026286673764978224,0.03256781,max_hold,,,
2026-01-24T08:00:00+00:00,2026-01-24T20:00:00+00:00,1769241600000,1769284800000,LONG,3,k7_b3,2957.49,2952.77,0.01,-0.079706429999998,-0.002695070143939557,0.03250643,max_hold,,,
2026-01-24T13:00:00+00:00,2026-01-25T01:00:00+00:00,1769259600000,1769302800000,SHORT,3,k7_b3,2959.99,2957.64,0.01,-0.009046965000000906,-0.0003056417420329429,0.032546965,max_hold,,,
2026-01-24T15:00:00+00:00,2026-01-25T03:00:00+00:00,1769266800000,1769310000000,SHORT,4,k7_b4,2956.51,2952.06,0.01,0.012002865000002728,0.000405980869335897,0.032497135,max_hold,,,
2026-01-24T16:00:00+00:00,2026-01-25T04:00:00+00:00,1769270400000,1769313600000,SHORT,5,k7_b5,2954.06,2941.54,0.01,0.0927741999999998,0.0031405658652837046,0.032425800000000005,max_hold,,,
2026-01-25T04:00:00+00:00,2026-01-25T10:00:00+00:00,1769313600000,1769335200000,LONG,1,k7_b1,2943.02,2934.55,0.01,-0.117026634999998,-0.00397641317422233,0.032326635000000006,max_hold,,,
2026-01-25T01:00:00+00:00,2026-01-25T13:00:00+00:00,1769302800000,1769346000000,SHORT,3,k7_b3,2956.16,2941.11,0.01,0.11806501499999728,0.00399386416838051,0.032434985,max_hold,,,
2026-01-25T02:00:00+00:00,2026-01-25T14:00:00+00:00,1769306400000,1769349600000,SHORT,4,k7_b4,2952.29,2940.28,0.01,0.08769086499999763,0.0029702659630320067,0.032409135000000006,max_hold,,,
2026-01-25T06:00:00+00:00,2026-01-25T18:00:00+00:00,1769320800000,1769364000000,SHORT,3,k7_b3,2944.55,2883.04,0.01,0.5830482550000022,0.01980092900443199,0.032051745000000006,max_hold,,,
2026-01-25T07:00:00+00:00,2026-01-25T18:00:00+00:00,1769324400000,1769364000000,SHORT,4,k7_b4,2941.38,2864.37,0.01,0.7381683750000022,0.025095988107623025,0.031931625000000005,target,,,
2026-01-25T08:00:00+00:00,2026-01-25T18:00:00+00:00,1769328000000,1769364000000,SHORT,5,k7_b5,2936.97,2860.08,0.01,0.7370162249999987,0.02509444172054869,0.031883775,target,,,
2026-01-25T10:00:00+00:00,2026-01-25T18:00:00+00:00,1769335200000,1769364000000,SHORT,6,k7_b6,2933.08,2856.29,0.01,0.7360584649999997,0.0250950695173674,0.031841535000000004,target,,,
2026-01-25T11:00:00+00:00,2026-01-25T18:00:00+00:00,1769338800000,1769364000000,SHORT,7,k7_b7,2942.24,2865.21,0.01,0.7383590249999974,0.02509513245010595,0.031940974999999996,target,,,
2026-01-25T14:00:00+00:00,2026-01-25T18:00:00+00:00,1769349600000,1769364000000,SHORT,7,k7_b7,2938.8,2861.86,0.01,0.7374963700000006,0.025095153463998928,0.03190363,target,,,
2026-01-25T23:00:00+00:00,2026-01-26T00:00:00+00:00,1769382000000,1769385600000,LONG,1,k7_b1,2807.2,2835.27,0.01,0.24966641500000167,0.00889378793815908,0.031033585000000002,target,,,
2026-01-26T00:00:00+00:00,2026-01-26T00:00:00+00:00,1769385600000,1769385600000,LONG,2,k7_b2,2816.9,2845.07,0.01,0.25055916500000075,0.00889485480492743,0.031140835000000002,target_entry_bar,,,
2026-01-26T04:00:00+00:00,2026-01-26T08:00:00+00:00,1769400000000,1769414400000,LONG,3,k7_b3,2851.13,2925.77,0.01,0.7146270499999987,0.02506469540147235,0.03177295,target,,,
2026-01-26T05:00:00+00:00,2026-01-26T15:00:00+00:00,1769403600000,1769439600000,LONG,3,k7_b3,2866.35,2941.39,0.01,0.7184574299999996,0.025065237322727498,0.03194257,target,,,
2026-01-26T06:00:00+00:00,2026-01-26T15:00:00+00:00,1769407200000,1769439600000,LONG,3,k7_b3,2869.58,2944.71,0.01,0.7193214050000011,0.025067131949623327,0.031978595,target,,,
2026-01-26T07:00:00+00:00,2026-01-26T19:00:00+00:00,1769410800000,1769454000000,LONG,4,k7_b4,2892.36,2930.99,0.01,0.3542715749999965,0.012248529747334235,0.032028425,max_hold,,,
2026-01-26T19:00:00+00:00,2026-01-26T20:00:00+00:00,1769454000000,1769457600000,SHORT,1,k7_b1,2929.52,2900.22,0.01,0.26093643000000183,0.00890713939484973,0.03206357,target,,,
2026-01-26T10:00:00+00:00,2026-01-26T22:00:00+00:00,1769421600000,1769464800000,LONG,5,k7_b5,2885.83,2927.98,0.01,0.38952404500000093,0.0134978167459622,0.031975955,max_hold,,,
2026-01-26T12:00:00+00:00,2026-01-27T00:00:00+00:00,1769428800000,1769472000000,LONG,6,k7_b6,2892.36,2928.89,0.01,0.33328312499999746,0.011522878376135663,0.032016875,max_hold,,,
2026-01-26T13:00:00+00:00,2026-01-27T01:00:00+00:00,1769432400000,1769475600000,LONG,7,k7_b7,2902.75,2919.37,0.01,0.1341783399999989,0.004622455946946823,0.03202166,max_hold,,,
2026-01-26T16:00:00+00:00,2026-01-27T04:00:00+00:00,1769443200000,1769486400000,LONG,7,k7_b7,2899.58,2939.69,0.01,0.3689840150000013,0.012725429717407394,0.032115985,max_hold,,,
2026-01-26T22:00:00+00:00,2026-01-27T04:00:00+00:00,1769464800000,1769486400000,SHORT,2,k7_b2,2926.51,2939.69,0.01,-0.16406409999999838,-0.005606134952554352,0.032264100000000004,max_hold,,,
2026-01-26T17:00:00+00:00,2026-01-27T05:00:00+00:00,1769446800000,1769490000000,LONG,7,k7_b7,2901.82,2939.41,0.01,0.3437732349999969,0.011846814585329098,0.032126765,max_hold,,,
2026-01-26T23:00:00+00:00,2026-01-27T11:00:00+00:00,1769468400000,1769511600000,SHORT,3,k7_b3,2924.5,2902.52,0.01,0.18775139000000018,0.0064199483672422696,0.032048610000000005,max_hold,,,
2026-01-27T01:00:00+00:00,2026-01-27T13:00:00+00:00,1769475600000,1769518800000,LONG,3,k7_b3,2920.83,2917.14,0.01,-0.06900883500000055,-0.002362644693460439,0.032108835,max_hold,,,
2026-01-27T10:00:00+00:00,2026-01-27T14:00:00+00:00,1769508000000,1769522400000,LONG,2,k7_b2,2908.11,2937.19,0.01,0.25865084999999927,0.008894121955496843,0.03214915,target,,,
2026-01-27T11:00:00+00:00,2026-01-27T16:00:00+00:00,1769511600000,1769529600000,LONG,3,k7_b3,2903.98,2980.01,0.01,0.727938055000002,0.025066910068251225,0.032361945,target,,,
2026-01-27T12:00:00+00:00,2026-01-27T16:00:00+00:00,1769515200000,1769529600000,LONG,4,k7_b4,2917.34,2993.72,0.01,0.7312891699999966,0.02506698465040059,0.03251083,target,,,
2026-01-27T13:00:00+00:00,2026-01-27T16:00:00+00:00,1769518800000,1769529600000,LONG,4,k7_b4,2918.6,2995.01,0.01,0.7315751450000031,0.02506596124854393,0.032524855000000005,target,,,
2026-01-27T14:00:00+00:00,2026-01-27T16:00:00+00:00,1769522400000,1769529600000,LONG,5,k7_b5,2912.81,2989.07,0.01,0.7301396600000022,0.02506650485270245,0.032460340000000004,target,,,
2026-01-27T15:00:00+00:00,2026-01-27T16:00:00+00:00,1769526000000,1769529600000,LONG,6,k7_b6,2918.78,2995.19,0.01,0.7315731649999986,0.025064347604135923,0.032526835000000004,target,,,
2026-01-27T16:00:00+00:00,2026-01-27T20:00:00+00:00,1769529600000,1769544000000,LONG,6,k7_b6,2937.63,3014.54,0.01,0.7363630649999986,0.025066569479478308,0.032736935,target,,,
2026-01-27T18:00:00+00:00,2026-01-27T20:00:00+00:00,1769536800000,1769544000000,LONG,7,k7_b7,2930.36,3007.08,0.01,0.734544079999998,0.0250666839569199,0.032655920000000005,target,,,
2026-01-28T09:00:00+00:00,2026-01-28T10:00:00+00:00,1769590800000,1769594400000,LONG,1,k7_b1,2990.92,3020.83,0.01,0.2660353749999985,0.008894767329116074,0.033064625,target,,,
2026-01-28T07:00:00+00:00,2026-01-28T13:00:00+00:00,1769583600000,1769605200000,SHORT,1,k7_b1,3011.74,3029.79,0.01,-0.21372841500000184,-0.00709650949285137,0.033228415,max_hold,,,
2026-01-28T17:00:00+00:00,2026-01-28T17:00:00+00:00,1769619600000,1769619600000,LONG,1,k7_b1,2999.9,3029.9,0.01,0.26683609999999996,0.008894833161105368,0.03316390000000001,target_entry_bar,,,
2026-01-29T00:00:00+00:00,2026-01-29T02:00:00+00:00,1769644800000,1769652000000,SHORT,1,k7_b1,3007.85,2977.77,0.01,0.2678790899999993,0.008905998969363477,0.03292091,target,,,
2026-01-29T01:00:00+00:00,2026-01-29T02:00:00+00:00,1769648400000,1769652000000,SHORT,2,k7_b2,3006.35,2976.29,0.01,0.2676954799999995,0.008904335157250469,0.03290452000000001,target,,,
2026-01-29T02:00:00+00:00,2026-01-29T14:00:00+00:00,1769652000000,1769695200000,SHORT,3,k7_b3,2989.79,2934.59,0.01,0.5194159099999982,0.01737298974175438,0.03258409,max_hold,,,
2026-01-29T03:00:00+00:00,2026-01-29T14:00:00+00:00,1769655600000,1769695200000,SHORT,4,k7_b4,2956.53,2879.13,0.01,0.7419038700000009,0.025093737252792996,0.03209613000000001,target,,,
2026-01-29T04:00:00+00:00,2026-01-29T15:00:00+00:00,1769659200000,1769698800000,SHORT,5,k7_b5,2949.92,2872.69,0.01,0.7402756450000002,0.025094770197157893,0.032024355000000004,target,,,
2026-01-29T14:00:00+00:00,2026-01-29T15:00:00+00:00,1769695200000,1769698800000,SHORT,3,k7_b3,2933.12,2856.33,0.01,0.7360580249999997,0.025094712285893512,0.031841974999999995,target,,,
2026-01-29T18:00:00+00:00,2026-01-29T18:00:00+00:00,1769709600000,1769709600000,SHORT,2,k7_b2,2821.76,2793.54,0.01,0.25131585000000256,0.00890635100079392,0.030884150000000006,target_entry_bar,,,
2026-01-29T21:00:00+00:00,2026-01-30T01:00:00+00:00,1769720400000,1769734800000,SHORT,3,k7_b3,2803.5,2730.1,0.01,0.7035652000000009,0.025095958623149665,0.0304348,target,,,
2026-01-29T22:00:00+00:00,2026-01-30T01:00:00+00:00,1769724000000,1769734800000,SHORT,4,k7_b4,2817.11,2743.36,0.01,0.706917415,0.025093710043271295,0.030582585000000002,target,,,
2026-01-29T23:00:00+00:00,2026-01-30T01:00:00+00:00,1769727600000,1769734800000,SHORT,5,k7_b5,2817.36,2743.6,0.01,0.7070147200000021,0.025094937104239504,0.03058528,target,,,
2026-01-30T00:00:00+00:00,2026-01-30T01:00:00+00:00,1769731200000,1769734800000,SHORT,5,k7_b5,2819.58,2745.76,0.01,0.7075906299999971,0.0250956039551989,0.030609370000000004,target,,,
2026-01-30T01:00:00+00:00,2026-01-30T01:00:00+00:00,1769734800000,1769734800000,SHORT,6,k7_b6,2802.38,2729.01,0.01,0.7032773549999989,0.02509571703337873,0.030422645000000005,target_entry_bar,,,
2026-01-30T03:00:00+00:00,2026-01-30T15:00:00+00:00,1769742000000,1769785200000,SHORT,6,k7_b6,2733.85,2736.38,0.01,-0.055386265000002,-0.0020259438154983634,0.030086265,max_hold,,,
2026-01-30T12:00:00+00:00,2026-01-30T18:00:00+00:00,1769774400000,1769796000000,SHORT,3,k7_b3,2757.11,2684.93,0.01,0.6918687800000028,0.025093985368737658,0.02993122,target,,,
2026-01-30T18:00:00+00:00,2026-01-30T18:00:00+00:00,1769796000000,1769796000000,LONG,1,k7_b1,2712.52,2658.27,0.01,-0.572039345,-0.0210888526167549,0.029539345,stop_entry_bar,,,
2026-01-30T21:00:00+00:00,2026-01-30T21:00:00+00:00,1769806800000,1769806800000,LONG,2,k7_b2,2680.16,2706.96,0.01,0.23837084000000186,0.008893903349053857,0.02962916,target_entry_bar,,,
2026-01-31T05:00:00+00:00,2026-01-31T07:00:00+00:00,1769835600000,1769842800000,SHORT,1,k7_b1,2693.09,2666.16,0.01,0.2398241250000029,0.008905165627587749,0.029475875000000002,target,,,
2026-01-31T06:00:00+00:00,2026-01-31T07:00:00+00:00,1769839200000,1769842800000,SHORT,2,k7_b2,2695.63,2668.67,0.01,0.2400963500000004,0.008906873346861416,0.029503650000000003,target,,,
2026-01-31T07:00:00+00:00,2026-01-31T08:00:00+00:00,1769842800000,1769846400000,SHORT,3,k7_b3,2690.25,2619.82,0.01,0.6750946149999983,0.025094121921754423,0.029205385000000004,target,,,
2026-01-31T08:00:00+00:00,2026-01-31T08:00:00+00:00,1769846400000,1769846400000,SHORT,4,k7_b4,2677.52,2607.42,0.01,0.671932829999999,0.025095343078669775,0.029067170000000003,target_entry_bar,,,
2026-02-01T13:00:00+00:00,2026-02-01T13:00:00+00:00,1769950800000,1769950800000,SHORT,1,k7_b1,2393.6,2369.66,0.01,0.21320207000000055,0.008907172042112322,0.02619793,target_entry_bar,,,
2026-02-01T14:00:00+00:00,2026-02-01T14:00:00+00:00,1769954400000,1769954400000,SHORT,2,k7_b2,2378.82,2355.03,0.01,0.21186382499999964,0.008906257093853238,0.026036175000000005,target_entry_bar,,,
2026-02-01T15:00:00+00:00,2026-02-01T15:00:00+00:00,1769958000000,1769958000000,SHORT,3,k7_b3,2370.5,2308.44,0.01,0.5948658299999995,0.025094529846024023,0.025734170000000004,target_entry_bar,,,
2026-02-01T20:00:00+00:00,2026-02-01T20:00:00+00:00,1769976000000,1769976000000,LONG,1,k7_b1,2320.45,2343.65,0.01,0.20634745000000274,0.008892561787584423,0.025652550000000003,target_entry_bar,,,
2026-02-01T21:00:00+00:00,2026-02-01T21:00:00+00:00,1769979600000,1769979600000,SHORT,2,k7_b2,2313.92,2290.78,0.01,0.2060741499999987,0.008905845923800247,0.025325850000000004,target_entry_bar,,,
2026-02-01T23:00:00+00:00,2026-02-01T23:00:00+00:00,1769986800000,1769986800000,SHORT,3,k7_b3,2316.65,2256.0,0.01,0.5813504250000009,0.025094443485204964,0.025149575,target_entry_bar,,,
2026-02-02T00:00:00+00:00,2026-02-02T00:00:00+00:00,1769990400000,1769990400000,LONG,2,k7_b2,2270.17,2292.87,0.01,0.2019032799999982,0.008893751569265657,0.025096720000000003,target_entry_bar,,,
2026-02-02T03:00:00+00:00,2026-02-02T03:00:00+00:00,1770001200000,1770001200000,LONG,2,k7_b2,2261.67,2216.44,0.01,-0.4769296050000002,-0.021087497512899768,0.024629605000000002,stop_entry_bar,,,
2026-02-02T04:00:00+00:00,2026-02-02T05:00:00+00:00,1770004800000,1770008400000,LONG,3,k7_b3,2238.52,2193.75,0.01,-0.4720774849999998,-0.021088821408787938,0.024377485,stop,,,
2026-02-02T05:00:00+00:00,2026-02-02T05:00:00+00:00,1770008400000,1770008400000,LONG,4,k7_b4,2240.83,2196.01,0.01,-0.4726026199999971,-0.021090516460418554,0.024402620000000003,stop_entry_bar,,,
2026-02-02T06:00:00+00:00,2026-02-02T08:00:00+00:00,1770012000000,1770019200000,LONG,4,k7_b4,2197.8,2255.34,0.01,0.5509077299999997,0.025066326781326767,0.024492270000000003,target,,,
2026-02-02T07:00:00+00:00,2026-02-02T09:00:00+00:00,1770015600000,1770022800000,LONG,5,k7_b5,2227.6,2285.92,0.01,0.5583756400000016,0.02506624349075245,0.024824360000000004,target,,,
2026-02-02T08:00:00+00:00,2026-02-02T09:00:00+00:00,1770019200000,1770022800000,LONG,6,k7_b6,2228.68,2287.03,0.01,0.5586635950000037,0.02506701702352979,0.024836405000000002,target,,,
2026-02-02T12:00:00+00:00,2026-02-02T14:00:00+00:00,1770033600000,1770040800000,LONG,6,k7_b6,2282.35,2342.1,0.01,0.5720655250000001,0.025064758910771798,0.025434474999999998,target,,,
2026-02-02T13:00:00+00:00,2026-02-02T15:00:00+00:00,1770037200000,1770044400000,LONG,7,k7_b7,2311.25,2371.76,0.01,0.5793434450000022,0.02506623883180107,0.025756555,target,,,
2026-02-03T01:00:00+00:00,2026-02-03T02:00:00+00:00,1770080400000,1770084000000,SHORT,1,k7_b1,2351.46,2327.95,0.01,0.2093632450000022,0.0089035426926251,0.025736755,target,,,
2026-02-03T02:00:00+00:00,2026-02-03T02:00:00+00:00,1770084000000,1770084000000,SHORT,2,k7_b2,2352.09,2328.57,0.01,0.20945636999999984,0.008905117151129413,0.025743630000000003,target_entry_bar,,,
2026-02-03T04:00:00+00:00,2026-02-03T09:00:00+00:00,1770091200000,1770109200000,SHORT,3,k7_b3,2341.92,2280.61,0.01,0.5876760849999995,0.02509377284450363,0.025423915000000002,target,,,
2026-02-03T05:00:00+00:00,2026-02-03T09:00:00+00:00,1770094800000,1770109200000,SHORT,4,k7_b4,2343.72,2282.36,0.01,0.5881565599999967,0.025095001109347394,0.02544344,target,,,
2026-02-03T09:00:00+00:00,2026-02-03T15:00:00+00:00,1770109200000,1770130800000,SHORT,3,k7_b3,2313.46,2252.89,0.01,0.5805850750000017,0.025095963405462017,0.025114925000000003,target,,,
2026-02-03T13:00:00+00:00,2026-02-03T16:00:00+00:00,1770123600000,1770134400000,SHORT,4,k7_b4,2298.85,2238.67,0.01,0.5768436399999983,0.025092704613176083,0.024956360000000004,target,,,
2026-02-03T14:00:00+00:00,2026-02-03T16:00:00+00:00,1770127200000,1770134400000,SHORT,5,k7_b5,2309.91,2249.44,0.01,0.5796235749999981,0.02509290729941851,0.025076425000000003,target,,,
2026-02-03T16:00:00+00:00,2026-02-03T16:00:00+00:00,1770134400000,1770134400000,SHORT,5,k7_b5,2301.0,2240.76,0.01,0.5774203199999979,0.025094320730117248,0.024979680000000004,target_entry_bar,,,
2026-02-03T23:00:00+00:00,2026-02-04T01:00:00+00:00,1770159600000,1770166800000,LONG,1,k7_b1,2235.92,2258.28,0.01,0.19888190000000128,0.008894857597767418,0.024718100000000003,target,,,
2026-02-04T00:00:00+00:00,2026-02-04T01:00:00+00:00,1770163200000,1770166800000,LONG,2,k7_b2,2233.35,2255.68,0.01,0.19861033499999928,0.008892933709449897,0.024689665,target,,,
2026-02-04T07:00:00+00:00,2026-02-04T09:00:00+00:00,1770188400000,1770195600000,SHORT,2,k7_b2,2275.37,2252.62,0.01,0.202596055,0.008903872996479694,0.024903945,target,,,
2026-02-04T06:00:00+00:00,2026-02-04T11:00:00+00:00,1770184800000,1770202800000,SHORT,1,k7_b1,2263.24,2240.61,0.01,0.20152882499999655,0.008904438990120207,0.024771175,target,,,
2026-02-04T01:00:00+00:00,2026-02-04T13:00:00+00:00,1770166800000,1770210000000,LONG,3,k7_b3,2240.86,2243.1,0.01,-0.0022617800000021837,-0.00010093357014727307,0.02466178,max_hold,,,
2026-02-04T08:00:00+00:00,2026-02-04T13:00:00+00:00,1770192000000,1770210000000,SHORT,3,k7_b3,2281.78,2222.04,0.01,0.5726289900000023,0.02509571431075749,0.024771010000000003,target,,,
2026-02-04T09:00:00+00:00,2026-02-04T13:00:00+00:00,1770195600000,1770210000000,SHORT,4,k7_b4,2277.67,2218.04,0.01,0.571573595000001,0.02509466230841171,0.024726405,target,,,
2026-02-04T10:00:00+00:00,2026-02-04T13:00:00+00:00,1770199200000,1770210000000,SHORT,5,k7_b5,2258.76,2199.63,0.01,0.5667788550000011,0.025092477952504962,0.024521145000000005,target,,,
2026-02-04T11:00:00+00:00,2026-02-04T13:00:00+00:00,1770202800000,1770210000000,SHORT,6,k7_b6,2258.48,2199.35,0.01,0.5667819350000012,0.02509572522227344,0.024518065000000002,target,,,
2026-02-04T12:00:00+00:00,2026-02-04T14:00:00+00:00,1770206400000,1770213600000,SHORT,6,k7_b6,2252.6,2193.63,0.01,0.565245734999998,0.025093036269199946,0.024454265000000003,target,,,
2026-02-04T13:00:00+00:00,2026-02-04T14:00:00+00:00,1770210000000,1770213600000,SHORT,6,k7_b6,2241.97,2183.28,0.01,0.562561124999996,0.02509226818378462,0.024338875000000003,target,,,
2026-02-05T03:00:00+00:00,2026-02-05T04:00:00+00:00,1770260400000,1770264000000,LONG,1,k7_b1,2124.38,2081.89,0.01,-0.44803448500000237,-0.021090129120025718,0.023134485000000003,stop,,,
2026-02-05T05:00:00+00:00,2026-02-05T06:00:00+00:00,1770267600000,1770271200000,LONG,2,k7_b2,2104.17,2062.09,0.01,-0.44371442999999927,-0.02108738504968701,0.022914430000000003,stop,,,
2026-02-05T07:00:00+00:00,2026-02-05T09:00:00+00:00,1770274800000,1770282000000,LONG,4,k7_b4,2087.36,2142.01,0.01,0.5232384650000008,0.025066996828529853,0.023261535000000007,target,,,
2026-02-05T08:00:00+00:00,2026-02-05T09:00:00+00:00,1770278400000,1770282000000,LONG,5,k7_b5,2091.61,2146.37,0.01,0.5242911099999976,0.0250663895276843,0.02330889,target,,,
2026-02-05T09:00:00+00:00,2026-02-05T11:00:00+00:00,1770282000000,1770289200000,LONG,5,k7_b5,2111.91,2069.67,0.01,-0.4453986899999978,-0.02108985184027718,0.022998690000000002,stop,,,
2026-02-05T06:00:00+00:00,2026-02-05T12:00:00+00:00,1770271200000,1770292800000,LONG,3,k7_b3,2101.5,2059.47,0.01,-0.443185335000002,-0.021089000000000094,0.022885335,stop,,,
2026-02-05T11:00:00+00:00,2026-02-05T12:00:00+00:00,1770289200000,1770292800000,LONG,5,k7_b5,2097.54,2055.59,0.01,-0.4423422149999982,-0.021088618810606623,0.022842215000000003,stop,,,
2026-02-05T12:00:00+00:00,2026-02-05T15:00:00+00:00,1770292800000,1770303600000,LONG,6,k7_b6,2079.76,2038.16,0.01,-0.43864856000000135,-0.021091306689233435,0.022648560000000005,stop,,,
2026-02-05T13:00:00+00:00,2026-02-05T15:00:00+00:00,1770296400000,1770303600000,LONG,7,k7_b7,2063.99,2022.71,0.01,-0.43527684999999744,-0.021089096846399327,0.02247685,stop,,,
2026-02-06T00:00:00+00:00,2026-02-06T00:00:00+00:00,1770336000000,1770336000000,LONG,2,k7_b2,1825.86,1789.34,0.01,-0.3850835999999998,-0.02109053268049028,0.0198836,stop_entry_bar,,,
2026-02-06T09:00:00+00:00,2026-02-06T09:00:00+00:00,1770368400000,1770368400000,LONG,1,k7_b1,1874.72,1893.47,0.01,0.166774955,0.00889599273491508,0.020725045,target_entry_bar,,,
2026-02-06T11:00:00+00:00,2026-02-06T13:00:00+00:00,1770375600000,1770382800000,LONG,2,k7_b2,1927.24,1946.51,0.01,0.17139437499999982,0.008893255380751738,0.021305625,target,,,
2026-02-06T12:00:00+00:00,2026-02-06T14:00:00+00:00,1770379200000,1770386400000,LONG,3,k7_b3,1932.72,1983.32,0.01,0.4844617799999991,0.025066320004967047,0.021538220000000004,target,,,
2026-02-06T13:00:00+00:00,2026-02-06T14:00:00+00:00,1770382800000,1770386400000,LONG,4,k7_b4,1920.98,1971.27,0.01,0.4814926249999997,0.025064947318556133,0.021407375000000003,target,,,
2026-02-06T14:00:00+00:00,2026-02-06T14:00:00+00:00,1770386400000,1770386400000,LONG,5,k7_b5,1950.28,2001.34,0.01,0.4888660899999995,0.02506645661135834,0.021733910000000002,target_entry_bar,,,
2026-02-06T15:00:00+00:00,2026-02-06T16:00:00+00:00,1770390000000,1770393600000,LONG,5,k7_b5,1979.2,2031.02,0.01,0.4961437899999993,0.025067895614389615,0.022056210000000003,target,,,
2026-02-06T16:00:00+00:00,2026-02-06T16:00:00+00:00,1770393600000,1770393600000,LONG,6,k7_b6,1980.48,2032.33,0.01,0.4964295449999991,0.02506612260664077,0.022070455000000003,target_entry_bar,,,
2026-02-07T01:00:00+00:00,2026-02-07T04:00:00+00:00,1770426000000,1770436800000,LONG,4,k7_b4,2044.12,2097.64,0.01,0.5124203199999998,0.025068015576384942,0.02277968,target,,,
2026-02-07T05:00:00+00:00,2026-02-07T06:00:00+00:00,1770440400000,1770444000000,SHORT,1,k7_b1,2085.09,2064.24,0.01,0.18567868500000365,0.008905068126555862,0.022821315000000002,target,,,
2026-02-07T10:00:00+00:00,2026-02-07T12:00:00+00:00,1770458400000,1770465600000,LONG,2,k7_b2,2014.64,2034.79,0.01,0.17922813499999865,0.008896285936941521,0.022271865000000002,target,,,
2026-02-07T11:00:00+00:00,2026-02-07T12:00:00+00:00,1770462000000,1770465600000,LONG,3,k7_b3,2010.72,2063.36,0.01,0.503992560000001,0.025065278109334017,0.02240744,target,,,
2026-02-07T12:00:00+00:00,2026-02-07T12:00:00+00:00,1770465600000,1770465600000,LONG,4,k7_b4,2018.54,2071.39,0.01,0.506005384999999,0.025067889910529342,0.022494615000000003,target_entry_bar,,,
2026-02-07T15:00:00+00:00,2026-02-07T16:00:00+00:00,1770476400000,1770480000000,LONG,4,k7_b4,2020.41,2073.3,0.01,0.506384595000001,0.02506345716958444,0.022515405000000002,target,,,
2026-02-07T17:00:00+00:00,2026-02-07T18:00:00+00:00,1770483600000,1770487200000,LONG,4,k7_b4,2050.1,2103.77,0.01,0.5138537150000008,0.025064812204282753,0.022846285,target,,,
2026-02-07T18:00:00+00:00,2026-02-07T20:00:00+00:00,1770487200000,1770494400000,LONG,5,k7_b5,2061.3,2115.26,0.01,0.5166289200000004,0.02506325716780674,0.022971080000000005,target,,,
2026-02-07T19:00:00+00:00,2026-02-08T07:00:00+00:00,1770490800000,1770534000000,LONG,6,k7_b6,2097.11,2078.33,0.01,-0.210764920000002,-0.010050255828258983,0.022964920000000003,max_hold,,,
2026-02-07T20:00:00+00:00,2026-02-08T08:00:00+00:00,1770494400000,1770537600000,LONG,7,k7_b7,2091.15,2083.49,0.01,-0.0995605200000031,-0.004761041532171441,0.02296052,max_hold,,,
2026-02-07T23:00:00+00:00,2026-02-08T11:00:00+00:00,1770505200000,1770548400000,LONG,7,k7_b7,2088.78,2094.99,0.01,0.039089264999995814,0.0018713921523566776,0.023010735000000004,max_hold,,,
2026-02-08T07:00:00+00:00,2026-02-08T11:00:00+00:00,1770534000000,1770548400000,LONG,6,k7_b6,2079.37,2133.81,0.01,0.5212275100000006,0.025066607193524992,0.02317249,target,,,
2026-02-08T00:00:00+00:00,2026-02-08T12:00:00+00:00,1770508800000,1770552000000,LONG,7,k7_b7,2086.99,2130.98,0.01,0.4167011650000024,0.019966610525206277,0.023198835,max_hold,,,
2026-02-08T05:00:00+00:00,2026-02-08T12:00:00+00:00,1770526800000,1770552000000,LONG,6,k7_b6,2087.5,2142.15,0.01,0.5232369250000009,0.025065241916167706,0.023263075,target,,,
2026-02-08T06:00:00+00:00,2026-02-08T12:00:00+00:00,1770530400000,1770552000000,LONG,6,k7_b6,2084.6,2139.17,0.01,0.5224692650000016,0.02506328624196496,0.023230735000000002,target,,,
2026-02-08T08:00:00+00:00,2026-02-08T12:00:00+00:00,1770537600000,1770552000000,LONG,6,k7_b6,2084.54,2139.11,0.01,0.5224699250000017,0.025064039308432633,0.023230075000000003,target,,,
2026-02-08T12:00:00+00:00,2026-02-08T15:00:00+00:00,1770552000000,1770562800000,SHORT,1,k7_b1,2129.91,2108.61,0.01,0.18968813999999729,0.00890592278546968,0.023311860000000004,target,,,
2026-02-08T13:00:00+00:00,2026-02-08T15:00:00+00:00,1770555600000,1770562800000,SHORT,2,k7_b2,2128.94,2107.65,0.01,0.18959875499999965,0.008905781985401168,0.023301245000000005,target,,,
2026-02-08T15:00:00+00:00,2026-02-08T16:00:00+00:00,1770562800000,1770566400000,SHORT,4,k7_b4,2126.66,2070.98,0.01,0.5337129799999984,0.02509630030188175,0.023087020000000003,target,,,
2026-02-08T11:00:00+00:00,2026-02-08T23:00:00+00:00,1770548400000,1770591600000,LONG,6,k7_b6,2096.04,2107.43,0.01,0.09078091499999873,0.004331067870842099,0.023119084999999998,max_hold,,,
2026-02-08T21:00:00+00:00,2026-02-08T23:00:00+00:00,1770584400000,1770591600000,SHORT,3,k7_b3,2102.43,2144.48,0.01,-0.44385800500000183,-0.021111666262372673,0.023358005,stop,,,
2026-02-08T23:00:00+00:00,2026-02-08T23:00:00+00:00,1770591600000,1770591600000,SHORT,4,k7_b4,2106.37,2148.5,0.01,-0.4447017850000011,-0.021112235029933066,0.023401785,stop_entry_bar,,,
2026-02-08T14:00:00+00:00,2026-02-09T01:00:00+00:00,1770559200000,1770598800000,SHORT,3,k7_b3,2124.3,2068.69,0.01,0.5330385550000013,0.02509243303676511,0.023061445000000003,target,,,
2026-02-09T01:00:00+00:00,2026-02-09T07:00:00+00:00,1770598800000,1770620400000,LONG,1,k7_b1,2084.2,2080.36,0.01,-0.06130507999999691,-0.0029414202091928277,0.02290508,max_hold,,,
2026-02-09T04:00:00+00:00,2026-02-09T08:00:00+00:00,1770609600000,1770624000000,SHORT,3,k7_b3,2097.96,2043.04,0.01,0.5264245000000007,0.02509220862170874,0.022775500000000004,target,,,
2026-02-09T06:00:00+00:00,2026-02-09T08:00:00+00:00,1770616800000,1770624000000,SHORT,4,k7_b4,2093.48,2038.67,0.01,0.5253731749999995,0.02509568636910787,0.022726825000000003,target,,,
2026-02-09T07:00:00+00:00,2026-02-09T10:00:00+00:00,1770620400000,1770631200000,SHORT,5,k7_b5,2079.31,2024.87,0.01,0.5218270100000005,0.0250961621884183,0.02257299,target,,,
2026-02-09T11:00:00+00:00,2026-02-09T13:00:00+00:00,1770634800000,1770642000000,LONG,1,k7_b1,2022.76,2042.99,0.01,0.17993837500000018,0.008895685845082966,0.022361625000000003,target,,,
2026-02-09T13:00:00+00:00,2026-02-09T15:00:00+00:00,1770642000000,1770649200000,LONG,2,k7_b2,2035.62,2055.98,0.01,0.1810962000000013,0.008896365726412656,0.0225038,target,,,
2026-02-09T14:00:00+00:00,2026-02-09T16:00:00+00:00,1770645600000,1770652800000,LONG,3,k7_b3,2022.7,2075.65,0.01,0.5069590750000004,0.025063483215504046,0.022540925000000003,target,,,
2026-02-09T15:00:00+00:00,2026-02-09T16:00:00+00:00,1770649200000,1770652800000,LONG,4,k7_b4,2043.43,2096.93,0.01,0.5122280199999977,0.025067069583983678,0.022771980000000004,target,,,
2026-02-09T16:00:00+00:00,2026-02-09T17:00:00+00:00,1770652800000,1770656400000,LONG,5,k7_b5,2061.32,2115.29,0.01,0.5167286449999979,0.025067851910426226,0.022971355000000002,target,,,
2026-02-09T21:00:00+00:00,2026-02-09T21:00:00+00:00,1770670800000,1770670800000,SHORT,1,k7_b1,2122.61,2101.38,0.01,0.18906805500000018,0.008907338371156273,0.023231945000000004,target_entry_bar,,,
2026-02-09T22:00:00+00:00,2026-02-10T00:00:00+00:00,1770674400000,1770681600000,SHORT,2,k7_b2,2120.16,2098.96,0.01,0.1887948399999982,0.008904744924911242,0.023205160000000002,target,,,
2026-02-10T00:00:00+00:00,2026-02-10T05:00:00+00:00,1770681600000,1770699600000,SHORT,3,k7_b3,2102.9,2047.85,0.01,0.5276708750000019,0.025092532930714815,0.022829125,target,,,
2026-02-10T12:00:00+00:00,2026-02-10T13:00:00+00:00,1770724800000,1770728400000,LONG,1,k7_b1,2002.88,2022.91,0.01,0.17815815499999973,0.008895098807716875,0.022141845,target,,,
2026-02-10T19:00:00+00:00,2026-02-11T01:00:00+00:00,1770750000000,1770771600000,LONG,1,k7_b1,2009.28,2023.99,0.01,0.12491701500000037,0.006217003852126153,0.022182985000000002,max_hold,,,
2026-02-10T20:00:00+00:00,2026-02-11T02:00:00+00:00,1770753600000,1770775200000,LONG,2,k7_b2,2017.83,2023.16,0.01,0.031074555000001544,0.0015399986619289803,0.022225445000000003,max_hold,,,
2026-02-11T01:00:00+00:00,2026-02-11T03:00:00+00:00,1770771600000,1770778800000,SHORT,1,k7_b1,2022.97,2002.74,0.01,0.18015859500000017,0.008905648378374379,0.022141405000000003,target,,,
2026-02-11T02:00:00+00:00,2026-02-11T03:00:00+00:00,1770775200000,1770778800000,SHORT,2,k7_b2,2022.14,2001.92,0.01,0.18006767000000026,0.008904807283373072,0.022132330000000002,target,,,
2026-02-11T03:00:00+00:00,2026-02-11T04:00:00+00:00,1770778800000,1770782400000,SHORT,3,k7_b3,2015.51,1962.74,0.01,0.5058196249999999,0.025096358986063074,0.021880375000000004,target,,,
2026-02-11T05:00:00+00:00,2026-02-11T14:00:00+00:00,1770786000000,1770818400000,SHORT,4,k7_b4,1969.64,2009.03,0.01,-0.41578268499999876,-0.021109577638553177,0.021882685,stop,,,
2026-02-11T06:00:00+00:00,2026-02-11T14:00:00+00:00,1770789600000,1770818400000,SHORT,5,k7_b5,1972.32,2011.77,0.01,-0.41641249500000044,-0.021112826265514747,0.021912495,stop,,,
2026-02-11T07:00:00+00:00,2026-02-11T14:00:00+00:00,1770793200000,1770818400000,SHORT,5,k7_b5,1946.8,1985.74,0.01,-0.4110289700000006,-0.021113055783850452,0.021628970000000004,stop,,,
2026-02-11T08:00:00+00:00,2026-02-11T14:00:00+00:00,1770796800000,1770818400000,SHORT,5,k7_b5,1948.57,1987.54,0.01,-0.41134860500000026,-0.021110281129238375,0.021648605,stop,,,
2026-02-11T17:00:00+00:00,2026-02-11T17:00:00+00:00,1770829200000,1770829200000,LONG,1,k7_b1,1915.39,1934.54,0.01,0.17032538499999864,0.00889246498102207,0.021174615,target_entry_bar,,,
2026-02-12T14:00:00+00:00,2026-02-12T14:00:00+00:00,1770904800000,1770904800000,SHORT,2,k7_b2,1992.95,1973.02,0.01,0.17748716500000064,0.008905751022353829,0.021812835000000003,target_entry_bar,,,
2026-02-12T10:00:00+00:00,2026-02-12T15:00:00+00:00,1770890400000,1770908400000,SHORT,1,k7_b1,1980.31,1960.51,0.01,0.17632548999999953,0.008903933727547683,0.02167451,target,,,
2026-02-12T15:00:00+00:00,2026-02-12T16:00:00+00:00,1770908400000,1770912000000,SHORT,3,k7_b3,1976.65,1924.9,0.01,0.49604147499999995,0.025095058558672497,0.021458525000000003,target,,,
2026-02-12T22:00:00+00:00,2026-02-12T22:00:00+00:00,1770933600000,1770933600000,LONG,1,k7_b1,1923.23,1942.46,0.01,0.17103870500000018,0.008893304752941674,0.021261295000000003,target_entry_bar,,,
2026-02-13T06:00:00+00:00,2026-02-13T08:00:00+00:00,1770962400000,1770969600000,LONG,1,k7_b1,1933.96,1953.3,0.01,0.1720200699999992,0.008894706715754161,0.021379930000000005,target,,,
2026-02-13T07:00:00+00:00,2026-02-13T08:00:00+00:00,1770966000000,1770969600000,LONG,2,k7_b2,1936.61,1955.98,0.01,0.17229075500000118,0.008896512720682077,0.021409245,target,,,
2026-02-13T08:00:00+00:00,2026-02-13T14:00:00+00:00,1770969600000,1770991200000,LONG,3,k7_b3,1935.86,1986.54,0.01,0.4852268000000007,0.0250651803332886,0.0215732,target,,,
2026-02-13T13:00:00+00:00,2026-02-13T14:00:00+00:00,1770987600000,1770991200000,LONG,2,k7_b2,1960.98,1980.59,0.01,0.174421364999999,0.008894601933726962,0.021678635,target,,,
2026-02-13T14:00:00+00:00,2026-02-13T15:00:00+00:00,1770991200000,1770994800000,LONG,3,k7_b3,1970.64,2022.23,0.01,0.49393921499999915,0.025064913682864405,0.021960785000000003,target,,,
2026-02-13T23:00:00+00:00,2026-02-14T05:00:00+00:00,1771023600000,1771045200000,SHORT,1,k7_b1,2052.34,2052.55,0.01,-0.024676895000000365,-0.001202378504536303,0.022576895000000003,max_hold,,,
2026-02-14T00:00:00+00:00,2026-02-14T06:00:00+00:00,1771027200000,1771048800000,SHORT,2,k7_b2,2046.57,2050.1,0.01,-0.05783168499999973,-0.0028257858270178756,0.022531685000000003,max_hold,,,
2026-02-14T03:00:00+00:00,2026-02-14T08:00:00+00:00,1771038000000,1771056000000,SHORT,5,k7_b5,2048.43,2089.4,0.01,-0.43245806500000256,-0.02111168382614991,0.022758065,stop,,,
2026-02-14T01:00:00+00:00,2026-02-14T11:00:00+00:00,1771030800000,1771066800000,SHORT,3,k7_b3,2053.03,2094.09,0.01,-0.43340915999999946,-0.021110707588296293,0.022809160000000005,stop,,,
2026-02-14T02:00:00+00:00,2026-02-14T11:00:00+00:00,1771034400000,1771066800000,SHORT,4,k7_b4,2052.34,2093.39,0.01,-0.43330151499999725,-0.02111256005340232,0.022801515,stop,,,
2026-02-14T15:00:00+00:00,2026-02-14T21:00:00+00:00,1771081200000,1771102800000,SHORT,2,k7_b2,2082.95,2088.56,0.01,-0.07904330500000127,-0.003794776878945787,0.022943305,max_hold,,,
2026-02-14T12:00:00+00:00,2026-02-15T00:00:00+00:00,1771070400000,1771113600000,SHORT,4,k7_b4,2097.17,2085.43,0.01,0.09439570000000236,0.004501099100216117,0.023004300000000002,max_hold,,,
2026-02-14T16:00:00+00:00,2026-02-15T04:00:00+00:00,1771084800000,1771128000000,SHORT,3,k7_b3,2085.33,2058.08,0.01,0.24971124500000003,0.011974663242748151,0.022788755,max_hold,,,
2026-02-14T17:00:00+00:00,2026-02-15T05:00:00+00:00,1771088400000,1771131600000,SHORT,4,k7_b4,2080.75,2075.71,0.01,0.027539469999999636,0.001323535744322943,0.022860530000000004,max_hold,,,
2026-02-14T20:00:00+00:00,2026-02-15T08:00:00+00:00,1771099200000,1771142400000,SHORT,5,k7_b5,2086.26,2090.58,0.01,-0.06617261999999709,-0.0031718299732534333,0.022972620000000003,max_hold,,,
2026-02-14T21:00:00+00:00,2026-02-15T09:00:00+00:00,1771102800000,1771146000000,SHORT,5,k7_b5,2087.51,2068.0,0.01,0.1722446950000022,0.008251203347528978,0.022855305000000003,max_hold,,,
2026-02-14T23:00:00+00:00,2026-02-15T11:00:00+00:00,1771110000000,1771153200000,SHORT,6,k7_b6,2088.3,2060.57,0.01,0.2544812150000002,0.012186046784465842,0.022818785,max_hold,,,
2026-02-15T00:00:00+00:00,2026-02-15T12:00:00+00:00,1771113600000,1771156800000,SHORT,6,k7_b6,2084.38,2060.98,0.01,0.2112005200000009,0.010132534374730178,0.022799480000000004,max_hold,,,
2026-02-15T01:00:00+00:00,2026-02-15T12:00:00+00:00,1771117200000,1771156800000,SHORT,7,k7_b7,2077.99,2023.59,0.01,0.5214413099999986,0.025093542798569707,0.02255869,target,,,
2026-02-15T05:00:00+00:00,2026-02-15T12:00:00+00:00,1771131600000,1771156800000,SHORT,6,k7_b6,2074.67,2020.36,0.01,0.5205773350000017,0.025092054881017303,0.022522664999999997,target,,,
2026-02-15T06:00:00+00:00,2026-02-15T12:00:00+00:00,1771135200000,1771156800000,SHORT,7,k7_b7,2086.6,2031.97,0.01,0.5236478649999988,0.02509574738809541,0.022652135000000004,target,,,
2026-02-15T10:00:00+00:00,2026-02-15T12:00:00+00:00,1771149600000,1771156800000,SHORT,7,k7_b7,2066.77,2012.66,0.01,0.518663134999999,0.025095348539024617,0.022436865,target,,,
2026-02-15T11:00:00+00:00,2026-02-15T13:00:00+00:00,1771153200000,1771160400000,SHORT,7,k7_b7,2059.53,2005.61,0.01,0.516841730000003,0.025095129956834956,0.022358270000000003,target,,,
2026-02-15T12:00:00+00:00,2026-02-15T13:00:00+00:00,1771156800000,1771160400000,SHORT,7,k7_b7,2059.94,2006.01,0.01,0.5169372750000006,0.025094773391458037,0.022362725,target,,,
2026-02-16T06:00:00+00:00,2026-02-16T07:00:00+00:00,1771221600000,1771225200000,LONG,2,k7_b2,1957.91,1977.49,0.01,0.1741552999999993,0.00889495942101523,0.021644700000000003,target,,,
2026-02-16T04:00:00+00:00,2026-02-16T09:00:00+00:00,1771214400000,1771232400000,LONG,1,k7_b1,1958.71,1978.3,0.01,0.1742464449999992,0.008895979751979578,0.021653555000000005,target,,,
2026-02-16T10:00:00+00:00,2026-02-16T11:00:00+00:00,1771236000000,1771239600000,SHORT,1,k7_b1,1985.51,1965.65,0.01,0.176868619999999,0.008907969237122906,0.02173138,target,,,
2026-02-16T13:00:00+00:00,2026-02-16T13:00:00+00:00,1771246800000,1771246800000,SHORT,2,k7_b2,2004.58,1984.53,0.01,0.17855989499999952,0.008907596354348518,0.021940105,target_entry_bar,,,
2026-02-16T14:00:00+00:00,2026-02-16T17:00:00+00:00,1771250400000,1771261200000,LONG,1,k7_b1,1967.75,1987.43,0.01,0.17504651000000063,0.008895769787828769,0.021753490000000004,target,,,
2026-02-16T15:00:00+00:00,2026-02-16T20:00:00+00:00,1771254000000,1771272000000,LONG,2,k7_b2,1972.91,1992.64,0.01,0.1754894750000002,0.008894955928045383,0.021810525000000004,target,,,
2026-02-16T19:00:00+00:00,2026-02-17T07:00:00+00:00,1771268400000,1771311600000,LONG,3,k7_b3,1969.13,1979.93,0.01,0.08628016999999955,0.004381639099500771,0.021719830000000002,max_hold,,,
2026-02-16T20:00:00+00:00,2026-02-17T08:00:00+00:00,1771272000000,1771315200000,LONG,3,k7_b3,1974.36,1984.84,0.01,0.08302440000000019,0.004205129763568963,0.0217756,max_hold,,,
2026-02-17T08:00:00+00:00,2026-02-17T10:00:00+00:00,1771315200000,1771322400000,SHORT,1,k7_b1,1983.84,1964.0,0.01,0.17668687999999919,0.008906306960238688,0.021713120000000002,target,,,
2026-02-17T11:00:00+00:00,2026-02-17T13:00:00+00:00,1771326000000,1771333200000,LONG,1,k7_b1,1966.92,1986.59,0.01,0.17495569499999847,0.008894906503568953,0.021744305000000002,target,,,
2026-02-17T12:00:00+00:00,2026-02-17T13:00:00+00:00,1771329600000,1771333200000,LONG,2,k7_b2,1968.57,1988.26,0.01,0.17513743500000054,0.008896683125314341,0.021762565000000005,target,,,
2026-02-17T15:00:00+00:00,2026-02-17T16:00:00+00:00,1771340400000,1771344000000,LONG,4,k7_b4,1948.53,1999.54,0.01,0.4883856149999999,0.025064310788132586,0.021714385000000003,target,,,
2026-02-17T13:00:00+00:00,2026-02-18T01:00:00+00:00,1771333200000,1771376400000,LONG,3,k7_b3,1969.79,1980.39,0.01,0.08427401000000137,0.004278324592976986,0.021725990000000004,max_hold,,,
2026-02-17T21:00:00+00:00,2026-02-18T01:00:00+00:00,1771362000000,1771376400000,SHORT,1,k7_b1,1992.66,1972.73,0.01,0.17749035500000065,0.008907207200425595,0.021809645000000003,target,,,
2026-02-17T22:00:00+00:00,2026-02-18T01:00:00+00:00,1771365600000,1771376400000,SHORT,2,k7_b2,1997.69,1977.71,0.01,0.17793530000000018,0.008907052645805914,0.0218647,target,,,
2026-02-17T16:00:00+00:00,2026-02-18T04:00:00+00:00,1771344000000,1771387200000,LONG,5,k7_b5,1968.63,1995.85,0.01,0.250395359999998,0.012719269745965366,0.02180464,max_hold,,,
2026-02-17T17:00:00+00:00,2026-02-18T05:00:00+00:00,1771347600000,1771390800000,LONG,5,k7_b5,1980.44,1998.22,0.01,0.15591736999999972,0.007872865120882214,0.021882630000000004,max_hold,,,
2026-02-17T18:00:00+00:00,2026-02-18T06:00:00+00:00,1771351200000,1771394400000,LONG,5,k7_b5,1966.07,1995.29,0.01,0.27041252000000027,0.013753961964731687,0.021787479999999998,max_hold,,,
2026-02-18T09:00:00+00:00,2026-02-18T10:00:00+00:00,1771405200000,1771408800000,SHORT,1,k7_b1,2018.59,1998.4,0.01,0.17980655499999826,0.008907532237849106,0.022093445000000003,target,,,
2026-02-18T11:00:00+00:00,2026-02-18T11:00:00+00:00,1771412400000,1771412400000,SHORT,2,k7_b2,1995.3,1975.35,0.01,0.17766142500000046,0.008903995639753444,0.021838575,target_entry_bar,,,
2026-02-18T04:00:00+00:00,2026-02-18T14:00:00+00:00,1771387200000,1771423200000,LONG,3,k7_b3,1996.85,1956.91,0.01,-0.42114567999999825,-0.021090501539925297,0.021745680000000003,stop,,,
2026-02-18T05:00:00+00:00,2026-02-18T14:00:00+00:00,1771390800000,1771423200000,LONG,3,k7_b3,1999.22,1959.24,0.01,-0.4215715300000002,-0.021086800352137343,0.021771530000000004,stop,,,
2026-02-18T18:00:00+00:00,2026-02-18T18:00:00+00:00,1771437600000,1771437600000,SHORT,1,k7_b1,1972.47,1952.75,0.01,0.17561129000000025,0.008903115890229013,0.021588710000000004,target_entry_bar,,,
2026-02-18T21:00:00+00:00,2026-02-19T00:00:00+00:00,1771448400000,1771459200000,LONG,1,k7_b1,1939.37,1958.76,0.01,0.17246028500000102,0.008892593213260028,0.021439715,target,,,
2026-02-18T22:00:00+00:00,2026-02-19T01:00:00+00:00,1771452000000,1771462800000,LONG,2,k7_b2,1941.7,1961.12,0.01,0.17273448999999846,0.008896044188082528,0.021465510000000004,target,,,
2026-02-18T23:00:00+00:00,2026-02-19T11:00:00+00:00,1771455600000,1771498800000,LONG,3,k7_b3,1948.26,1958.8,0.01,0.08391116999999963,0.004306980074528021,0.02148883,max_hold,,,
2026-02-19T05:00:00+00:00,2026-02-19T11:00:00+00:00,1771477200000,1771498800000,SHORT,1,k7_b1,1967.52,1958.8,0.01,0.06560524000000027,0.003334412864926419,0.02159476,max_hold,,,
2026-02-19T06:00:00+00:00,2026-02-19T11:00:00+00:00,1771480800000,1771498800000,SHORT,2,k7_b2,1968.39,1948.71,0.01,0.17525595000000063,0.008903517595598464,0.021544050000000002,target,,,
2026-02-19T07:00:00+00:00,2026-02-19T13:00:00+00:00,1771484400000,1771506000000,SHORT,3,k7_b3,1981.13,1929.26,0.01,0.49719285500000115,0.025096427543876528,0.021507145000000005,target,,,
2026-02-19T08:00:00+00:00,2026-02-19T13:00:00+00:00,1771488000000,1771506000000,SHORT,4,k7_b4,1979.82,1927.99,0.01,0.49680704499999934,0.02509354613045627,0.021492955,target,,,
2026-02-19T09:00:00+00:00,2026-02-19T13:00:00+00:00,1771491600000,1771506000000,SHORT,5,k7_b5,1968.51,1916.97,0.01,0.49402985999999965,0.02509663959035004,0.021370140000000003,target,,,
2026-02-19T10:00:00+00:00,2026-02-19T13:00:00+00:00,1771495200000,1771506000000,SHORT,6,k7_b6,1961.95,1910.59,0.01,0.49230103000000125,0.025092435077346577,0.02129897,target,,,
2026-02-19T11:00:00+00:00,2026-02-19T16:00:00+00:00,1771498800000,1771516800000,SHORT,6,k7_b6,1957.82,1906.56,0.01,0.49134590999999994,0.025096582423307555,0.02125409,target,,,
2026-02-19T17:00:00+00:00,2026-02-19T17:00:00+00:00,1771520400000,1771520400000,LONG,1,k7_b1,1921.93,1941.15,0.01,0.1709530600000003,0.008894864016899694,0.02124694,target_entry_bar,,,
2026-02-19T18:00:00+00:00,2026-02-19T18:00:00+00:00,1771524000000,1771524000000,LONG,2,k7_b2,1920.55,1939.76,0.01,0.1708682950000004,0.008896841790112228,0.021231705000000003,target_entry_bar,,,
2026-02-20T10:00:00+00:00,2026-02-20T11:00:00+00:00,1771581600000,1771585200000,SHORT,2,k7_b2,1965.82,1946.16,0.01,0.17508410999999854,0.00890641615203826,0.021515890000000003,target,,,
2026-02-20T09:00:00+00:00,2026-02-20T13:00:00+00:00,1771578000000,1771592400000,SHORT,1,k7_b1,1957.84,1938.26,0.01,0.1743714499999993,0.008906317676623181,0.021428549999999998,target,,,
2026-02-20T12:00:00+00:00,2026-02-20T15:00:00+00:00,1771588800000,1771599600000,LONG,1,k7_b1,1943.74,1963.18,0.01,0.17291194000000054,0.008895836891765388,0.021488060000000003,target,,,
2026-02-21T05:00:00+00:00,2026-02-21T11:00:00+00:00,1771650000000,1771671600000,LONG,1,k7_b1,1962.55,1973.29,0.01,0.08575288000000009,0.004369462179307539,0.021647120000000002,max_hold,,,
2026-02-21T06:00:00+00:00,2026-02-21T11:00:00+00:00,1771653600000,1771671600000,LONG,2,k7_b2,1963.0,1982.63,0.01,0.17459903500000107,0.008894500000000055,0.021700965000000003,target,,,
2026-02-21T07:00:00+00:00,2026-02-21T19:00:00+00:00,1771657200000,1771700400000,LONG,3,k7_b3,1961.49,1991.23,0.01,0.2756600400000001,0.014053604147867186,0.021739960000000003,max_hold,,,
2026-02-21T08:00:00+00:00,2026-02-21T20:00:00+00:00,1771660800000,1771704000000,LONG,4,k7_b4,1962.99,1987.48,0.01,0.2231724150000001,0.01136900417220669,0.021727585,max_hold,,,
2026-02-21T09:00:00+00:00,2026-02-21T21:00:00+00:00,1771664400000,1771707600000,LONG,5,k7_b5,1969.11,1973.15,0.01,0.01871757000000191,0.0009505598976188183,0.021682430000000003,max_hold,,,
2026-02-21T10:00:00+00:00,2026-02-21T22:00:00+00:00,1771668000000,1771711200000,LONG,6,k7_b6,1970.37,1981.23,0.01,0.08686620000000128,0.00440862376101957,0.0217338,max_hold,,,
2026-02-21T11:00:00+00:00,2026-02-21T23:00:00+00:00,1771671600000,1771714800000,LONG,6,k7_b6,1974.28,1973.61,0.01,-0.02841339500000073,-0.0014391775735964874,0.021713395,max_hold,,,
2026-02-22T05:00:00+00:00,2026-02-22T11:00:00+00:00,1771736400000,1771758000000,LONG,1,k7_b1,1973.89,1976.51,0.01,0.004472799999998906,0.00022659824002345145,0.021727200000000002,max_hold,,,
2026-02-22T14:00:00+00:00,2026-02-22T20:00:00+00:00,1771768800000,1771790400000,SHORT,1,k7_b1,1948.92,1942.81,0.01,0.039695485000001265,0.002036793967941284,0.021404515000000002,max_hold,,,
2026-02-22T15:00:00+00:00,2026-02-22T21:00:00+00:00,1771772400000,1771794000000,SHORT,2,k7_b2,1948.65,1940.02,0.01,0.0649123150000011,0.0033311428424807475,0.021387685000000003,max_hold,,,
2026-02-22T16:00:00+00:00,2026-02-23T01:00:00+00:00,1771776000000,1771808400000,SHORT,3,k7_b3,1951.83,1900.73,0.01,0.48981091999999915,0.02509495806499537,0.02118908,target,,,
2026-02-22T17:00:00+00:00,2026-02-23T01:00:00+00:00,1771779600000,1771808400000,SHORT,4,k7_b4,1950.59,1899.52,0.01,0.4895243949999994,0.025096221912344438,0.021175605,target,,,
2026-02-22T22:00:00+00:00,2026-02-23T01:00:00+00:00,1771797600000,1771808400000,SHORT,3,k7_b3,1948.45,1897.44,0.01,0.4889476049999999,0.025094182811978748,0.021152395,target,,,
2026-02-22T23:00:00+00:00,2026-02-23T01:00:00+00:00,1771801200000,1771808400000,SHORT,4,k7_b4,1956.32,1905.1,0.01,0.4909621900000003,0.02509621074261881,0.02123781,target,,,
2026-02-23T00:00:00+00:00,2026-02-23T01:00:00+00:00,1771804800000,1771808400000,SHORT,5,k7_b5,1956.02,1904.81,0.01,0.49086543500000035,0.025095113291275156,0.021234565000000004,target,,,
2026-02-23T02:00:00+00:00,2026-02-23T09:00:00+00:00,1771812000000,1771837200000,SHORT,6,k7_b6,1854.0,1891.08,0.01,-0.3913979399999993,-0.021110999999999963,0.02059794,stop,,,
2026-02-23T03:00:00+00:00,2026-02-23T09:00:00+00:00,1771815600000,1771837200000,SHORT,7,k7_b7,1860.51,1897.72,0.01,-0.3927702650000004,-0.021110892443469823,0.020670265,stop,,,
2026-02-23T10:00:00+00:00,2026-02-23T17:00:00+00:00,1771840800000,1771866000000,SHORT,5,k7_b5,1915.92,1865.76,0.01,0.4808007600000008,0.025095033195540566,0.020799240000000004,target,,,
2026-02-23T11:00:00+00:00,2026-02-23T17:00:00+00:00,1771844400000,1771866000000,SHORT,5,k7_b5,1912.27,1862.21,0.01,0.47984035999999947,0.025092709711494684,0.020759640000000003,target,,,
2026-02-23T12:00:00+00:00,2026-02-23T17:00:00+00:00,1771848000000,1771866000000,SHORT,5,k7_b5,1913.44,1863.35,0.01,0.48012765500000143,0.025092380999665598,0.020772345,target,,,
2026-02-23T13:00:00+00:00,2026-02-23T17:00:00+00:00,1771851600000,1771866000000,SHORT,6,k7_b6,1918.33,1868.11,0.01,0.48137458000000033,0.0250934187548545,0.02082542,target,,,
2026-02-23T14:00:00+00:00,2026-02-23T17:00:00+00:00,1771855200000,1771866000000,SHORT,6,k7_b6,1920.05,1869.78,0.01,0.4818559349999998,0.02509600973932969,0.020844065000000002,target,,,
2026-02-23T15:00:00+00:00,2026-02-23T17:00:00+00:00,1771858800000,1771866000000,SHORT,6,k7_b6,1905.11,1855.23,0.01,0.47811812999999886,0.025096615418532205,0.020681869999999998,target,,,
2026-02-23T22:00:00+00:00,2026-02-24T01:00:00+00:00,1771884000000,1771894800000,SHORT,7,k7_b7,1861.76,1813.02,0.01,0.4671887100000001,0.025093927788759032,0.02021129,target,,,
2026-02-24T02:00:00+00:00,2026-02-24T08:00:00+00:00,1771898400000,1771920000000,LONG,1,k7_b1,1840.79,1824.63,0.01,-0.18175980999999855,-0.009874011158252627,0.020159810000000004,max_hold,,,
2026-02-23T21:00:00+00:00,2026-02-24T09:00:00+00:00,1771880400000,1771923600000,SHORT,7,k7_b7,1858.89,1830.44,0.01,0.2642086850000005,0.01421325011162578,0.020291315000000004,max_hold,,,
2026-02-24T03:00:00+00:00,2026-02-24T09:00:00+00:00,1771902000000,1771923600000,LONG,2,k7_b2,1843.36,1830.44,0.01,-0.14940589999999845,-0.008105085279055554,0.0202059,max_hold,,,
2026-02-23T23:00:00+00:00,2026-02-24T11:00:00+00:00,1771887600000,1771930800000,SHORT,7,k7_b7,1858.15,1825.0,0.01,0.3112426750000009,0.016750137233269697,0.020257325000000003,max_hold,,,
2026-02-24T00:00:00+00:00,2026-02-24T12:00:00+00:00,1771891200000,1771934400000,SHORT,7,k7_b7,1854.54,1825.75,0.01,0.26765840499999966,0.014432603502755381,0.020241595,max_hold,,,
2026-02-24T11:00:00+00:00,2026-02-24T14:00:00+00:00,1771930800000,1771941600000,LONG,1,k7_b1,1825.92,1844.18,0.01,0.1624144499999999,0.008894937894321761,0.020185550000000003,target,,,
2026-02-24T12:00:00+00:00,2026-02-24T14:00:00+00:00,1771934400000,1771941600000,LONG,2,k7_b2,1826.67,1844.94,0.01,0.16250614499999982,0.008896305572435077,0.020193855000000004,target,,,
2026-02-24T14:00:00+00:00,2026-02-24T17:00:00+00:00,1771941600000,1771952400000,LONG,4,k7_b4,1815.51,1863.04,0.01,0.45506797499999974,0.025065572483764877,0.020232025,target,,,
2026-02-24T13:00:00+00:00,2026-02-25T01:00:00+00:00,1771938000000,1771981200000,LONG,3,k7_b3,1823.94,1850.95,0.01,0.2498881049999999,0.013700456429487806,0.020211895,max_hold,,,
2026-02-24T15:00:00+00:00,2026-02-25T01:00:00+00:00,1771945200000,1771981200000,LONG,5,k7_b5,1834.6,1882.63,0.01,0.459855235000002,0.025065694701842473,0.020444765,target,,,
2026-02-24T20:00:00+00:00,2026-02-25T01:00:00+00:00,1771963200000,1771981200000,LONG,4,k7_b4,1852.49,1900.99,0.01,0.46435586,0.025066578497049918,0.020644140000000002,target,,,
2026-02-24T22:00:00+00:00,2026-02-25T01:00:00+00:00,1771970400000,1771981200000,LONG,5,k7_b5,1853.9,1902.44,0.01,0.46474012999999964,0.025068241544851374,0.020659870000000004,target,,,
2026-02-25T01:00:00+00:00,2026-02-25T01:00:00+00:00,1771981200000,1771981200000,LONG,5,k7_b5,1851.88,1900.36,0.01,0.4641626799999979,0.02506440374106302,0.02063732,target_entry_bar,,,
2026-02-25T06:00:00+00:00,2026-02-25T12:00:00+00:00,1771999200000,1772020800000,LONG,4,k7_b4,1888.04,1937.47,0.01,0.47325969500000065,0.025066190070125664,0.021040305000000002,target,,,
2026-02-25T07:00:00+00:00,2026-02-25T12:00:00+00:00,1772002800000,1772020800000,LONG,5,k7_b5,1885.17,1934.52,0.01,0.4724917049999991,0.025063612565444978,0.021008295000000003,target,,,
2026-02-25T08:00:00+00:00,2026-02-25T12:00:00+00:00,1772006400000,1772020800000,LONG,5,k7_b5,1893.31,1942.88,0.01,0.47460095500000166,0.0250672607761012,0.021099045000000004,target,,,
2026-02-25T09:00:00+00:00,2026-02-25T13:00:00+00:00,1772010000000,1772024400000,LONG,6,k7_b6,1910.38,1960.39,0.01,0.47881076499999986,0.025063639956448443,0.021289235000000004,target,,,
2026-02-25T10:00:00+00:00,2026-02-25T13:00:00+00:00,1772013600000,1772024400000,LONG,6,k7_b6,1915.36,1965.5,0.01,0.480055270000001,0.025063448646729648,0.02134473,target,,,
2026-02-25T11:00:00+00:00,2026-02-25T13:00:00+00:00,1772017200000,1772024400000,LONG,7,k7_b7,1912.71,1962.78,0.01,0.47938480499999936,0.02506312012798591,0.021315195000000002,target,,,
2026-02-25T13:00:00+00:00,2026-02-25T15:00:00+00:00,1772024400000,1772031600000,LONG,7,k7_b7,1953.63,2004.78,0.01,0.48972874499999863,0.025067630257520544,0.021771255,target,,,
2026-02-25T22:00:00+00:00,2026-02-25T22:00:00+00:00,1772056800000,1772056800000,SHORT,1,k7_b1,2098.4,2077.42,0.01,0.18683299000000017,0.008903592737323683,0.022967010000000003,target_entry_bar,,,
2026-02-26T00:00:00+00:00,2026-02-26T04:00:00+00:00,1772064000000,1772078400000,LONG,2,k7_b2,2057.54,2078.12,0.01,0.18305386999999929,0.008896734449877004,0.02274613,target,,,
2026-02-26T01:00:00+00:00,2026-02-26T04:00:00+00:00,1772067600000,1772078400000,LONG,2,k7_b2,2062.3,2082.92,0.01,0.1834012899999989,0.008893046113562474,0.02279871,target,,,
2026-02-26T13:00:00+00:00,2026-02-26T14:00:00+00:00,1772110800000,1772114400000,SHORT,1,k7_b1,2068.16,2047.48,0.01,0.18416397999999837,0.008904725939965882,0.02263602,target,,,
2026-02-26T14:00:00+00:00,2026-02-26T14:00:00+00:00,1772114400000,1772114400000,SHORT,2,k7_b2,2063.17,2042.54,0.01,0.1837185950000011,0.008904675572056644,0.022581405000000002,target_entry_bar,,,
2026-02-26T03:00:00+00:00,2026-02-26T15:00:00+00:00,1772074800000,1772118000000,LONG,3,k7_b3,2053.1,2050.22,0.01,-0.051368260000001095,-0.002501985290536316,0.02256826,max_hold,,,
2026-02-26T04:00:00+00:00,2026-02-26T15:00:00+00:00,1772078400000,1772118000000,LONG,4,k7_b4,2054.18,2013.1,0.01,-0.43317003999999926,-0.021087248439766684,0.02237004,stop,,,
2026-02-26T08:00:00+00:00,2026-02-26T15:00:00+00:00,1772092800000,1772118000000,LONG,3,k7_b3,2053.52,2012.45,0.01,-0.4330628349999994,-0.02108880531964624,0.022362835,stop,,,
2026-02-26T09:00:00+00:00,2026-02-26T15:00:00+00:00,1772096400000,1772118000000,LONG,4,k7_b4,2054.36,2013.27,0.01,-0.4332719650000015,-0.021090362205261077,0.022371965,stop,,,
2026-02-26T15:00:00+00:00,2026-02-26T16:00:00+00:00,1772118000000,1772121600000,SHORT,3,k7_b3,2049.19,1995.54,0.01,0.514253985000001,0.025095476017353242,0.022246015,target,,,
2026-02-27T05:00:00+00:00,2026-02-27T09:00:00+00:00,1772168400000,1772182800000,SHORT,1,k7_b1,2040.76,2020.35,0.01,0.18176389500000084,0.00890667667927639,0.022336105000000002,target,,,
2026-02-27T06:00:00+00:00,2026-02-27T09:00:00+00:00,1772172000000,1772182800000,SHORT,2,k7_b2,2039.65,2019.25,0.01,0.1816760500000009,0.00890721692447238,0.022323950000000002,target,,,
2026-02-27T07:00:00+00:00,2026-02-27T10:00:00+00:00,1772175600000,1772186400000,SHORT,3,k7_b3,2033.89,1980.64,0.01,0.510420085,0.025095756653506333,0.022079915000000002,target,,,
2026-02-27T08:00:00+00:00,2026-02-27T10:00:00+00:00,1772179200000,1772186400000,SHORT,4,k7_b4,2030.52,1977.36,0.01,0.5095566600000009,0.025094885054074863,0.02204334,target,,,
2026-02-27T09:00:00+00:00,2026-02-27T10:00:00+00:00,1772182800000,1772186400000,SHORT,5,k7_b5,2031.61,1978.42,0.01,0.5098448349999982,0.025095605701881674,0.022055165,target,,,
2026-02-27T10:00:00+00:00,2026-02-27T11:00:00+00:00,1772186400000,1772190000000,SHORT,6,k7_b6,2007.8,1955.24,0.01,0.5038032799999995,0.025092304014344036,0.021796720000000002,target,,,
2026-02-27T16:00:00+00:00,2026-02-27T22:00:00+00:00,1772208000000,1772229600000,SHORT,5,k7_b5,1946.41,1895.45,0.01,0.48846977000000036,0.025095934052948778,0.02113023,target,,,
2026-02-28T04:00:00+00:00,2026-02-28T06:00:00+00:00,1772251200000,1772258400000,SHORT,1,k7_b1,1922.36,1903.14,0.01,0.171159749999998,0.00890362627187405,0.021040250000000003,target,,,
2026-02-28T05:00:00+00:00,2026-02-28T06:00:00+00:00,1772254800000,1772258400000,SHORT,2,k7_b2,1923.27,1904.04,0.01,0.1712497950000002,0.00890409536882498,0.021050205000000002,target,,,
2026-02-28T06:00:00+00:00,2026-02-28T06:00:00+00:00,1772258400000,1772258400000,SHORT,3,k7_b3,1918.2,1867.98,0.01,0.4813760100000003,0.025095193931811085,0.02082399,target_entry_bar,,,
2026-02-28T14:00:00+00:00,2026-02-28T14:00:00+00:00,1772287200000,1772287200000,SHORT,2,k7_b2,1903.35,1884.32,0.01,0.16946781499999972,0.008903660125568062,0.020832185,target_entry_bar,,,
2026-02-28T17:00:00+00:00,2026-02-28T18:00:00+00:00,1772298000000,1772301600000,LONG,1,k7_b1,1903.73,1922.77,0.01,0.16935424999999965,0.008895917488299267,0.021045750000000002,target,,,
2026-02-28T18:00:00+00:00,2026-02-28T18:00:00+00:00,1772301600000,1772301600000,LONG,2,k7_b2,1906.78,1925.85,0.01,0.16962053499999938,0.008895653142994963,0.021079465,target_entry_bar,,,
2026-02-28T19:00:00+00:00,2026-03-01T01:00:00+00:00,1772305200000,1772326800000,LONG,3,k7_b3,1935.83,1986.51,0.01,0.4852271300000007,0.025065585821069034,0.02157287,target,,,
2026-02-28T20:00:00+00:00,2026-03-01T01:00:00+00:00,1772308800000,1772326800000,LONG,4,k7_b4,1946.76,1997.73,0.01,0.4880053050000003,0.025067563798311054,0.021694695,target,,,
2026-02-28T22:00:00+00:00,2026-03-01T01:00:00+00:00,1772316000000,1772326800000,LONG,5,k7_b5,1957.77,2009.02,0.01,0.49068265499999997,0.025063345285707715,0.021817345000000002,target,,,
2026-03-01T09:00:00+00:00,2026-03-01T13:00:00+00:00,1772355600000,1772370000000,LONG,2,k7_b2,1986.24,2006.1,0.01,0.176642129999999,0.008893292351377426,0.021957870000000004,target,,,
2026-03-01T10:00:00+00:00,2026-03-01T13:00:00+00:00,1772359200000,1772370000000,LONG,2,k7_b2,1980.9,2000.71,0.01,0.17620114499999948,0.008895004543389342,0.021898855000000002,target,,,
2026-03-01T16:00:00+00:00,2026-03-01T17:00:00+00:00,1772380800000,1772384400000,LONG,4,k7_b4,1993.3,1953.43,0.01,-0.42040701499999894,-0.021091005618823003,0.021707015000000003,stop,,,
2026-03-01T17:00:00+00:00,2026-03-01T17:00:00+00:00,1772384400000,1772384400000,SHORT,1,k7_b1,1972.36,1952.64,0.01,0.175612499999998,0.008903673771522338,0.021587500000000003,target_entry_bar,,,
2026-03-01T11:00:00+00:00,2026-03-01T19:00:00+00:00,1772362800000,1772391600000,LONG,3,k7_b3,1984.91,1945.21,0.01,-0.41861566000000044,-0.02108990634336068,0.021615660000000002,stop,,,
2026-03-01T12:00:00+00:00,2026-03-01T19:00:00+00:00,1772366400000,1772391600000,LONG,4,k7_b4,1983.3,1943.63,0.01,-0.41829811499999847,-0.021091015731356754,0.021598115,stop,,,
2026-03-01T19:00:00+00:00,2026-03-01T19:00:00+00:00,1772391600000,1772391600000,SHORT,2,k7_b2,1973.71,1953.97,0.01,0.1757977600000001,0.008906970122257074,0.02160224,target_entry_bar,,,
2026-03-01T13:00:00+00:00,2026-03-01T20:00:00+00:00,1772370000000,1772395200000,LONG,5,k7_b5,1978.47,1938.9,0.01,-0.4172455349999994,-0.021089303097848306,0.021545535000000005,stop,,,
2026-03-01T23:00:00+00:00,2026-03-02T01:00:00+00:00,1772406000000,1772413200000,LONG,4,k7_b4,1924.6,1974.99,0.01,0.482452255000001,0.02506766367037312,0.021447745,target,,,
2026-03-02T05:00:00+00:00,2026-03-02T06:00:00+00:00,1772427600000,1772431200000,SHORT,1,k7_b1,1971.14,1951.43,0.01,0.17552586500000036,0.008904789360471623,0.021574135,target,,,
2026-03-02T06:00:00+00:00,2026-03-02T06:00:00+00:00,1772431200000,1772431200000,SHORT,2,k7_b2,1969.01,1949.32,0.01,0.17534918500000055,0.008905449185123517,0.021550815,target_entry_bar,,,
2026-03-02T08:00:00+00:00,2026-03-02T09:00:00+00:00,1772438400000,1772442000000,LONG,2,k7_b2,1941.25,1960.66,0.01,0.17263949500000084,0.008893212878300107,0.021460505,target,,,
2026-03-02T14:00:00+00:00,2026-03-02T14:00:00+00:00,1772460000000,1772460000000,LONG,5,k7_b5,1927.4,1977.86,0.01,0.48312106999999804,0.025065947390266578,0.02147893,target_entry_bar,,,
2026-03-02T09:00:00+00:00,2026-03-02T15:00:00+00:00,1772442000000,1772463600000,LONG,3,k7_b3,1948.94,1999.96,0.01,0.48848104999999986,0.025063934754276675,0.02171895,target,,,
2026-03-02T10:00:00+00:00,2026-03-02T15:00:00+00:00,1772445600000,1772463600000,LONG,4,k7_b4,1947.62,1998.61,0.01,0.48819573500000013,0.02506627242480567,0.021704265,target,,,
2026-03-02T12:00:00+00:00,2026-03-02T15:00:00+00:00,1772452800000,1772463600000,LONG,4,k7_b4,1947.53,1998.52,0.01,0.4881967250000001,0.025067481630578224,0.021703275,target,,,
2026-03-02T13:00:00+00:00,2026-03-02T15:00:00+00:00,1772456400000,1772463600000,LONG,5,k7_b5,1937.85,1988.58,0.01,0.4857046350000002,0.025064098614443853,0.021595365000000002,target,,,
2026-03-02T17:00:00+00:00,2026-03-02T17:00:00+00:00,1772470800000,1772470800000,SHORT,1,k7_b1,2062.3,2041.68,0.01,0.18362811000000118,0.008904044513407417,0.022571890000000004,target_entry_bar,,,
2026-03-02T18:00:00+00:00,2026-03-02T19:00:00+00:00,1772474400000,1772478000000,SHORT,2,k7_b2,2039.09,2018.7,0.01,0.18158215499999872,0.008905058383886867,0.022317845000000003,target,,,
2026-03-02T23:00:00+00:00,2026-03-02T23:00:00+00:00,1772492400000,1772492400000,SHORT,2,k7_b2,2051.96,2031.44,0.01,0.18274129999999983,0.00890569504278835,0.022458700000000005,target_entry_bar,,,
2026-03-03T08:00:00+00:00,2026-03-03T08:00:00+00:00,1772524800000,1772524800000,SHORT,1,k7_b1,1994.27,1974.33,0.01,0.17757270000000056,0.008904145376503712,0.0218273,target_entry_bar,,,
2026-03-03T15:00:00+00:00,2026-03-03T15:00:00+00:00,1772550000000,1772550000000,LONG,1,k7_b1,1942.84,1962.27,0.01,0.17282189500000064,0.008895323083733125,0.021478105,target_entry_bar,,,
2026-03-04T04:00:00+00:00,2026-03-04T06:00:00+00:00,1772596800000,1772604000000,LONG,2,k7_b2,1960.57,1980.18,0.01,0.17442587500000128,0.00889669203343932,0.021674125000000002,target,,,
2026-03-04T03:00:00+00:00,2026-03-04T07:00:00+00:00,1772593200000,1772607600000,LONG,1,k7_b1,1979.08,1998.87,0.01,0.17602127499999964,0.00889409599409825,0.021878725,target,,,
2026-03-04T05:00:00+00:00,2026-03-04T08:00:00+00:00,1772600400000,1772611200000,LONG,3,k7_b3,1960.12,2011.44,0.01,0.4913564200000017,0.025067670346713554,0.02184358,target,,,
2026-03-04T06:00:00+00:00,2026-03-04T08:00:00+00:00,1772604000000,1772611200000,LONG,4,k7_b4,1971.08,2022.68,0.01,0.49403432000000136,0.0250641435152303,0.02196568,target,,,
2026-03-04T07:00:00+00:00,2026-03-04T08:00:00+00:00,1772607600000,1772611200000,LONG,5,k7_b5,1980.24,2032.08,0.01,0.4963322399999992,0.02506424675796869,0.02206776,target,,,
2026-03-04T08:00:00+00:00,2026-03-04T08:00:00+00:00,1772611200000,1772611200000,LONG,6,k7_b6,2006.72,2059.26,0.01,0.5030371100000018,0.0250676282690162,0.022362890000000003,target_entry_bar,,,
2026-03-04T15:00:00+00:00,2026-03-04T15:00:00+00:00,1772636400000,1772636400000,LONG,5,k7_b5,2080.09,2134.55,0.01,0.5214194800000004,0.025067159594056043,0.023180520000000003,target_entry_bar,,,
2026-03-05T05:00:00+00:00,2026-03-05T05:00:00+00:00,1772686800000,1772686800000,SHORT,1,k7_b1,2135.22,2113.87,0.01,0.1901300049999991,0.008904469094519493,0.023369995,target_entry_bar,,,
2026-03-05T07:00:00+00:00,2026-03-05T07:00:00+00:00,1772694000000,1772694000000,SHORT,2,k7_b2,2126.04,2104.78,0.01,0.18933048999999766,0.008905311753306507,0.02326951,target_entry_bar,,,
2026-03-05T11:00:00+00:00,2026-03-05T12:00:00+00:00,1772708400000,1772712000000,SHORT,2,k7_b2,2154.0,2132.46,0.01,0.19182446999999964,0.008905499999999983,0.02357553,target,,,
2026-03-05T13:00:00+00:00,2026-03-05T13:00:00+00:00,1772715600000,1772715600000,SHORT,2,k7_b2,2135.97,2114.61,0.01,0.19022180999999674,0.008905640528658958,0.02337819,target_entry_bar,,,
2026-03-05T14:00:00+00:00,2026-03-05T16:00:00+00:00,1772719200000,1772726400000,SHORT,3,k7_b3,2115.36,2059.98,0.01,0.5308356300000011,0.025094339970501527,0.022964370000000005,target,,,
2026-03-05T15:00:00+00:00,2026-03-05T16:00:00+00:00,1772722800000,1772726400000,SHORT,4,k7_b4,2117.1,2061.67,0.01,0.5313167649999984,0.025096441594634093,0.022983235,target,,,
2026-03-05T18:00:00+00:00,2026-03-05T19:00:00+00:00,1772733600000,1772737200000,LONG,1,k7_b1,2059.88,2080.48,0.01,0.1832280199999991,0.008895082237800216,0.02277198,target,,,
2026-03-06T00:00:00+00:00,2026-03-06T06:00:00+00:00,1772755200000,1772776800000,LONG,1,k7_b1,2073.21,2067.62,0.01,-0.07867456500000145,-0.003794818904018476,0.022774564999999997,max_hold,,,
2026-03-06T01:00:00+00:00,2026-03-06T07:00:00+00:00,1772758800000,1772780400000,LONG,2,k7_b2,2075.39,2073.12,0.01,-0.04551680499999981,-0.0021931687538245736,0.022816805,max_hold,,,
2026-03-06T05:00:00+00:00,2026-03-06T09:00:00+00:00,1772773200000,1772787600000,SHORT,1,k7_b1,2068.98,2048.29,0.01,0.18425501500000055,0.008905596719156325,0.022644985000000003,target,,,
2026-03-06T07:00:00+00:00,2026-03-06T09:00:00+00:00,1772780400000,1772787600000,SHORT,2,k7_b2,2072.08,2051.36,0.01,0.184521079999998,0.008905113702173565,0.02267892,target,,,
2026-03-06T08:00:00+00:00,2026-03-06T13:00:00+00:00,1772784000000,1772802000000,SHORT,3,k7_b3,2080.74,2026.27,0.01,0.522111444999998,0.025092584609321587,0.022588555,target,,,
2026-03-06T09:00:00+00:00,2026-03-06T13:00:00+00:00,1772787600000,1772802000000,SHORT,4,k7_b4,2073.87,2019.58,0.01,0.5203860249999996,0.025092509414765617,0.022513975,target,,,
2026-03-06T12:00:00+00:00,2026-03-06T14:00:00+00:00,1772798400000,1772805600000,SHORT,4,k7_b4,2049.0,1995.36,0.01,0.5141560200000009,0.025093021961932693,0.022243980000000003,target,,,
2026-03-06T13:00:00+00:00,2026-03-06T14:00:00+00:00,1772802000000,1772805600000,SHORT,4,k7_b4,2046.56,1992.98,0.01,0.5135825299999993,0.02509491683605657,0.022217470000000003,target,,,
2026-03-06T14:00:00+00:00,2026-03-06T15:00:00+00:00,1772805600000,1772809200000,SHORT,5,k7_b5,2017.53,1964.71,0.01,0.5062976799999993,0.02509492696515042,0.021902320000000003,target,,,
2026-03-06T15:00:00+00:00,2026-03-07T03:00:00+00:00,1772809200000,1772852400000,SHORT,6,k7_b6,1979.27,1982.46,0.01,-0.05368951500000055,-0.0027125917636300527,0.021789515000000002,max_hold,,,
2026-03-06T16:00:00+00:00,2026-03-07T04:00:00+00:00,1772812800000,1772856000000,SHORT,7,k7_b7,1975.43,1979.15,0.01,-0.05895019000000028,-0.0029841700288038694,0.021750190000000003,max_hold,,,
2026-03-06T23:00:00+00:00,2026-03-07T11:00:00+00:00,1772838000000,1772881200000,SHORT,6,k7_b6,1985.37,1983.01,0.01,0.0017739099999989974,8.934908858293404e-05,0.021826090000000003,max_hold,,,
2026-03-07T03:00:00+00:00,2026-03-07T15:00:00+00:00,1772852400000,1772895600000,SHORT,3,k7_b3,1981.46,1985.91,0.01,-0.06632053500000046,-0.0033470539400240456,0.021820535000000002,max_hold,,,
2026-03-07T08:00:00+00:00,2026-03-07T20:00:00+00:00,1772870400000,1772913600000,SHORT,3,k7_b3,1981.18,1954.01,0.01,0.25005645500000073,0.012621591930061918,0.021643545,max_hold,,,
2026-03-07T10:00:00+00:00,2026-03-07T22:00:00+00:00,1772877600000,1772920800000,SHORT,4,k7_b4,1984.3,1969.41,0.01,0.12715459499999873,0.006408032807539119,0.021745405000000002,max_hold,,,
2026-03-07T11:00:00+00:00,2026-03-07T23:00:00+00:00,1772881200000,1772924400000,SHORT,4,k7_b4,1982.01,1965.48,0.01,0.1435888049999997,0.0072446054762589345,0.021711195000000003,max_hold,,,
2026-03-07T12:00:00+00:00,2026-03-08T00:00:00+00:00,1772884800000,1772928000000,SHORT,5,k7_b5,1986.52,1968.39,0.01,0.15954799499999883,0.008031532277550633,0.021752005,max_hold,,,
2026-03-07T13:00:00+00:00,2026-03-08T01:00:00+00:00,1772888400000,1772931600000,SHORT,6,k7_b6,1980.4,1967.93,0.01,0.10298418500000027,0.0052001709250656565,0.021715815000000003,max_hold,,,
2026-03-07T17:00:00+00:00,2026-03-08T05:00:00+00:00,1772902800000,1772946000000,SHORT,6,k7_b6,1975.27,1937.09,0.01,0.36028202000000065,0.01823963407534163,0.02151798,max_hold,,,
2026-03-07T18:00:00+00:00,2026-03-08T06:00:00+00:00,1772906400000,1772949600000,SHORT,7,k7_b7,1975.57,1947.86,0.01,0.25552113500000034,0.012934046123397314,0.021578865000000003,max_hold,,,
2026-03-08T05:00:00+00:00,2026-03-08T07:00:00+00:00,1772946000000,1772953200000,LONG,1,k7_b1,1938.06,1957.44,0.01,0.17237475000000108,0.008894190582334966,0.021425250000000003,target,,,
2026-03-07T22:00:00+00:00,2026-03-08T10:00:00+00:00,1772920800000,1772964000000,SHORT,6,k7_b6,1968.42,1962.55,0.01,0.03707966500000118,0.0018837273041323079,0.021620335,max_hold,,,
2026-03-08T00:00:00+00:00,2026-03-08T12:00:00+00:00,1772928000000,1772971200000,SHORT,5,k7_b5,1967.4,1950.28,0.01,0.1496527600000012,0.007606626003863025,0.021547240000000002,max_hold,,,
2026-03-08T01:00:00+00:00,2026-03-08T13:00:00+00:00,1772931600000,1772974800000,SHORT,5,k7_b5,1966.94,1945.24,0.01,0.19548301000000046,0.00993843279408627,0.02151699,max_hold,,,
2026-03-08T02:00:00+00:00,2026-03-08T14:00:00+00:00,1772935200000,1772978400000,SHORT,6,k7_b6,1967.06,1943.13,0.01,0.21779395499999837,0.01107205448740752,0.021506045,max_hold,,,
2026-03-08T17:00:00+00:00,2026-03-08T19:00:00+00:00,1772989200000,1772996400000,LONG,1,k7_b1,1936.62,1955.99,0.01,0.17229064500000119,0.008896461102332992,0.021409354999999998,target,,,
2026-03-08T18:00:00+00:00,2026-03-08T19:00:00+00:00,1772992800000,1772996400000,LONG,2,k7_b2,1935.51,1954.87,0.01,0.172202909999999,0.008897030240091707,0.02139709,target,,,
2026-03-08T11:00:00+00:00,2026-03-08T22:00:00+00:00,1772967600000,1773007200000,SHORT,4,k7_b4,1972.12,1920.49,0.01,0.49489064499999885,0.025094347453501756,0.021409355000000005,target,,,
2026-03-08T19:00:00+00:00,2026-03-09T03:00:00+00:00,1772996400000,1773025200000,LONG,3,k7_b3,1930.0,1980.53,0.01,0.48379208499999976,0.025066947409326412,0.021507915000000002,target,,,
2026-03-09T03:00:00+00:00,2026-03-09T03:00:00+00:00,1773025200000,1773025200000,LONG,2,k7_b2,1959.86,1979.46,0.01,0.17433374000000137,0.008895213943853201,0.02166626,target_entry_bar,,,
2026-03-09T09:00:00+00:00,2026-03-09T09:00:00+00:00,1773046800000,1773046800000,LONG,2,k7_b2,1996.74,2016.71,0.01,0.17762602500000027,0.008895801406292269,0.022073975000000003,target_entry_bar,,,
2026-03-09T04:00:00+00:00,2026-03-09T13:00:00+00:00,1773028800000,1773061200000,LONG,3,k7_b3,1977.59,2029.36,0.01,0.4956617749999998,0.025063930086620573,0.022038225,target,,,
2026-03-09T11:00:00+00:00,2026-03-09T19:00:00+00:00,1773054000000,1773082800000,LONG,3,k7_b3,1995.52,2047.76,0.01,0.5001619600000001,0.02506424190186017,0.02223804,target,,,
2026-03-09T12:00:00+00:00,2026-03-09T19:00:00+00:00,1773057600000,1773082800000,LONG,4,k7_b4,1992.49,2044.65,0.01,0.4993957300000008,0.02506390144994458,0.02220427,target,,,
2026-03-09T13:00:00+00:00,2026-03-10T01:00:00+00:00,1773061200000,1773104400000,LONG,5,k7_b5,2002.51,2014.37,0.01,0.096507159999999,0.004819309766243314,0.022092840000000002,max_hold,,,
2026-03-10T01:00:00+00:00,2026-03-10T02:00:00+00:00,1773104400000,1773108000000,LONG,1,k7_b1,2015.38,2035.53,0.01,0.17921999499999866,0.008892615536524063,0.022280005,target,,,
2026-03-10T02:00:00+00:00,2026-03-10T02:00:00+00:00,1773108000000,1773108000000,LONG,2,k7_b2,2019.13,2039.32,0.01,0.17957852499999827,0.00889385651245825,0.022321475,target_entry_bar,,,
2026-03-10T09:00:00+00:00,2026-03-10T13:00:00+00:00,1773133200000,1773147600000,SHORT,1,k7_b1,2054.99,2034.44,0.01,0.18300813499999727,0.008905548688801274,0.022491865,target,,,
2026-03-10T10:00:00+00:00,2026-03-10T13:00:00+00:00,1773136800000,1773147600000,SHORT,2,k7_b2,2065.88,2045.22,0.01,0.18398895000000082,0.008906081185741708,0.022611050000000004,target,,,
2026-03-10T15:00:00+00:00,2026-03-10T21:00:00+00:00,1773154800000,1773176400000,SHORT,5,k7_b5,2073.37,2019.09,0.01,0.5202914699999998,0.025094000106107437,0.02250853,target,,,
2026-03-10T16:00:00+00:00,2026-03-10T21:00:00+00:00,1773158400000,1773176400000,SHORT,5,k7_b5,2077.38,2022.99,0.01,0.521347965000001,0.025096417843630005,0.022552035,target,,,
2026-03-10T11:00:00+00:00,2026-03-10T23:00:00+00:00,1773140400000,1773183600000,SHORT,3,k7_b3,2060.64,2026.29,0.01,0.32102188499999906,0.015578746651525694,0.022478115,max_hold,,,
2026-03-10T12:00:00+00:00,2026-03-11T00:00:00+00:00,1773144000000,1773187200000,SHORT,4,k7_b4,2059.73,2035.38,0.01,0.22097689499999912,0.010728439892607241,0.022523105,max_hold,,,
2026-03-10T13:00:00+00:00,2026-03-11T01:00:00+00:00,1773147600000,1773190800000,SHORT,5,k7_b5,2047.96,2036.96,0.01,0.08753294,0.004274152815484677,0.022467060000000004,max_hold,,,
2026-03-11T06:00:00+00:00,2026-03-11T12:00:00+00:00,1773208800000,1773230400000,LONG,1,k7_b1,2014.27,2016.97,0.01,0.004828180000000452,0.00023969874942289028,0.022171820000000002,max_hold,,,
2026-03-11T07:00:00+00:00,2026-03-11T13:00:00+00:00,1773212400000,1773234000000,LONG,2,k7_b2,2024.29,2022.06,0.01,-0.04455492500000018,-0.002201014923751053,0.022254925000000002,max_hold,,,
2026-03-11T08:00:00+00:00,2026-03-11T13:00:00+00:00,1773216000000,1773234000000,LONG,3,k7_b3,2012.6,2065.29,0.01,0.5044716050000005,0.025065666550730423,0.022428395,target,,,
2026-03-11T09:00:00+00:00,2026-03-11T13:00:00+00:00,1773219600000,1773234000000,LONG,4,k7_b4,2023.75,2076.73,0.01,0.5072473600000001,0.025064724397776413,0.022552640000000006,target,,,
2026-03-11T10:00:00+00:00,2026-03-11T13:00:00+00:00,1773223200000,1773234000000,LONG,5,k7_b5,2017.97,2070.8,0.01,0.5058117650000016,0.025065375848005746,0.022488235000000002,target,,,
2026-03-11T12:00:00+00:00,2026-03-11T13:00:00+00:00,1773230400000,1773234000000,LONG,6,k7_b6,2017.98,2070.81,0.01,0.5058116549999994,0.02506524618678081,0.022488345,target,,,
2026-03-11T13:00:00+00:00,2026-03-11T13:00:00+00:00,1773234000000,1773234000000,LONG,6,k7_b6,2023.08,2076.04,0.01,0.5070548400000005,0.025063509104929143,0.02254516,target_entry_bar,,,
2026-03-11T11:00:00+00:00,2026-03-11T17:00:00+00:00,1773226800000,1773248400000,LONG,6,k7_b6,2028.83,2081.94,0.01,0.5084907650000012,0.02506325147991706,0.022609235000000002,target,,,
2026-03-11T17:00:00+00:00,2026-03-11T23:00:00+00:00,1773248400000,1773270000000,SHORT,1,k7_b1,2064.96,2060.72,0.01,0.019708760000002365,0.000954437858360567,0.02269124,max_hold,,,
2026-03-11T18:00:00+00:00,2026-03-11T23:00:00+00:00,1773252000000,1773270000000,SHORT,2,k7_b2,2066.07,2045.41,0.01,0.1839868600000008,0.008905161006161495,0.022613140000000004,target,,,
2026-03-11T14:00:00+00:00,2026-03-12T02:00:00+00:00,1773237600000,1773280800000,LONG,7,k7_b7,2050.9,2045.41,0.01,-0.0774297050000001,-0.003775401287239753,0.022529705,max_hold,,,
2026-03-11T19:00:00+00:00,2026-03-12T03:00:00+00:00,1773255600000,1773284400000,SHORT,3,k7_b3,2074.46,2020.15,0.01,0.5205796449999994,0.0250947063332144,0.022520355000000006,target,,,
2026-03-11T20:00:00+00:00,2026-03-12T03:00:00+00:00,1773259200000,1773284400000,SHORT,4,k7_b4,2074.09,2019.79,0.01,0.5204836600000018,0.025094555202522635,0.022516340000000003,target,,,
2026-03-11T22:00:00+00:00,2026-03-12T03:00:00+00:00,1773266400000,1773284400000,SHORT,6,k7_b6,2071.03,2016.81,0.01,0.5197168800000026,0.025094608962690182,0.022483120000000002,target,,,
2026-03-12T03:00:00+00:00,2026-03-12T08:00:00+00:00,1773284400000,1773302400000,LONG,1,k7_b1,2024.5,2044.75,0.01,0.18011912500000002,0.008896968387256112,0.022380875,target,,,
2026-03-12T04:00:00+00:00,2026-03-12T08:00:00+00:00,1773288000000,1773302400000,LONG,2,k7_b2,2023.09,2043.32,0.01,0.17993474500000017,0.008894055380630629,0.022365255,target,,,
2026-03-11T21:00:00+00:00,2026-03-12T09:00:00+00:00,1773262800000,1773306000000,SHORT,5,k7_b5,2066.44,2046.72,0.01,0.17457762000000027,0.008448230773697774,0.022622380000000004,max_hold,,,
2026-03-11T23:00:00+00:00,2026-03-12T11:00:00+00:00,1773270000000,1773313200000,SHORT,6,k7_b6,2059.68,2069.1,0.01,-0.11690829000000072,-0.005676041423910546,0.02270829,max_hold,,,
2026-03-12T05:00:00+00:00,2026-03-12T13:00:00+00:00,1773291600000,1773320400000,LONG,3,k7_b3,2022.85,2075.81,0.01,0.5070573700000004,0.025066483921200308,0.02254263,target,,,
2026-03-12T06:00:00+00:00,2026-03-12T13:00:00+00:00,1773295200000,1773320400000,LONG,4,k7_b4,2026.82,2079.88,0.01,0.5080131500000017,0.025064541991888855,0.022586850000000002,target,,,
2026-03-12T07:00:00+00:00,2026-03-12T14:00:00+00:00,1773298800000,1773324000000,LONG,5,k7_b5,2030.32,2083.47,0.01,0.5088741549999987,0.02506374142992231,0.022625845,target,,,
2026-03-12T08:00:00+00:00,2026-03-12T14:00:00+00:00,1773302400000,1773324000000,LONG,6,k7_b6,2040.74,2094.17,0.01,0.5115579950000007,0.025067279271244778,0.022742005000000003,target,,,
2026-03-12T09:00:00+00:00,2026-03-12T21:00:00+00:00,1773306000000,1773349200000,LONG,6,k7_b6,2047.75,2061.44,0.01,0.11429945500000055,0.005581709437187184,0.022600545,max_hold,,,
2026-03-12T10:00:00+00:00,2026-03-12T22:00:00+00:00,1773309600000,1773352800000,LONG,6,k7_b6,2055.61,2061.96,0.01,0.04085336499999908,0.001987408360535271,0.022646635000000005,max_hold,,,
2026-03-13T00:00:00+00:00,2026-03-13T00:00:00+00:00,1773360000000,1773360000000,SHORT,1,k7_b1,2071.56,2112.99,0.01,-0.4373150249999984,-0.021110420407808535,0.023015025,stop_entry_bar,,,
2026-03-13T03:00:00+00:00,2026-03-13T09:00:00+00:00,1773370800000,1773392400000,LONG,1,k7_b1,2105.84,2098.97,0.01,-0.09182645500000346,-0.004360561818561878,0.023126455000000004,max_hold,,,
2026-03-13T09:00:00+00:00,2026-03-13T10:00:00+00:00,1773392400000,1773396000000,LONG,1,k7_b1,2100.02,2121.02,0.01,0.18678428,0.008894404815192236,0.023215720000000002,target,,,
2026-03-13T10:00:00+00:00,2026-03-13T12:00:00+00:00,1773396000000,1773403200000,LONG,2,k7_b2,2113.65,2134.79,0.01,0.18803357999999873,0.008896154992548375,0.023366420000000002,target,,,
2026-03-13T11:00:00+00:00,2026-03-13T13:00:00+00:00,1773399600000,1773406800000,LONG,3,k7_b3,2126.95,2182.63,0.01,0.5330973100000029,0.02506393239145269,0.02370269,target,,,
2026-03-13T12:00:00+00:00,2026-03-13T13:00:00+00:00,1773403200000,1773406800000,LONG,4,k7_b4,2121.08,2176.61,0.01,0.531662705000002,0.025065660182548608,0.023637295000000003,target,,,
2026-03-13T13:00:00+00:00,2026-03-13T13:00:00+00:00,1773406800000,1773406800000,LONG,5,k7_b5,2146.31,2202.5,0.01,0.5379815450000005,0.0250654166919038,0.023918455,target_entry_bar,,,
2026-03-13T15:00:00+00:00,2026-03-13T17:00:00+00:00,1773414000000,1773421200000,LONG,5,k7_b5,2151.48,2108.45,0.01,-0.45372961500000203,-0.0210891858162754,0.023429615,stop,,,
2026-03-13T16:00:00+00:00,2026-03-13T22:00:00+00:00,1773417600000,1773439200000,LONG,5,k7_b5,2128.08,2085.52,0.01,-0.4487747999999995,-0.02108824856208411,0.023174800000000002,stop,,,
2026-03-13T21:00:00+00:00,2026-03-13T22:00:00+00:00,1773435600000,1773439200000,SHORT,1,k7_b1,2109.45,2088.36,0.01,0.18781204499999693,0.00890336556922406,0.023087955,target,,,
2026-03-14T00:00:00+00:00,2026-03-14T12:00:00+00:00,1773446400000,1773489600000,LONG,4,k7_b4,2092.05,2072.65,0.01,-0.21690585000000093,-0.01036810066681011,0.022905850000000005,max_hold,,,
2026-03-14T07:00:00+00:00,2026-03-14T13:00:00+00:00,1773471600000,1773493200000,LONG,2,k7_b2,2078.2,2074.33,0.01,-0.06153891499999891,-0.0029611642286593645,0.022838915,max_hold,,,
2026-03-14T08:00:00+00:00,2026-03-14T20:00:00+00:00,1773475200000,1773518400000,LONG,3,k7_b3,2077.34,2076.25,0.01,-0.03374474500000146,-0.0016244208940280095,0.022844745000000003,max_hold,,,
2026-03-14T19:00:00+00:00,2026-03-14T23:00:00+00:00,1773514800000,1773529200000,LONG,2,k7_b2,2076.78,2097.55,0.01,0.18474118499999984,0.008895558749602742,0.022958815000000004,target,,,
2026-03-14T20:00:00+00:00,2026-03-14T23:00:00+00:00,1773518400000,1773529200000,LONG,2,k7_b2,2077.29,2098.06,0.01,0.18473557499999982,0.008893104718166449,0.022964425000000004,target,,,
2026-03-15T03:00:00+00:00,2026-03-15T09:00:00+00:00,1773543600000,1773565200000,SHORT,1,k7_b1,2099.75,2111.81,0.01,-0.14376357999999945,-0.006846699845219643,0.02316358,max_hold,,,
2026-03-15T05:00:00+00:00,2026-03-15T11:00:00+00:00,1773550800000,1773572400000,SHORT,2,k7_b2,2102.52,2117.86,0.01,-0.17661209000000144,-0.008400019500409101,0.023212090000000005,max_hold,,,
2026-03-15T06:00:00+00:00,2026-03-15T18:00:00+00:00,1773554400000,1773597600000,SHORT,3,k7_b3,2105.83,2109.65,0.01,-0.06138514000000164,-0.002915009283750428,0.023185140000000003,max_hold,,,
2026-03-15T07:00:00+00:00,2026-03-15T19:00:00+00:00,1773558000000,1773601200000,SHORT,4,k7_b4,2105.76,2098.06,0.01,0.05387899000000273,0.0025586481840286983,0.023121010000000004,max_hold,,,
2026-03-15T08:00:00+00:00,2026-03-15T20:00:00+00:00,1773561600000,1773604800000,SHORT,5,k7_b5,2103.91,2112.32,0.01,-0.10728926500000309,-0.005099517802567748,0.023189265,max_hold,,,
2026-03-15T20:00:00+00:00,2026-03-15T20:00:00+00:00,1773604800000,1773604800000,LONG,1,k7_b1,2113.38,2134.51,0.01,0.1879366050000011,0.008892702921386645,0.023363395000000002,target_entry_bar,,,
2026-03-15T09:00:00+00:00,2026-03-15T21:00:00+00:00,1773565200000,1773608400000,SHORT,5,k7_b5,2110.75,2128.01,0.01,-0.19591318000000219,-0.00928168565675718,0.023313180000000003,max_hold,,,
2026-03-15T10:00:00+00:00,2026-03-15T22:00:00+00:00,1773568800000,1773612000000,SHORT,6,k7_b6,2115.15,2138.42,0.01,-0.25609463499999985,-0.012107634683119392,0.023394635000000004,max_hold,,,
2026-03-15T11:00:00+00:00,2026-03-15T22:00:00+00:00,1773572400000,1773612000000,SHORT,6,k7_b6,2116.8,2159.14,0.01,-0.4469176699999969,-0.02111289068405125,0.023517670000000004,stop,,,
2026-03-15T12:00:00+00:00,2026-03-15T22:00:00+00:00,1773576000000,1773612000000,SHORT,7,k7_b7,2117.55,2159.9,0.01,-0.4470259749999991,-0.021110527496399092,0.023525975000000005,stop,,,
2026-03-15T21:00:00+00:00,2026-03-15T22:00:00+00:00,1773608400000,1773612000000,LONG,2,k7_b2,2129.08,2150.37,0.01,0.18936302499999963,0.008894124457512148,0.023536975,target,,,
2026-03-15T22:00:00+00:00,2026-03-15T23:00:00+00:00,1773612000000,1773615600000,LONG,3,k7_b3,2139.49,2195.5,0.01,0.5362575550000022,0.025064737624387223,0.023842445000000004,target,,,
2026-03-15T23:00:00+00:00,2026-03-16T03:00:00+00:00,1773615600000,1773630000000,LONG,4,k7_b4,2184.84,2242.04,0.01,0.5476521599999982,0.025066007579502305,0.024347840000000003,target,,,
2026-03-16T00:00:00+00:00,2026-03-16T03:00:00+00:00,1773619200000,1773630000000,LONG,5,k7_b5,2178.82,2235.86,0.01,0.5461192599999997,0.02506490944639757,0.024280740000000006,target,,,
2026-03-16T01:00:00+00:00,2026-03-16T03:00:00+00:00,1773622800000,1773630000000,LONG,6,k7_b6,2171.49,2228.34,0.01,0.5443009350000036,0.025065781329870446,0.024199065,target,,,
2026-03-16T06:00:00+00:00,2026-03-16T08:00:00+00:00,1773640800000,1773648000000,LONG,7,k7_b7,2280.56,2234.95,0.01,-0.48093530500000126,-0.021088474102851987,0.024835305000000002,stop,,,
2026-03-16T04:00:00+00:00,2026-03-16T12:00:00+00:00,1773633600000,1773662400000,LONG,5,k7_b5,2236.26,2294.81,0.01,0.5605791149999972,0.025067707466931266,0.024920885000000004,target,,,
2026-03-16T14:00:00+00:00,2026-03-16T14:00:00+00:00,1773669600000,1773669600000,SHORT,1,k7_b1,2286.41,2263.55,0.01,0.20357521999999673,0.008903705809544077,0.025024780000000003,target_entry_bar,,,
2026-03-16T05:00:00+00:00,2026-03-16T17:00:00+00:00,1773637200000,1773680400000,LONG,6,k7_b6,2263.39,2296.08,0.01,0.3018229150000006,0.013334993748315606,0.025077085,max_hold,,,
2026-03-16T17:00:00+00:00,2026-03-16T17:00:00+00:00,1773680400000,1773680400000,LONG,2,k7_b2,2297.23,2320.2,0.01,0.20430413499999803,0.008893499344863075,0.025395865,target_entry_bar,,,
2026-03-16T18:00:00+00:00,2026-03-16T18:00:00+00:00,1773684000000,1773684000000,LONG,2,k7_b2,2314.6,2337.75,0.01,0.20591207500000092,0.008896227209885116,0.025587925000000004,target_entry_bar,,,
2026-03-16T19:00:00+00:00,2026-03-16T22:00:00+00:00,1773687600000,1773698400000,LONG,3,k7_b3,2321.82,2382.61,0.01,0.5820256349999997,0.025067646716799737,0.025874365000000003,target,,,
2026-03-16T22:00:00+00:00,2026-03-16T23:00:00+00:00,1773698400000,1773702000000,SHORT,1,k7_b1,2358.45,2334.87,0.01,0.20998673999999928,0.008903590917763755,0.02581326,target,,,
2026-03-16T23:00:00+00:00,2026-03-16T23:00:00+00:00,1773702000000,1773702000000,SHORT,2,k7_b2,2355.51,2331.95,0.01,0.209818970000004,0.008907581373036157,0.025781030000000003,target_entry_bar,,,
2026-03-17T02:00:00+00:00,2026-03-17T04:00:00+00:00,1773712800000,1773720000000,SHORT,4,k7_b4,2358.65,2296.9,0.01,0.591894475,0.02509462934305641,0.025605525000000004,target,,,
2026-03-17T00:00:00+00:00,2026-03-17T12:00:00+00:00,1773705600000,1773748800000,SHORT,3,k7_b3,2350.48,2325.75,0.01,0.2215807350000002,0.009427041923351835,0.025719265,max_hold,,,
2026-03-17T11:00:00+00:00,2026-03-17T13:00:00+00:00,1773745200000,1773752400000,LONG,1,k7_b1,2313.03,2336.16,0.01,0.20572945499999654,0.008894370371330961,0.025570545,target,,,
2026-03-17T13:00:00+00:00,2026-03-17T13:00:00+00:00,1773752400000,1773752400000,LONG,2,k7_b2,2315.78,2338.94,0.01,0.20599903999999855,0.008895449481384179,0.025600960000000002,target_entry_bar,,,
2026-03-17T03:00:00+00:00,2026-03-17T15:00:00+00:00,1773716400000,1773759600000,SHORT,5,k7_b5,2348.78,2342.34,0.01,0.03859884000000054,0.0016433569768135173,0.025801160000000004,max_hold,,,
2026-03-17T22:00:00+00:00,2026-03-18T00:00:00+00:00,1773784800000,1773792000000,SHORT,1,k7_b1,2335.99,2312.63,0.01,0.20803258999999671,0.008905542831946915,0.025567410000000002,target,,,
2026-03-17T16:00:00+00:00,2026-03-18T04:00:00+00:00,1773763200000,1773806400000,LONG,3,k7_b3,2315.84,2339.61,0.01,0.21209502499999983,0.009158448986113022,0.025604975000000002,max_hold,,,
2026-03-18T04:00:00+00:00,2026-03-18T05:00:00+00:00,1773806400000,1773810000000,SHORT,1,k7_b1,2338.44,2315.06,0.01,0.20820575000000108,0.008903617368844234,0.02559425,target,,,
2026-03-18T10:00:00+00:00,2026-03-18T11:00:00+00:00,1773828000000,1773831600000,SHORT,1,k7_b1,2326.95,2303.68,0.01,0.20723153499999983,0.008905714991727362,0.025468465000000003,target,,,
2026-03-19T04:00:00+00:00,2026-03-19T07:00:00+00:00,1773892800000,1773903600000,LONG,1,k7_b1,2211.97,2167.73,0.01,-0.46648834999999783,-0.021089271102230044,0.02408835,stop,,,
2026-03-19T05:00:00+00:00,2026-03-19T07:00:00+00:00,1773896400000,1773903600000,LONG,2,k7_b2,2193.59,2149.72,0.01,-0.46258820500000347,-0.021088179878646578,0.023888205000000003,stop,,,
2026-03-19T15:00:00+00:00,2026-03-19T19:00:00+00:00,1773932400000,1773946800000,LONG,1,k7_b1,2121.67,2142.89,0.01,0.188744919999998,0.008896054523087851,0.02345508,target,,,
2026-03-19T16:00:00+00:00,2026-03-19T19:00:00+00:00,1773936000000,1773946800000,LONG,2,k7_b2,2118.69,2139.88,0.01,0.18847786500000055,0.008895962363535985,0.023422135000000004,target,,,
2026-03-19T17:00:00+00:00,2026-03-20T05:00:00+00:00,1773939600000,1773982800000,LONG,3,k7_b3,2115.02,2147.27,0.01,0.299057405,0.014139696314928462,0.023442595000000004,max_hold,,,
2026-03-19T18:00:00+00:00,2026-03-20T06:00:00+00:00,1773943200000,1773986400000,LONG,4,k7_b4,2127.16,2139.32,0.01,0.09813436000000308,0.0046133981458847985,0.023465640000000003,max_hold,,,
2026-03-19T19:00:00+00:00,2026-03-20T07:00:00+00:00,1773946800000,1773990000000,LONG,5,k7_b5,2125.05,2135.65,0.01,0.08256614999999909,0.0038853744617773265,0.023433850000000006,max_hold,,,
2026-03-20T09:00:00+00:00,2026-03-20T09:00:00+00:00,1773997200000,1773997200000,SHORT,1,k7_b1,2161.65,2140.03,0.01,0.19254075999999892,0.008907120024055647,0.023659240000000005,target_entry_bar,,,
2026-03-20T17:00:00+00:00,2026-03-20T22:00:00+00:00,1774026000000,1774044000000,LONG,1,k7_b1,2137.4,2158.77,0.01,0.19007106499999893,0.008892629596706227,0.023628935000000004,target,,,
2026-03-20T18:00:00+00:00,2026-03-20T22:00:00+00:00,1774029600000,1774044000000,LONG,2,k7_b2,2136.99,2158.36,0.01,0.19007557500000347,0.008894546769053832,0.023624425,target,,,
2026-03-20T19:00:00+00:00,2026-03-21T07:00:00+00:00,1774033200000,1774076400000,LONG,3,k7_b3,2123.47,2154.59,0.01,0.28767067000000346,0.013547197276156643,0.02352933,max_hold,,,
2026-03-20T20:00:00+00:00,2026-03-21T08:00:00+00:00,1774036800000,1774080000000,LONG,4,k7_b4,2133.17,2154.4,0.01,0.18871836500000017,0.008846850696381449,0.023581635000000004,max_hold,,,
2026-03-20T21:00:00+00:00,2026-03-21T09:00:00+00:00,1774040400000,1774083600000,LONG,5,k7_b5,2133.16,2153.0,0.01,0.17482612000000147,0.00819564027077207,0.02357388,max_hold,,,
2026-03-21T12:00:00+00:00,2026-03-21T18:00:00+00:00,1774094400000,1774116000000,SHORT,1,k7_b1,2155.46,2147.22,0.01,0.05873526000000236,0.002724952446345669,0.02366474,max_hold,,,
2026-03-21T13:00:00+00:00,2026-03-21T19:00:00+00:00,1774098000000,1774119600000,SHORT,2,k7_b2,2155.88,2150.11,0.01,0.03401705499999982,0.001577873304636613,0.023682945000000004,max_hold,,,
2026-03-21T20:00:00+00:00,2026-03-21T23:00:00+00:00,1774123200000,1774134000000,SHORT,1,k7_b1,2150.11,2128.61,0.01,0.19146704,0.008904988116887043,0.023532960000000002,target,,,
2026-03-21T21:00:00+00:00,2026-03-21T23:00:00+00:00,1774126800000,1774134000000,SHORT,2,k7_b2,2153.49,2131.96,0.01,0.19173002499999747,0.008903223372293231,0.023569975,target,,,
2026-03-21T22:00:00+00:00,2026-03-21T23:00:00+00:00,1774130400000,1774134000000,SHORT,3,k7_b3,2151.58,2095.25,0.01,0.5399424349999993,0.025095159603640085,0.023357565,target,,,
2026-03-21T23:00:00+00:00,2026-03-21T23:00:00+00:00,1774134000000,1774134000000,SHORT,4,k7_b4,2147.7,2091.47,0.01,0.5389845650000002,0.025095896307677994,0.023315435000000002,target_entry_bar,,,
2026-03-22T05:00:00+00:00,2026-03-22T17:00:00+00:00,1774155600000,1774198800000,SHORT,3,k7_b3,2117.33,2080.96,0.01,0.3406094049999989,0.016086741556583004,0.023090595000000002,max_hold,,,
2026-03-22T06:00:00+00:00,2026-03-22T18:00:00+00:00,1774159200000,1774202400000,SHORT,4,k7_b4,2110.96,2078.46,0.01,0.30195819,0.014304306571417744,0.023041810000000003,max_hold,,,
2026-03-22T07:00:00+00:00,2026-03-22T19:00:00+00:00,1774162800000,1774206000000,SHORT,5,k7_b5,2106.51,2070.93,0.01,0.33282408000000385,0.015799786376518687,0.02297592,max_hold,,,
2026-03-22T11:00:00+00:00,2026-03-22T21:00:00+00:00,1774177200000,1774213200000,SHORT,4,k7_b4,2079.07,2024.64,0.01,0.5217295950000007,0.0250943736863117,0.022570405,target,,,
2026-03-22T15:00:00+00:00,2026-03-22T21:00:00+00:00,1774191600000,1774213200000,LONG,1,k7_b1,2078.01,2057.55,0.01,-0.22734558000000038,-0.010940543115769431,0.02274558,max_hold,,,
2026-03-23T01:00:00+00:00,2026-03-23T02:00:00+00:00,1774227600000,1774231200000,LONG,1,k7_b1,2043.54,2063.98,0.01,0.18180864000000055,0.008896749757773301,0.022591360000000005,target,,,
2026-03-23T02:00:00+00:00,2026-03-23T02:00:00+00:00,1774231200000,1774231200000,LONG,2,k7_b2,2047.66,2068.14,0.01,0.1821630999999979,0.00889615951866999,0.0226369,target_entry_bar,,,
2026-03-23T04:00:00+00:00,2026-03-23T11:00:00+00:00,1774238400000,1774263600000,LONG,3,k7_b3,2052.58,2106.32,0.01,0.5145260500000024,0.025067283613793487,0.022873950000000004,target,,,
2026-03-23T07:00:00+00:00,2026-03-23T11:00:00+00:00,1774249200000,1774263600000,LONG,3,k7_b3,2037.22,2090.55,0.01,0.5105972650000016,0.025063432766220712,0.022702735,target,,,
2026-03-23T08:00:00+00:00,2026-03-23T11:00:00+00:00,1774252800000,1774263600000,LONG,3,k7_b3,2044.68,2098.21,0.01,0.5125141049999997,0.025065736692294137,0.022785895,target,,,
2026-03-23T09:00:00+00:00,2026-03-23T11:00:00+00:00,1774256400000,1774263600000,LONG,4,k7_b4,2047.88,2101.49,0.01,0.5132784649999967,0.025063893636345716,0.022821535,target,,,
2026-03-23T10:00:00+00:00,2026-03-23T11:00:00+00:00,1774260000000,1774263600000,LONG,5,k7_b5,2043.66,2097.16,0.01,0.5122254899999977,0.025064124658700452,0.022774510000000005,target,,,
2026-03-23T11:00:00+00:00,2026-03-23T11:00:00+00:00,1774263600000,1774263600000,LONG,6,k7_b6,2048.87,2102.51,0.01,0.5135674100000033,0.025065885585713262,0.02283259,target_entry_bar,,,
2026-03-23T16:00:00+00:00,2026-03-24T04:00:00+00:00,1774281600000,1774324800000,LONG,6,k7_b6,2128.61,2140.41,0.01,0.09452038999999728,0.004440474769920148,0.02347961,max_hold,,,
2026-03-24T08:00:00+00:00,2026-03-24T13:00:00+00:00,1774339200000,1774357200000,SHORT,1,k7_b1,2163.25,2141.62,0.01,0.1926232150000011,0.008904343695828086,0.023676785,target,,,
2026-03-24T09:00:00+00:00,2026-03-24T13:00:00+00:00,1774342800000,1774357200000,SHORT,2,k7_b2,2152.79,2131.26,0.01,0.19173772499999747,0.008906476014845734,0.023562275,target,,,
2026-03-24T10:00:00+00:00,2026-03-24T17:00:00+00:00,1774346400000,1774371600000,SHORT,3,k7_b3,2162.59,2105.97,0.01,0.5427229200000034,0.025095969185097655,0.02347708,target,,,
2026-03-24T11:00:00+00:00,2026-03-24T17:00:00+00:00,1774350000000,1774371600000,SHORT,4,k7_b4,2159.17,2102.64,0.01,0.5418600450000021,0.02509575647123673,0.023439955,target,,,
2026-03-24T12:00:00+00:00,2026-03-24T17:00:00+00:00,1774353600000,1774371600000,SHORT,5,k7_b5,2163.65,2107.01,0.01,0.5429113699999988,0.025092384165645958,0.023488630000000003,target,,,
2026-03-24T13:00:00+00:00,2026-03-24T17:00:00+00:00,1774357200000,1774371600000,SHORT,6,k7_b6,2160.3,2103.74,0.01,0.542147780000004,0.025095948710827383,0.023452220000000003,target,,,
2026-03-24T17:00:00+00:00,2026-03-24T20:00:00+00:00,1774371600000,1774382400000,LONG,1,k7_b1,2127.66,2148.94,0.01,0.18927870000000202,0.008896097120780672,0.023521300000000002,target,,,
2026-03-24T18:00:00+00:00,2026-03-24T20:00:00+00:00,1774375200000,1774382400000,LONG,2,k7_b2,2109.44,2130.53,0.01,0.18758016500000144,0.008892415285573491,0.023319835000000004,target,,,
2026-03-24T19:00:00+00:00,2026-03-25T05:00:00+00:00,1774378800000,1774414800000,LONG,3,k7_b3,2119.11,2174.59,0.01,0.5311846500000001,0.025066402876679366,0.023615350000000004,target,,,
2026-03-24T20:00:00+00:00,2026-03-25T05:00:00+00:00,1774382400000,1774414800000,LONG,4,k7_b4,2117.02,2172.44,0.01,0.5306079700000007,0.02506390917421662,0.02359203,target,,,
2026-03-25T10:00:00+00:00,2026-03-25T15:00:00+00:00,1774432800000,1774450800000,SHORT,1,k7_b1,2184.15,2162.31,0.01,0.19449447000000145,0.008904812856259938,0.02390553,target,,,
2026-03-25T11:00:00+00:00,2026-03-25T15:00:00+00:00,1774436400000,1774450800000,SHORT,2,k7_b2,2182.92,2161.09,0.01,0.19440794499999928,0.008905866683158304,0.023892055000000002,target,,,
2026-03-25T12:00:00+00:00,2026-03-26T00:00:00+00:00,1774440000000,1774483200000,SHORT,3,k7_b3,2183.91,2168.0,0.01,0.13516449499999855,0.006189105549221285,0.023935505000000003,max_hold,,,
2026-03-25T13:00:00+00:00,2026-03-26T01:00:00+00:00,1774443600000,1774486800000,SHORT,4,k7_b4,2181.17,2165.23,0.01,0.13549480000000053,0.0062120238220771656,0.0239052,max_hold,,,
2026-03-25T14:00:00+00:00,2026-03-26T02:00:00+00:00,1774447200000,1774490400000,SHORT,5,k7_b5,2182.21,2163.7,0.01,0.1611974950000022,0.007386891958152615,0.023902505,max_hold,,,
2026-03-25T15:00:00+00:00,2026-03-26T03:00:00+00:00,1774450800000,1774494000000,SHORT,6,k7_b6,2172.05,2149.05,0.01,0.20623395,0.009494898828295848,0.023766050000000004,max_hold,,,
2026-03-26T01:00:00+00:00,2026-03-26T09:00:00+00:00,1774486800000,1774515600000,SHORT,3,k7_b3,2164.14,2107.48,0.01,0.5431060899999985,0.02509570037058594,0.02349391,target,,,
2026-03-26T02:00:00+00:00,2026-03-26T09:00:00+00:00,1774490400000,1774515600000,SHORT,3,k7_b3,2162.61,2105.99,0.01,0.5427227000000034,0.02509572692256132,0.0234773,target,,,
2026-03-26T05:00:00+00:00,2026-03-26T09:00:00+00:00,1774501200000,1774515600000,SHORT,3,k7_b3,2147.36,2091.14,0.01,0.5388882500000026,0.02509538456523371,0.023311750000000003,target,,,
2026-03-26T06:00:00+00:00,2026-03-26T11:00:00+00:00,1774504800000,1774522800000,SHORT,4,k7_b4,2117.57,2062.13,0.01,0.5314116500000006,0.025095352219761353,0.022988350000000005,target,,,
2026-03-26T07:00:00+00:00,2026-03-26T11:00:00+00:00,1774508400000,1774522800000,SHORT,5,k7_b5,2119.64,2064.15,0.01,0.5318891549999978,0.02509337222358503,0.023010845000000002,target,,,
2026-03-26T08:00:00+00:00,2026-03-26T11:00:00+00:00,1774512000000,1774522800000,SHORT,6,k7_b6,2121.29,2065.75,0.01,0.5323712799999997,0.02509658179692544,0.023028720000000003,target,,,
2026-03-26T09:00:00+00:00,2026-03-26T11:00:00+00:00,1774515600000,1774522800000,SHORT,7,k7_b7,2117.55,2062.11,0.01,0.5314118700000006,0.02509559963164981,0.022988130000000002,target,,,
2026-03-26T14:00:00+00:00,2026-03-27T02:00:00+00:00,1774533600000,1774576800000,SHORT,6,k7_b6,2079.03,2073.19,0.01,0.035562790000001454,0.0017105472263508198,0.022837210000000004,max_hold,,,
2026-03-26T16:00:00+00:00,2026-03-27T04:00:00+00:00,1774540800000,1774584000000,SHORT,7,k7_b7,2068.39,2060.44,0.01,0.05679143499999818,0.0027456831158533057,0.022708565,max_hold,,,
2026-03-26T21:00:00+00:00,2026-03-27T09:00:00+00:00,1774558800000,1774602000000,SHORT,3,k7_b3,2062.79,2046.51,0.01,0.1401988499999997,0.006796564361859409,0.02260115,max_hold,,,
2026-03-26T22:00:00+00:00,2026-03-27T10:00:00+00:00,1774562400000,1774605600000,SHORT,4,k7_b4,2066.04,2039.9,0.01,0.23881732999999875,0.011559182300439428,0.02258267,max_hold,,,
2026-03-26T23:00:00+00:00,2026-03-27T10:00:00+00:00,1774566000000,1774605600000,SHORT,5,k7_b5,2063.62,2009.59,0.01,0.5178973449999997,0.025096546117986826,0.022402655,target,,,
2026-03-27T01:00:00+00:00,2026-03-27T10:00:00+00:00,1774573200000,1774605600000,SHORT,6,k7_b6,2063.06,2009.05,0.01,0.517703395,0.02509395727705447,0.022396605,target,,,
2026-03-27T02:00:00+00:00,2026-03-27T10:00:00+00:00,1774576800000,1774605600000,SHORT,6,k7_b6,2072.15,2017.9,0.01,0.520004725,0.025094936418695552,0.022495275000000002,target,,,
2026-03-27T03:00:00+00:00,2026-03-27T10:00:00+00:00,1774580400000,1774605600000,SHORT,7,k7_b7,2066.07,2011.98,0.01,0.5184707250000015,0.025094538181184636,0.022429275000000005,target,,,
2026-03-27T07:00:00+00:00,2026-03-27T10:00:00+00:00,1774594800000,1774605600000,SHORT,7,k7_b7,2060.36,2006.42,0.01,0.5170327100000005,0.02509428983284477,0.02236729,target,,,
2026-03-27T10:00:00+00:00,2026-03-27T10:00:00+00:00,1774605600000,1774605600000,SHORT,6,k7_b6,2038.88,1985.5,0.01,0.5116659100000011,0.025095440143608306,0.022134090000000002,target_entry_bar,,,
2026-03-27T21:00:00+00:00,2026-03-28T03:00:00+00:00,1774645200000,1774666800000,SHORT,2,k7_b2,1984.07,1986.21,0.01,-0.043236540000001,-0.002179184202170337,0.02183654,max_hold,,,
2026-03-27T22:00:00+00:00,2026-03-28T04:00:00+00:00,1774648800000,1774670400000,SHORT,2,k7_b2,1983.71,1987.95,0.01,-0.0642441300000001,-0.0032385847729758934,0.02184413,max_hold,,,
2026-03-27T23:00:00+00:00,2026-03-28T11:00:00+00:00,1774652400000,1774695600000,SHORT,3,k7_b3,1983.39,1995.68,0.01,-0.14478488499999964,-0.007299869667589312,0.021884885,max_hold,,,
2026-03-28T00:00:00+00:00,2026-03-28T12:00:00+00:00,1774656000000,1774699200000,SHORT,4,k7_b4,1990.57,1996.41,0.01,-0.08032839000000146,-0.004035446630864599,0.021928390000000002,max_hold,,,
2026-03-28T01:00:00+00:00,2026-03-28T13:00:00+00:00,1774659600000,1774702800000,SHORT,5,k7_b5,1990.51,1998.75,0.01,-0.10434093000000011,-0.005241919407589015,0.021940930000000004,max_hold,,,
2026-03-28T02:00:00+00:00,2026-03-28T13:00:00+00:00,1774663200000,1774702800000,SHORT,6,k7_b6,1988.21,2027.97,0.01,-0.41968898999999993,-0.021108886385240992,0.022088990000000003,stop,,,
2026-03-28T20:00:00+00:00,2026-03-28T23:00:00+00:00,1774728000000,1774738800000,SHORT,1,k7_b1,2018.51,1998.32,0.01,0.17980743500000054,0.00890792886832369,0.022092565,target,,,
2026-03-28T21:00:00+00:00,2026-03-28T23:00:00+00:00,1774731600000,1774738800000,SHORT,2,k7_b2,2022.46,2002.24,0.01,0.18006415000000026,0.008903224291209726,0.022135850000000002,target,,,
2026-03-28T23:00:00+00:00,2026-03-29T11:00:00+00:00,1774738800000,1774782000000,SHORT,3,k7_b3,2009.92,1994.88,0.01,0.12837359999999964,0.0063870004776309325,0.0220264,max_hold,,,
2026-03-29T10:00:00+00:00,2026-03-29T16:00:00+00:00,1774778400000,1774800000000,LONG,1,k7_b1,1999.06,1991.8,0.01,-0.09454972999999992,-0.004729709463447816,0.02194973,max_hold,,,
2026-03-29T11:00:00+00:00,2026-03-29T17:00:00+00:00,1774782000000,1774803600000,LONG,2,k7_b2,1995.88,1996.73,0.01,-0.01345935500000091,-0.0006743569252660936,0.021959355,max_hold,,,
2026-03-29T14:00:00+00:00,2026-03-29T22:00:00+00:00,1774792800000,1774821600000,LONG,3,k7_b3,1987.12,1947.38,0.01,-0.4190397499999978,-0.021087792886186937,0.02163975,stop,,,
2026-03-29T15:00:00+00:00,2026-03-29T22:00:00+00:00,1774796400000,1774821600000,LONG,4,k7_b4,1994.12,1954.24,0.01,-0.42051597999999885,-0.02108779712354316,0.021715980000000003,stop,,,
2026-03-29T21:00:00+00:00,2026-03-29T22:00:00+00:00,1774818000000,1774821600000,SHORT,1,k7_b1,2000.56,1980.55,0.01,0.17820389499999992,0.008907700593833721,0.021896105000000003,target,,,
2026-03-29T22:00:00+00:00,2026-03-29T22:00:00+00:00,1774821600000,1774821600000,SHORT,2,k7_b2,2004.31,1984.27,0.01,0.17846280999999964,0.00890395248240041,0.021937190000000002,target_entry_bar,,,
2026-03-30T01:00:00+00:00,2026-03-30T04:00:00+00:00,1774832400000,1774843200000,LONG,3,k7_b3,1997.43,2049.72,0.01,0.5006406749999973,0.025064241300070456,0.022259325000000003,target,,,
2026-03-30T02:00:00+00:00,2026-03-30T07:00:00+00:00,1774836000000,1774854000000,LONG,3,k7_b3,2010.64,2063.28,0.01,0.503993440000001,0.025066319181952065,0.022406560000000002,target,,,
2026-03-30T12:00:00+00:00,2026-03-30T14:00:00+00:00,1774872000000,1774879200000,SHORT,1,k7_b1,2069.36,2048.67,0.01,0.18425083500000056,0.008903759374879217,0.022649165000000002,target,,,
2026-03-30T13:00:00+00:00,2026-03-30T14:00:00+00:00,1774875600000,1774879200000,SHORT,2,k7_b2,2072.68,2051.95,0.01,0.1846145350000002,0.008907044744002944,0.022685465,target,,,
2026-03-30T15:00:00+00:00,2026-03-30T19:00:00+00:00,1774882800000,1774897200000,SHORT,3,k7_b3,2069.49,2015.31,0.01,0.5193335999999984,0.025094762477711825,0.022466399999999997,target,,,
2026-03-30T16:00:00+00:00,2026-03-30T19:00:00+00:00,1774886400000,1774897200000,SHORT,4,k7_b4,2072.35,2018.1,0.01,0.520002525,0.025092408376963353,0.022497475000000003,target,,,
2026-03-30T18:00:00+00:00,2026-03-31T01:00:00+00:00,1774893600000,1774918800000,SHORT,5,k7_b5,2039.63,2080.42,0.01,-0.43056027499999966,-0.02110972455788548,0.022660275,stop,,,
2026-03-31T00:00:00+00:00,2026-03-31T01:00:00+00:00,1774915200000,1774918800000,LONG,1,k7_b1,2026.71,2046.98,0.01,0.18029470499999983,0.008895930103468175,0.022405295,target,,,
2026-03-30T17:00:00+00:00,2026-03-31T05:00:00+00:00,1774890000000,1774933200000,SHORT,5,k7_b5,2064.03,2059.9,0.01,0.01861838500000109,0.000902040425769058,0.022681615000000002,max_hold,,,
2026-03-31T10:00:00+00:00,2026-03-31T11:00:00+00:00,1774951200000,1774954800000,LONG,1,k7_b1,2018.28,2038.46,0.01,0.17948793000000063,0.008893113443129824,0.022312070000000003,target,,,
2026-03-31T12:00:00+00:00,2026-03-31T13:00:00+00:00,1774958400000,1774962000000,LONG,2,k7_b2,2041.26,2061.67,0.01,0.18153388500000084,0.008893226977455142,0.022566115000000005,target,,,
2026-03-31T13:00:00+00:00,2026-03-31T16:00:00+00:00,1774962000000,1774972800000,LONG,3,k7_b3,2047.81,2101.42,0.01,0.5132792350000013,0.025064787993026756,0.022820765000000003,target,,,
2026-03-31T15:00:00+00:00,2026-03-31T16:00:00+00:00,1774969200000,1774972800000,LONG,5,k7_b5,2046.23,2099.8,0.01,0.5128968350000016,0.02506545378574264,0.022803165,target,,,
2026-03-31T16:00:00+00:00,2026-03-31T17:00:00+00:00,1774972800000,1774976400000,LONG,5,k7_b5,2054.69,2108.48,0.01,0.5150025649999996,0.02506473312275816,0.022897435,target,,,
2026-04-01T01:00:00+00:00,2026-04-01T01:00:00+00:00,1775005200000,1775005200000,SHORT,1,k7_b1,2112.86,2091.73,0.01,0.18817475500000108,0.008906162973410498,0.023125245000000003,target_entry_bar,,,
2026-03-31T14:00:00+00:00,2026-04-01T02:00:00+00:00,1774965600000,1775008800000,LONG,4,k7_b4,2075.39,2092.0,0.01,0.14317935500000128,0.006898913216311213,0.022920645000000003,max_hold,,,
2026-04-01T07:00:00+00:00,2026-04-01T08:00:00+00:00,1775026800000,1775030400000,SHORT,1,k7_b1,2149.19,2127.7,0.01,0.19137710500000238,0.00890461545977798,0.023522895000000002,target,,,
2026-04-01T10:00:00+00:00,2026-04-01T13:00:00+00:00,1775037600000,1775048400000,SHORT,2,k7_b2,2134.43,2113.09,0.01,0.19003863999999693,0.00890348430260055,0.023361360000000005,target,,,
2026-04-01T11:00:00+00:00,2026-04-01T23:00:00+00:00,1775041200000,1775084400000,SHORT,3,k7_b3,2130.51,2138.75,0.01,-0.10588092999999782,-0.004969745741629835,0.023480930000000004,max_hold,,,
2026-04-01T12:00:00+00:00,2026-04-02T00:00:00+00:00,1775044800000,1775088000000,SHORT,4,k7_b4,2133.11,2138.8,0.01,-0.08039550500000056,-0.003768933857138195,0.023495505000000007,max_hold,,,
2026-04-01T13:00:00+00:00,2026-04-02T01:00:00+00:00,1775048400000,1775091600000,SHORT,4,k7_b4,2128.82,2154.58,0.01,-0.28115869999999765,-0.013207255662761418,0.023558700000000002,max_hold,,,
2026-04-01T22:00:00+00:00,2026-04-02T01:00:00+00:00,1775080800000,1775091600000,SHORT,7,k7_b7,2154.48,2098.08,0.01,0.540610920000001,0.025092408376963395,0.02338908,target,,,
2026-04-02T01:00:00+00:00,2026-04-02T01:00:00+00:00,1775091600000,1775091600000,SHORT,6,k7_b6,2153.5,2097.12,0.01,0.5404215900000011,0.025095035523566338,0.023378410000000002,target_entry_bar,,,
2026-04-01T15:00:00+00:00,2026-04-02T02:00:00+00:00,1775055600000,1775095200000,SHORT,5,k7_b5,2124.91,2069.28,0.01,0.5332319549999965,0.025094331289325034,0.023068045000000002,target,,,
2026-04-01T17:00:00+00:00,2026-04-02T02:00:00+00:00,1775062800000,1775095200000,SHORT,5,k7_b5,2143.92,2087.79,0.01,0.5380255950000011,0.025095413774767768,0.023274405,target,,,
2026-04-01T21:00:00+00:00,2026-04-02T02:00:00+00:00,1775077200000,1775095200000,SHORT,6,k7_b6,2141.38,2085.32,0.01,0.5373531499999994,0.025093778311182476,0.023246850000000003,target,,,
2026-04-02T00:00:00+00:00,2026-04-02T02:00:00+00:00,1775088000000,1775095200000,SHORT,6,k7_b6,2137.73,2081.76,0.01,0.536492804999998,0.02509637816749533,0.023207195000000003,target,,,
2026-04-02T08:00:00+00:00,2026-04-02T20:00:00+00:00,1775116800000,1775160000000,SHORT,5,k7_b5,2053.76,2064.4,0.01,-0.12904987999999873,-0.0062835910719849794,0.022649880000000004,max_hold,,,
2026-04-02T10:00:00+00:00,2026-04-02T22:00:00+00:00,1775124000000,1775167200000,SHORT,4,k7_b4,2041.79,2062.23,0.01,-0.22697211000000056,-0.011116329789057668,0.02257211,max_hold,,,
2026-04-02T15:00:00+00:00,2026-04-03T03:00:00+00:00,1775142000000,1775185200000,SHORT,3,k7_b3,2061.56,2051.42,0.01,0.07877860999999872,0.003821310560934376,0.022621390000000005,max_hold,,,
2026-04-03T00:00:00+00:00,2026-04-03T06:00:00+00:00,1775174400000,1775196000000,LONG,1,k7_b1,2057.0,2056.16,0.01,-0.031022380000001456,-0.001508137092853741,0.02262238,max_hold,,,
2026-04-02T21:00:00+00:00,2026-04-03T09:00:00+00:00,1775163600000,1775206800000,SHORT,3,k7_b3,2066.25,2059.85,0.01,0.04130645000000092,0.0019991022383545514,0.02269355,max_hold,,,
2026-04-03T08:00:00+00:00,2026-04-03T13:00:00+00:00,1775203200000,1775221200000,SHORT,2,k7_b2,2063.94,2043.3,0.01,0.183810180000001,0.008905790866013594,0.022589820000000004,target,,,
2026-04-03T12:00:00+00:00,2026-04-03T18:00:00+00:00,1775217600000,1775239200000,SHORT,2,k7_b2,2060.84,2049.2,0.01,0.09379478000000327,0.004551288794860506,0.022605220000000002,max_hold,,,
2026-04-04T09:00:00+00:00,2026-04-04T15:00:00+00:00,1775293200000,1775314800000,LONG,1,k7_b1,2050.48,2052.13,0.01,-0.0060643549999990914,-0.0002957529456517055,0.022564355,max_hold,,,
2026-04-04T10:00:00+00:00,2026-04-04T16:00:00+00:00,1775296800000,1775318400000,LONG,2,k7_b2,2050.3,2055.16,0.01,0.026019969999996725,0.0012690811100812915,0.022580030000000004,max_hold,,,
2026-04-04T12:00:00+00:00,2026-04-05T00:00:00+00:00,1775304000000,1775347200000,LONG,3,k7_b3,2052.09,2064.43,0.01,0.10075913999999692,0.00491007411955601,0.02264086,max_hold,,,
2026-04-04T20:00:00+00:00,2026-04-05T02:00:00+00:00,1775332800000,1775354400000,SHORT,1,k7_b1,2062.73,2056.39,0.01,0.040744840000001455,0.0019752871194970477,0.02265516,max_hold,,,
2026-04-04T21:00:00+00:00,2026-04-05T03:00:00+00:00,1775336400000,1775358000000,SHORT,2,k7_b2,2060.83,2058.98,0.01,-0.004158955000000911,-0.00020180970773915906,0.022658955,max_hold,,,
2026-04-05T05:00:00+00:00,2026-04-05T06:00:00+00:00,1775365200000,1775368800000,SHORT,1,k7_b1,2053.22,2032.69,0.01,0.18282749499999745,0.00890442792296965,0.022472505000000004,target,,,
2026-04-05T06:00:00+00:00,2026-04-05T12:00:00+00:00,1775368800000,1775390400000,SHORT,2,k7_b2,2046.71,2040.88,0.01,0.03581825499999927,0.001750040552887281,0.022481745000000004,max_hold,,,
2026-04-05T13:00:00+00:00,2026-04-05T15:00:00+00:00,1775394000000,1775401200000,LONG,1,k7_b1,2027.97,2048.25,0.01,0.18038078999999974,0.00889464784982025,0.022419210000000002,target,,,
2026-04-05T14:00:00+00:00,2026-04-05T15:00:00+00:00,1775397600000,1775401200000,LONG,2,k7_b2,2036.46,2056.82,0.01,0.18108696000000127,0.008892242420671227,0.02251304,target,,,
2026-04-05T15:00:00+00:00,2026-04-05T23:00:00+00:00,1775401200000,1775430000000,LONG,3,k7_b3,2038.39,2091.76,0.01,0.5109841750000012,0.025068027953433894,0.022715825000000002,target,,,
2026-04-05T23:00:00+00:00,2026-04-06T00:00:00+00:00,1775430000000,1775433600000,SHORT,1,k7_b1,2083.94,2125.62,0.01,-0.43995257999999837,-0.021111576149025323,0.023152580000000002,stop,,,
2026-04-06T00:00:00+00:00,2026-04-06T06:00:00+00:00,1775433600000,1775455200000,SHORT,2,k7_b2,2108.3,2130.39,0.01,-0.2442127949999969,-0.011583398709860877,0.023312795000000004,max_hold,,,
2026-04-06T07:00:00+00:00,2026-04-06T09:00:00+00:00,1775458800000,1775466000000,LONG,1,k7_b1,2127.42,2148.69,0.01,0.18918139499999984,0.008892526863524826,0.023518605000000005,target,,,
2026-04-06T15:00:00+00:00,2026-04-06T17:00:00+00:00,1775487600000,1775494800000,SHORT,1,k7_b1,2154.27,2132.73,0.01,0.19182149999999965,0.00890424598587919,0.023578500000000002,target,,,
2026-04-06T21:00:00+00:00,2026-04-06T22:00:00+00:00,1775509200000,1775512800000,SHORT,1,k7_b1,2146.5,2125.03,0.01,0.19120658499999799,0.008907830654553832,0.023493415000000004,target,,,
2026-04-06T17:00:00+00:00,2026-04-06T23:00:00+00:00,1775494800000,1775516400000,LONG,1,k7_b1,2140.32,2103.9,0.01,-0.38754321000000075,-0.018106788237272964,0.023343210000000003,max_hold,,,
2026-04-07T02:00:00+00:00,2026-04-07T08:00:00+00:00,1775527200000,1775548800000,LONG,1,k7_b1,2099.33,2102.99,0.01,0.01348723999999854,0.0006424544973871921,0.023112760000000003,max_hold,,,
2026-04-07T07:00:00+00:00,2026-04-07T09:00:00+00:00,1775545200000,1775552400000,LONG,2,k7_b2,2104.07,2125.11,0.01,0.18713950999999965,0.00889416749442745,0.02326049,target,,,
2026-04-07T08:00:00+00:00,2026-04-07T09:00:00+00:00,1775548800000,1775552400000,LONG,2,k7_b2,2104.05,2125.09,0.01,0.18713972999999964,0.008894262493762012,0.023260270000000003,target,,,
2026-04-07T10:00:00+00:00,2026-04-07T10:00:00+00:00,1775556000000,1775556000000,SHORT,1,k7_b1,2126.19,2104.93,0.01,0.18932884000000216,0.008904605891289216,0.023271160000000003,target_entry_bar,,,
2026-04-07T17:00:00+00:00,2026-04-07T17:00:00+00:00,1775581200000,1775581200000,LONG,2,k7_b2,2083.67,2104.51,0.01,0.18536501000000147,0.008896082873007792,0.023034990000000005,target_entry_bar,,,
2026-04-07T11:00:00+00:00,2026-04-07T21:00:00+00:00,1775559600000,1775595600000,LONG,3,k7_b3,2089.34,2144.04,0.01,0.5237164099999981,0.025066117051317546,0.023283590000000003,target,,,
2026-04-07T19:00:00+00:00,2026-04-07T21:00:00+00:00,1775588400000,1775595600000,LONG,4,k7_b4,2086.36,2140.98,0.01,0.5229496299999989,0.02506516756456215,0.023250370000000003,target,,,
2026-04-07T18:00:00+00:00,2026-04-07T22:00:00+00:00,1775584800000,1775599200000,LONG,3,k7_b3,2099.34,2154.3,0.01,0.5262049800000004,0.025065257652405058,0.023395020000000002,target,,,
2026-04-07T20:00:00+00:00,2026-04-07T22:00:00+00:00,1775592000000,1775599200000,LONG,5,k7_b5,2113.58,2168.91,0.01,0.5297463049999992,0.025063934414595104,0.023553695,target,,,
2026-04-07T21:00:00+00:00,2026-04-07T22:00:00+00:00,1775595600000,1775599200000,LONG,6,k7_b6,2115.62,2171.01,0.01,0.5303235350000033,0.0250670505572836,0.023576465000000005,target,,,
2026-04-07T22:00:00+00:00,2026-04-07T22:00:00+00:00,1775599200000,1775599200000,LONG,7,k7_b7,2145.34,2201.51,0.01,0.5377923250000007,0.025067929792014353,0.023907675000000003,target_entry_bar,,,
2026-04-08T13:00:00+00:00,2026-04-08T13:00:00+00:00,1775653200000,1775653200000,SHORT,1,k7_b1,2253.51,2230.97,0.01,0.2007353600000042,0.008907675581648369,0.02466464,target_entry_bar,,,
2026-04-08T18:00:00+00:00,2026-04-08T18:00:00+00:00,1775671200000,1775671200000,SHORT,2,k7_b2,2229.58,2207.28,0.01,0.19859726999999727,0.008907384798930619,0.024402730000000004,target_entry_bar,,,
2026-04-08T21:00:00+00:00,2026-04-09T01:00:00+00:00,1775682000000,1775696400000,LONG,1,k7_b1,2209.97,2165.77,0.01,-0.4660665699999982,-0.021089271347574774,0.024066570000000002,stop,,,
2026-04-08T23:00:00+00:00,2026-04-09T05:00:00+00:00,1775689200000,1775710800000,LONG,2,k7_b2,2189.8,2176.66,0.01,-0.15541553000000327,-0.007097247693853469,0.024015530000000004,max_hold,,,
2026-04-09T10:00:00+00:00,2026-04-09T13:00:00+00:00,1775728800000,1775739600000,SHORT,1,k7_b1,2191.67,2169.75,0.01,0.19521219000000073,0.008907006529267668,0.023987810000000005,target,,,
2026-04-09T11:00:00+00:00,2026-04-09T13:00:00+00:00,1775732400000,1775739600000,SHORT,2,k7_b2,2188.41,2166.53,0.01,0.19484782999999656,0.008903625463235709,0.023952170000000002,target,,,
2026-04-09T14:00:00+00:00,2026-04-09T15:00:00+00:00,1775743200000,1775746800000,LONG,1,k7_b1,2165.3,2186.95,0.01,0.19256262499999635,0.00889311527271031,0.023937375000000004,target,,,
2026-04-09T16:00:00+00:00,2026-04-09T16:00:00+00:00,1775750400000,1775750400000,SHORT,2,k7_b2,2215.88,2193.72,0.01,0.1973472000000031,0.008906041843421263,0.0242528,target_entry_bar,,,
2026-04-09T17:00:00+00:00,2026-04-09T23:00:00+00:00,1775754000000,1775775600000,SHORT,2,k7_b2,2206.13,2196.57,0.01,0.07138514999999945,0.003235763531614159,0.024214850000000003,max_hold,,,
2026-04-09T18:00:00+00:00,2026-04-10T06:00:00+00:00,1775757600000,1775800800000,SHORT,3,k7_b3,2220.85,2196.04,0.01,0.22380710499999945,0.010077542607560143,0.024292895000000002,max_hold,,,
2026-04-09T19:00:00+00:00,2026-04-10T07:00:00+00:00,1775761200000,1775804400000,SHORT,4,k7_b4,2204.9,2185.25,0.01,0.17235417500000091,0.007816870379609092,0.024145825000000003,max_hold,,,
2026-04-10T01:00:00+00:00,2026-04-10T07:00:00+00:00,1775782800000,1775804400000,LONG,1,k7_b1,2195.06,2185.25,0.01,-0.12219170499999946,-0.005566668109299949,0.024091705,max_hold,,,
2026-04-09T20:00:00+00:00,2026-04-10T08:00:00+00:00,1775764800000,1775808000000,SHORT,5,k7_b5,2214.25,2178.62,0.01,0.3321392150000011,0.015000077452862191,0.024160785000000004,max_hold,,,
2026-04-10T02:00:00+00:00,2026-04-10T08:00:00+00:00,1775786400000,1775808000000,LONG,2,k7_b2,2194.59,2178.62,0.01,-0.18375265500000257,-0.008372983336295279,0.024052655000000003,max_hold,,,
2026-04-09T21:00:00+00:00,2026-04-10T09:00:00+00:00,1775768400000,1775811600000,SHORT,6,k7_b6,2210.97,2184.68,0.01,0.23872392499999964,0.010797248492742988,0.024176075,max_hold,,,
2026-04-09T22:00:00+00:00,2026-04-10T10:00:00+00:00,1775772000000,1775815200000,SHORT,6,k7_b6,2208.53,2195.19,0.01,0.10917954000000146,0.0049435389150249915,0.024220460000000006,max_hold,,,
2026-04-10T03:00:00+00:00,2026-04-10T14:00:00+00:00,1775790000000,1775829600000,LONG,3,k7_b3,2189.04,2246.35,0.01,0.5487053549999995,0.025066026888499047,0.024394645,target,,,
2026-04-10T04:00:00+00:00,2026-04-10T14:00:00+00:00,1775793600000,1775829600000,LONG,4,k7_b4,2186.26,2243.5,0.01,0.5480363199999978,0.02506729849148764,0.024363680000000002,target,,,
2026-04-10T07:00:00+00:00,2026-04-10T14:00:00+00:00,1775804400000,1775829600000,LONG,4,k7_b4,2186.35,2243.59,0.01,0.5480353300000024,0.02506622132778386,0.02436467,target,,,
2026-04-10T08:00:00+00:00,2026-04-10T14:00:00+00:00,1775808000000,1775829600000,LONG,4,k7_b4,2179.71,2236.77,0.01,0.5463093599999994,0.025063396506874742,0.024290640000000002,target,,,
2026-04-10T09:00:00+00:00,2026-04-10T14:00:00+00:00,1775811600000,1775829600000,LONG,5,k7_b5,2185.78,2243.0,0.01,0.547841709999998,0.025063899843534024,0.02435829,target,,,
2026-04-10T10:00:00+00:00,2026-04-10T15:00:00+00:00,1775815200000,1775833200000,LONG,6,k7_b6,2196.29,2253.79,0.01,0.55052456,0.025066114219888996,0.02447544,target,,,
2026-04-10T11:00:00+00:00,2026-04-10T15:00:00+00:00,1775818800000,1775833200000,LONG,7,k7_b7,2197.09,2254.61,0.01,0.5507156499999998,0.02506568461009789,0.024484350000000002,target,,,
2026-04-10T13:00:00+00:00,2026-04-10T19:00:00+00:00,1775826000000,1775847600000,SHORT,1,k7_b1,2216.75,2248.0,0.01,-0.337056125,-0.015204967858351189,0.024556125000000005,max_hold,,,
2026-04-10T14:00:00+00:00,2026-04-10T20:00:00+00:00,1775829600000,1775851200000,SHORT,2,k7_b2,2220.52,2251.8,0.01,-0.33739776000000204,-0.015194538216273756,0.024597760000000003,max_hold,,,
2026-04-10T15:00:00+00:00,2026-04-11T03:00:00+00:00,1775833200000,1775876400000,SHORT,3,k7_b3,2240.04,2247.0,0.01,-0.09427872000000037,-0.004208796271495168,0.02467872,max_hold,,,
2026-04-10T16:00:00+00:00,2026-04-11T04:00:00+00:00,1775836800000,1775880000000,SHORT,4,k7_b4,2222.11,2235.94,0.01,-0.1628192749999993,-0.007327237400488692,0.024519275000000007,max_hold,,,
2026-04-10T17:00:00+00:00,2026-04-11T05:00:00+00:00,1775840400000,1775883600000,SHORT,5,k7_b5,2242.86,2239.73,0.01,0.006645755000001086,0.00029630717030938557,0.024654245000000005,max_hold,,,
2026-04-10T21:00:00+00:00,2026-04-11T09:00:00+00:00,1775854800000,1775898000000,SHORT,4,k7_b4,2252.9,2231.51,0.01,0.18923574499999873,0.008399651338275057,0.024664255000000003,max_hold,,,
2026-04-10T22:00:00+00:00,2026-04-11T10:00:00+00:00,1775858400000,1775901600000,SHORT,5,k7_b5,2252.59,2242.5,0.01,0.07617700500000146,0.003381751894485967,0.024722995000000005,max_hold,,,
2026-04-11T04:00:00+00:00,2026-04-11T10:00:00+00:00,1775880000000,1775901600000,LONG,1,k7_b1,2237.06,2242.5,0.01,0.029762420000000546,0.0013304256479486714,0.02463758,max_hold,,,
2026-04-11T05:00:00+00:00,2026-04-11T11:00:00+00:00,1775883600000,1775905200000,LONG,2,k7_b2,2240.85,2239.11,0.01,-0.04203977999999782,-0.0018760639935737698,0.02463978,max_hold,,,
2026-04-11T06:00:00+00:00,2026-04-11T18:00:00+00:00,1775887200000,1775930400000,LONG,3,k7_b3,2232.55,2258.5,0.01,0.23479922499999817,0.010517086963337804,0.024700775,max_hold,,,
2026-04-11T07:00:00+00:00,2026-04-11T18:00:00+00:00,1775890800000,1775930400000,LONG,4,k7_b4,2235.84,2294.37,0.01,0.5603838449999975,0.025063682776942778,0.024916155000000002,target,,,
2026-04-11T08:00:00+00:00,2026-04-11T18:00:00+00:00,1775894400000,1775930400000,LONG,5,k7_b5,2232.8,2291.25,0.01,0.5596177249999983,0.025063495386958,0.024882275000000002,target,,,
2026-04-11T09:00:00+00:00,2026-04-11T18:00:00+00:00,1775898000000,1775930400000,LONG,6,k7_b6,2232.63,2291.08,0.01,0.5596195949999982,0.025065487563993957,0.024880405,target,,,
2026-04-11T16:00:00+00:00,2026-04-11T18:00:00+00:00,1775923200000,1775930400000,LONG,5,k7_b5,2249.52,2308.41,0.01,0.5638313849999987,0.02506451976421631,0.025068615000000002,target,,,
2026-04-11T17:00:00+00:00,2026-04-11T19:00:00+00:00,1775926800000,1775934000000,LONG,6,k7_b6,2258.74,2317.87,0.01,0.5661286450000012,0.02506391373066405,0.025171355,target,,,
2026-04-11T18:00:00+00:00,2026-04-11T19:00:00+00:00,1775930400000,1775934000000,LONG,6,k7_b6,2259.63,2318.79,0.01,0.5664186899999986,0.02506687776317355,0.025181310000000005,target,,,
2026-04-11T19:00:00+00:00,2026-04-12T01:00:00+00:00,1775934000000,1775955600000,LONG,6,k7_b6,2305.54,2259.43,0.01,-0.4862073350000013,-0.021088653200551772,0.025107335,stop,,,
2026-04-11T20:00:00+00:00,2026-04-12T01:00:00+00:00,1775937600000,1775955600000,LONG,6,k7_b6,2316.41,2270.08,0.01,-0.48852569499999926,-0.021089776637123796,0.025225695,stop,,,
2026-04-11T22:00:00+00:00,2026-04-12T01:00:00+00:00,1775944800000,1775955600000,SHORT,1,k7_b1,2297.3,2274.33,0.01,0.20455603500000252,0.00890419340094905,0.025143965000000004,target,,,
2026-04-11T23:00:00+00:00,2026-04-12T01:00:00+00:00,1775948400000,1775955600000,SHORT,2,k7_b2,2294.69,2271.74,0.01,0.20438463500000273,0.008906851688027696,0.025115365,target,,,
2026-04-12T00:00:00+00:00,2026-04-12T01:00:00+00:00,1775952000000,1775955600000,SHORT,3,k7_b3,2282.71,2222.95,0.01,0.5728188700000022,0.02509380823670121,0.024781130000000002,target,,,
2026-04-12T01:00:00+00:00,2026-04-12T01:00:00+00:00,1775955600000,1775955600000,SHORT,4,k7_b4,2283.41,2223.63,0.01,0.5730112799999975,0.0250945419350882,0.02478872,target_entry_bar,,,
2026-04-12T06:00:00+00:00,2026-04-12T18:00:00+00:00,1775973600000,1776016800000,SHORT,3,k7_b3,2214.89,2202.0,0.01,0.10460710499999873,0.004722902943261234,0.024292895000000002,max_hold,,,
2026-04-12T07:00:00+00:00,2026-04-12T19:00:00+00:00,1775977200000,1776020400000,SHORT,4,k7_b4,2213.81,2199.24,0.01,0.12142822500000164,0.005485033720147693,0.024271775000000002,max_hold,,,
2026-04-12T08:00:00+00:00,2026-04-12T20:00:00+00:00,1775980800000,1776024000000,SHORT,5,k7_b5,2215.9,2197.23,0.01,0.1624277850000007,0.007330104472223507,0.024272215000000003,max_hold,,,
2026-04-12T09:00:00+00:00,2026-04-12T21:00:00+00:00,1775984400000,1776027600000,SHORT,6,k7_b6,2211.83,2212.25,0.01,-0.028532440000000728,-0.0012899924496910127,0.02433244,max_hold,,,
2026-04-12T10:00:00+00:00,2026-04-12T22:00:00+00:00,1775988000000,1776031200000,SHORT,7,k7_b7,2211.9,2210.06,0.01,-0.005920779999998543,-0.00026767846647671883,0.02432078,max_hold,,,
2026-04-12T23:00:00+00:00,2026-04-13T05:00:00+00:00,1776034800000,1776056400000,LONG,1,k7_b1,2199.45,2189.21,0.01,-0.12653762999999782,-0.005753148741730788,0.02413763,max_hold,,,
2026-04-13T00:00:00+00:00,2026-04-13T06:00:00+00:00,1776038400000,1776060000000,LONG,2,k7_b2,2191.71,2190.36,0.01,-0.03760138499999909,-0.001715618626551829,0.024101385000000003,max_hold,,,
2026-04-13T01:00:00+00:00,2026-04-13T07:00:00+00:00,1776042000000,1776063600000,SHORT,1,k7_b1,2202.98,2197.54,0.01,0.030197140000000545,0.0013707405423562876,0.02420286,max_hold,,,
2026-04-13T02:00:00+00:00,2026-04-13T08:00:00+00:00,1776045600000,1776067200000,SHORT,2,k7_b2,2201.32,2185.5,0.01,0.13407249000000165,0.006090549761052534,0.024127510000000005,max_hold,,,
2026-04-13T05:00:00+00:00,2026-04-13T11:00:00+00:00,1776056400000,1776078000000,LONG,2,k7_b2,2190.31,2182.75,0.01,-0.09965182999999946,-0.004549667855235079,0.02405183,max_hold,,,
2026-04-13T06:00:00+00:00,2026-04-13T12:00:00+00:00,1776060000000,1776081600000,LONG,2,k7_b2,2191.46,2186.29,0.01,-0.07577762500000074,-0.0034578602849242393,0.024077625000000002,max_hold,,,
2026-04-13T09:00:00+00:00,2026-04-13T17:00:00+00:00,1776070800000,1776099600000,LONG,3,k7_b3,2185.43,2242.64,0.01,0.5477456150000004,0.025063516790746008,0.024354385,target,,,
2026-04-13T11:00:00+00:00,2026-04-13T17:00:00+00:00,1776078000000,1776099600000,LONG,4,k7_b4,2183.85,2241.02,0.01,0.5473632150000007,0.02506413970739752,0.024336785,target,,,
2026-04-13T10:00:00+00:00,2026-04-13T19:00:00+00:00,1776074400000,1776106800000,LONG,4,k7_b4,2188.17,2245.46,0.01,0.5485150349999997,0.02506729527413316,0.024384965,target,,,
2026-04-13T12:00:00+00:00,2026-04-13T19:00:00+00:00,1776081600000,1776106800000,LONG,4,k7_b4,2187.39,2244.66,0.01,0.5483237249999999,0.0250674879651091,0.024376275000000003,target,,,
2026-04-13T16:00:00+00:00,2026-04-13T19:00:00+00:00,1776096000000,1776106800000,LONG,5,k7_b5,2209.19,2267.03,0.01,0.5537807900000015,0.02506714180310437,0.024619210000000002,target,,,
2026-04-13T22:00:00+00:00,2026-04-13T22:00:00+00:00,1776117600000,1776117600000,LONG,4,k7_b4,2260.14,2319.31,0.01,0.5665130250000008,0.025065395285247854,0.025186975,target_entry_bar,,,
2026-04-14T00:00:00+00:00,2026-04-14T06:00:00+00:00,1776124800000,1776146400000,SHORT,1,k7_b1,2367.61,2354.97,0.01,0.10042581000000328,0.004241653397307972,0.02597419,max_hold,,,
2026-04-14T09:00:00+00:00,2026-04-14T14:00:00+00:00,1776157200000,1776175200000,SHORT,1,k7_b1,2385.6,2361.74,0.01,0.2124896300000013,0.00890717764922876,0.02611037,target,,,
2026-04-14T10:00:00+00:00,2026-04-14T14:00:00+00:00,1776160800000,1776175200000,SHORT,2,k7_b2,2385.2,2361.35,0.01,0.2123939749999991,0.008904661034714031,0.026106025,target,,,
2026-04-14T13:00:00+00:00,2026-04-14T14:00:00+00:00,1776171600000,1776175200000,LONG,1,k7_b1,2374.04,2397.78,0.01,0.21115499000000235,0.008894331603511413,0.026245010000000003,target,,,
2026-04-14T16:00:00+00:00,2026-04-14T18:00:00+00:00,1776182400000,1776189600000,LONG,3,k7_b3,2364.44,2317.15,0.01,-0.49864874499999967,-0.021089507240615098,0.025748745000000003,stop,,,
2026-04-14T15:00:00+00:00,2026-04-14T19:00:00+00:00,1776178800000,1776193200000,LONG,2,k7_b2,2353.26,2306.19,0.01,-0.49632697500000167,-0.02109103860176953,0.025626975000000003,stop,,,
2026-04-14T21:00:00+00:00,2026-04-15T00:00:00+00:00,1776200400000,1776211200000,LONG,2,k7_b2,2315.09,2338.24,0.01,0.20590668499999637,0.008894111460029474,0.025593315000000002,target,,,
2026-04-14T22:00:00+00:00,2026-04-15T10:00:00+00:00,1776204000000,1776247200000,LONG,3,k7_b3,2323.68,2319.0,0.01,-0.07233473999999837,-0.003112938958892721,0.02553474,max_hold,,,
2026-04-14T23:00:00+00:00,2026-04-15T11:00:00+00:00,1776207600000,1776250800000,LONG,4,k7_b4,2315.23,2315.72,0.01,-0.020570225000002183,-0.0008884743632383039,0.025470225,max_hold,,,
2026-04-15T00:00:00+00:00,2026-04-15T12:00:00+00:00,1776211200000,1776254400000,LONG,5,k7_b5,2322.33,2336.21,0.01,0.1131780300000011,0.004873468886850753,0.02562197,max_hold,,,
2026-04-15T03:00:00+00:00,2026-04-15T15:00:00+00:00,1776222000000,1776265200000,LONG,5,k7_b5,2324.88,2337.24,0.01,0.09795833999999673,0.004213479405388524,0.025641660000000004,max_hold,,,
2026-04-15T04:00:00+00:00,2026-04-15T16:00:00+00:00,1776225600000,1776268800000,LONG,5,k7_b5,2328.76,2330.6,0.01,-0.007226480000003092,-0.0003103145021386099,0.02562648,max_hold,,,
2026-04-15T12:00:00+00:00,2026-04-15T18:00:00+00:00,1776254400000,1776276000000,SHORT,1,k7_b1,2335.04,2347.57,0.01,-0.151054355000002,-0.006469026440660631,0.025754355000000003,max_hold,,,
2026-04-15T08:00:00+00:00,2026-04-15T19:00:00+00:00,1776240000000,1776279600000,LONG,6,k7_b6,2316.68,2377.33,0.01,0.580682945000001,0.02506530660255197,0.025817055,target,,,
2026-04-15T11:00:00+00:00,2026-04-15T19:00:00+00:00,1776250800000,1776279600000,LONG,5,k7_b5,2316.88,2377.54,0.01,0.5807806899999985,0.02506736171057623,0.025819310000000005,target,,,
2026-04-15T13:00:00+00:00,2026-04-15T19:00:00+00:00,1776258000000,1776279600000,SHORT,2,k7_b2,2330.48,2357.12,0.01,-0.29218179999999877,-0.0125374086025196,0.0257818,max_hold,,,
2026-04-15T14:00:00+00:00,2026-04-16T02:00:00+00:00,1776261600000,1776304800000,LONG,5,k7_b5,2326.89,2350.86,0.01,0.21397237500000255,0.009195637739644012,0.025727625000000004,max_hold,,,
2026-04-15T15:00:00+00:00,2026-04-16T03:00:00+00:00,1776265200000,1776308400000,LONG,5,k7_b5,2338.41,2355.49,0.01,0.1449835499999993,0.006200091087533807,0.02581645,max_hold,,,
2026-04-15T16:00:00+00:00,2026-04-16T04:00:00+00:00,1776268800000,1776312000000,LONG,5,k7_b5,2331.77,2356.51,0.01,0.22161446000000237,0.00950413033875564,0.025785540000000003,max_hold,,,
2026-04-15T17:00:00+00:00,2026-04-16T05:00:00+00:00,1776272400000,1776315600000,LONG,6,k7_b6,2341.6,2352.72,0.01,0.08538123999999891,0.0036462777587973573,0.02581876,max_hold,,,
2026-04-15T18:00:00+00:00,2026-04-16T06:00:00+00:00,1776276000000,1776319200000,LONG,7,k7_b7,2348.75,2355.72,0.01,0.043825414999998,0.001865903778605556,0.025874585,max_hold,,,
2026-04-16T07:00:00+00:00,2026-04-16T10:00:00+00:00,1776322800000,1776333600000,SHORT,1,k7_b1,2353.38,2329.85,0.01,0.20954223500000202,0.00890388441305705,0.025757765000000002,target,,,
2026-04-16T01:00:00+00:00,2026-04-16T13:00:00+00:00,1776301200000,1776344400000,LONG,6,k7_b6,2360.39,2339.27,0.01,-0.2370481299999989,-0.010042752680701025,0.025848130000000004,max_hold,,,
2026-04-16T02:00:00+00:00,2026-04-16T13:00:00+00:00,1776304800000,1776344400000,LONG,6,k7_b6,2352.04,2305.0,0.01,-0.49601371999999966,-0.021088660056801743,0.02561372,stop,,,
2026-04-16T03:00:00+00:00,2026-04-16T13:00:00+00:00,1776308400000,1776344400000,LONG,6,k7_b6,2356.67,2309.54,0.01,-0.49696415500000113,-0.021087558079833032,0.025664155,stop,,,
2026-04-16T16:00:00+00:00,2026-04-16T16:00:00+00:00,1776355200000,1776355200000,SHORT,1,k7_b1,2336.42,2313.06,0.01,0.20802786000000129,0.00890370138930506,0.02557214,target_entry_bar,,,
2026-04-16T17:00:00+00:00,2026-04-16T18:00:00+00:00,1776358800000,1776362400000,LONG,1,k7_b1,2316.5,2339.67,0.01,0.20609106500000074,0.008896657241528199,0.025608935000000003,target,,,
2026-04-16T18:00:00+00:00,2026-04-16T19:00:00+00:00,1776362400000,1776366000000,LONG,2,k7_b2,2325.69,2348.95,0.01,0.20688947999999763,0.008895832204635941,0.02571052,target,,,
2026-04-17T02:00:00+00:00,2026-04-17T08:00:00+00:00,1776391200000,1776412800000,LONG,1,k7_b1,2335.17,2333.23,0.01,-0.04507620000000055,-0.001930317707062036,0.025676200000000003,max_hold,,,
2026-04-17T05:00:00+00:00,2026-04-17T08:00:00+00:00,1776402000000,1776412800000,LONG,2,k7_b2,2328.97,2352.26,0.01,0.20715323500000418,0.008894628741460997,0.025746765000000005,target,,,
2026-04-17T06:00:00+00:00,2026-04-17T12:00:00+00:00,1776405600000,1776427200000,LONG,3,k7_b3,2319.42,2380.14,0.01,0.581352419999998,0.02506456010554354,0.025847580000000002,target,,,
2026-04-17T07:00:00+00:00,2026-04-17T13:00:00+00:00,1776409200000,1776430800000,LONG,4,k7_b4,2331.13,2392.16,0.01,0.5843219049999975,0.025066036857661195,0.025978095,target,,,
2026-04-17T08:00:00+00:00,2026-04-17T13:00:00+00:00,1776412800000,1776430800000,LONG,4,k7_b4,2334.4,2395.51,0.01,0.5850854950000013,0.025063634981151526,0.026014505000000004,target,,,
2026-04-17T11:00:00+00:00,2026-04-17T13:00:00+00:00,1776423600000,1776430800000,LONG,4,k7_b4,2343.71,2405.07,0.01,0.5874817100000013,0.025066314091760553,0.026118290000000002,target,,,
2026-04-17T12:00:00+00:00,2026-04-17T13:00:00+00:00,1776427200000,1776430800000,LONG,5,k7_b5,2354.82,2416.47,0.01,0.5902579049999964,0.025065945804774732,0.026242095,target,,,
2026-04-17T13:00:00+00:00,2026-04-17T13:00:00+00:00,1776430800000,1776430800000,LONG,6,k7_b6,2371.92,2434.02,0.01,0.5945673299999991,0.02506692173429117,0.026432670000000002,target_entry_bar,,,
2026-04-18T03:00:00+00:00,2026-04-18T08:00:00+00:00,1776481200000,1776499200000,SHORT,1,k7_b1,2417.08,2392.91,0.01,0.2152450550000007,0.00890516884008807,0.026454945,target,,,
2026-04-18T04:00:00+00:00,2026-04-18T08:00:00+00:00,1776484800000,1776499200000,SHORT,2,k7_b2,2402.79,2378.76,0.01,0.21400147499999744,0.008906374464684699,0.026298525000000003,target,,,
2026-04-18T05:00:00+00:00,2026-04-18T11:00:00+00:00,1776488400000,1776510000000,SHORT,3,k7_b3,2405.06,2342.1,0.01,0.6034906200000004,0.025092539063474525,0.02610938,target,,,
2026-04-18T06:00:00+00:00,2026-04-18T11:00:00+00:00,1776492000000,1776510000000,SHORT,4,k7_b4,2406.4,2343.4,0.01,0.6038761,0.025094585272606384,0.026123900000000002,target,,,
2026-04-18T07:00:00+00:00,2026-04-18T11:00:00+00:00,1776495600000,1776510000000,SHORT,5,k7_b5,2407.15,2344.13,0.01,0.6040679599999998,0.025094736929564,0.026132040000000002,target,,,
2026-04-18T08:00:00+00:00,2026-04-18T18:00:00+00:00,1776499200000,1776535200000,SHORT,6,k7_b6,2401.17,2338.31,0.01,0.6025328600000013,0.02509330284819489,0.026067140000000003,target,,,
2026-04-18T23:00:00+00:00,2026-04-19T03:00:00+00:00,1776553200000,1776567600000,SHORT,1,k7_b1,2353.81,2330.27,0.01,0.20963755999999964,0.008906307645901735,0.025762440000000005,target,,,
2026-04-19T08:00:00+00:00,2026-04-19T13:00:00+00:00,1776585600000,1776603600000,LONG,1,k7_b1,2315.43,2338.58,0.01,0.20590294500000092,0.008892643914953202,0.025597055,target,,,
2026-04-19T09:00:00+00:00,2026-04-19T13:00:00+00:00,1776589200000,1776603600000,LONG,2,k7_b2,2318.25,2341.43,0.01,0.20617175999999837,0.008893422193464827,0.02562824,target,,,
2026-04-19T16:00:00+00:00,2026-04-19T16:00:00+00:00,1776614400000,1776614400000,SHORT,1,k7_b1,2328.29,2305.01,0.01,0.20731684999999744,0.00890425376563905,0.025483150000000003,target_entry_bar,,,
2026-04-19T10:00:00+00:00,2026-04-19T22:00:00+00:00,1776592800000,1776636000000,LONG,3,k7_b3,2309.88,2274.58,0.01,-0.3782145300000018,-0.016373773962283834,0.025214530000000002,max_hold,,,
2026-04-19T11:00:00+00:00,2026-04-19T22:00:00+00:00,1776596400000,1776636000000,LONG,4,k7_b4,2317.54,2271.19,0.01,-0.4887380149999991,-0.02108865499624598,0.025238015000000003,stop,,,
2026-04-19T23:00:00+00:00,2026-04-20T07:00:00+00:00,1776639600000,1776668400000,LONG,3,k7_b3,2269.89,2329.32,0.01,0.569004345000003,0.025067485428809457,0.025295655,target,,,
2026-04-20T00:00:00+00:00,2026-04-20T07:00:00+00:00,1776643200000,1776668400000,LONG,4,k7_b4,2263.35,2322.6,0.01,0.567277275,0.02506361256544503,0.025222725,target,,,
2026-04-20T06:00:00+00:00,2026-04-20T07:00:00+00:00,1776664800000,1776668400000,LONG,5,k7_b5,2270.15,2329.58,0.01,0.5690014849999984,0.02506448846992482,0.025298515,target,,,
2026-04-19T21:00:00+00:00,2026-04-20T09:00:00+00:00,1776632400000,1776675600000,LONG,3,k7_b3,2280.52,2292.68,0.01,0.09644739999999855,0.00422918457193967,0.025152600000000004,max_hold,,,
2026-04-19T22:00:00+00:00,2026-04-20T10:00:00+00:00,1776636000000,1776679200000,LONG,3,k7_b3,2275.72,2307.78,0.01,0.295390750000004,0.01298010080326244,0.025209250000000002,max_hold,,,
2026-04-20T13:00:00+00:00,2026-04-20T14:00:00+00:00,1776690000000,1776693600000,SHORT,1,k7_b1,2316.47,2293.31,0.01,0.20624620999999854,0.008903469934857716,0.02535379,target,,,
2026-04-20T14:00:00+00:00,2026-04-20T14:00:00+00:00,1776693600000,1776693600000,SHORT,2,k7_b2,2308.3,2285.22,0.01,0.20553564000000385,0.00890419962743161,0.02526436,target_entry_bar,,,
2026-04-20T08:00:00+00:00,2026-04-20T20:00:00+00:00,1776672000000,1776715200000,LONG,6,k7_b6,2297.98,2330.39,0.01,0.29864396499999857,0.012995934037720022,0.025456035000000002,max_hold,,,
2026-04-20T19:00:00+00:00,2026-04-20T23:00:00+00:00,1776711600000,1776726000000,SHORT,2,k7_b2,2331.73,2308.41,0.01,0.20767923000000163,0.008906658575392589,0.025520769999999998,target,,,
2026-04-20T20:00:00+00:00,2026-04-21T02:00:00+00:00,1776715200000,1776736800000,SHORT,2,k7_b2,2329.22,2313.78,0.01,0.12886349999999602,0.005532474390568347,0.025536500000000004,max_hold,,,
2026-04-21T10:00:00+00:00,2026-04-21T12:00:00+00:00,1776765600000,1776772800000,SHORT,1,k7_b1,2323.16,2299.93,0.01,0.20687300500000017,0.00890481090411337,0.025426995,target,,,
2026-04-21T11:00:00+00:00,2026-04-21T12:00:00+00:00,1776769200000,1776772800000,SHORT,2,k7_b2,2328.51,2305.22,0.01,0.20741448500000417,0.008907605507384729,0.025485515000000004,target,,,
2026-04-21T20:00:00+00:00,2026-04-21T20:00:00+00:00,1776801600000,1776801600000,LONG,1,k7_b1,2298.19,2321.17,0.01,0.2043935200000002,0.00889367371714263,0.025406480000000002,target_entry_bar,,,
2026-04-21T22:00:00+00:00,2026-04-22T02:00:00+00:00,1776808800000,1776823200000,LONG,2,k7_b2,2312.41,2335.53,0.01,0.20563633000000345,0.008892727933195387,0.025563670000000004,target,,,
2026-04-21T23:00:00+00:00,2026-04-22T02:00:00+00:00,1776812400000,1776823200000,LONG,3,k7_b3,2311.22,2371.73,0.01,0.5793437750000022,0.025066578473706625,0.025756225,target,,,
2026-04-22T00:00:00+00:00,2026-04-22T05:00:00+00:00,1776816000000,1776834000000,LONG,4,k7_b4,2327.29,2388.22,0.01,0.5833646949999984,0.025066265699590445,0.025935305,target,,,
2026-04-22T01:00:00+00:00,2026-04-22T05:00:00+00:00,1776819600000,1776834000000,LONG,5,k7_b5,2325.4,2386.28,0.01,0.5828857600000011,0.025066042831340892,0.025914240000000005,target,,,
2026-04-22T02:00:00+00:00,2026-04-22T05:00:00+00:00,1776823200000,1776834000000,LONG,5,k7_b5,2322.59,2383.4,0.01,0.5822170549999994,0.02506757779031165,0.025882945000000004,target,,,
2026-04-22T04:00:00+00:00,2026-04-22T16:00:00+00:00,1776830400000,1776873600000,LONG,5,k7_b5,2363.88,2402.69,0.01,0.36188386499999947,0.015308893217929822,0.026216135,max_hold,,,
2026-04-22T05:00:00+00:00,2026-04-22T17:00:00+00:00,1776834000000,1776877200000,LONG,6,k7_b6,2363.99,2385.37,0.01,0.1876785200000011,0.007939057271815918,0.02612148,max_hold,,,
2026-04-22T06:00:00+00:00,2026-04-22T18:00:00+00:00,1776837600000,1776880800000,LONG,7,k7_b7,2397.04,2398.32,0.01,-0.013574479999998005,-0.0005663017721856124,0.026374480000000006,max_hold,,,
2026-04-22T22:00:00+00:00,2026-04-22T23:00:00+00:00,1776895200000,1776898800000,SHORT,1,k7_b1,2400.51,2376.5,0.01,0.2138264450000022,0.008907542355582863,0.026273555000000004,target,,,
2026-04-22T23:00:00+00:00,2026-04-22T23:00:00+00:00,1776898800000,1776898800000,SHORT,2,k7_b2,2397.76,2373.78,0.01,0.2135565300000002,0.008906501484719078,0.026243470000000005,target_entry_bar,,,
2026-04-23T05:00:00+00:00,2026-04-23T09:00:00+00:00,1776920400000,1776934800000,SHORT,2,k7_b2,2345.2,2321.75,0.01,0.20883177499999817,0.008904646725225916,0.025668225000000003,target,,,
2026-04-23T03:00:00+00:00,2026-04-23T15:00:00+00:00,1776913200000,1776956400000,SHORT,3,k7_b3,2349.6,2332.87,0.01,0.1415464150000002,0.006024277110997626,0.025753585,max_hold,,,
2026-04-23T10:00:00+00:00,2026-04-23T15:00:00+00:00,1776938400000,1776956400000,LONG,1,k7_b1,2315.93,2339.09,0.01,0.2059973900000031,0.00889480208814615,0.02560261,target,,,
2026-04-23T11:00:00+00:00,2026-04-23T15:00:00+00:00,1776942000000,1776956400000,LONG,2,k7_b2,2314.05,2337.19,0.01,0.2058181799999987,0.00889428404744922,0.025581820000000005,target,,,
2026-04-23T06:00:00+00:00,2026-04-23T17:00:00+00:00,1776924000000,1776963600000,SHORT,3,k7_b3,2346.34,2284.91,0.01,0.5888281250000029,0.025095601021165,0.025471875000000005,target,,,
2026-04-23T07:00:00+00:00,2026-04-23T17:00:00+00:00,1776927600000,1776963600000,SHORT,4,k7_b4,2352.06,2290.48,0.01,0.5902660299999992,0.025095704616378802,0.025533970000000003,target,,,
2026-04-23T20:00:00+00:00,2026-04-23T22:00:00+00:00,1776974400000,1776981600000,LONG,2,k7_b2,2312.93,2336.06,0.01,0.2057305550000011,0.00889480247997134,0.025569445000000003,target,,,
2026-04-23T12:00:00+00:00,2026-04-24T00:00:00+00:00,1776945600000,1776988800000,LONG,3,k7_b3,2329.09,2328.94,0.01,-0.027119165000000913,-0.0011643674138827145,0.025619165000000003,max_hold,,,
2026-04-23T16:00:00+00:00,2026-04-24T04:00:00+00:00,1776960000000,1777003200000,SHORT,3,k7_b3,2331.0,2307.15,0.01,0.21299017499999912,0.009137287644787608,0.025509825,max_hold,,,
2026-04-24T04:00:00+00:00,2026-04-24T10:00:00+00:00,1777003200000,1777024800000,LONG,1,k7_b1,2308.31,2308.69,0.01,-0.02159349999999891,-0.0009354679397480802,0.0253935,max_hold,,,
2026-04-24T05:00:00+00:00,2026-04-24T11:00:00+00:00,1777006800000,1777028400000,LONG,2,k7_b2,2306.06,2314.54,0.01,0.05938670000000018,0.0025752452234547316,0.0254133,max_hold,,,
2026-04-24T12:00:00+00:00,2026-04-24T14:00:00+00:00,1777032000000,1777039200000,SHORT,2,k7_b2,2325.54,2302.28,0.01,0.20714698999999764,0.00890747912312829,0.025453010000000005,target,,,
2026-04-24T09:00:00+00:00,2026-04-24T15:00:00+00:00,1777021200000,1777042800000,SHORT,1,k7_b1,2312.66,2312.17,0.01,-0.020536565000002185,-0.0008880062352443587,0.025436565,max_hold,,,
2026-04-24T13:00:00+00:00,2026-04-25T01:00:00+00:00,1777035600000,1777078800000,SHORT,3,k7_b3,2322.66,2314.87,0.01,0.05239358499999964,0.0022557578379960755,0.025506414999999998,max_hold,,,
2026-04-24T16:00:00+00:00,2026-04-25T04:00:00+00:00,1777046400000,1777089600000,SHORT,3,k7_b3,2321.56,2317.52,0.01,0.014885059999999638,0.0006411662847395561,0.02551494,max_hold,,,
2026-04-24T18:00:00+00:00,2026-04-25T06:00:00+00:00,1777053600000,1777096800000,SHORT,3,k7_b3,2317.37,2314.93,0.01,-0.0010776499999994547,-4.650314796512662e-05,0.02547765,max_hold,,,
2026-04-24T19:00:00+00:00,2026-04-25T07:00:00+00:00,1777057200000,1777100400000,SHORT,4,k7_b4,2317.57,2314.99,0.01,0.0003209200000038187,1.3847262434524898e-05,0.02547908,max_hold,,,
2026-04-24T20:00:00+00:00,2026-04-25T08:00:00+00:00,1777060800000,1777104000000,SHORT,5,k7_b5,2319.19,2315.13,0.01,0.01511123999999945,0.0006515740409366826,0.025488760000000006,max_hold,,,
2026-04-24T21:00:00+00:00,2026-04-25T09:00:00+00:00,1777064400000,1777107600000,SHORT,6,k7_b6,2324.1,2318.24,0.01,0.03306713000000128,0.001422792909083141,0.02553287,max_hold,,,
2026-04-25T01:00:00+00:00,2026-04-25T13:00:00+00:00,1777078800000,1777122000000,SHORT,6,k7_b6,2313.71,2312.07,0.01,-0.009041790000001274,-0.0003907918451318996,0.025441790000000002,max_hold,,,
2026-04-25T02:00:00+00:00,2026-04-25T14:00:00+00:00,1777082400000,1777125600000,SHORT,7,k7_b7,2315.63,2315.01,0.01,-0.019268520000001094,-0.0008321070291886481,0.02546852,max_hold,,,
2026-04-25T11:00:00+00:00,2026-04-25T23:00:00+00:00,1777114800000,1777158000000,SHORT,3,k7_b3,2318.07,2316.57,0.01,-0.010490520000000003,-0.0004525540643725169,0.025490520000000003,max_hold,,,
2026-04-25T23:00:00+00:00,2026-04-26T05:00:00+00:00,1777158000000,1777179600000,SHORT,1,k7_b1,2315.41,2316.23,0.01,-0.03367402000000164,-0.0014543437231419765,0.02547402,max_hold,,,
2026-04-26T00:00:00+00:00,2026-04-26T06:00:00+00:00,1777161600000,1777183200000,SHORT,2,k7_b2,2317.05,2326.78,0.01,-0.12284106500000018,-0.005301614768779274,0.025541065,max_hold,,,
2026-04-26T09:00:00+00:00,2026-04-26T15:00:00+00:00,1777194000000,1777215600000,SHORT,1,k7_b1,2330.13,2345.01,0.01,-0.1745132700000011,-0.007489422049413599,0.025713270000000003,max_hold,,,
2026-04-26T10:00:00+00:00,2026-04-26T16:00:00+00:00,1777197600000,1777219200000,SHORT,2,k7_b2,2332.17,2347.0,0.01,-0.17403543499999927,-0.007462382030469446,0.025735435,max_hold,,,
2026-04-26T11:00:00+00:00,2026-04-26T22:00:00+00:00,1777201200000,1777240800000,SHORT,3,k7_b3,2330.49,2377.1,0.01,-0.4919917450000013,-0.021111085866062557,0.025891745,stop,,,
2026-04-26T14:00:00+00:00,2026-04-26T22:00:00+00:00,1777212000000,1777240800000,SHORT,5,k7_b5,2332.72,2379.37,0.01,-0.4924164950000009,-0.021109112752494982,0.025916494999999998,stop,,,
2026-04-26T12:00:00+00:00,2026-04-27T00:00:00+00:00,1777204800000,1777248000000,SHORT,4,k7_b4,2333.61,2368.32,0.01,-0.37296061500000033,-0.0159821313329991,0.025860615000000003,max_hold,,,
2026-04-26T18:00:00+00:00,2026-04-27T01:00:00+00:00,1777226400000,1777251600000,SHORT,4,k7_b4,2346.97,2393.91,0.01,-0.4954748400000005,-0.02111125578937952,0.026074840000000002,stop,,,
2026-04-27T01:00:00+00:00,2026-04-27T05:00:00+00:00,1777251600000,1777266000000,SHORT,5,k7_b5,2388.67,2326.13,0.01,0.5994685999999996,0.025096333943156635,0.025931400000000004,target,,,
2026-04-27T02:00:00+00:00,2026-04-27T05:00:00+00:00,1777255200000,1777266000000,SHORT,5,k7_b5,2392.36,2329.73,0.01,0.6003285050000011,0.025093568902673558,0.025971495000000004,target,,,
2026-04-27T03:00:00+00:00,2026-04-27T05:00:00+00:00,1777258800000,1777266000000,SHORT,6,k7_b6,2389.8,2327.24,0.01,0.599656280000004,0.025092320696292744,0.025943720000000003,target,,,
2026-04-27T04:00:00+00:00,2026-04-27T05:00:00+00:00,1777262400000,1777266000000,SHORT,7,k7_b7,2392.48,2329.84,0.01,0.6004272399999987,0.025096437169798647,0.025972760000000004,target,,,
2026-04-26T19:00:00+00:00,2026-04-27T07:00:00+00:00,1777230000000,1777273200000,SHORT,5,k7_b5,2359.22,2319.4,0.01,0.37246758999999713,0.015787742982850142,0.025732410000000004,max_hold,,,
2026-04-26T22:00:00+00:00,2026-04-27T10:00:00+00:00,1777240800000,1777284000000,SHORT,6,k7_b6,2361.92,2320.6,0.01,0.3874461400000016,0.01640386380571745,0.025753860000000003,max_hold,,,
2026-04-27T11:00:00+00:00,2026-04-27T23:00:00+00:00,1777287600000,1777330800000,SHORT,5,k7_b5,2317.42,2293.16,0.01,0.21724181000000217,0.00937429598432749,0.025358190000000003,max_hold,,,
2026-04-27T12:00:00+00:00,2026-04-28T00:00:00+00:00,1777291200000,1777334400000,SHORT,6,k7_b6,2317.6,2302.28,0.01,0.12779065999999709,0.005513922160855933,0.025409340000000002,max_hold,,,
2026-04-27T13:00:00+00:00,2026-04-28T01:00:00+00:00,1777294800000,1777338000000,SHORT,6,k7_b6,2311.71,2305.08,0.01,0.04090765500000109,0.0017695842039010554,0.025392345000000004,max_hold,,,
2026-04-27T14:00:00+00:00,2026-04-28T02:00:00+00:00,1777298400000,1777341600000,SHORT,6,k7_b6,2309.85,2297.34,0.01,0.09976045499999762,0.004318914864601495,0.025339545,max_hold,,,
2026-04-27T15:00:00+00:00,2026-04-28T03:00:00+00:00,1777302000000,1777345200000,SHORT,6,k7_b6,2312.66,2287.6,0.01,0.22529856999999942,0.009741966826079036,0.02530143,max_hold,,,
2026-04-27T16:00:00+00:00,2026-04-28T04:00:00+00:00,1777305600000,1777348800000,SHORT,6,k7_b6,2272.38,2289.47,0.01,-0.1959901749999969,-0.008624885582516872,0.025090175,max_hold,,,
2026-04-28T00:00:00+00:00,2026-04-28T12:00:00+00:00,1777334400000,1777377600000,SHORT,5,k7_b5,2301.12,2274.39,0.01,0.2421346950000002,0.010522471448685866,0.025165305,max_hold,,,
2026-04-28T07:00:00+00:00,2026-04-28T13:00:00+00:00,1777359600000,1777381200000,LONG,1,k7_b1,2277.43,2277.16,0.01,-0.027750244999999816,-0.001218489481564738,0.025050245,max_hold,,,
2026-04-28T16:00:00+00:00,2026-04-28T19:00:00+00:00,1777392000000,1777402800000,LONG,1,k7_b1,2279.67,2302.47,0.01,0.20279822999999728,0.008895946781770926,0.025201770000000002,target,,,
2026-04-28T21:00:00+00:00,2026-04-29T03:00:00+00:00,1777410000000,1777431600000,SHORT,1,k7_b1,2293.15,2288.04,0.01,0.025903455000001276,0.0011296014216253308,0.025196545,max_hold,,,
2026-04-29T01:00:00+00:00,2026-04-29T03:00:00+00:00,1777424400000,1777431600000,LONG,1,k7_b1,2292.76,2315.69,0.01,0.20395352499999836,0.008895546197595838,0.025346475000000004,target,,,
2026-04-29T02:00:00+00:00,2026-04-29T03:00:00+00:00,1777428000000,1777431600000,LONG,2,k7_b2,2292.76,2315.69,0.01,0.20395352499999836,0.008895546197595838,0.025346475000000004,target,,,
2026-04-29T07:00:00+00:00,2026-04-29T13:00:00+00:00,1777446000000,1777467600000,SHORT,1,k7_b1,2322.64,2315.14,0.01,0.049492209999999995,0.0021308601419074845,0.02550779,max_hold,,,
2026-04-29T08:00:00+00:00,2026-04-29T13:00:00+00:00,1777449600000,1777467600000,SHORT,2,k7_b2,2321.66,2298.44,0.01,0.206789449999998,0.00890696527484636,0.02541055,target,,,
2026-04-29T03:00:00+00:00,2026-04-29T15:00:00+00:00,1777431600000,1777474800000,LONG,3,k7_b3,2289.19,2298.24,0.01,0.06526913499999729,0.0028511890668750646,0.025230864999999998,max_hold,,,
2026-04-29T04:00:00+00:00,2026-04-29T15:00:00+00:00,1777435200000,1777474800000,LONG,4,k7_b4,2311.7,2265.47,0.01,-0.4874744350000002,-0.021087270623350793,0.025174435,stop,,,
2026-04-29T09:00:00+00:00,2026-04-29T15:00:00+00:00,1777453200000,1777474800000,SHORT,3,k7_b3,2323.15,2262.33,0.01,0.5829798600000016,0.025094370143985602,0.025220140000000002,target,,,
2026-04-29T10:00:00+00:00,2026-04-29T15:00:00+00:00,1777456800000,1777474800000,SHORT,4,k7_b4,2337.64,2276.44,0.01,0.5866225599999982,0.025094649304426613,0.02537744,target,,,
2026-04-29T11:00:00+00:00,2026-04-29T15:00:00+00:00,1777460400000,1777474800000,SHORT,5,k7_b5,2331.2,2270.17,0.01,0.5849924649999975,0.02509404877316393,0.025307535,target,,,
2026-04-29T12:00:00+00:00,2026-04-29T15:00:00+00:00,1777464000000,1777474800000,SHORT,6,k7_b6,2329.39,2268.41,0.01,0.5845121000000002,0.025092925615719144,0.025287900000000002,target,,,
2026-04-29T13:00:00+00:00,2026-04-29T18:00:00+00:00,1777467600000,1777485600000,SHORT,6,k7_b6,2313.98,2253.4,0.01,0.5806794099999993,0.025094400556616707,0.025120590000000005,target,,,
2026-04-29T14:00:00+00:00,2026-04-29T18:00:00+00:00,1777471200000,1777485600000,SHORT,6,k7_b6,2300.75,2240.52,0.01,0.5773230150000002,0.025092818211452792,0.024976985,target,,,
2026-04-29T15:00:00+00:00,2026-04-29T18:00:00+00:00,1777474800000,1777485600000,SHORT,7,k7_b7,2297.09,2236.95,0.01,0.5764627800000033,0.02509535020395384,0.02493722,target,,,
2026-04-29T21:00:00+00:00,2026-04-29T21:00:00+00:00,1777496400000,1777496400000,LONG,1,k7_b1,2240.51,2262.92,0.01,0.19933113499999855,0.008896685799215293,0.024768865,target_entry_bar,,,
2026-04-29T22:00:00+00:00,2026-04-30T01:00:00+00:00,1777500000000,1777510800000,LONG,2,k7_b2,2252.7,2275.23,0.01,0.200396385000002,0.008895831002796735,0.024903615,target,,,
2026-04-30T05:00:00+00:00,2026-04-30T07:00:00+00:00,1777525200000,1777532400000,LONG,2,k7_b2,2239.0,2261.39,0.01,0.19914785499999874,0.008894499999999944,0.024752145,target,,,
2026-04-30T03:00:00+00:00,2026-04-30T09:00:00+00:00,1777518000000,1777539600000,LONG,2,k7_b2,2245.3,2255.26,0.01,0.07484692000000037,0.0033334930744221424,0.024753080000000004,max_hold,,,
2026-04-30T06:00:00+00:00,2026-04-30T17:00:00+00:00,1777528800000,1777568400000,LONG,3,k7_b3,2242.91,2256.88,0.01,0.11495115500000254,0.005125089950109569,0.024748845000000005,end_of_data,,,
2026-04-30T07:00:00+00:00,2026-04-30T17:00:00+00:00,1777532400000,1777568400000,LONG,4,k7_b4,2247.94,2256.88,0.01,0.06462349000000055,0.00287478713844678,0.024776510000000005,end_of_data,,,
