version_id,symbol,fold,trade_id,entry_ts_ms,exit_ts_ms,side,book_idx,pred_mean,abs_mean,pnl,win,exit_reason,signed_fwd_1,signed_fwd_3,signed_fwd_6,signed_fwd_12,funding_sign,tag,loss,outcome,pred_side,strength_tercile,vol_tercile,recent_hit_rate
btcusdt_clarity_hold12_v1,BTCUSDT,0,1,1641009600000,1641013200000,1,1,0.0023792595178565544,0.0023792595178565544,0.41634824499999856,True,target,0.010566747503416574,0.010623503854398919,0.0037112228295033134,0.01197623258195768,0,mean_strength|hold12|tp0.01000,False,1,1,low,high,
btcusdt_clarity_hold12_v1,BTCUSDT,0,2,1641020400000,1641049200000,1,1,-0.00033643113377048416,0.00033643113377048416,0.41804623,True,target,-0.0014620604944219906,-0.006839620292357074,-0.003841749911998704,0.0029701083967708097,0,mean_strength|hold12|tp0.01000,False,1,0,low,high,1.0
btcusdt_clarity_hold12_v1,BTCUSDT,0,3,1641056400000,1641056400000,1,1,-0.0025742346523085114,0.0025742346523085114,0.4204389450000044,True,target_entry_bar,-0.0039054611092164127,-0.007289272279480397,-0.0006035636442256465,-0.013731753774524957,0,mean_strength|hold12|tp0.01000,False,1,-1,low,high,1.0
btcusdt_clarity_hold12_v1,BTCUSDT,0,4,1641060000000,1641067200000,-1,1,-0.001571415452165083,0.001571415452165083,0.4248822849999986,True,target,0.004621978289152784,0.004722510943968028,-0.001585807985994503,0.008922798913237773,0,mean_strength|hold12|tp0.01000,False,1,0,low,high,1.0
btcusdt_clarity_hold12_v1,BTCUSDT,0,5,1641074400000,1641117600000,1,1,0.0009379724667223239,0.0009379724667223239,-0.13483495000000292,False,max_hold,0.005823333648195428,-0.0009899182257967487,-0.011091511878175364,-0.00531772685257037,0,mean_strength|hold12|tp0.01000,True,-1,0,low,mid,1.0
btcusdt_clarity_hold12_v1,BTCUSDT,0,6,1641139200000,1641146400000,-1,1,-0.012101458005774746,0.012101458005774746,0.42132360499999855,True,target,0.00790498116366678,0.018244244453746283,0.010847007115947993,0.020017161992465393,0,mean_strength|hold12|tp0.01000,False,1,-1,high,low,0.8
btcusdt_clarity_hold12_v1,BTCUSDT,0,7,1641178800000,1641211200000,1,1,0.0040768479236553985,0.0040768479236553985,0.4183095449999957,True,target,0.0004427079883579932,0.0027346619415993256,0.003763658887512511,-0.002411604760905739,0,mean_strength|hold12|tp0.01000,False,1,1,mid,low,0.8333333333333334
btcusdt_clarity_hold12_v1,BTCUSDT,0,8,1641243600000,1641247200000,1,1,0.002299427449618435,0.002299427449618435,0.40852680499999566,True,target,0.005215499896681797,0.0060250791199469855,0.007383440820454723,0.00828067733199922,0,mean_strength|hold12|tp0.01000,False,1,1,low,low,0.8571428571428571
btcusdt_clarity_hold12_v1,BTCUSDT,0,9,1641261600000,1641279600000,1,1,0.002804685187196971,0.002804685187196971,0.40994915500000145,True,target,0.004383692594153166,0.0008605170779458771,0.007876723988930356,0.025832861473015445,0,mean_strength|hold12|tp0.01000,False,1,1,low,low,0.875
btcusdt_clarity_hold12_v1,BTCUSDT,0,10,1641301200000,1641319200000,-1,1,-0.0051895399444431,0.0051895399444431,0.41509030499999855,True,target,-0.007880570556205946,0.0035201131822603093,0.01864481714949895,0.017494031404242105,0,mean_strength|hold12|tp0.01000,False,1,-1,mid,low,0.8888888888888888
btcusdt_clarity_hold12_v1,BTCUSDT,0,11,1641322800000,1641366000000,-1,1,-0.002098812327919223,0.002098812327919223,-0.7848955899999971,False,max_hold,-0.004552946073100417,-0.002123405464707684,-0.0011726495822992344,-0.0074089047114200834,0,mean_strength|hold12|tp0.01000,True,-1,-1,low,mid,0.9
btcusdt_clarity_hold12_v1,BTCUSDT,0,12,1641369600000,1641373200000,1,1,0.003921336694938061,0.003921336694938061,0.4128798300000044,True,target,0.004808850240410445,-0.007605112368430533,0.0012066091986686622,-0.057219999000569066,0,mean_strength|hold12|tp0.01000,False,1,1,mid,mid,0.8
btcusdt_clarity_hold12_v1,BTCUSDT,0,13,1641384000000,1641391200000,1,1,0.003503216415848449,0.003503216415848449,0.41182074,True,target,0.004349935656255521,0.008289083714359213,-0.006618893590437103,-0.05564279173760989,0,mean_strength|hold12|tp0.01000,False,1,1,mid,mid,0.8
btcusdt_clarity_hold12_v1,BTCUSDT,0,14,1641402000000,1641405600000,-1,1,-0.007644577720800475,0.007644577720800475,0.41214104000000296,True,target,0.0018627199319074528,0.044545088798706445,0.056214148890225246,0.06455117904520491,0,mean_strength|hold12|tp0.01000,False,1,-1,high,mid,0.8
btcusdt_clarity_hold12_v1,BTCUSDT,0,15,1641409200000,1641409200000,-1,1,-0.0037497768911838036,0.0037497768911838036,0.40876322,True,target_entry_bar,0.015997503649837763,0.02814616900236888,0.02568227676446866,0.032480309232242544,0,mean_strength|hold12|tp0.01000,False,1,-1,mid,mid,0.8
btcusdt_clarity_hold12_v1,BTCUSDT,0,16,1641412800000,1641412800000,-1,1,0.0013222287910395186,0.0013222287910395186,0.397631125,True,target_entry_bar,0.008065778314849226,0.012213093422532406,0.016155215275477586,0.02066855693180114,0,mean_strength|hold12|tp0.01000,False,1,0,low,high,0.9
btcusdt_clarity_hold12_v1,BTCUSDT,0,17,1641420000000,1641420000000,1,1,0.004584743158451638,0.004584743158451638,-0.9200086150000001,False,stop_entry_bar,0.00013474344847419495,0.0025352498074437957,-0.009412002623927052,-0.012471485061673282,0,mean_strength|hold12|tp0.01000,True,-1,1,mid,high,0.9
btcusdt_clarity_hold12_v1,BTCUSDT,0,18,1641423600000,1641441600000,1,1,0.004584743158451638,0.004584743158451638,-0.9161035199999957,False,stop,0.005396151094072987,-0.003990862631095271,-0.00883360366673891,-0.012817096709041076,0,mean_strength|hold12|tp0.01000,True,-1,1,mid,high,0.8
btcusdt_clarity_hold12_v1,BTCUSDT,0,19,1641445200000,1641488400000,1,1,0.00380391403053014,0.00380391403053014,-0.19784885000000582,False,max_hold,0.0012426193337440328,0.00027603436209577836,-0.004018995253510127,-0.0010093377684713412,0,mean_strength|hold12|tp0.01000,True,-1,1,mid,high,0.7
btcusdt_clarity_hold12_v1,BTCUSDT,0,20,1641517200000,1641524400000,1,1,0.0035325552216773325,0.0035325552216773325,-0.9028194300000044,False,stop,-0.004477734153464308,-0.03043296006863272,-0.03016288633222186,-0.03528242361984424,0,mean_strength|hold12|tp0.01000,True,-1,1,mid,mid,0.6
btcusdt_clarity_hold12_v1,BTCUSDT,0,21,1641538800000,1641542400000,1,1,0.0064071857471769845,0.0064071857471769845,0.3694766499999942,True,target,0.009538849663037752,0.011424121064166126,-0.005278759923159626,0.0017439959742500122,0,mean_strength|hold12|tp0.01000,False,1,1,high,high,0.5
btcusdt_clarity_hold12_v1,BTCUSDT,0,22,1641553200000,1641560400000,-1,1,-0.008615687664322599,0.008615687664322599,0.375370345,True,target,-0.003385326245047615,0.008849232863723744,0.006418936430517386,0.01647645360389427,0,mean_strength|hold12|tp0.01000,False,1,-1,high,high,0.6
btcusdt_clarity_hold12_v1,BTCUSDT,0,23,1641564000000,1641567600000,-1,1,-0.006968752358527521,0.006968752358527521,0.36912912500000006,True,target,0.013819335177025716,-0.002451994705334304,-0.0008322167460157459,0.0001244146125319867,0,mean_strength|hold12|tp0.01000,False,1,-1,high,high,0.6
btcusdt_clarity_hold12_v1,BTCUSDT,0,24,1641574800000,1641578400000,-1,1,-0.002630873829619843,0.002630873829619843,0.3750150049999985,True,target,0.006758651214101241,0.001615815987073499,0.01012249281125066,0.0005793401858414926,0,mean_strength|hold12|tp0.01000,False,1,-1,low,high,0.6
btcusdt_clarity_hold12_v1,BTCUSDT,0,25,1641646800000,1641654000000,-1,1,-0.005486430545297963,0.005486430545297963,0.3725167350000029,True,target,0.0035104063504857175,0.012940012472531404,0.024986367122178277,0.0019871531017543465,0,mean_strength|hold12|tp0.01000,False,1,-1,mid,high,0.6
btcusdt_clarity_hold12_v1,BTCUSDT,0,26,1641664800000,1641664800000,1,1,-0.004010395092392958,0.004010395092392958,0.36352327499999715,True,target_entry_bar,0.0037710072905650094,0.02681859173942458,0.026794257902782226,0.029050914005942063,0,mean_strength|hold12|tp0.01000,False,1,-1,mid,mid,0.6
btcusdt_clarity_hold12_v1,BTCUSDT,0,27,1641668400000,1641675600000,-1,1,0.0043737672690841636,0.0043737672690841636,-0.8584773850000029,False,stop,-0.0033927141982945663,-0.026332898357416923,-0.02358860763058268,-0.023192403258670558,0,mean_strength|hold12|tp0.01000,True,-1,1,mid,mid,0.6
btcusdt_clarity_hold12_v1,BTCUSDT,0,28,1641718800000,1641744000000,1,1,0.004019630007026934,0.004019630007026934,0.3707246299999956,True,target,0.0032098304370087316,0.005630334608318632,0.0025862723247898067,0.018950817697195976,0,mean_strength|hold12|tp0.01000,False,1,1,mid,mid,0.6
btcusdt_clarity_hold12_v1,BTCUSDT,0,29,1641747600000,1641772800000,-1,1,-0.000319531504862302,0.000319531504862302,0.37501401499999854,True,target,0.003088276667008838,-0.007833677399242012,0.005554003140314179,0.0018762047059092124,0,mean_strength|hold12|tp0.01000,False,1,0,low,high,0.7
btcusdt_clarity_hold12_v1,BTCUSDT,0,30,1641798000000,1641812400000,-1,1,-0.016573361133593763,0.016573361133593763,0.37304721500000143,True,target,0.0055061271573990656,0.006422744480253151,0.03049816355374413,0.01795028379928243,0,mean_strength|hold12|tp0.01000,False,1,-1,high,mid,0.8
btcusdt_clarity_hold12_v1,BTCUSDT,0,31,1641816000000,1641816000000,-1,1,-0.004664705429104991,0.004664705429104991,0.3699307300000015,True,target_entry_bar,0.004363620194758999,-0.001024880282011864,-0.015953440385071627,-0.015967610362749074,0,mean_strength|hold12|tp0.01000,False,1,-1,mid,mid,0.9
btcusdt_clarity_hold12_v1,BTCUSDT,0,32,1641819600000,1641823200000,-1,1,-0.004737179145881258,0.004737179145881258,0.3643227949999986,True,target,-0.00038279390474316166,-0.027972419208401877,-0.012942605452359368,-0.028481829558560046,0,mean_strength|hold12|tp0.01000,False,1,-1,mid,mid,0.9
btcusdt_clarity_hold12_v1,BTCUSDT,0,33,1641826800000,1641830400000,-1,1,-0.005521733039150344,0.005521733039150344,-0.86027127,False,stop,-0.02243886057252542,-0.01491327578077195,-0.01764796615183073,-0.031191578178708435,0,mean_strength|hold12|tp0.01000,True,-1,-1,mid,mid,0.9
btcusdt_clarity_hold12_v1,BTCUSDT,0,34,1641834000000,1641834000000,-1,1,-0.0024046360762806744,0.0024046360762806744,0.37287108499999705,True,target_entry_bar,-0.01011999857170598,-0.012890840675000126,-0.015389626746411533,-0.022556845743501253,0,mean_strength|hold12|tp0.01000,False,1,-1,low,high,0.8
btcusdt_clarity_hold12_v1,BTCUSDT,0,35,1641841200000,1641844800000,-1,1,0.0030404003769948914,0.0030404003769948914,0.37010840000000583,True,target,-0.010131430253303986,-0.007570169414335304,-0.015340675792051783,-0.0220767942209934,0,mean_strength|hold12|tp0.01000,False,1,1,mid,high,0.8
btcusdt_clarity_hold12_v1,BTCUSDT,0,36,1641870000000,1641895200000,-1,1,-0.004899490080068423,0.004899490080068423,0.3751941049999956,True,target,-0.000772041951557334,0.003848375883605759,0.006713830177751845,0.01266626889070921,0,mean_strength|hold12|tp0.01000,False,1,-1,mid,high,0.8
btcusdt_clarity_hold12_v1,BTCUSDT,0,37,1641927600000,1641970800000,-1,1,-0.0019182217329494881,0.0019182217329494881,-5.399499999854396e-05,False,max_hold,0.003830357569130749,0.005903785758950897,0.007479293082789273,0.009046882114091104,0,mean_strength|hold12|tp0.01000,True,-1,-1,low,high,0.8
btcusdt_clarity_hold12_v1,BTCUSDT,0,38,1641981600000,1641985200000,1,1,0.006392011094125944,0.006392011094125944,0.38068525999999997,True,target,0.003927079487327179,0.026734744779609576,0.0199784085501018,0.025139485726666466,0,mean_strength|hold12|tp0.01000,False,1,1,high,mid,0.8
btcusdt_clarity_hold12_v1,BTCUSDT,0,39,1642010400000,1642053600000,-1,1,-0.0015694001294178615,0.0015694001294178615,0.09980827499999417,True,max_hold,-0.003148955703465628,-0.0042722056460866575,-0.002974982786321023,-0.0028170759697039305,0,mean_strength|hold12|tp0.01000,False,1,0,low,mid,0.8
btcusdt_clarity_hold12_v1,BTCUSDT,0,40,1642064400000,1642086000000,-1,1,-0.0034691450797520477,0.0034691450797520477,0.390501335,True,target,0.0020398823681515577,0.0015635449808198976,0.015630205308482692,0.024523052654549127,0,mean_strength|hold12|tp0.01000,False,1,-1,mid,mid,0.8
btcusdt_clarity_hold12_v1,BTCUSDT,0,41,1642089600000,1642104000000,1,1,-0.0033701803788186587,0.0033701803788186587,-0.9108356699999957,False,stop,-0.009827462435329393,-0.012371835698912648,-0.01522529085739921,-0.013170451493228819,0,mean_strength|hold12|tp0.01000,True,-1,-1,mid,mid,0.8
btcusdt_clarity_hold12_v1,BTCUSDT,0,42,1642107600000,1642150800000,1,1,0.007197550633475143,0.007197550633475143,-0.3235081799999986,False,max_hold,-0.004986442262739588,-0.0011143057503505416,-0.003932445067788781,-0.005711781206171107,0,mean_strength|hold12|tp0.01000,True,-1,1,high,mid,0.7
btcusdt_clarity_hold12_v1,BTCUSDT,0,43,1642154400000,1642154400000,-1,1,-0.0023661040844131925,0.0023661040844131925,0.3785680750000058,True,target_entry_bar,0.0018219318945071894,-0.0019167969376898686,-0.02672103376743795,-0.027823512978560228,0,mean_strength|hold12|tp0.01000,False,1,-1,low,mid,0.6
btcusdt_clarity_hold12_v1,BTCUSDT,0,44,1642161600000,1642168800000,1,1,0.0027062236161199413,0.0027062236161199413,0.37356438,True,target,0.0026410103220675385,0.025058667308122784,0.023829288899643197,0.025046057078657036,0,mean_strength|hold12|tp0.01000,False,1,1,low,mid,0.7
btcusdt_clarity_hold12_v1,BTCUSDT,0,45,1642172400000,1642215600000,-1,1,-0.005436158144452611,0.005436158144452611,-0.20260137500000291,False,max_hold,-0.0023457282144494496,0.0011993249242094883,-0.00431218471878525,0.003813607219810722,0,mean_strength|hold12|tp0.01000,True,-1,-1,mid,high,0.7
btcusdt_clarity_hold12_v1,BTCUSDT,0,46,1642230000000,1642248000000,-1,1,-0.003644401698491772,0.003644401698491772,0.3832069650000029,True,target,0.0024564708307727168,-0.00025583884845592486,0.004289595646932098,-0.009817061293834195,0,mean_strength|hold12|tp0.01000,False,1,-1,mid,mid,0.6
btcusdt_clarity_hold12_v1,BTCUSDT,0,47,1642262400000,1642298400000,-1,1,-0.003632996463620485,0.003632996463620485,0.386055295,True,target,-0.0009663709825464828,-0.004398893002989235,0.001857233408033676,0.006960642030556574,0,mean_strength|hold12|tp0.01000,False,1,-1,mid,low,0.6
btcusdt_clarity_hold12_v1,BTCUSDT,0,48,1642345200000,1642359600000,-1,1,-0.0029861083463595763,0.0029861083463595763,0.38525313999999855,True,target,-0.003500987437224934,0.003833797639824721,0.006267616896111994,0.013236033022733462,0,mean_strength|hold12|tp0.01000,False,1,-1,low,low,0.7
btcusdt_clarity_hold12_v1,BTCUSDT,0,49,1642417200000,1642435200000,-1,1,-0.012092461489560372,0.012092461489560372,0.380705725,True,target,0.0026333550650180504,0.0002663127707522861,0.012849591188798248,0.011258981902218745,0,mean_strength|hold12|tp0.01000,False,1,-1,high,low,0.7
btcusdt_clarity_hold12_v1,BTCUSDT,0,50,1642438800000,1642453200000,-1,1,-0.003273279416860706,0.003273279416860706,0.37572249500000143,True,target,-0.0012911885465378692,0.001032808348150116,-0.0016113140129223602,0.0005606945297730315,0,mean_strength|hold12|tp0.01000,False,1,-1,mid,low,0.7
btcusdt_clarity_hold12_v1,BTCUSDT,0,51,1642496400000,1642514400000,-1,1,-0.004623706186449643,0.004623706186449643,0.3712712850000015,True,target,-0.0005763284202968677,0.0022090997816922586,0.007442849421188669,-0.011046931373466684,0,mean_strength|hold12|tp0.01000,False,1,-1,mid,low,0.7
btcusdt_clarity_hold12_v1,BTCUSDT,0,52,1642528800000,1642539600000,1,1,0.005181542551452509,0.005181542551452509,0.36912021000000006,True,target,0.0020181753579224804,0.01806789819837884,0.015520117085422891,0.0024766221009313583,0,mean_strength|hold12|tp0.01000,False,1,1,mid,low,0.8
btcusdt_clarity_hold12_v1,BTCUSDT,0,53,1642543200000,1642575600000,1,1,0.004724472360222909,0.004724472360222909,-0.8935407100000015,False,stop,-0.0029040842054888216,-0.0012093481789947624,-0.017930382523776545,-0.02276659768554079,0,mean_strength|hold12|tp0.01000,True,-1,1,mid,mid,0.9
btcusdt_clarity_hold12_v1,BTCUSDT,0,54,1642586400000,1642600800000,-1,1,0.01223954541721609,0.01223954541721609,-0.8767424699999986,False,stop,-0.012747564719888693,-0.016316497245398187,-0.009884031985193165,-0.011140593143138089,0,mean_strength|hold12|tp0.01000,True,-1,1,high,mid,0.8
btcusdt_clarity_hold12_v1,BTCUSDT,0,55,1642680000000,1642687200000,1,1,0.010890935975866295,0.010890935975866295,0.37481599000000143,True,target,0.008303686658865495,0.029887036829463254,0.019146884963287647,-0.027018633318649843,0,mean_strength|hold12|tp0.01000,False,1,1,high,mid,0.7
btcusdt_clarity_hold12_v1,BTCUSDT,0,56,1642705200000,1642712400000,-1,1,-0.041601730823486296,0.041601730823486296,0.38115308999999997,True,target,0.004536006650199598,0.04129644402154364,0.07362621151857629,0.08864066386405589,0,mean_strength|hold12|tp0.01000,False,1,-1,high,mid,0.8
btcusdt_clarity_hold12_v1,BTCUSDT,0,57,1642716000000,1642716000000,-1,1,-0.025509710255729238,0.025509710255729238,0.36779825000000005,True,target_entry_bar,0.011577384974850391,0.033722381955741065,0.05634625538067517,0.053033743044137216,0,mean_strength|hold12|tp0.01000,False,1,-1,high,high,0.8
btcusdt_clarity_hold12_v1,BTCUSDT,0,58,1642719600000,1642719600000,-1,1,-0.022465353514599416,0.022465353514599416,0.3661954800000044,True,target_entry_bar,-0.005481326526270758,0.02073720988970207,0.043597302522349834,0.04384913661975198,0,mean_strength|hold12|tp0.01000,False,1,-1,high,high,0.8
btcusdt_clarity_hold12_v1,BTCUSDT,0,59,1642723200000,1642726800000,-1,1,-0.030069095483163197,0.030069095483163197,0.3619176499999942,True,target,0.027733690240596798,0.05959852335489879,0.05431437826055163,0.0664120962994108,0,mean_strength|hold12|tp0.01000,False,1,-1,high,high,0.8
btcusdt_clarity_hold12_v1,BTCUSDT,0,60,1642730400000,1642730400000,-1,1,-0.00983912784537063,0.00983912784537063,0.35381463500000293,True,target_entry_bar,0.03442045000210958,0.023344185915685545,0.01701772644259658,0.03534137917871316,0,mean_strength|hold12|tp0.01000,False,1,-1,high,high,0.8
btcusdt_clarity_hold12_v1,BTCUSDT,0,61,1642734000000,1642734000000,-1,1,-0.001553019768840634,0.001553019768840634,0.35444055,True,target_entry_bar,-0.00967750912858456,-0.005619031047461087,-0.012871180774195468,-0.009986758708080412,0,mean_strength|hold12|tp0.01000,False,1,0,low,high,0.8
btcusdt_clarity_hold12_v1,BTCUSDT,0,62,1642741200000,1642766400000,-1,1,-0.028887069775996563,0.028887069775996563,0.34553285,True,target,0.005785705193891877,-0.006477675535081495,0.0002633138719353445,0.01335237901768993,0,mean_strength|hold12|tp0.01000,False,1,-1,high,high,0.8
btcusdt_clarity_hold12_v1,BTCUSDT,0,63,1642770000000,1642770000000,1,1,0.0023933941338923617,0.0023933941338923617,0.33968260500000147,True,target_entry_bar,-0.001900770676110497,0.005716083845943798,-0.013443112908896215,-0.052200385662862336,0,mean_strength|hold12|tp0.01000,False,1,1,low,high,0.8
btcusdt_clarity_hold12_v1,BTCUSDT,0,64,1642777200000,1642777200000,1,1,0.0025583907586433016,0.0025583907586433016,0.34181475499999564,True,target_entry_bar,-0.0032836422032617163,-0.014877724179205187,-0.05659241839437068,-0.06468628353816497,0,mean_strength|hold12|tp0.01000,False,1,1,low,high,0.9
btcusdt_clarity_hold12_v1,BTCUSDT,0,65,1642784400000,1642788000000,1,1,0.006835008322911403,0.006835008322911403,-0.816670205,False,stop,-0.00301123100030265,-0.0008425921606352027,-0.05065743298942471,-0.06884679026596263,0,mean_strength|hold12|tp0.01000,True,-1,1,high,high,1.0
btcusdt_clarity_hold12_v1,BTCUSDT,0,66,1642802400000,1642802400000,1,1,0.012558191617526105,0.012558191617526105,0.32597957499999997,True,target_entry_bar,0.009223933908624193,0.010595665759567163,0.004580381934920386,-0.017490620080425456,0,mean_strength|hold12|tp0.01000,False,1,1,high,high,0.9
btcusdt_clarity_hold12_v1,BTCUSDT,0,67,1642806000000,1642806000000,1,1,0.006484413780125913,0.006484413780125913,0.3211769849999985,True,target_entry_bar,0.001171691194032487,0.0009454790234879606,-0.01915995122162828,-0.02856175729520538,0,mean_strength|hold12|tp0.01000,False,1,1,high,high,0.9
btcusdt_clarity_hold12_v1,BTCUSDT,0,68,1642809600000,1642809600000,1,1,0.0017727551913865006,0.0017727551913865006,0.32411041000000146,True,target_entry_bar,0.00018728409543955493,-0.004076651020355704,-0.020900959892686033,-0.019858146693626955,0,mean_strength|hold12|tp0.01000,False,1,1,low,high,0.9
btcusdt_clarity_hold12_v1,BTCUSDT,0,69,1642831200000,1642831200000,-1,1,-0.018890738088732106,0.018890738088732106,0.31801155499999856,True,target_entry_bar,0.009306166984489939,0.025260156223962937,-0.0010650742737372543,0.03716361450864736,0,mean_strength|hold12|tp0.01000,False,1,-1,high,high,0.9
btcusdt_clarity_hold12_v1,BTCUSDT,0,70,1642834800000,1642834800000,-1,1,-0.0020791643800726063,0.0020791643800726063,0.3178389450000014,True,target_entry_bar,-0.00591109776803056,-0.002477233368782805,-0.005620772688749609,0.024528370159670243,0,mean_strength|hold12|tp0.01000,False,1,-1,low,high,0.9
btcusdt_clarity_hold12_v1,BTCUSDT,0,71,1642842000000,1642842000000,-1,1,-0.006130453872174249,0.006130453872174249,0.31677369500000435,True,target_entry_bar,-0.018885212478393365,-0.027007442720017538,-0.0007312277040196768,-0.01607637867309042,0,mean_strength|hold12|tp0.01000,False,1,-1,high,high,0.9
btcusdt_clarity_hold12_v1,BTCUSDT,0,72,1642845600000,1642845600000,-1,1,-0.009755962791855538,0.009755962791855538,0.30972811999999567,True,target_entry_bar,0.0021482289237113594,-0.003135771282708255,0.01062355319545516,0.016940214772133366,0,mean_strength|hold12|tp0.01000,False,1,-1,high,high,0.9
btcusdt_clarity_hold12_v1,BTCUSDT,0,73,1642849200000,1642849200000,-1,1,-0.0094687542127798,0.0094687542127798,0.3156076200000014,True,target_entry_bar,-0.010141698923205711,0.010670162628346747,0.02248316334417466,0.009660994772165532,0,mean_strength|hold12|tp0.01000,False,1,-1,high,high,0.9
btcusdt_clarity_hold12_v1,BTCUSDT,0,74,1642852800000,1642856400000,-1,1,-0.004818852269692883,0.004818852269692883,-0.7465908449999956,False,stop,0.004797666547487256,0.025585223556321757,0.03818801570928765,0.010235152524335156,0,mean_strength|hold12|tp0.01000,True,-1,-1,mid,high,0.9
btcusdt_clarity_hold12_v1,BTCUSDT,0,75,1642860000000,1642860000000,-1,1,0.008387763444432686,0.008387763444432686,0.3166849699999985,True,target_entry_bar,0.005087120037065684,0.01194040679821351,-0.007650532649375874,0.004161903472404194,0,mean_strength|hold12|tp0.01000,False,1,1,high,high,0.8
btcusdt_clarity_hold12_v1,BTCUSDT,0,76,1642863600000,1642867200000,1,1,0.0044236934973971125,0.0044236934973971125,0.31157917500000293,True,target,0.007324447680486346,-0.012933703857573198,0.015333938368523814,0.0058042034537535425,0,mean_strength|hold12|tp0.01000,False,1,1,mid,high,0.9
btcusdt_clarity_hold12_v1,BTCUSDT,0,77,1642870800000,1642874400000,1,1,0.005697112217239531,0.005697112217239531,-0.7403267049999986,False,stop,-0.006087306710810592,0.01982769013365404,0.013117082070805974,0.024264520305140147,0,mean_strength|hold12|tp0.01000,True,-1,1,mid,high,0.9
btcusdt_clarity_hold12_v1,BTCUSDT,0,78,1642878000000,1642878000000,1,1,0.005697112217239531,0.005697112217239531,0.30597443,True,target_entry_bar,0.02229668812834218,0.010275464282495372,0.02289831443204715,0.030334311217577348,0,mean_strength|hold12|tp0.01000,False,1,1,mid,high,0.8
btcusdt_clarity_hold12_v1,BTCUSDT,0,79,1642881600000,1642881600000,1,1,0.006258974564872328,0.006258974564872328,0.3070339599999971,True,target_entry_bar,0.0024991601903285865,-0.006580139103664284,-0.011722750833785711,0.015431236951058525,0,mean_strength|hold12|tp0.01000,False,1,1,high,high,0.8
btcusdt_clarity_hold12_v1,BTCUSDT,0,80,1642885200000,1642885200000,1,1,0.005573898743542256,0.005573898743542256,0.31388305500000147,True,target_entry_bar,-0.014222651786378382,0.00041284910845806877,-0.009385813430094814,0.014035173047400429,0,mean_strength|hold12|tp0.01000,False,1,1,mid,high,0.8
btcusdt_clarity_hold12_v1,BTCUSDT,0,81,1642888800000,1642921200000,1,1,0.00539031326684014,0.00539031326684014,0.31468554000000293,True,target,0.005240520649986369,0.012494463733726757,0.00972202779951492,0.02934364551373103,0,mean_strength|hold12|tp0.01000,False,1,1,mid,high,0.8
btcusdt_clarity_hold12_v1,BTCUSDT,0,82,1642924800000,1642946400000,-1,1,-0.009464012884946867,0.009464012884946867,0.3164077949999956,True,target,-0.0011208759303409366,0.00414933473291601,0.014284398188731395,0.015323755869593003,0,mean_strength|hold12|tp0.01000,False,1,-1,high,high,0.8
btcusdt_clarity_hold12_v1,BTCUSDT,0,83,1642950000000,1642964400000,1,1,0.010227272119211785,0.010227272119211785,-0.744970245,False,stop,-0.0015131008273565616,-0.009166793561835473,0.001996578509261049,0.0014090326107820683,0,mean_strength|hold12|tp0.01000,True,-1,1,high,high,0.8
btcusdt_clarity_hold12_v1,BTCUSDT,0,84,1642968000000,1642968000000,1,1,0.006973309966381889,0.006973309966381889,0.30934950000000294,True,target_entry_bar,0.0018269811433089256,0.027181022531066246,-0.0022752209303315007,-0.009042195779571549,0,mean_strength|hold12|tp0.01000,False,1,1,high,high,0.7
btcusdt_clarity_hold12_v1,BTCUSDT,0,85,1642971600000,1642978800000,1,1,0.0071890958243121155,0.0071890958243121155,0.31388800500000147,True,target,0.004382814679981362,0.013709915230302405,-0.0005863751544470386,-0.023651407894669796,0,mean_strength|hold12|tp0.01000,False,1,1,high,high,0.8
btcusdt_clarity_hold12_v1,BTCUSDT,0,86,1642989600000,1642989600000,-1,1,-0.030889989128307156,0.030889989128307156,0.3172135800000043,True,target_entry_bar,-0.003522770704482925,0.0007578631498635913,0.006782406322062062,0.04494154053374366,0,mean_strength|hold12|tp0.01000,False,1,-1,high,high,0.8
btcusdt_clarity_hold12_v1,BTCUSDT,0,87,1642993200000,1643007600000,-1,1,-0.028353607018756125,0.028353607018756125,0.3132026950000044,True,target,0.005910799427552349,0.0016426438382307618,0.023078565437595566,0.031071764931748458,0,mean_strength|hold12|tp0.01000,False,1,-1,high,high,0.8
btcusdt_clarity_hold12_v1,BTCUSDT,0,88,1643011200000,1643011200000,-1,1,-0.024446001818732428,0.024446001818732428,-0.7359273700000044,False,stop_entry_bar,0.012942469995596895,0.03611657807467705,0.03841971231135399,-0.0646024861833403,0,mean_strength|hold12|tp0.01000,True,-1,-1,high,high,0.9
btcusdt_clarity_hold12_v1,BTCUSDT,0,89,1643014800000,1643014800000,-1,1,-0.01246713828277424,0.01246713828277424,0.31106372500000296,True,target_entry_bar,0.03563913043478273,0.041159420289855086,0.00818202898550724,-0.06666666666666665,0,mean_strength|hold12|tp0.01000,False,1,-1,high,high,0.8
btcusdt_clarity_hold12_v1,BTCUSDT,0,90,1643018400000,1643018400000,-1,1,-0.01362334203927697,0.01362334203927697,0.30705866999999565,True,target_entry_bar,-0.012610589877804612,-0.0014685704581693937,-0.033487373930920716,-0.09310905022324634,0,mean_strength|hold12|tp0.01000,False,1,-1,high,high,0.8
btcusdt_clarity_hold12_v1,BTCUSDT,0,91,1643022000000,1643022000000,-1,1,-0.005598809700260553,0.005598809700260553,-0.7020449849999986,False,stop_entry_bar,0.018106554435573075,0.0023894323569508824,-0.04871355039669023,-0.08780941293873146,0,mean_strength|hold12|tp0.01000,True,-1,-1,mid,high,0.8
btcusdt_clarity_hold12_v1,BTCUSDT,0,92,1643025600000,1643025600000,-1,1,-0.011119678582203717,0.011119678582203717,0.2998447749999971,True,target_entry_bar,-0.007234280532043558,-0.034392986698911665,-0.0929419588875453,-0.08911638452237014,0,mean_strength|hold12|tp0.01000,False,1,-1,high,high,0.7
btcusdt_clarity_hold12_v1,BTCUSDT,0,93,1643029200000,1643029200000,-1,1,-0.004805488904353136,0.004805488904353136,-0.6980334549999957,False,stop_entry_bar,-0.008709664155710506,-0.03197185055752949,-0.0819695846042432,-0.0839612224863,0,mean_strength|hold12|tp0.01000,True,-1,-1,mid,high,0.7
btcusdt_clarity_hold12_v1,BTCUSDT,0,94,1643032800000,1643032800000,-1,1,0.0032931980389273893,0.0032931980389273893,-0.7030992149999986,False,stop_entry_bar,-0.01809636617731103,-0.051225382339700865,-0.10713842599906975,-0.07999194275667798,0,mean_strength|hold12|tp0.01000,True,-1,1,mid,high,0.7
btcusdt_clarity_hold12_v1,BTCUSDT,0,95,1643040000000,1643043600000,1,1,0.015175273682997368,0.015175273682997368,0.30455208000000145,True,target,0.02752919258307296,0.04844873822837514,0.05768979650477157,0.04520658818383483,0,mean_strength|hold12|tp0.01000,False,1,1,high,high,0.6
btcusdt_clarity_hold12_v1,BTCUSDT,0,96,1643058000000,1643058000000,-1,1,-0.00021119726354992276,0.00021119726354992276,0.3311936749999942,True,target_entry_bar,0.011732880434782489,0.020979076086956483,0.010733423913043438,0.011145108695652106,0,mean_strength|hold12|tp0.01000,False,1,0,low,high,0.6
btcusdt_clarity_hold12_v1,BTCUSDT,0,97,1643065200000,1643065200000,1,1,0.0012018391982401588,0.0012018391982401588,0.32367470500000145,True,target_entry_bar,-0.016926837826901076,-0.00955869452097513,-0.01667607592273679,-0.007184778779703582,0,mean_strength|hold12|tp0.01000,False,1,0,low,high,0.6
btcusdt_clarity_hold12_v1,BTCUSDT,0,98,1643072400000,1643079600000,1,1,0.012222037762264855,0.012222037762264855,0.320651125,True,target,0.005015942701521059,-0.004924018823352139,-0.002265978972689653,0.01003437731540191,0,mean_strength|hold12|tp0.01000,False,1,1,high,high,0.6
btcusdt_clarity_hold12_v1,BTCUSDT,0,99,1643122800000,1643122800000,1,1,-0.0008011642244354885,0.0008011642244354885,0.32286605999999995,True,target_entry_bar,0.007762716236044964,0.021301675345907656,0.0006272929666246707,0.023049114766684475,0,mean_strength|hold12|tp0.01000,False,1,0,low,high,0.7
btcusdt_clarity_hold12_v1,BTCUSDT,0,100,1643216400000,1643220000000,-1,1,-0.016589050189476935,0.016589050189476935,0.34037283000000434,True,target,0.0021447575966409005,0.02742854949231266,0.03273115172983354,0.054651221186639565,0,mean_strength|hold12|tp0.01000,False,1,-1,high,high,0.7
btcusdt_clarity_hold12_v1,BTCUSDT,0,101,1643223600000,1643223600000,-1,1,-0.00809666837015148,0.00809666837015148,-0.8007421000000058,False,stop_entry_bar,0.01490567339187232,0.028197979215841662,0.04474844595524918,0.037232358219798756,0,mean_strength|hold12|tp0.01000,True,-1,-1,high,high,0.7
btcusdt_clarity_hold12_v1,BTCUSDT,0,102,1643227200000,1643227200000,-1,1,0.005767728137910225,0.005767728137910225,0.3342234150000029,True,target_entry_bar,0.018326209613102162,0.005452146713491257,0.02686764479265502,0.015385343249768035,0,mean_strength|hold12|tp0.01000,False,1,1,high,high,0.7
btcusdt_clarity_hold12_v1,BTCUSDT,0,103,1643230800000,1643234400000,1,1,0.002505865810179453,0.002505865810179453,-0.7806115350000029,False,stop,0.0049229948971707405,0.018282773676352893,-0.015995327065483678,0.005344902940495055,0,mean_strength|hold12|tp0.01000,True,-1,1,low,high,0.7
btcusdt_clarity_hold12_v1,BTCUSDT,0,104,1643238000000,1643238000000,1,1,0.007677338668129776,0.007677338668129776,0.3247400649999985,True,target_entry_bar,0.00510147080130352,-0.02153289860150598,-0.02266181682166979,-0.0031880454818398185,0,mean_strength|hold12|tp0.01000,False,1,1,high,high,0.7
btcusdt_clarity_hold12_v1,BTCUSDT,0,105,1643241600000,1643245200000,1,1,-0.00448552811271636,0.00448552811271636,-0.7761816349999986,False,stop,-0.029927167201711402,-0.03366265405637847,-0.023295947813528395,-0.008788076299996339,0,mean_strength|hold12|tp0.01000,True,-1,-1,mid,high,0.8
btcusdt_clarity_hold12_v1,BTCUSDT,0,106,1643259600000,1643270400000,1,1,0.005832456689827791,0.005832456689827791,0.3195787250000029,True,target,0.004449326023203248,0.012968045623044766,0.019925315182612424,0.008694779071785508,0,mean_strength|hold12|tp0.01000,False,1,1,high,high,0.7
btcusdt_clarity_hold12_v1,BTCUSDT,0,107,1643317200000,1643317200000,1,1,0.004274022882927939,0.004274022882927939,0.3165532749999942,True,target_entry_bar,0.014240162040076942,0.026549103191892076,0.03243151630837926,0.008417745334864168,0,mean_strength|hold12|tp0.01000,False,1,1,mid,high,0.7
btcusdt_clarity_hold12_v1,BTCUSDT,0,108,1643374800000,1643374800000,1,1,-0.0026428711117699095,0.0026428711117699095,0.32278536500000143,True,target_entry_bar,-0.003809144820964394,0.005214668297814917,0.008558106400702314,0.017073382963537442,0,mean_strength|hold12|tp0.01000,False,1,-1,low,high,0.7
btcusdt_clarity_hold12_v1,BTCUSDT,0,109,1643479200000,1643486400000,1,1,0.003929652507074637,0.003929652507074637,0.334880565,True,target,0.0013141404423082648,0.014699315932331647,0.0007077566047797301,0.008169639253229555,0,mean_strength|hold12|tp0.01000,False,1,1,mid,mid,0.7
btcusdt_clarity_hold12_v1,BTCUSDT,0,110,1643504400000,1643518800000,1,1,0.0095467055442885,0.0095467055442885,0.3364822350000029,True,target,0.0006284813064392214,0.00435110557852969,0.00820744366613213,0.0007548105325343446,0,mean_strength|hold12|tp0.01000,False,1,1,high,mid,0.7
btcusdt_clarity_hold12_v1,BTCUSDT,0,111,1643544000000,1643569200000,-1,1,-0.0055744320319467515,0.0055744320319467515,0.3391254000000029,True,target,-0.0006342070447347137,-0.0010748556816380095,0.002834285786615931,0.029006863412371575,0,mean_strength|hold12|tp0.01000,False,1,-1,mid,mid,0.7
btcusdt_clarity_hold12_v1,BTCUSDT,0,112,1643590800000,1643619600000,1,1,-0.001557889412863821,0.001557889412863821,0.32767349000000145,True,target,0.004388880994294908,0.002462207612845768,0.007996604751011827,0.011448097060213103,0,mean_strength|hold12|tp0.01000,False,1,0,low,high,0.8
btcusdt_clarity_hold12_v1,BTCUSDT,0,113,1643706000000,1643706000000,1,1,0.012933686985629567,0.012933686985629567,0.34333232,True,target_entry_bar,-0.00020816269745382865,0.010077323550732542,0.009562147025627077,0.013705526144293545,0,mean_strength|hold12|tp0.01000,False,1,1,high,mid,0.8
btcusdt_clarity_hold12_v1,BTCUSDT,0,114,1643709600000,1643716800000,1,1,0.012933686985629567,0.012933686985629567,0.3403052199999985,True,target,0.00448584617444947,0.01594554836657669,0.022512408661371275,0.011802875963606851,0,mean_strength|hold12|tp0.01000,False,1,1,high,mid,0.9
btcusdt_clarity_hold12_v1,BTCUSDT,0,115,1643749200000,1643792400000,1,1,-0.00041650511740219236,0.00041650511740219236,-0.122817275,False,max_hold,-0.0020846979148636535,-0.005766520540891662,-0.00575594355604947,-0.0066663381781943976,0,mean_strength|hold12|tp0.01000,True,-1,0,low,mid,0.9
btcusdt_clarity_hold12_v1,BTCUSDT,0,116,1643806800000,1643810400000,-1,1,-0.0035607520682892023,0.0035607520682892023,0.3443724950000044,True,target,0.017089931982899986,0.02710514684887999,0.02116626445705605,0.03962253573277119,0,mean_strength|hold12|tp0.01000,False,1,-1,mid,mid,0.9
btcusdt_clarity_hold12_v1,BTCUSDT,0,117,1643817600000,1643835600000,-1,1,0.0020476890754214144,0.0020476890754214144,0.33306482,True,target,-0.0037211396593241908,-0.0061043414636108295,0.008527745727483604,0.011403025637108488,0,mean_strength|hold12|tp0.01000,False,1,1,low,mid,0.9
btcusdt_clarity_hold12_v1,BTCUSDT,0,118,1643878800000,1643882400000,1,1,0.002000624728001129,0.002000624728001129,-0.7817676900000015,False,stop,-0.006355413455757741,0.002000601191452178,0.007721484396349121,0.0091815598185494,0,mean_strength|hold12|tp0.01000,True,-1,1,low,mid,0.9
btcusdt_clarity_hold12_v1,BTCUSDT,0,119,1643889600000,1643889600000,-1,1,-0.002649273324013019,0.002649273324013019,0.3271918100000014,True,target_entry_bar,0.0026132340038961255,-0.005709460850716441,-0.0020582422278652146,-0.013347074947889448,0,mean_strength|hold12|tp0.01000,False,1,-1,low,high,0.8
btcusdt_clarity_hold12_v1,BTCUSDT,0,120,1643900400000,1643900400000,1,1,0.0028129741811330836,0.0028129741811330836,0.32473863499999855,True,target_entry_bar,-0.00564016817186852,-0.003630490479589077,0.0014488878572187502,0.011016483099291152,0,mean_strength|hold12|tp0.01000,False,1,1,low,mid,0.8
btcusdt_clarity_hold12_v1,BTCUSDT,0,121,1643907600000,1643929200000,1,1,0.003191529693072865,0.003191529693072865,0.32634250500000145,True,target,-0.0018464764952534907,-0.01226791702944674,0.013018243361635706,0.019302022648336692,0,mean_strength|hold12|tp0.01000,False,1,1,mid,mid,0.8
btcusdt_clarity_hold12_v1,BTCUSDT,0,122,1643932800000,1643950800000,1,1,0.006288037893059583,0.006288037893059583,0.3318581949999985,True,target,-0.0001918904873183802,0.0033964347124240124,0.02187739947212619,0.021266740964797304,0,mean_strength|hold12|tp0.01000,False,1,1,high,mid,0.8
btcusdt_clarity_hold12_v1,BTCUSDT,0,123,1643954400000,1643954400000,1,1,0.008798097614177686,0.008798097614177686,0.33389953000000144,True,target_entry_bar,-0.00291049394909082,0.0006776491657778383,-0.0005975849036727876,0.06540512779994478,0,mean_strength|hold12|tp0.01000,False,1,1,high,mid,0.8
btcusdt_clarity_hold12_v1,BTCUSDT,0,124,1643958000000,1643986800000,1,1,0.009857384609655281,0.009857384609655281,0.33790370500000144,True,target,0.001982091968116384,0.0003721705201329417,-0.011706334479604341,0.07508705329962573,0,mean_strength|hold12|tp0.01000,False,1,1,high,high,0.8
btcusdt_clarity_hold12_v1,BTCUSDT,0,125,1643990400000,1643990400000,-1,1,-8.01490794753503e-05,8.01490794753503e-05,-0.8330421499999972,False,stop_entry_bar,-0.006172319595120879,-0.01124647662491407,-0.009146799738130262,-0.02987921454046738,0,mean_strength|hold12|tp0.01000,True,-1,0,low,high,0.8
btcusdt_clarity_hold12_v1,BTCUSDT,0,126,1644008400000,1644015600000,-1,1,-0.003480505059361404,0.003480505059361404,-0.8560485200000001,False,stop,-0.00042438455003779296,-0.021309621657355837,-0.02041109882593517,-0.023053957921643775,0,mean_strength|hold12|tp0.01000,True,-1,-1,mid,high,0.8
btcusdt_clarity_hold12_v1,BTCUSDT,0,127,1644019200000,1644062400000,-1,1,-0.005052303302528195,0.005052303302528195,0.05567359499999563,True,max_hold,0.004891337639279625,0.0008797751557090283,-0.000479197706796608,0.0022235545327954354,0,mean_strength|hold12|tp0.01000,False,1,-1,mid,high,0.7
btcusdt_clarity_hold12_v1,BTCUSDT,0,128,1644084000000,1644127200000,-1,1,-0.006476361234155919,0.006476361234155919,-0.04941242499999709,False,max_hold,0.0030494625514284612,0.0009267927354428274,0.004727099025919501,0.00522902174278328,0,mean_strength|hold12|tp0.01000,True,-1,-1,high,mid,0.7
btcusdt_clarity_hold12_v1,BTCUSDT,0,129,1644134400000,1644156000000,1,1,0.0011047921699224663,0.0011047921699224663,0.3701025649999985,True,target,0.00019557030848682544,-0.002670231460102923,-0.007732955711253653,-0.001663789172324348,0,mean_strength|hold12|tp0.01000,False,1,0,low,low,0.7
btcusdt_clarity_hold12_v1,BTCUSDT,0,130,1644159600000,1644166800000,1,1,0.01122975988657574,0.01122975988657574,0.3675199700000044,True,target,0.0029837336989357865,-0.00020243407698139482,0.003316544961211143,0.031080619612150917,0,mean_strength|hold12|tp0.01000,False,1,1,high,low,0.7
btcusdt_clarity_hold12_v1,BTCUSDT,0,131,1644177600000,1644188400000,1,1,0.0006719590160678184,0.0006719590160678184,0.37098552500000587,True,target,0.0019252701575183107,0.01946303733989274,0.018152890997701565,0.02483646634952641,0,mean_strength|hold12|tp0.01000,False,1,0,low,low,0.7
btcusdt_clarity_hold12_v1,BTCUSDT,0,132,1644199200000,1644199200000,1,1,0.002951540502793217,0.002951540502793217,0.37445317,True,target_entry_bar,0.011292954271536093,0.011242135150026256,0.006564412291041766,0.02528948580740109,0,mean_strength|hold12|tp0.01000,False,1,1,low,mid,0.7
btcusdt_clarity_hold12_v1,BTCUSDT,0,133,1644235200000,1644242400000,1,1,0.01442171999654767,0.01442171999654767,0.3798801349999985,True,target,0.00387509029439137,0.028036203181272645,0.033847430523188615,0.028774282092116854,0,mean_strength|hold12|tp0.01000,False,1,1,high,mid,0.7
btcusdt_clarity_hold12_v1,BTCUSDT,0,134,1644289200000,1644296400000,1,1,0.01255203892825455,0.01255203892825455,0.3910017799999985,True,target,0.003981683891796983,0.013858451862247767,-0.007203442218258083,-0.017111685055687942,0,mean_strength|hold12|tp0.01000,False,1,1,high,mid,0.7
btcusdt_clarity_hold12_v1,BTCUSDT,0,135,1644314400000,1644332400000,1,1,0.0040938592224987,0.0040938592224987,-0.9250701949999957,False,stop,0.0032278565618104604,-0.004930750500602987,-0.018885356115841412,0.004670697039085958,0,mean_strength|hold12|tp0.01000,True,-1,1,mid,high,0.7
btcusdt_clarity_hold12_v1,BTCUSDT,0,136,1644336000000,1644350400000,1,1,0.004342785979641883,0.004342785979641883,0.3862900049999956,True,target,-0.0012601937350237291,-0.0005545317450241782,0.02400948074902942,0.009897635997457188,0,mean_strength|hold12|tp0.01000,False,1,1,mid,mid,0.7
btcusdt_clarity_hold12_v1,BTCUSDT,0,137,1644375600000,1644386400000,1,1,0.005512660672886286,0.005512660672886286,0.38548894999999417,True,target,0.0026169405640328325,0.008256393234041814,0.0011698557624169048,0.012316956122098821,0,mean_strength|hold12|tp0.01000,False,1,1,mid,high,0.8
btcusdt_clarity_hold12_v1,BTCUSDT,0,138,1644440400000,1644444000000,-1,1,-0.0012746928908958315,0.0012746928908958315,0.39825308000000437,True,target,-0.0019841140372804933,0.007720674184759413,0.015620679157419826,0.00148077279194192,0,mean_strength|hold12|tp0.01000,False,1,0,low,mid,0.8
btcusdt_clarity_hold12_v1,BTCUSDT,0,139,1644447600000,1644451200000,-1,1,-0.0015458345629513325,0.0015458345629513325,0.39638501499999856,True,target,0.005820810999935144,0.013184971035716586,0.01141009710068619,-0.010317398769288388,0,mean_strength|hold12|tp0.01000,False,1,0,low,mid,0.9
btcusdt_clarity_hold12_v1,BTCUSDT,0,140,1644469200000,1644480000000,1,1,0.003860017214755894,0.003860017214755894,0.3893982400000029,True,target,-5.404548714471602e-05,0.0077013678981208145,0.021978270065527328,0.03335085440898289,0,mean_strength|hold12|tp0.01000,False,1,1,mid,mid,0.9
btcusdt_clarity_hold12_v1,BTCUSDT,0,141,1644508800000,1644512400000,-1,1,-0.003333905332459779,0.003333905332459779,-0.9481997949999956,False,stop,0.0011616334726780586,0.022294104875444032,0.031567554937879216,0.05067874001342387,0,mean_strength|hold12|tp0.01000,True,-1,-1,mid,high,0.9
btcusdt_clarity_hold12_v1,BTCUSDT,0,142,1644516000000,1644519600000,-1,1,-0.0035022147689155177,0.0035022147689155177,0.4033282249999942,True,target,0.01865682869090013,0.03268545764286812,0.048364344343901355,0.043902741211088725,0,mean_strength|hold12|tp0.01000,False,1,-1,mid,high,0.8
btcusdt_clarity_hold12_v1,BTCUSDT,0,143,1644523200000,1644523200000,-1,1,0.0009695232835577271,0.0009695232835577271,0.3947769650000029,True,target_entry_bar,0.00807260489315742,0.013752604221612508,0.022076130957607076,0.025210158387039994,0,mean_strength|hold12|tp0.01000,False,1,0,low,high,0.8
btcusdt_clarity_hold12_v1,BTCUSDT,0,144,1644530400000,1644537600000,-1,1,0.0019906679462858914,0.0019906679462858914,0.38917068,True,target,0.01055490585869756,0.017594165201244905,0.019734143742281107,0.011712524541925728,0,mean_strength|hold12|tp0.01000,False,1,1,low,high,0.8
btcusdt_clarity_hold12_v1,BTCUSDT,0,145,1644541200000,1644584400000,-1,1,-0.008516593204483976,0.008516593204483976,-0.6058974949999957,False,max_hold,0.0013347382722123102,0.0021783039811389404,-0.003902505026409875,-0.013142573030641369,0,mean_strength|hold12|tp0.01000,True,-1,-1,high,high,0.8
btcusdt_clarity_hold12_v1,BTCUSDT,0,146,1644588000000,1644588000000,-1,1,-0.01242736619873553,0.01242736619873553,0.38926226499999855,True,target_entry_bar,-0.003574565336349922,0.0020391599645004366,0.026652319662293644,0.024196544763113503,0,mean_strength|hold12|tp0.01000,False,1,-1,high,high,0.8
btcusdt_clarity_hold12_v1,BTCUSDT,0,147,1644591600000,1644602400000,-1,1,-0.015131787335442883,0.015131787335442883,0.3871203249999971,True,target,0.001926281253100015,0.02281662732620582,0.025564922986551664,0.03136140752326466,0,mean_strength|hold12|tp0.01000,False,1,-1,high,high,0.8
btcusdt_clarity_hold12_v1,BTCUSDT,0,148,1644613200000,1644656400000,1,1,-0.0006015069243752661,0.0006015069243752661,-0.135044245,False,max_hold,-0.009131735154288556,-0.005127784338697983,-0.005948558989151587,-0.0037182902024993636,0,mean_strength|hold12|tp0.01000,True,-1,0,low,high,0.8
btcusdt_clarity_hold12_v1,BTCUSDT,0,149,1644674400000,1644681600000,1,1,0.003219707845544493,0.003219707845544493,0.37454794499999855,True,target,-0.000677911084736027,0.012986612383160123,0.011053486164278592,0.001519545882621598,0,mean_strength|hold12|tp0.01000,False,1,1,mid,mid,0.7
btcusdt_clarity_hold12_v1,BTCUSDT,0,150,1644699600000,1644699600000,-1,1,0.0009094013368061858,0.0009094013368061858,0.37928678500000146,True,target_entry_bar,-0.006839941032025454,-0.01224079975136183,-0.008472047665540439,-0.010344240242656344,0,mean_strength|hold12|tp0.01000,False,1,0,low,mid,0.7
btcusdt_clarity_hold12_v1,BTCUSDT,0,151,1644721200000,1644760800000,1,1,0.0035384398918275953,0.0035384398918275953,0.37561539499999563,True,target,-0.0006703833858625607,0.0044854096859738846,0.0018564645212029163,0.007907681338113592,0,mean_strength|hold12|tp0.01000,False,1,1,mid,mid,0.7
btcusdt_clarity_hold12_v1,BTCUSDT,0,152,1644843600000,1644886800000,1,1,0.003705002090738091,0.003705002090738091,-0.007195320000001455,False,max_hold,0.0008098317673994604,0.0037526836421282184,-0.008555628895946632,0.023023806793308843,0,mean_strength|hold12|tp0.01000,True,-1,1,mid,mid,0.8
btcusdt_clarity_hold12_v1,BTCUSDT,0,153,1644912000000,1644912000000,1,1,0.0015255876040444277,0.0015255876040444277,0.38860323500000143,True,target_entry_bar,0.0012986008769535484,0.005549187635318198,0.0060176846242017135,0.0036251660207775593,0,mean_strength|hold12|tp0.01000,False,1,0,low,mid,0.7
btcusdt_clarity_hold12_v1,BTCUSDT,0,154,1644955200000,1644966000000,1,1,0.00023512413469812713,0.00023512413469812713,0.3914450750000058,True,target,-0.0035078337087410816,0.009059637705133294,-0.0014434690390621174,0.00010650399503275843,0,mean_strength|hold12|tp0.01000,False,1,0,low,mid,0.7
btcusdt_clarity_hold12_v1,BTCUSDT,0,155,1645023600000,1645038000000,1,1,0.004139894425766521,0.004139894425766521,0.3869952949999985,True,target,0.0009520859859826203,0.005260561845440881,0.010596831733140633,-0.0003257740000228715,0,mean_strength|hold12|tp0.01000,False,1,1,mid,low,0.7
btcusdt_clarity_hold12_v1,BTCUSDT,0,156,1645099200000,1645102800000,-1,1,-0.003014350394349338,0.003014350394349338,0.38418689999999417,True,target,0.022331771104553644,0.03008274026500035,0.04495747266099637,0.06162124631140431,0,mean_strength|hold12|tp0.01000,False,1,-1,mid,mid,0.8
btcusdt_clarity_hold12_v1,BTCUSDT,0,157,1645117200000,1645120800000,-1,1,-0.0049988687016057146,0.0049988687016057146,0.373588255,True,target,0.011143062544931692,0.020714114545890228,0.029674095375030074,0.02688952791756527,0,mean_strength|hold12|tp0.01000,False,1,-1,mid,mid,0.8
btcusdt_clarity_hold12_v1,BTCUSDT,0,158,1645124400000,1645128000000,-1,1,-0.0046439816377866604,0.0046439816377866604,0.36725819999999415,True,target,0.007564884365338975,0.011788105524672687,0.009971561863268641,0.013116513790431994,0,mean_strength|hold12|tp0.01000,False,1,-1,mid,high,0.8
btcusdt_clarity_hold12_v1,BTCUSDT,0,159,1645131600000,1645131600000,-1,1,-0.005480509474443179,0.005480509474443179,0.3636951200000015,True,target_entry_bar,-0.0011883848300091593,0.0024210572934351138,-0.0008267024904411446,-0.004989740031591694,0,mean_strength|hold12|tp0.01000,False,1,-1,mid,high,0.9
btcusdt_clarity_hold12_v1,BTCUSDT,0,160,1645135200000,1645178400000,-1,1,-0.005480509474443179,0.005480509474443179,-0.26820806000000147,False,max_hold,0.004915007237348168,-0.0018382127067682053,0.0048904322011613655,-0.0019143953189471041,0,mean_strength|hold12|tp0.01000,True,-1,-1,mid,high,0.9
btcusdt_clarity_hold12_v1,BTCUSDT,0,161,1645182000000,1645182000000,-1,1,-0.0009015721382641998,0.0009015721382641998,0.362900005,True,target_entry_bar,-0.006243900495927157,-0.00728952976557995,0.003751817403254365,0.0049891453723434065,0,mean_strength|hold12|tp0.01000,False,1,0,low,mid,0.8
btcusdt_clarity_hold12_v1,BTCUSDT,0,162,1645203600000,1645203600000,1,1,0.0035754982819934233,0.0035754982819934233,0.3552420400000015,True,target_entry_bar,0.0028713155823223424,-5.9975260205180625e-05,-0.0012419876800818797,0.004937963090225317,0,mean_strength|hold12|tp0.01000,False,1,1,mid,mid,0.8
btcusdt_clarity_hold12_v1,BTCUSDT,0,163,1645207200000,1645250400000,1,1,-0.0003130897814670318,0.0003130897814670318,0.133362115,True,max_hold,0.0016146957245448679,-0.004462839572005883,0.001582302137478342,0.005384810896206016,0,mean_strength|hold12|tp0.01000,False,1,0,low,mid,0.9
btcusdt_clarity_hold12_v1,BTCUSDT,0,164,1645272000000,1645286400000,1,1,0.005000540492895312,0.005000540492895312,0.35435379999999417,True,target,0.006297853496277428,0.005193275915428064,0.008962426749396846,0.004159149752036351,0,mean_strength|hold12|tp0.01000,False,1,1,mid,mid,0.9
btcusdt_clarity_hold12_v1,BTCUSDT,0,165,1645322400000,1645329600000,-1,1,-0.00501376996639027,0.00501376996639027,0.35586696999999856,True,target,0.001247872089344737,0.012225129181124728,0.04231717544027036,0.04136808962583938,0,mean_strength|hold12|tp0.01000,False,1,-1,mid,low,0.9
btcusdt_clarity_hold12_v1,BTCUSDT,0,166,1645390800000,1645394400000,1,1,0.009436963169261727,0.009436963169261727,0.34084043000000436,True,target,0.01485306504690298,0.012854519485819171,0.017586677758071323,0.017939823897791474,0,mean_strength|hold12|tp0.01000,False,1,1,high,mid,0.9
btcusdt_clarity_hold12_v1,BTCUSDT,0,167,1645401600000,1645405200000,1,1,0.00031282152806233395,0.00031282152806233395,0.34146304500000146,True,target,0.010139672307279302,0.004672100663236867,0.01190107233620541,-0.030876154466001338,0,mean_strength|hold12|tp0.01000,False,1,0,low,mid,0.9
btcusdt_clarity_hold12_v1,BTCUSDT,0,168,1645416000000,1645437600000,-1,1,-0.029025766539625002,0.029025766539625002,0.3462452900000029,True,target,0.0017391038649863244,0.00017569277698992192,0.025231010539020438,0.015122310181778453,0,mean_strength|hold12|tp0.01000,False,1,-1,high,high,0.9
btcusdt_clarity_hold12_v1,BTCUSDT,0,169,1645441200000,1645441200000,-1,1,-0.0008163887844957933,0.0008163887844957933,0.34072112999999854,True,target_entry_bar,0.0006977382096891027,-0.029368919757442713,-0.02573109382448413,0.015006697754188392,0,mean_strength|hold12|tp0.01000,False,1,0,low,mid,0.9
btcusdt_clarity_hold12_v1,BTCUSDT,0,170,1645455600000,1645466400000,-1,1,-0.0018424421245124966,0.0018424421245124966,0.34401803500000294,True,target,0.003229006945070889,0.027911711270599993,0.045744694558620735,0.05732582561300881,0,mean_strength|hold12|tp0.01000,False,1,-1,low,high,0.9
btcusdt_clarity_hold12_v1,BTCUSDT,0,171,1645477200000,1645477200000,-1,1,5.363618617614336e-05,5.363618617614336e-05,0.3402777250000058,True,target_entry_bar,-0.013397462556779205,-0.004915013475778718,0.012136302505576735,-0.0022441627463583025,0,mean_strength|hold12|tp0.01000,False,1,0,low,high,1.0
btcusdt_clarity_hold12_v1,BTCUSDT,0,172,1645484400000,1645484400000,-1,1,5.363618617614336e-05,5.363618617614336e-05,0.33404893499999855,True,target_entry_bar,-0.006083317111154285,-9.462937728454968e-05,0.007051240455951402,-0.014013258927605632,0,mean_strength|hold12|tp0.01000,False,1,0,low,high,1.0
btcusdt_clarity_hold12_v1,BTCUSDT,0,173,1645516800000,1645516800000,1,1,0.0007733193275533265,0.0007733193275533265,0.32705395500000434,True,target_entry_bar,0.0008440935029072616,0.01142088174061251,0.02811667367830606,0.021622816953065227,0,mean_strength|hold12|tp0.01000,False,1,0,low,high,1.0
btcusdt_clarity_hold12_v1,BTCUSDT,0,174,1645592400000,1645603200000,1,1,0.007228678543130656,0.007228678543130656,0.33799199,True,target,0.0003056250823343376,0.018240021077591928,0.02113555526281119,0.003093136609142455,0,mean_strength|hold12|tp0.01000,False,1,1,high,mid,1.0
btcusdt_clarity_hold12_v1,BTCUSDT,0,175,1645606800000,1645635600000,-1,1,-0.007208077116312757,0.007208077116312757,0.34402155499999565,True,target,-2.8316579357090532e-05,-0.003822738213223875,0.008793585007658256,0.03465949313322958,0,mean_strength|hold12|tp0.01000,False,1,-1,high,mid,1.0
btcusdt_clarity_hold12_v1,BTCUSDT,0,176,1645639200000,1645642800000,-1,1,-0.034089811571677155,0.034089811571677155,0.338850535,True,target,0.004234337057466564,0.006953951915514511,0.02705579844661521,0.07641932383012862,0,mean_strength|hold12|tp0.01000,False,1,-1,high,mid,1.0
btcusdt_clarity_hold12_v1,BTCUSDT,0,177,1645646400000,1645653600000,-1,1,-0.02544728526251476,0.02544728526251476,0.3346664900000029,True,target,0.004364852845517686,0.011594472248403598,0.04694075322916802,0.05772544438396887,0,mean_strength|hold12|tp0.01000,False,1,-1,high,mid,1.0
btcusdt_clarity_hold12_v1,BTCUSDT,0,178,1645657200000,1645657200000,-1,1,-0.025934900503660548,0.025934900503660548,0.3349400349999985,True,target_entry_bar,0.013076249469482604,0.035760909857687095,0.06902637276443957,0.04841543147862626,0,mean_strength|hold12|tp0.01000,False,1,-1,high,mid,1.0
btcusdt_clarity_hold12_v1,BTCUSDT,0,179,1645660800000,1645660800000,-1,1,-0.03990028869913077,0.03990028869913077,0.3313745349999985,True,target_entry_bar,-0.004972646362374489,0.04989521243297668,0.05073623472415012,0.040731063389673694,0,mean_strength|hold12|tp0.01000,False,1,-1,high,mid,1.0
btcusdt_clarity_hold12_v1,BTCUSDT,0,180,1645664400000,1645668000000,-1,1,-0.040810757128799655,0.040810757128799655,0.3270070999999971,True,target,0.027819530545421967,0.05074789362929488,0.04445383317489837,0.03993640940642451,0,mean_strength|hold12|tp0.01000,False,1,-1,high,high,1.0
btcusdt_clarity_hold12_v1,BTCUSDT,0,181,1645671600000,1645671600000,-1,1,-0.023222786018584022,0.023222786018584022,0.3194389649999971,True,target_entry_bar,-0.004070723448627467,0.0008851889835509441,-0.011951483622571368,-0.02820000114587562,0,mean_strength|hold12|tp0.01000,False,1,-1,high,high,1.0
btcusdt_clarity_hold12_v1,BTCUSDT,0,182,1645675200000,1645675200000,-1,1,-0.007341644702442779,0.007341644702442779,0.3107125650000015,True,target_entry_bar,0.011178348583020248,-0.006630546734798237,-0.003825973825888118,-0.030525051426680383,0,mean_strength|hold12|tp0.01000,False,1,-1,high,high,1.0
btcusdt_clarity_hold12_v1,BTCUSDT,0,183,1645678800000,1645678800000,-1,1,-0.007712098142104459,0.007712098142104459,0.31195702500000294,True,target_entry_bar,-0.0063130985253088134,-0.02401170289196486,-0.022139124764485096,-0.03338324951454341,0,mean_strength|hold12|tp0.01000,False,1,-1,high,high,1.0
btcusdt_clarity_hold12_v1,BTCUSDT,0,184,1645682400000,1645686000000,-1,1,-0.0068904727548406135,0.0068904727548406135,-0.7312858100000029,False,stop,-0.011623739495195906,-0.01284804555450747,-0.01053992757383826,-0.04288511880356327,0,mean_strength|hold12|tp0.01000,True,-1,-1,high,high,1.0
btcusdt_clarity_hold12_v1,BTCUSDT,0,185,1645689600000,1645696800000,-1,1,-0.018073856309231303,0.018073856309231303,0.31400286999999855,True,target,0.004657610671084833,0.001828668678483969,-0.0036432490004310036,-0.08234362628661906,0,mean_strength|hold12|tp0.01000,False,1,-1,high,high,0.9
btcusdt_clarity_hold12_v1,BTCUSDT,0,186,1645700400000,1645700400000,1,1,0.0015887136193509916,0.0015887136193509916,0.31308463999999997,True,target_entry_bar,-0.005106505501702219,0.005481942335160639,0.011000581503666673,0.08157141486052377,0,mean_strength|hold12|tp0.01000,False,1,0,low,high,0.9
btcusdt_clarity_hold12_v1,BTCUSDT,0,187,1645707600000,1645707600000,1,1,0.02318457498622946,0.02318457498622946,0.31361753999999853,True,target_entry_bar,0.004809713081573408,0.018920085418247634,0.05143148909281203,0.08741265645672258,0,mean_strength|hold12|tp0.01000,False,1,1,high,high,0.9
btcusdt_clarity_hold12_v1,BTCUSDT,0,188,1645711200000,1645711200000,1,1,0.019658721041786013,0.019658721041786013,0.3154912149999971,True,target_entry_bar,0.007653089871868302,0.0054885512470661535,0.07841469303417226,0.08871800918595385,0,mean_strength|hold12|tp0.01000,False,1,1,high,high,0.9
btcusdt_clarity_hold12_v1,BTCUSDT,0,189,1645714800000,1645714800000,1,1,0.009091662489357749,0.009091662489357749,0.31700262000000146,True,target_entry_bar,0.006341210625149918,0.013384523656950531,0.06942734075927359,0.08378422052702272,0,mean_strength|hold12|tp0.01000,False,1,1,high,high,0.9
btcusdt_clarity_hold12_v1,BTCUSDT,0,190,1645718400000,1645718400000,1,1,0.0008368228941928637,0.0008368228941928637,0.3194012750000058,True,target_entry_bar,-0.008435816366646698,0.03190770713016122,0.048242238329115894,0.07153970952220101,0,mean_strength|hold12|tp0.01000,False,1,0,low,high,0.9
btcusdt_clarity_hold12_v1,BTCUSDT,0,191,1645725600000,1645725600000,1,1,0.0015248595582291202,0.0015248595582291202,0.3186865250000029,True,target_entry_bar,0.024735652661618923,0.05530261790468649,0.05056828491776777,0.06386125819985389,0,mean_strength|hold12|tp0.01000,False,1,0,low,high,0.9
btcusdt_clarity_hold12_v1,BTCUSDT,0,192,1645736400000,1645740000000,-1,1,-0.005390173567781286,0.005390173567781286,0.34187840500000144,True,target,0.013594170502890357,0.004486232580677818,-0.013424829551819784,-0.007091477981768568,0,mean_strength|hold12|tp0.01000,False,1,-1,mid,high,0.9
btcusdt_clarity_hold12_v1,BTCUSDT,0,193,1645743600000,1645743600000,1,1,0.00902632754926604,0.00902632754926604,0.3369241000000029,True,target_entry_bar,-0.002693455060798433,0.01212576764774198,0.00323110209812838,0.010828628921756733,0,mean_strength|hold12|tp0.01000,False,1,1,high,high,0.9
btcusdt_clarity_hold12_v1,BTCUSDT,0,194,1645747200000,1645747200000,1,1,0.007201922295685392,0.007201922295685392,0.34102019000000144,True,target_entry_bar,0.008790455329360736,0.017991777430590883,0.012653126382095703,0.02947249417066411,0,mean_strength|hold12|tp0.01000,False,1,1,high,high,0.9
btcusdt_clarity_hold12_v1,BTCUSDT,0,195,1645750800000,1645750800000,1,1,0.017012396047470086,0.017012396047470086,0.3400354150000029,True,target_entry_bar,0.006015907522608055,0.004046923559839932,-0.002212837049066385,0.0205562963385717,0,mean_strength|hold12|tp0.01000,False,1,1,high,high,1.0
btcusdt_clarity_hold12_v1,BTCUSDT,0,196,1645754400000,1645758000000,1,1,0.010222543122993158,0.010222543122993158,0.3430641649999971,True,target,0.0030866664775643926,-0.008788103053917307,-0.011624638664043174,0.005422940352813432,0,mean_strength|hold12|tp0.01000,False,1,1,high,high,1.0
btcusdt_clarity_hold12_v1,BTCUSDT,0,197,1645761600000,1645776000000,1,1,0.013263282165340382,0.013263282165340382,-0.8207822300000014,False,stop,-0.006844289191242248,-0.006234529942796385,-0.003601713526837247,0.01696732620569552,0,mean_strength|hold12|tp0.01000,True,-1,1,high,high,1.0
btcusdt_clarity_hold12_v1,BTCUSDT,0,198,1645790400000,1645790400000,1,1,-0.002818052345675453,0.002818052345675453,0.344662535,True,target_entry_bar,5.338336116889053e-05,0.001281200668054705,-0.01761396712093366,0.010427549881667053,0,mean_strength|hold12|tp0.01000,False,1,-1,low,high,0.9
btcusdt_clarity_hold12_v1,BTCUSDT,0,199,1645812000000,1645826400000,1,1,0.007561458688790202,0.007561458688790202,0.34670255000000294,True,target,0.0005718692101479572,0.00777845631540286,0.028544295281173415,0.01238704936188717,0,mean_strength|hold12|tp0.01000,False,1,1,high,high,0.9
btcusdt_clarity_hold12_v1,BTCUSDT,0,200,1645833600000,1645833600000,1,1,-0.0004205349257898999,0.0004205349257898999,0.3489366250000029,True,target_entry_bar,-0.0015472359824193482,-0.009265805078456313,-0.0157088479255717,-0.019397055974720967,0,mean_strength|hold12|tp0.01000,False,1,0,low,high,0.9
btcusdt_clarity_hold12_v1,BTCUSDT,0,201,1645920000000,1645923600000,-1,1,-0.0008248380089491468,0.0008248380089491468,0.34802726999999567,True,target,0.01388312073568665,0.004705093315104603,0.00023989784994782326,-0.024949376394567402,0,mean_strength|hold12|tp0.01000,False,1,0,low,mid,0.9
btcusdt_clarity_hold12_v1,BTCUSDT,0,202,1645938000000,1645952400000,1,1,0.006308864089072069,0.006308864089072069,0.342883085,True,target,0.005033309044137901,0.00581125480057354,0.023346152150631072,0.010191089409305798,0,mean_strength|hold12|tp0.01000,False,1,1,high,mid,0.9
btcusdt_clarity_hold12_v1,BTCUSDT,0,203,1645988400000,1645988400000,-1,1,-0.0012288641179860743,0.0012288641179860743,0.34624517999999566,True,target_entry_bar,-0.00991092410584793,-0.005594189707436303,-0.00994552185380071,-0.01975797544624447,0,mean_strength|hold12|tp0.01000,False,1,0,low,high,0.9
btcusdt_clarity_hold12_v1,BTCUSDT,0,204,1646020800000,1646031600000,1,1,0.004592377671392907,0.004592377671392907,0.33612051500000145,True,target,0.0005080467191294069,0.013899840706184774,0.014839197921242109,0.08455008758513749,0,mean_strength|hold12|tp0.01000,False,1,1,mid,high,0.9
btcusdt_clarity_hold12_v1,BTCUSDT,0,205,1646038800000,1646056800000,1,1,0.006449409232705977,0.006449409232705977,0.34066133,True,target,0.007237965175827865,0.004737768206528825,0.07132389631536107,0.09339233658113821,0,mean_strength|hold12|tp0.01000,False,1,1,high,high,0.9
btcusdt_clarity_hold12_v1,BTCUSDT,0,206,1646060400000,1646060400000,1,1,0.0068349611955424595,0.0068349611955424595,0.35408630499999855,True,target_entry_bar,0.004763095448216292,0.009587476221293967,0.02059922339236331,0.057559177109685944,0,mean_strength|hold12|tp0.01000,False,1,1,high,high,0.9
btcusdt_clarity_hold12_v1,BTCUSDT,0,207,1646064000000,1646064000000,1,1,-0.002924356250675796,0.002924356250675796,0.36298102500000584,True,target_entry_bar,0.010442309897504387,0.007790255958582071,0.04961317097330631,0.0570033010386195,0,mean_strength|hold12|tp0.01000,False,1,-1,low,high,0.9
btcusdt_clarity_hold12_v1,BTCUSDT,0,208,1646078400000,1646078400000,1,1,0.005944385873080647,0.005944385873080647,0.36761276500000295,True,target_entry_bar,-0.00594288715916147,0.030394919058306602,0.030249271763526098,0.03812377632395769,0,mean_strength|hold12|tp0.01000,False,1,1,high,high,1.0
btcusdt_clarity_hold12_v1,BTCUSDT,0,209,1646082000000,1646085600000,1,1,0.006548550353687467,0.006548550353687467,0.37267625,True,target,0.03332684810883646,0.04601146683768431,0.03621397397743631,0.03891134698112797,0,mean_strength|hold12|tp0.01000,False,1,1,high,high,1.0
btcusdt_clarity_hold12_v1,BTCUSDT,0,210,1646089200000,1646092800000,1,1,0.0060929470847067456,0.0060929470847067456,0.38290657499999997,True,target,0.009122928976943445,-0.0001413509442705907,0.0009500637237862541,0.010309350017379204,0,mean_strength|hold12|tp0.01000,False,1,1,high,high,1.0
btcusdt_clarity_hold12_v1,BTCUSDT,0,211,1646096400000,1646136000000,1,1,0.009716892127670402,0.009716892127670402,0.3875329249999971,True,target,-0.002432139381006615,0.0016044721772039416,0.005030736970599303,0.02624953472618774,0,mean_strength|hold12|tp0.01000,False,1,1,high,high,1.0
btcusdt_clarity_hold12_v1,BTCUSDT,0,212,1646146800000,1646168400000,1,1,0.003116434442917112,0.003116434442917112,0.38975819999999706,True,target,-0.005634267717113062,0.0036469161667724848,0.005295019701599291,0.015887351321118848,0,mean_strength|hold12|tp0.01000,False,1,1,mid,high,1.0
btcusdt_clarity_hold12_v1,BTCUSDT,0,213,1646236800000,1646276400000,1,1,0.008751191748756779,0.008751191748756779,-0.9308664799999957,False,stop,-0.011312334830642756,-0.012311545860847373,-0.00424325589071084,-0.018125959366925293,0,mean_strength|hold12|tp0.01000,True,-1,1,high,high,1.0
btcusdt_clarity_hold12_v1,BTCUSDT,0,214,1646323200000,1646352000000,1,1,0.0007188475609582832,0.0007188475609582832,-0.8977596100000015,False,stop,-0.00041497591489214614,-0.004515220892151062,0.0016504723887758033,-0.024457642983959693,0,mean_strength|hold12|tp0.01000,True,-1,0,low,high,0.9
btcusdt_clarity_hold12_v1,BTCUSDT,0,215,1646409600000,1646420400000,1,1,0.005826076676022626,0.005826076676022626,-0.8586386350000029,False,stop,0.001985076348146597,-0.023769387619895888,-0.043558807580096115,-0.046812467948010084,0,mean_strength|hold12|tp0.01000,True,-1,1,high,mid,0.8
btcusdt_clarity_hold12_v1,BTCUSDT,0,216,1646442000000,1646485200000,-1,1,-0.020676294939733823,0.020676294939733823,-0.3846722350000015,False,max_hold,0.003094521465355937,0.0032279502515901726,-0.000815968346586482,-0.00037462697673462664,0,mean_strength|hold12|tp0.01000,True,-1,-1,high,mid,0.7
btcusdt_clarity_hold12_v1,BTCUSDT,0,217,1646535600000,1646539200000,-1,1,-0.008152170823988728,0.008152170823988728,0.35141212999999855,True,target,-0.004078214139336289,-0.0044600693958285476,0.015689159638408556,0.011122170770762163,0,mean_strength|hold12|tp0.01000,False,1,-1,high,low,0.6
btcusdt_clarity_hold12_v1,BTCUSDT,0,218,1646546400000,1646557200000,-1,1,-0.0006964231253196935,0.0006964231253196935,0.35132604500000003,True,target,0.0022175983536549815,0.0200597611076333,0.025022112623583448,0.014922536121509067,0,mean_strength|hold12|tp0.01000,False,1,0,low,low,0.6
btcusdt_clarity_hold12_v1,BTCUSDT,0,219,1646564400000,1646568000000,1,1,0.009890419280462295,0.009890419280462295,0.3403044500000058,True,target,0.003623708287569638,0.011896407337161463,0.016975860206778215,0.0018314206032208347,0,mean_strength|hold12|tp0.01000,False,1,1,high,mid,0.6
btcusdt_clarity_hold12_v1,BTCUSDT,0,220,1646622000000,1646629200000,1,1,0.007198459429439477,0.007198459429439477,0.3361242550000014,True,target,0.0015192027224113502,0.0076409291708059435,0.0075933715203651,0.03206178267210591,0,mean_strength|hold12|tp0.01000,False,1,1,high,high,0.6
btcusdt_clarity_hold12_v1,BTCUSDT,0,221,1646658000000,1646668800000,-1,1,-0.008908484625543703,0.008908484625543703,-0.81382707,False,stop,0.004215665659761947,0.00446440019078187,0.04381574156225809,0.018980752562991476,0,mean_strength|hold12|tp0.01000,True,-1,-1,high,mid,0.6
btcusdt_clarity_hold12_v1,BTCUSDT,0,222,1646672400000,1646676000000,-1,1,-0.011942793413681436,0.011942793413681436,0.34552922,True,target,0.016179527183575404,0.0265719513396121,0.016119919763228907,0.006471292548035912,0,mean_strength|hold12|tp0.01000,False,1,-1,high,mid,0.5
btcusdt_clarity_hold12_v1,BTCUSDT,0,223,1646733600000,1646755200000,1,1,0.006208395536976364,0.006208395536976364,-0.8222594500000029,False,stop,-0.001974649698167963,-0.004671544811230222,-0.019490381586327543,-0.0130516405471649,0,mean_strength|hold12|tp0.01000,True,-1,1,high,high,0.5
btcusdt_clarity_hold12_v1,BTCUSDT,0,224,1646758800000,1646758800000,1,1,0.002330715668476619,0.002330715668476619,0.34065594,True,target_entry_bar,-0.009701104563462959,-0.014008722798876216,-0.008635724548045731,0.06305461865285777,0,mean_strength|hold12|tp0.01000,False,1,1,low,high,0.5
btcusdt_clarity_hold12_v1,BTCUSDT,0,225,1646766000000,1646787600000,1,1,0.006843082681121944,0.006843082681121944,0.3441306249999942,True,target,-0.006231044229056737,-0.005322457829459282,0.011507040253991185,0.0782700721448577,0,mean_strength|hold12|tp0.01000,False,1,1,high,high,0.6
btcusdt_clarity_hold12_v1,BTCUSDT,0,226,1646791200000,1646794800000,1,1,0.016837535512399127,0.016837535512399127,0.3487566449999986,True,target,0.04614372811461265,0.054033259440394055,0.06765393727479774,0.07177264336118916,0,mean_strength|hold12|tp0.01000,False,1,1,high,mid,0.7
btcusdt_clarity_hold12_v1,BTCUSDT,0,227,1646877600000,1646884800000,1,1,0.006327467443929552,0.006327467443929552,-0.86359631,False,stop,0.001365764508791445,-0.03726375467332188,-0.03696652894389074,-0.03581201577998416,0,mean_strength|hold12|tp0.01000,True,-1,1,high,high,0.8
btcusdt_clarity_hold12_v1,BTCUSDT,0,228,1646888400000,1646888400000,1,1,0.010986113686537147,0.010986113686537147,-0.8339658249999942,False,stop_entry_bar,0.004018595252189172,0.00030873017493004973,-0.0035057459533384128,-0.0013242228164357384,0,mean_strength|hold12|tp0.01000,True,-1,1,high,high,0.7
btcusdt_clarity_hold12_v1,BTCUSDT,0,229,1646892000000,1646917200000,1,1,0.009456250964459664,0.009456250964459664,0.34875356499999854,True,target,-0.003313824799302756,-0.0055094878565093985,-0.003087651174196848,-0.005377341468807195,0,mean_strength|hold12|tp0.01000,False,1,1,high,high,0.6
btcusdt_clarity_hold12_v1,BTCUSDT,0,230,1646928000000,1646938800000,1,1,0.005366209569314062,0.005366209569314062,0.3483932749999971,True,target,0.0006519171477219476,0.007416516257024108,0.007600586981086677,-0.016776001268042906,0,mean_strength|hold12|tp0.01000,False,1,1,mid,high,0.6
btcusdt_clarity_hold12_v1,BTCUSDT,0,231,1646942400000,1646960400000,1,1,0.00514943795228158,0.00514943795228158,-0.831434265,False,stop,-0.007535073582532026,-0.004572069455039629,-0.033777741852370036,-0.014696298391944973,0,mean_strength|hold12|tp0.01000,True,-1,1,mid,high,0.6
btcusdt_clarity_hold12_v1,BTCUSDT,0,232,1646967600000,1646967600000,1,1,0.004163358730019727,0.004163358730019727,0.3403950450000044,True,target_entry_bar,-0.006301820784381684,0.005529272848944888,0.007673803907180643,0.009479860786345329,0,mean_strength|hold12|tp0.01000,False,1,1,mid,high,0.6
btcusdt_clarity_hold12_v1,BTCUSDT,0,233,1647003600000,1647003600000,-1,1,-4.7763371086810785e-05,4.7763371086810785e-05,0.3551555199999957,True,target_entry_bar,-0.0015492893144903874,0.013637823044659436,0.01191780612478921,0.0019034853913231231,0,mean_strength|hold12|tp0.01000,False,1,0,low,high,0.6
btcusdt_clarity_hold12_v1,BTCUSDT,0,234,1647018000000,1647036000000,1,1,0.005269874118937198,0.005269874118937198,0.3444862949999956,True,target,-0.004446953643408413,-0.011464117595499812,-0.0020004846534984466,0.0093373136790873,0,mean_strength|hold12|tp0.01000,False,1,1,mid,high,0.7
btcusdt_clarity_hold12_v1,BTCUSDT,0,235,1647097200000,1647104400000,1,1,0.004319213831988247,0.004319213831988247,0.34608334499999854,True,target,0.002862759269368409,0.0003024221967640184,0.0013045160860414295,0.003910985358152486,0,mean_strength|hold12|tp0.01000,False,1,1,mid,mid,0.7
btcusdt_clarity_hold12_v1,BTCUSDT,0,236,1647194400000,1647201600000,-1,1,-0.01580785558616334,0.01580785558616334,0.3464223,True,target,0.0030670201653367757,0.006121207610316426,0.02940489542616187,0.008515793228943469,0,mean_strength|hold12|tp0.01000,False,1,-1,high,low,0.7
btcusdt_clarity_hold12_v1,BTCUSDT,0,237,1647205200000,1647208800000,-1,1,-0.011155089675708805,0.011155089675708805,0.344195815,True,target,0.026350311431552198,0.023427089896809306,0.015561248205265943,-0.01062895745318193,0,mean_strength|hold12|tp0.01000,False,1,-1,high,low,0.7
btcusdt_clarity_hold12_v1,BTCUSDT,0,238,1647230400000,1647230400000,1,1,0.002934536812131871,0.002934536812131871,0.33923534999999416,True,target_entry_bar,-0.0014857027088102104,0.014594691469936416,0.0151167653239066,0.008415518840112934,0,mean_strength|hold12|tp0.01000,False,1,1,low,mid,0.8
btcusdt_clarity_hold12_v1,BTCUSDT,0,239,1647291600000,1647295200000,1,1,0.013347715321645233,0.013347715321645233,0.34448464499999565,True,target,0.015451854377508623,0.021984408660477683,0.0008446600437053142,-0.0036834410468620238,0,mean_strength|hold12|tp0.01000,False,1,1,high,high,0.9
btcusdt_clarity_hold12_v1,BTCUSDT,0,240,1647306000000,1647306000000,-1,1,-0.0005532436465647871,0.0005532436465647871,0.352217915,True,target_entry_bar,-0.003988220836135037,0.001187706592673421,0.009952517499993596,0.0026948830714454974,0,mean_strength|hold12|tp0.01000,False,1,0,low,mid,0.9
btcusdt_clarity_hold12_v1,BTCUSDT,0,241,1647338400000,1647352800000,1,1,0.0026311623462295258,0.0026311623462295258,0.34323820500000146,True,target,-0.0004450458888884956,0.0016042351808776,0.013027942154384409,0.02097408125192457,0,mean_strength|hold12|tp0.01000,False,1,1,low,mid,0.9
btcusdt_clarity_hold12_v1,BTCUSDT,0,242,1647392400000,1647392400000,1,1,0.0031329122305990024,0.0031329122305990024,0.34848750000000295,True,target_entry_bar,0.03458332173045742,-0.010407147034178221,0.001501201214125114,0.028127903356058193,0,mean_strength|hold12|tp0.01000,False,1,1,mid,mid,1.0
btcusdt_clarity_hold12_v1,BTCUSDT,0,243,1647403200000,1647410400000,1,1,0.002532679771403186,0.002532679771403186,0.34831136999999857,True,target,0.005320972305362437,0.012033583521358082,0.030782336418474054,0.030777220098949565,0,mean_strength|hold12|tp0.01000,False,1,1,low,high,1.0
btcusdt_clarity_hold12_v1,BTCUSDT,0,244,1647414000000,1647417600000,1,1,0.004654316850266381,0.004654316850266381,0.35204321000000294,True,target,0.018401961527767297,0.01852582088420407,0.026586790020474815,0.033045170748970065,0,mean_strength|hold12|tp0.01000,False,1,1,mid,high,1.0
btcusdt_clarity_hold12_v1,BTCUSDT,0,245,1647421200000,1647421200000,1,1,0.006567846032316363,0.006567846032316363,0.35853817500000584,True,target_entry_bar,-0.004798929070692126,-0.0035886999175067658,0.002983585340914141,0.014747506680959033,0,mean_strength|hold12|tp0.01000,False,1,1,high,high,1.0
btcusdt_clarity_hold12_v1,BTCUSDT,0,246,1647424800000,1647439200000,1,1,0.00820750695652424,0.00820750695652424,0.36031707500000587,True,target,0.004936231042415917,0.007914349318383307,-4.963530460089238e-06,0.014299931255103093,0,mean_strength|hold12|tp0.01000,False,1,1,high,high,1.0
btcusdt_clarity_hold12_v1,BTCUSDT,0,247,1647460800000,1647504000000,-1,1,-0.003340350459704346,0.003340350459704346,0.0824373250000029,True,max_hold,0.003451571277493626,0.002954331564291812,0.0029882893983641523,0.010078200040749441,0,mean_strength|hold12|tp0.01000,False,1,-1,mid,high,1.0
btcusdt_clarity_hold12_v1,BTCUSDT,0,248,1647568800000,1647601200000,-1,1,-0.0004165938581484534,0.0004165938581484534,0.36067308000000003,True,target,-7.407846390905526e-05,-0.005849729366678602,-0.0023803879736084,-0.0014173679427917918,0,mean_strength|hold12|tp0.01000,False,1,0,low,mid,1.0
btcusdt_clarity_hold12_v1,BTCUSDT,0,249,1647604800000,1647615600000,1,1,0.0038467125321206604,0.0038467125321206604,0.35933681,True,target,0.0035289200812120836,0.011496811112512217,0.030719162753200635,0.03503448548740873,0,mean_strength|hold12|tp0.01000,False,1,1,mid,mid,1.0
btcusdt_clarity_hold12_v1,BTCUSDT,0,250,1647619200000,1647619200000,1,1,0.0024509176671557733,0.0024509176671557733,0.3639599700000044,True,target_entry_bar,0.006006833195606465,0.015321532298205875,0.00733819485722309,0.009710966457418202,0,mean_strength|hold12|tp0.01000,False,1,1,low,mid,1.0
btcusdt_clarity_hold12_v1,BTCUSDT,0,251,1647658800000,1647702000000,1,1,0.003250799528246134,0.003250799528246134,-0.023268175000002916,False,max_hold,7.418930238123345e-05,-0.0007394998205098036,-0.0029244944358022273,0.00296757209524956,0,mean_strength|hold12|tp0.01000,True,-1,1,mid,mid,1.0
btcusdt_clarity_hold12_v1,BTCUSDT,0,252,1647705600000,1647748800000,-1,1,-0.002925688652556691,0.002925688652556691,-0.08029560999999708,False,max_hold,0.0019879341455101285,-0.0013181385880900454,0.0006197396616698381,0.002848418829597854,0,mean_strength|hold12|tp0.01000,True,-1,-1,low,low,0.9
btcusdt_clarity_hold12_v1,BTCUSDT,0,253,1647752400000,1647777600000,-1,1,-0.0035628168899180827,0.0035628168899180827,0.37233620499999853,True,target,0.00017668688219285578,0.0007616637218853528,0.007022109736879778,0.020168568836254175,0,mean_strength|hold12|tp0.01000,False,1,-1,mid,low,0.8
btcusdt_clarity_hold12_v1,BTCUSDT,0,254,1647781200000,1647795600000,-1,1,-0.004150524163279993,0.004150524163279993,0.3704699,True,target,0.0013840062883073712,0.004422068872396601,0.0026353987336584783,0.006240084101288068,0,mean_strength|hold12|tp0.01000,False,1,-1,mid,low,0.8
btcusdt_clarity_hold12_v1,BTCUSDT,0,255,1647910800000,1647914400000,1,1,0.007154545139438522,0.007154545139438522,0.3658339750000029,True,target,0.016209424796288507,0.04480071156215604,0.02549278352519746,0.04051870159348114,0,mean_strength|hold12|tp0.01000,False,1,1,high,mid,0.8
btcusdt_clarity_hold12_v1,BTCUSDT,0,256,1647918000000,1647918000000,1,1,0.009400125409380804,0.009400125409380804,0.3721492900000014,True,target_entry_bar,0.018053516457494645,0.00027231825716311775,0.005162206961875526,0.007984844896992582,0,mean_strength|hold12|tp0.01000,False,1,1,high,mid,0.8
btcusdt_clarity_hold12_v1,BTCUSDT,0,257,1647921600000,1647921600000,1,1,0.003566601666141327,0.003566601666141327,0.37579130499999996,True,target_entry_bar,-0.0033122133214242844,-0.018480010420446447,-0.004412407774397442,-0.011292693592355851,0,mean_strength|hold12|tp0.01000,False,1,1,mid,mid,0.8
btcusdt_clarity_hold12_v1,BTCUSDT,0,258,1647925200000,1647928800000,1,1,0.00366147494371773,0.00366147494371773,-0.9071421250000029,False,stop,-0.01420070011668606,-0.007332555425904275,0.0029638273045506924,-0.005556592765460833,0,mean_strength|hold12|tp0.01000,True,-1,1,mid,high,0.8
btcusdt_clarity_hold12_v1,BTCUSDT,0,259,1647932400000,1647943200000,1,1,0.004120975072143093,0.004120975072143093,0.37588013999999853,True,target,0.008007507482599818,0.014332466781522113,0.014652387915038423,0.001665959680458018,0,mean_strength|hold12|tp0.01000,False,1,1,mid,high,0.7
btcusdt_clarity_hold12_v1,BTCUSDT,0,260,1647968400000,1648011600000,1,1,0.00526217341352843,0.00526217341352843,-0.640654099999997,False,max_hold,-0.001490194053773708,-0.0010607365548122027,-0.006150863960536768,-0.014357491686594614,0,mean_strength|hold12|tp0.01000,True,-1,1,mid,high,0.7
btcusdt_clarity_hold12_v1,BTCUSDT,0,261,1648015200000,1648047600000,1,1,0.0011854766245527593,0.0011854766245527593,0.37374557000000436,True,target,-0.002677274676535446,-0.0013504836863940106,0.003051619277325557,-0.003262484273972799,0,mean_strength|hold12|tp0.01000,False,1,0,low,mid,0.6
btcusdt_clarity_hold12_v1,BTCUSDT,0,262,1648054800000,1648076400000,1,1,0.0035217866976415243,0.0035217866976415243,0.3787247299999956,True,target,-0.0018885382808607742,0.0043512301596717595,0.01705615791596493,0.01987235758855488,0,mean_strength|hold12|tp0.01000,False,1,1,mid,mid,0.7
btcusdt_clarity_hold12_v1,BTCUSDT,0,263,1648080000000,1648101600000,1,1,0.00496687060609411,0.00496687060609411,0.3814858749999942,True,target,-0.00512664390740436,-0.007755036590665565,0.0035765661711220087,-0.005359039370115282,0,mean_strength|hold12|tp0.01000,False,1,1,mid,mid,0.8
btcusdt_clarity_hold12_v1,BTCUSDT,0,264,1648105200000,1648130400000,1,1,0.004406633659728264,0.004406633659728264,0.38433343499999856,True,target,-0.0009730382480667155,-0.0018438958686515239,-0.0021388263161561394,0.019277304289263997,0,mean_strength|hold12|tp0.01000,False,1,1,mid,mid,0.8
btcusdt_clarity_hold12_v1,BTCUSDT,0,265,1648134000000,1648134000000,1,1,0.005226789963525609,0.005226789963525609,0.3876181299999956,True,target_entry_bar,0.0001774057816090746,0.00011827052107249436,0.0008119726158253293,-0.00011827052107260538,0,mean_strength|hold12|tp0.01000,False,1,1,mid,mid,0.8
btcusdt_clarity_hold12_v1,BTCUSDT,0,266,1648137600000,1648170000000,1,1,0.0008372459348674952,0.0008372459348674952,0.3912660850000015,True,target,-0.0041910366846467095,-0.0019033628350784149,-0.0010915342423387653,0.0024514039859191428,0,mean_strength|hold12|tp0.01000,False,1,0,low,mid,0.8
btcusdt_clarity_hold12_v1,BTCUSDT,0,267,1648177200000,1648206000000,1,1,0.0029192898836743544,0.0029192898836743544,0.390911955,True,target,0.002747840170329585,0.0027705871916070546,0.0030344526384269432,0.008152532425878656,0,mean_strength|hold12|tp0.01000,False,1,1,low,mid,0.8
btcusdt_clarity_hold12_v1,BTCUSDT,0,268,1648209600000,1648213200000,1,1,0.00037021613719701794,0.00037021613719701794,0.39652032999999565,True,target,0.0035930362048610665,-0.010906315486432505,-0.008292995364760136,-0.015191178538192296,0,mean_strength|hold12|tp0.01000,False,1,0,low,mid,0.8
btcusdt_clarity_hold12_v1,BTCUSDT,0,269,1648256400000,1648299600000,1,1,0.0018952703963871337,0.0018952703963871337,0.131835395,True,max_hold,-0.0003116770483730935,0.002267563453381749,0.0046570874909095394,-0.0008153290903095689,0,mean_strength|hold12|tp0.01000,False,1,1,low,low,0.9
btcusdt_clarity_hold12_v1,BTCUSDT,0,270,1648386000000,1648393200000,1,1,0.0015659156561429683,0.0015659156561429683,0.395363605,True,target,-9.641342074806492e-05,0.007444012950788892,0.004798249311652958,0.0493143436264003,0,mean_strength|hold12|tp0.01000,False,1,0,low,low,0.9
btcusdt_clarity_hold12_v1,BTCUSDT,0,271,1648414800000,1648418400000,-1,1,-0.0028235285755662115,0.0028235285755662115,-0.9730069799999956,False,stop,-0.0007882590214849383,-0.007680692808800904,-0.01040630779044771,-0.012393064179748725,0,mean_strength|hold12|tp0.01000,True,-1,-1,low,mid,1.0
btcusdt_clarity_hold12_v1,BTCUSDT,0,272,1648458000000,1648472400000,1,1,0.0027577806763982565,0.0027577806763982565,0.4183980499999942,True,target,0.0015635839805834273,0.0013726442814621098,0.005846997897541728,0.010102831635737886,0,mean_strength|hold12|tp0.01000,False,1,1,low,high,0.9
btcusdt_clarity_hold12_v1,BTCUSDT,0,273,1648501200000,1648508400000,-1,1,-0.0013781458234517266,0.0013781458234517266,0.42648461500000145,True,target,0.0017432763092950498,0.004599729057055524,0.005954443779339069,0.0007666215095092355,0,mean_strength|hold12|tp0.01000,False,1,0,low,low,0.9
btcusdt_clarity_hold12_v1,BTCUSDT,0,274,1648652400000,1648695600000,-1,1,-0.005103739930777865,0.005103739930777865,-0.1815554849999971,False,max_hold,-0.0016435613748231326,0.0009437223378017112,0.003832148908781252,0.001384833003560626,0,mean_strength|hold12|tp0.01000,True,-1,-1,mid,low,0.9
btcusdt_clarity_hold12_v1,BTCUSDT,0,275,1648738800000,1648742400000,1,1,-0.0051585513772291845,0.0051585513772291845,-0.9849604250000058,False,stop,-0.01631216361679222,-0.010831001076426205,-0.015369214208826754,-0.04015069967707208,0,mean_strength|hold12|tp0.01000,True,-1,-1,mid,mid,0.8
btcusdt_clarity_hold12_v1,BTCUSDT,0,276,1648746000000,1648767600000,-1,1,-0.0020011472665459073,0.0020011472665459073,0.4067114349999971,True,target,-0.0026732483131257645,0.0018003509047581634,0.006948263370606056,0.026195651225111583,0,mean_strength|hold12|tp0.01000,False,1,-1,low,mid,0.7
btcusdt_clarity_hold12_v1,BTCUSDT,0,277,1648771200000,1648774800000,-1,1,-0.009306575099641973,0.009306575099641973,0.40501872999999566,True,target,0.013467458947636568,0.02095767621005107,0.016809619801754105,0.007033469918356516,0,mean_strength|hold12|tp0.01000,False,1,-1,high,mid,0.7
btcusdt_clarity_hold12_v1,BTCUSDT,0,278,1648778400000,1648778400000,-1,1,-0.0047710853062995565,0.0047710853062995565,0.39985299,True,target_entry_bar,-0.004293334294415585,-0.005171823473230752,-0.016164200890202318,-0.038344926387111844,0,mean_strength|hold12|tp0.01000,False,1,-1,mid,mid,0.7
btcusdt_clarity_hold12_v1,BTCUSDT,0,279,1648782000000,1648800000000,-1,1,-0.00529821662690787,0.00529821662690787,-0.9366973800000016,False,stop,-0.0009151059773466752,-0.004236850958842631,-0.01071660872490754,-0.04347874845800148,0,mean_strength|hold12|tp0.01000,True,-1,-1,mid,mid,0.7
btcusdt_clarity_hold12_v1,BTCUSDT,0,280,1648861200000,1648864800000,-1,1,-0.003614376381569567,0.003614376381569567,0.41731205999999854,True,target,0.00547757617254363,0.004585330366312923,0.0033806915439917873,0.00021182814104758751,0,mean_strength|hold12|tp0.01000,False,1,-1,mid,high,0.6
btcusdt_clarity_hold12_v1,BTCUSDT,0,281,1648918800000,1648962000000,1,1,-0.0040899561169598616,0.0040899561169598616,-0.0249707,False,max_hold,-0.011359100764824492,-0.004122932870195495,-0.01199339812947009,-0.0002718417277052243,0,mean_strength|hold12|tp0.01000,True,-1,-1,mid,mid,0.6
btcusdt_clarity_hold12_v1,BTCUSDT,0,282,1649019600000,1649023200000,-1,1,-0.012315482465579205,0.012315482465579205,-0.9780712000000059,False,stop,0.00594290045907897,0.023777989762283958,0.020726690458142127,0.02285599911420766,0,mean_strength|hold12|tp0.01000,True,-1,-1,high,low,0.6
btcusdt_clarity_hold12_v1,BTCUSDT,0,283,1649026800000,1649030400000,-1,1,-0.0035182686492568178,0.0035182686492568178,0.4155294199999986,True,target,0.011758391460670259,0.00798191083022226,0.0038239021908761384,0.005227149274450116,0,mean_strength|hold12|tp0.01000,False,1,-1,mid,mid,0.5
btcusdt_clarity_hold12_v1,BTCUSDT,0,284,1649037600000,1649080800000,-1,1,-0.003230777927181052,0.003230777927181052,-0.38408234500000005,False,max_hold,0.0006931452497822566,-0.004191464535516554,-0.0026856662342655824,0.002868187240477993,0,mean_strength|hold12|tp0.01000,True,-1,-1,mid,mid,0.5
btcusdt_clarity_hold12_v1,BTCUSDT,0,285,1649095200000,1649098800000,1,1,0.001115134565177768,0.001115134565177768,0.40381547,True,target,0.009162694993053222,0.020967798666924553,0.02246926716026798,0.024581875098925288,0,mean_strength|hold12|tp0.01000,False,1,0,low,mid,0.5
btcusdt_clarity_hold12_v1,BTCUSDT,0,286,1649102400000,1649109600000,-1,1,-0.00141202266302324,0.00141202266302324,-0.9686757050000044,False,stop,-0.0032185874505330503,-0.0062060414398534824,-0.006838958300931397,-0.007890939568320432,0,mean_strength|hold12|tp0.01000,True,-1,0,low,mid,0.6
btcusdt_clarity_hold12_v1,BTCUSDT,0,287,1649167200000,1649185200000,1,1,-0.008797207100425952,0.008797207100425952,-0.9792666149999971,False,stop,-0.0012795011255679611,0.0030917638119525304,0.001476011537344668,-0.012915100951765401,0,mean_strength|hold12|tp0.01000,True,-1,-1,high,low,0.5
btcusdt_clarity_hold12_v1,BTCUSDT,0,288,1649199600000,1649199600000,-1,1,-0.00859509800080372,0.00859509800080372,0.40804913000000437,True,target_entry_bar,0.010937300725195387,0.005932617080132152,0.002838772665103906,0.014840338277913867,0,mean_strength|hold12|tp0.01000,False,1,-1,high,low,0.4
btcusdt_clarity_hold12_v1,BTCUSDT,0,289,1649203200000,1649203200000,-1,1,-0.0014023823247586904,0.0014023823247586904,0.404749805,True,target_entry_bar,-0.004188528234771116,-0.004891062694530879,-0.010451311694086307,0.0052401067140951385,0,mean_strength|hold12|tp0.01000,False,1,0,low,low,0.4
btcusdt_clarity_hold12_v1,BTCUSDT,0,290,1649210400000,1649242800000,-1,1,-0.0011927020710249226,0.0011927020710249226,0.402087945,True,target,0.00016811332607791218,-0.003112308549889864,-0.0031521248639609922,0.021337120307204915,0,mean_strength|hold12|tp0.01000,False,1,0,low,mid,0.5
btcusdt_clarity_hold12_v1,BTCUSDT,0,291,1649250000000,1649253600000,1,1,0.008177278098709665,0.008177278098709665,-0.9440508449999957,False,stop,0.0019475960776320633,-0.008700772244491173,-0.009189935910501212,-0.018135289987997405,0,mean_strength|hold12|tp0.01000,True,-1,1,high,mid,0.5
btcusdt_clarity_hold12_v1,BTCUSDT,0,292,1649257200000,1649264400000,1,1,0.008913621251788625,0.008913621251788625,-0.9335026049999956,False,stop,-0.00875464793452807,-0.007416314533259083,-0.007565773085684957,-0.019642477026408867,0,mean_strength|hold12|tp0.01000,True,-1,1,high,mid,0.5
btcusdt_clarity_hold12_v1,BTCUSDT,0,293,1649268000000,1649268000000,1,1,0.005504999091472591,0.005504999091472591,0.38985110499999565,True,target_entry_bar,-0.0018411248428656934,-0.00015057526595918524,-0.021888168206260716,-0.01056764593823234,0,mean_strength|hold12|tp0.01000,False,1,1,mid,mid,0.5
btcusdt_clarity_hold12_v1,BTCUSDT,0,294,1649271600000,1649289600000,1,1,-0.0010059428422775423,0.0010059428422775423,-0.9248568849999985,False,stop,0.002516502404505516,-0.005741556803013359,-0.009028323794547322,-0.00764779023203932,0,mean_strength|hold12|tp0.01000,True,-1,0,low,mid,0.5
btcusdt_clarity_hold12_v1,BTCUSDT,0,295,1649293200000,1649293200000,1,1,0.0028101943748950046,0.0028101943748950046,0.38148037499999415,True,target_entry_bar,-0.0004082461101294621,0.0005512475724349652,0.001393111019877269,0.006315129093416916,0,mean_strength|hold12|tp0.01000,False,1,1,low,mid,0.5
btcusdt_clarity_hold12_v1,BTCUSDT,0,296,1649332800000,1649376000000,1,1,0.002338334231725928,0.002338334231725928,-0.39264839500000437,False,max_hold,0.0022074750941221133,-0.005257971374032722,0.0034708583425788753,-0.005062721235634782,0,mean_strength|hold12|tp0.01000,True,-1,1,low,mid,0.5
btcusdt_clarity_hold12_v1,BTCUSDT,0,297,1649412000000,1649440800000,1,1,-0.009386798952567539,0.009386798952567539,-0.9192697299999957,False,stop,-0.005703050891058492,-0.014656128769973797,-0.0025288195856042472,-0.028758719374524788,0,mean_strength|hold12|tp0.01000,True,-1,-1,high,low,0.5
btcusdt_clarity_hold12_v1,BTCUSDT,0,298,1649455200000,1649458800000,-1,1,-0.0026447341177207127,0.0026447341177207127,0.37874849499999563,True,target,0.0013432341673367265,-0.003152343565246296,-0.0023577543394976974,-0.004301660123918083,0,mean_strength|hold12|tp0.01000,False,1,-1,low,mid,0.5
btcusdt_clarity_hold12_v1,BTCUSDT,0,299,1649466000000,1649509200000,-1,1,-0.003032715242264184,0.003032715242264184,-0.14258592499999417,False,max_hold,0.005999627528035623,0.0007920922787506557,-0.0011127010582445696,-0.0006553620639659918,0,mean_strength|hold12|tp0.01000,True,-1,-1,mid,mid,0.5
btcusdt_clarity_hold12_v1,BTCUSDT,0,300,1649602800000,1649628000000,-1,1,-0.007282030547874758,0.007282030547874758,0.3799090699999985,True,target,-0.0009503166942086416,-0.008358573682313297,0.0006858196832588703,0.014453708341720772,0,mean_strength|hold12|tp0.01000,False,1,-1,high,low,0.4
btcusdt_clarity_hold12_v1,BTCUSDT,0,301,1649638800000,1649642400000,-1,1,,,0.37644065500000434,True,target,0.005221826809015395,-0.002417556346381966,-0.0031459074733095616,0.024196915776987016,0,mean_strength|hold12|tp0.01000,False,1,0,na,mid,0.4
btcusdt_clarity_hold12_v1,BTCUSDT,0,302,1649649600000,1649667600000,-1,1,-0.010891139945060921,0.010891139945060921,0.3747390400000029,True,target,-0.0006224572149418073,-0.0007265945436771837,0.015805206393085358,0.035404325012603044,0,mean_strength|hold12|tp0.01000,False,1,-1,high,mid,0.5
btcusdt_clarity_hold12_v1,BTCUSDT,0,303,1649671200000,1649674800000,-1,1,-0.00611962783434373,0.00611962783434373,0.36824275500000003,True,target,0.01272120834645929,0.010917634384295938,0.019913861307567005,0.04432944322469412,0,mean_strength|hold12|tp0.01000,False,1,-1,high,mid,0.6
btcusdt_clarity_hold12_v1,BTCUSDT,0,304,1649682000000,1649682000000,-1,1,-0.007514809687127826,0.007514809687127826,0.36610191499999856,True,target_entry_bar,0.007981988859740108,0.009095528578826673,0.0284074193838576,0.04013362476629034,0,mean_strength|hold12|tp0.01000,False,1,-1,high,high,0.6
btcusdt_clarity_hold12_v1,BTCUSDT,0,305,1649685600000,1649689200000,-1,1,-0.006397410028643714,0.006397410028643714,0.3661057649999986,True,target,0.005541422192158363,0.00881823841105056,0.024217068854805568,0.03276571131665762,0,mean_strength|hold12|tp0.01000,False,1,-1,high,high,0.7
btcusdt_clarity_hold12_v1,BTCUSDT,0,306,1649692800000,1649703600000,-1,1,-0.009648120286054907,0.009648120286054907,0.36121225000000584,True,target,0.0077043870841103645,0.019489154971047307,0.024911669447443385,0.02119933261360285,0,mean_strength|hold12|tp0.01000,False,1,-1,high,high,0.7
btcusdt_clarity_hold12_v1,BTCUSDT,0,307,1649707200000,1649707200000,-1,1,-0.009808630802215086,0.009808630802215086,0.3556845700000015,True,target_entry_bar,0.01118459223835,0.007738542260578574,0.008760803442031118,-0.008544797393861936,0,mean_strength|hold12|tp0.01000,False,1,-1,high,high,0.8
btcusdt_clarity_hold12_v1,BTCUSDT,0,308,1649710800000,1649710800000,-1,1,-0.017526718232385656,0.017526718232385656,0.3543457749999942,True,target_entry_bar,-0.009456823238942702,-0.0039016063644954357,-0.008925940602107385,-0.020849209010272096,0,mean_strength|hold12|tp0.01000,False,1,-1,high,high,0.9
btcusdt_clarity_hold12_v1,BTCUSDT,0,309,1649714400000,1649743200000,-1,1,-0.009808630802215086,0.009808630802215086,-0.83071653,False,stop,0.005915849494347092,0.006575123236379765,-0.0038071800446395354,-0.009848845138611173,0,mean_strength|hold12|tp0.01000,True,-1,-1,high,high,0.9
btcusdt_clarity_hold12_v1,BTCUSDT,0,310,1649746800000,1649764800000,-1,1,-0.009334248604985981,0.009334248604985981,-0.842116360000003,False,stop,2.4903560960187754e-05,0.000567801189892192,-0.0056257144209050924,0.021760731567006864,0,mean_strength|hold12|tp0.01000,True,-1,-1,high,high,0.9
btcusdt_clarity_hold12_v1,BTCUSDT,0,311,1649793600000,1649797200000,1,1,0.004457890588731664,0.004457890588731664,0.3496474149999986,True,target,0.004387808323923048,0.014302786625413288,0.013712850480304128,0.016409339727261996,0,mean_strength|hold12|tp0.01000,False,1,1,mid,mid,0.8
btcusdt_clarity_hold12_v1,BTCUSDT,0,312,1649815200000,1649854800000,1,1,0.0005884315467644414,0.0005884315467644414,0.3547118900000029,True,target,0.0005469885656910201,0.0030921088781987738,0.002660012887949703,0.014576371093028007,0,mean_strength|hold12|tp0.01000,False,1,0,low,mid,0.8
btcusdt_clarity_hold12_v1,BTCUSDT,0,313,1649930400000,1649941200000,-1,1,-0.00018761778033662437,0.00018761778033662437,0.36646528500000003,True,target,0.00040068507374813045,0.008397284137024674,0.02444911910363823,0.02704624247799281,0,mean_strength|hold12|tp0.01000,False,1,0,low,mid,0.8
btcusdt_clarity_hold12_v1,BTCUSDT,0,314,1649944800000,1649952000000,1,1,0.003904359829090621,0.003904359829090621,-0.8563206049999986,False,stop,-0.011752131465527893,-0.011428020050373244,-0.013127749380229647,-0.010547228723693625,0,mean_strength|hold12|tp0.01000,True,-1,1,mid,mid,0.8
btcusdt_clarity_hold12_v1,BTCUSDT,0,315,1649955600000,1649998800000,1,1,0.008825555338345864,0.008825555338345864,0.08898284000000001,True,max_hold,-0.007981219482284474,-0.0017193784209249552,-0.0010111046318103112,0.0037741232296282234,0,mean_strength|hold12|tp0.01000,False,1,1,high,mid,0.7
btcusdt_clarity_hold12_v1,BTCUSDT,0,316,1650052800000,1650096000000,1,1,0.004868467817498916,0.004868467817498916,0.014919015000002915,True,max_hold,0.0006166281583619426,0.003679957603718531,0.0031475276677834785,-0.0005225242627082682,0,mean_strength|hold12|tp0.01000,False,1,1,mid,low,0.7
btcusdt_clarity_hold12_v1,BTCUSDT,0,317,1650121200000,1650121200000,-1,1,0.004048331750060116,0.004048331750060116,0.3603164199999986,True,target_entry_bar,-0.0036313867701636138,-0.003171844015204872,-0.010621931178477206,-0.004395626351779924,0,mean_strength|hold12|tp0.01000,False,1,1,mid,low,0.7
btcusdt_clarity_hold12_v1,BTCUSDT,0,318,1650124800000,1650142800000,1,1,0.0002799016375419444,0.0002799016375419444,0.3563138899999986,True,target,-0.001336312871405343,0.00010700456884626952,0.005096403651095427,0.002038063764769227,0,mean_strength|hold12|tp0.01000,False,1,0,low,low,0.7
btcusdt_clarity_hold12_v1,BTCUSDT,0,319,1650196800000,1650214800000,-1,1,-0.010271149359290127,0.010271149359290127,0.36004463500000294,True,target,0.0030957070882042803,-0.0004924426143504412,0.007527690617359806,0.017398814178388067,0,mean_strength|hold12|tp0.01000,False,1,-1,high,low,0.7
btcusdt_clarity_hold12_v1,BTCUSDT,0,320,1650218400000,1650236400000,-1,1,-0.006416905576935122,0.006416905576935122,0.35675025999999854,True,target,-0.006263308283424696,-0.0020545246916967574,0.00994599392618678,0.028760852328544417,0,mean_strength|hold12|tp0.01000,False,1,-1,high,low,0.8
btcusdt_clarity_hold12_v1,BTCUSDT,0,321,1650366000000,1650373200000,1,1,0.013753073558231637,0.013753073558231637,0.36289659,True,target,0.007122216347158927,0.021735548368850166,0.016443072685464077,0.01995499428206049,0,mean_strength|hold12|tp0.01000,False,1,1,high,mid,0.9
btcusdt_clarity_hold12_v1,BTCUSDT,0,322,1650376800000,1650420000000,1,1,0.007049307017845,0.007049307017845,-0.15162608499999855,False,max_hold,-0.0026958524791010907,-0.005179887977701525,-0.006267857013910194,-0.004501110835642086,0,mean_strength|hold12|tp0.01000,True,-1,1,high,mid,0.9
btcusdt_clarity_hold12_v1,BTCUSDT,0,323,1650427200000,1650448800000,1,1,0.010293006293256649,0.010293006293256649,0.36813983500000147,True,target,0.0022572598848868974,-0.00018629047281504274,0.011223396147900022,0.0006967747554633696,0,mean_strength|hold12|tp0.01000,False,1,1,high,low,0.8
btcusdt_clarity_hold12_v1,BTCUSDT,0,324,1650535200000,1650535200000,1,1,0.0006535780383064513,0.0006535780383064513,0.37178789999999995,True,target_entry_bar,0.004463704282551273,0.010473720977042245,-0.01004984667116593,-0.0438390224842824,0,mean_strength|hold12|tp0.01000,False,1,0,low,mid,0.8
btcusdt_clarity_hold12_v1,BTCUSDT,0,325,1650556800000,1650560400000,-1,1,-0.0528591159264415,0.0528591159264415,0.3750126949999985,True,target,0.006190632243434302,0.014237497338841387,0.034132199181439615,0.02886250720605854,0,mean_strength|hold12|tp0.01000,False,1,-1,high,mid,0.9
btcusdt_clarity_hold12_v1,BTCUSDT,0,326,1650564000000,1650571200000,-1,1,-0.04981226057766303,0.04981226057766303,0.3698499250000029,True,target,0.005811709303559898,0.01795381512540184,0.025302286083742742,0.019251739411543345,0,mean_strength|hold12|tp0.01000,False,1,-1,high,mid,0.9
btcusdt_clarity_hold12_v1,BTCUSDT,0,327,1650574800000,1650578400000,-1,1,-0.046839972806719636,0.046839972806719636,0.3612912950000044,True,target,0.008067487827526754,0.007482816054399044,0.005802498857679028,0.010379152275061032,0,mean_strength|hold12|tp0.01000,False,1,-1,high,mid,0.9
btcusdt_clarity_hold12_v1,BTCUSDT,0,328,1650582000000,1650625200000,-1,1,-0.04440512916396019,0.04440512916396019,-0.12934049500000147,False,max_hold,0.0011817116524680538,-0.0004400516195381954,-0.004682347007896048,-0.0026749205187663883,0,mean_strength|hold12|tp0.01000,True,-1,-1,high,mid,0.9
btcusdt_clarity_hold12_v1,BTCUSDT,0,329,1650643200000,1650672000000,1,1,0.010008097602043598,0.010008097602043598,0.35070540499999564,True,target,-0.001125533866373818,0.0031377749999363935,0.00824205838039993,0.003869499048504643,0,mean_strength|hold12|tp0.01000,False,1,1,high,mid,0.8
btcusdt_clarity_hold12_v1,BTCUSDT,0,330,1650718800000,1650762000000,1,1,0.006442405450907259,0.006442405450907259,-0.1931765000000058,False,max_hold,0.0003376931024923202,0.0029485144023588816,0.0013583327033088732,-0.0056954209823341095,0,mean_strength|hold12|tp0.01000,True,-1,1,high,low,0.8
btcusdt_clarity_hold12_v1,BTCUSDT,0,331,1650866400000,1650870000000,-1,1,-0.0009121997850128163,0.0009121997850128163,0.3467835800000015,True,target,0.004480681270752296,0.0011447752148395773,-0.004454781379013895,-0.032504364131757946,0,mean_strength|hold12|tp0.01000,False,1,0,low,mid,0.7
btcusdt_clarity_hold12_v1,BTCUSDT,0,332,1650880800000,1650888000000,1,1,0.0159631892062306,0.0159631892062306,0.3432439249999942,True,target,0.010584807351298409,0.008139755911478197,0.027296564689707647,0.050145687569816744,0,mean_strength|hold12|tp0.01000,False,1,1,high,mid,0.7
btcusdt_clarity_hold12_v1,BTCUSDT,0,333,1650891600000,1650891600000,1,1,0.014571262907404292,0.014571262907404292,0.34510473,True,target_entry_bar,0.00855703094530269,0.01900213602915546,0.038414947554931134,0.045259539165269924,0,mean_strength|hold12|tp0.01000,False,1,1,high,mid,0.8
btcusdt_clarity_hold12_v1,BTCUSDT,0,334,1650895200000,1650895200000,1,1,0.0079711658700619,0.0079711658700619,0.34457733000000146,True,target_entry_bar,-0.00206412620364671,0.008543331284572853,0.028636549887318008,0.03762292562999381,0,mean_strength|hold12|tp0.01000,False,1,1,high,mid,0.8
btcusdt_clarity_hold12_v1,BTCUSDT,0,335,1650898800000,1650902400000,1,1,0.008010255451420404,0.008010255451420404,0.3475106450000044,True,target,0.012446301267213133,0.023039771706605983,0.031995976123631475,0.039843561541185624,0,mean_strength|hold12|tp0.01000,False,1,1,high,mid,0.8
btcusdt_clarity_hold12_v1,BTCUSDT,0,336,1650924000000,1650967200000,-1,1,-0.017794189464098224,0.017794189464098224,-0.2286147650000029,False,max_hold,-0.0020109149787130853,-0.003449053927730983,-0.005340950510663411,-0.0009447085165099622,0,mean_strength|hold12|tp0.01000,True,-1,-1,high,mid,0.8
btcusdt_clarity_hold12_v1,BTCUSDT,0,337,1650970800000,1650978000000,-1,1,-0.01787585138674741,0.01787585138674741,0.35933934500000003,True,target,0.004281596550991029,0.029232031879601106,0.051342077810353826,0.058303380285868234,0,mean_strength|hold12|tp0.01000,False,1,-1,high,mid,0.7
btcusdt_clarity_hold12_v1,BTCUSDT,0,338,1650981600000,1650981600000,-1,1,-0.009131011178069694,0.009131011178069694,0.3543520450000015,True,target_entry_bar,0.01840604842919591,0.022775829710947493,0.029679371118190412,0.022192682908196426,0,mean_strength|hold12|tp0.01000,False,1,-1,high,mid,0.7
btcusdt_clarity_hold12_v1,BTCUSDT,0,339,1650985200000,1650985200000,-1,1,-0.00040692039559665256,0.00040692039559665256,0.349540985,True,target_entry_bar,-0.0023607605280839827,0.004228615011842685,0.006270283732284665,0.005759217991589516,0,mean_strength|hold12|tp0.01000,False,1,0,low,mid,0.8
btcusdt_clarity_hold12_v1,BTCUSDT,0,340,1651003200000,1651039200000,1,1,0.006176342730533659,0.006176342730533659,0.3403927349999971,True,target,0.005275009054120039,-0.0002755601744689473,0.007715684885130747,0.022480461471438895,0,mean_strength|hold12|tp0.01000,False,1,1,high,mid,0.8
btcusdt_clarity_hold12_v1,BTCUSDT,0,341,1651068000000,1651068000000,-1,1,0.004908205674557836,0.004908205674557836,0.34998890000000005,True,target_entry_bar,-0.00861154656029628,-0.011304433303843453,-0.010931930238453624,-0.019336530651311357,0,mean_strength|hold12|tp0.01000,False,1,1,mid,mid,0.9
btcusdt_clarity_hold12_v1,BTCUSDT,0,342,1651071600000,1651071600000,1,1,0.0005980859486160769,0.0005980859486160769,0.34404266999999567,True,target_entry_bar,0.004816582585925211,-0.005406472891975822,0.00547315614396382,0.008786800819690965,0,mean_strength|hold12|tp0.01000,False,1,0,low,high,0.9
btcusdt_clarity_hold12_v1,BTCUSDT,0,343,1651111200000,1651129200000,1,1,0.002932450414253564,0.002932450414253564,0.34892958500000293,True,target,-0.001827183928902243,-0.0027788422252055245,0.005052671114506024,-0.0031721943210107906,0,mean_strength|hold12|tp0.01000,False,1,1,low,mid,0.9
btcusdt_clarity_hold12_v1,BTCUSDT,0,344,1651168800000,1651176000000,-1,1,-0.0024081504792923506,0.0024081504792923506,0.35836271000000147,True,target,0.0022813156751846364,0.005373821278634949,0.005680825466870987,0.015340225535759755,0,mean_strength|hold12|tp0.01000,False,1,-1,low,mid,0.9
btcusdt_clarity_hold12_v1,BTCUSDT,0,345,1651208400000,1651222800000,-1,1,-0.0016652451735473873,0.0016652451735473873,0.35185608499999854,True,target,0.0009420774326869275,0.002172856014100666,0.018980834295670546,0.021961547032962492,0,mean_strength|hold12|tp0.01000,False,1,-1,low,mid,0.9
btcusdt_clarity_hold12_v1,BTCUSDT,0,346,1651226400000,1651226400000,-1,1,-0.005438179904029209,0.005438179904029209,0.34838272000000436,True,target_entry_bar,0.0013354129339125942,-0.011876925456631326,0.007349927171012682,0.005346807770144069,0,mean_strength|hold12|tp0.01000,False,1,-1,mid,mid,0.9
btcusdt_clarity_hold12_v1,BTCUSDT,0,347,1651230000000,1651255200000,-1,1,-0.005438179904029209,0.005438179904029209,0.3452661249999971,True,target,-0.003890267104138978,-0.00520681403387413,0.003038383796663102,0.004272323860218807,0,mean_strength|hold12|tp0.01000,False,1,-1,mid,mid,1.0
btcusdt_clarity_hold12_v1,BTCUSDT,0,348,1651356000000,1651359600000,-1,1,-0.00564921899944199,0.00564921899944199,0.3408188749999971,True,target,0.016220867431940067,0.008385053367752304,0.007969200752196204,0.005735627584366965,0,mean_strength|hold12|tp0.01000,False,1,-1,mid,low,1.0
btcusdt_clarity_hold12_v1,BTCUSDT,0,349,1651374000000,1651417200000,1,1,-3.254172240902561e-05,3.254172240902561e-05,0.11581412499999999,True,max_hold,-0.0023986617992066694,-0.002256635771622051,-0.0017069424426371382,0.011809201182498175,0,mean_strength|hold12|tp0.01000,False,1,0,low,mid,1.0
btcusdt_clarity_hold12_v1,BTCUSDT,0,350,1651539600000,1651582800000,1,1,0.0017325830180291901,0.0017325830180291901,-0.03108059000000292,False,max_hold,-0.0027858769281097207,-0.0003167539470916303,0.0009710325919041196,-0.004026929278190372,0,mean_strength|hold12|tp0.01000,True,-1,1,low,mid,1.0
btcusdt_clarity_hold12_v1,BTCUSDT,0,351,1651593600000,1651600800000,-1,1,-0.0002562757697321894,0.0002562757697321894,0.34117190499999855,True,target,0.0025505723715081308,0.011560148158633488,0.010993936820251515,0.004411730011560255,0,mean_strength|hold12|tp0.01000,False,1,0,low,low,0.9
btcusdt_clarity_hold12_v1,BTCUSDT,0,352,1651611600000,1651644000000,1,1,0.004440443755053919,0.004440443755053919,0.33612018500000146,True,target,-0.001508499202083291,0.002559155663885093,0.005565568108738761,0.028767344432711672,0,mean_strength|hold12|tp0.01000,False,1,1,mid,low,0.9
btcusdt_clarity_hold12_v1,BTCUSDT,0,353,1651647600000,1651651200000,1,1,0.015820409104002727,0.015820409104002727,0.34155012,True,target,0.007346191538821545,0.007873689980891108,0.0010006955739261247,0.030566466096588973,0,mean_strength|hold12|tp0.01000,False,1,1,high,low,0.9
btcusdt_clarity_hold12_v1,BTCUSDT,0,354,1651654800000,1651680000000,1,1,0.006488309464682318,0.006488309464682318,0.3467112400000029,True,target,0.0026933930836134934,0.001816175278921861,0.0024721592677674487,0.022321463024369104,0,mean_strength|hold12|tp0.01000,False,1,1,high,low,0.9
btcusdt_clarity_hold12_v1,BTCUSDT,0,355,1651683600000,1651687200000,1,1,0.011808732530249715,0.011808732530249715,0.34865989000000003,True,target,0.016433779948992422,0.021460130443930137,0.018201597963802163,0.016223386513267712,0,mean_strength|hold12|tp0.01000,False,1,1,high,low,0.9
btcusdt_clarity_hold12_v1,BTCUSDT,0,356,1651726800000,1651755600000,-1,1,-0.003910029126372634,0.003910029126372634,0.3537263499999971,True,target,0.001633553749473049,0.003077746554262073,0.002724272790852189,0.07098763094309324,0,mean_strength|hold12|tp0.01000,False,1,-1,mid,mid,0.9
btcusdt_clarity_hold12_v1,BTCUSDT,0,357,1651759200000,1651759200000,-1,1,-0.005028205836529691,0.005028205836529691,0.3470438149999971,True,target_entry_bar,0.03476140134188854,0.037145294493233005,0.04613657535823834,0.04707338518061066,0,mean_strength|hold12|tp0.01000,False,1,-1,mid,mid,0.9
btcusdt_clarity_hold12_v1,BTCUSDT,0,358,1651762800000,1651762800000,-1,1,0.002198184888527452,0.002198184888527452,0.34019527,True,target_entry_bar,-0.003291185911338701,0.014259998264943174,0.012346013706948988,0.0120640669731934,0,mean_strength|hold12|tp0.01000,False,1,1,low,mid,0.9
btcusdt_clarity_hold12_v1,BTCUSDT,0,359,1651770000000,1651773600000,1,1,-0.012203686907701017,0.012203686907701017,-0.780821875,False,stop,-0.011819444331205409,-0.009338149165790344,-0.007082426288140264,-0.008498367998086787,0,mean_strength|hold12|tp0.01000,True,-1,-1,high,high,0.9
btcusdt_clarity_hold12_v1,BTCUSDT,0,360,1651777200000,1651777200000,-1,1,-0.01133373799259571,0.01133373799259571,0.32362344999999415,True,target_entry_bar,-0.0046218718994597285,0.0018548120383641287,-0.0002480432146401146,-0.002075294895822033,0,mean_strength|hold12|tp0.01000,False,1,-1,high,high,0.8
btcusdt_clarity_hold12_v1,BTCUSDT,0,361,1651780800000,1651820400000,-1,1,-0.008066467924053184,0.008066467924053184,0.3229100199999985,True,target,0.0005678747493257363,-0.0022769857098572377,0.0009821215471430556,0.006973611655972101,0,mean_strength|hold12|tp0.01000,False,1,-1,high,high,0.9
btcusdt_clarity_hold12_v1,BTCUSDT,0,362,1651827600000,1651831200000,-1,1,-0.002479933237956837,0.002479933237956837,0.3222016500000029,True,target,0.012492303971150864,0.015727384669510625,0.010810171951273206,0.012288908922995723,0,mean_strength|hold12|tp0.01000,False,1,-1,low,high,0.9
btcusdt_clarity_hold12_v1,BTCUSDT,0,363,1651860000000,1651903200000,1,1,0.003912223931043011,0.003912223931043011,-0.04267745999999709,False,max_hold,0.001572773481647305,0.00032012203608755563,0.0014586430166072528,-0.0035213423969624458,0,mean_strength|hold12|tp0.01000,True,-1,1,mid,mid,0.9
btcusdt_clarity_hold12_v1,BTCUSDT,0,364,1651957200000,1651957200000,-1,1,0.00011341749778994406,0.00011341749778994406,0.31846617999999854,True,target_entry_bar,-0.0015412241723427034,-0.0037486918180729134,0.014196990752655014,0.011411921469052566,0,mean_strength|hold12|tp0.01000,False,1,0,low,low,0.8
btcusdt_clarity_hold12_v1,BTCUSDT,0,365,1652014800000,1652029200000,1,1,0.008365968267351876,0.008365968267351876,-0.730521200000003,False,stop,0.002730466828321232,0.0008499960702237352,0.006765037216437619,-0.00881725375584741,0,mean_strength|hold12|tp0.01000,True,-1,1,high,high,0.8
btcusdt_clarity_hold12_v1,BTCUSDT,0,366,1652032800000,1652032800000,1,1,0.00557087969104819,0.00557087969104819,0.3031236799999957,True,target_entry_bar,0.002132597741648423,-0.0017877891393983658,-0.010593447477536655,-0.027289137949518927,0,mean_strength|hold12|tp0.01000,False,1,1,mid,high,0.7
btcusdt_clarity_hold12_v1,BTCUSDT,0,367,1652036400000,1652061600000,1,1,0.00557087969104819,0.00557087969104819,-0.7282022899999986,False,stop,-0.010565121221321139,-0.009229301296786119,-0.015477584536872424,-0.03110552109988296,0,mean_strength|hold12|tp0.01000,True,-1,1,mid,high,0.7
btcusdt_clarity_hold12_v1,BTCUSDT,0,368,1652065200000,1652090400000,1,1,0.008633789663988515,0.008633789663988515,-0.7067998150000029,False,stop,0.002454791908719889,9.235260821638391e-05,-0.001933446539756356,-0.03655673727172515,0,mean_strength|hold12|tp0.01000,True,-1,1,high,high,0.6
btcusdt_clarity_hold12_v1,BTCUSDT,0,369,1652094000000,1652094000000,1,1,-0.0029826390289698283,0.0029826390289698283,0.29200973500000293,True,target_entry_bar,-0.0075238840276791175,-0.019732450563158754,-0.05584467755429978,-0.09216229359155981,0,mean_strength|hold12|tp0.01000,False,1,-1,low,high,0.5
btcusdt_clarity_hold12_v1,BTCUSDT,0,370,1652119200000,1652119200000,-1,1,0.0033640584767214714,0.0033640584767214714,0.27820430000000146,True,target_entry_bar,-0.004955916714600939,-0.0022390994205641057,-0.0001722384169664526,-0.0421334165277385,0,mean_strength|hold12|tp0.01000,False,1,1,mid,high,0.6
btcusdt_clarity_hold12_v1,BTCUSDT,0,371,1652133600000,1652133600000,1,1,0.014492725869941337,0.014492725869941337,0.274396205,True,target_entry_bar,-0.03306170639197281,-0.006553147408820514,0.004005237370634074,0.007038923186303059,0,mean_strength|hold12|tp0.01000,False,1,1,high,high,0.6
btcusdt_clarity_hold12_v1,BTCUSDT,0,372,1652137200000,1652137200000,1,1,0.030795228064342307,0.030795228064342307,-0.6558677900000001,False,stop_entry_bar,0.023954805267395463,0.03247872347504388,0.05840980017699948,0.05211833673802091,0,mean_strength|hold12|tp0.01000,True,-1,1,high,high,0.6
btcusdt_clarity_hold12_v1,BTCUSDT,0,373,1652140800000,1652140800000,1,1,0.01840792810812058,0.01840792810812058,0.26745640500000073,True,target_entry_bar,0.0033791906838311903,-0.004409193998037408,0.04195395202848928,0.04472878745540454,0,mean_strength|hold12|tp0.01000,False,1,1,high,high,0.5
btcusdt_clarity_hold12_v1,BTCUSDT,0,374,1652144400000,1652144400000,1,1,0.01558912651721209,0.01558912651721209,0.2738594550000014,True,target_entry_bar,0.004928660712550936,0.01062803183875971,0.0233965661288964,0.0300900889231428,0,mean_strength|hold12|tp0.01000,False,1,1,high,high,0.6
btcusdt_clarity_hold12_v1,BTCUSDT,0,375,1652148000000,1652148000000,1,1,-0.0009505736030717478,0.0009505736030717478,0.27484445,True,target_entry_bar,-0.012628573638215013,0.025115361810729375,0.023114253306179222,0.0014694130081720491,0,mean_strength|hold12|tp0.01000,False,1,0,low,high,0.6
btcusdt_clarity_hold12_v1,BTCUSDT,0,376,1652155200000,1652155200000,1,1,0.002176401563695924,0.002176401563695924,0.2727095499999985,True,target_entry_bar,0.019334290328368864,0.012634257004434657,0.0030215836558920017,-0.000128168977980625,0,mean_strength|hold12|tp0.01000,False,1,1,low,high,0.7
btcusdt_clarity_hold12_v1,BTCUSDT,0,377,1652162400000,1652162400000,-1,1,-0.0019480524054240923,0.0019480524054240923,-0.6712254550000014,False,stop_entry_bar,0.014491171829685845,0.02122066371874587,-0.0026631075408978244,0.014070188787506543,0,mean_strength|hold12|tp0.01000,True,-1,-1,low,high,0.7
btcusdt_clarity_hold12_v1,BTCUSDT,0,378,1652169600000,1652169600000,1,1,0.001907272812804219,0.001907272812804219,0.28124552000000075,True,target_entry_bar,-0.011426735663824683,-0.0039999874016144465,-0.021155838879247546,-0.023735358313832,0,mean_strength|hold12|tp0.01000,False,1,1,low,high,0.7
btcusdt_clarity_hold12_v1,BTCUSDT,0,379,1652180400000,1652180400000,1,1,0.0009782487382674755,0.0009782487382674755,0.27857706000000076,True,target_entry_bar,0.01676306244485848,-0.017224750261675692,0.0017076124731605358,-0.01963754344134505,0,mean_strength|hold12|tp0.01000,False,1,0,low,high,0.8
btcusdt_clarity_hold12_v1,BTCUSDT,0,380,1652194800000,1652194800000,1,1,0.006643758638819207,0.006643758638819207,0.27652571499999784,True,target_entry_bar,-0.0034968049740853324,0.009653736471835428,-0.03503191832485475,-0.003969432495696812,0,mean_strength|hold12|tp0.01000,False,1,1,high,high,0.8
btcusdt_clarity_hold12_v1,BTCUSDT,0,381,1652198400000,1652202000000,1,1,0.001947233038159698,0.001947233038159698,0.2786646849999993,True,target,0.015135491975593496,0.003627647028662251,-0.01382479618520216,-0.00013779931292623449,0,mean_strength|hold12|tp0.01000,False,1,1,low,high,0.8
btcusdt_clarity_hold12_v1,BTCUSDT,0,382,1652212800000,1652212800000,-1,1,-0.01673232771185102,0.01673232771185102,0.27873961999999997,True,target_entry_bar,0.025138322068620655,-0.00018066555901463666,-0.015024276934492597,-0.012856290226315847,0,mean_strength|hold12|tp0.01000,False,1,-1,high,high,0.8
btcusdt_clarity_hold12_v1,BTCUSDT,0,383,1652216400000,1652216400000,-1,1,0.013594584844695319,0.013594584844695319,0.2758912899999993,True,target_entry_bar,-0.018403364959807877,-0.026958067067540892,-0.032190169207705566,-0.050464469029330994,0,mean_strength|hold12|tp0.01000,False,1,1,high,high,0.9
btcusdt_clarity_hold12_v1,BTCUSDT,0,384,1652220000000,1652220000000,1,1,-0.0023687111149529186,0.0023687111149529186,0.2688787549999993,True,target_entry_bar,0.007431742998823543,-0.0003574515653128607,0.013878869413194383,0.034497325612379504,0,mean_strength|hold12|tp0.01000,False,1,-1,low,high,0.9
btcusdt_clarity_hold12_v1,BTCUSDT,0,385,1652227200000,1652234400000,-1,1,0.0004088216989872236,0.0004088216989872236,0.27598529500000146,True,target,0.008684611641568862,-0.005094757330359911,0.01754646025541462,0.055852203700063496,0,mean_strength|hold12|tp0.01000,False,1,0,low,high,0.9
btcusdt_clarity_hold12_v1,BTCUSDT,0,386,1652252400000,1652256000000,1,1,0.00700988370962508,0.00700988370962508,0.27127917,True,target,0.026017275130805206,0.04039687701191874,0.020396158031824596,-0.04047204311266095,0,mean_strength|hold12|tp0.01000,False,1,1,high,high,0.9
btcusdt_clarity_hold12_v1,BTCUSDT,0,387,1652274000000,1652274000000,-1,1,-0.018289977721457497,0.018289977721457497,-0.6181299699999986,False,stop_entry_bar,-0.01896999007142175,0.028773660442622417,0.05965153892963515,0.0648015885725266,0,mean_strength|hold12|tp0.01000,True,-1,-1,high,high,0.9
btcusdt_clarity_hold12_v1,BTCUSDT,0,388,1652277600000,1652277600000,-1,1,-0.003124283192967372,0.003124283192967372,0.27794362499999853,True,target_entry_bar,0.026528116975165994,0.06020373845288263,0.1053423981543471,0.09510518524106326,0,mean_strength|hold12|tp0.01000,False,1,-1,mid,high,0.9
btcusdt_clarity_hold12_v1,BTCUSDT,0,389,1652288400000,1652288400000,-1,1,-0.024350232292004854,0.024350232292004854,0.2699279049999985,True,target_entry_bar,-0.0001505021755925373,0.048030260970772565,0.02759875451088467,0.09353877437717195,0,mean_strength|hold12|tp0.01000,False,1,-1,high,high,0.9
btcusdt_clarity_hold12_v1,BTCUSDT,0,390,1652292000000,1652295600000,-1,1,-0.022758259792433237,0.022758259792433237,0.2660908399999993,True,target,0.018187958962560757,0.027246826553952053,0.0032135739222322046,0.0944810797073341,0,mean_strength|hold12|tp0.01000,False,1,-1,high,high,0.9
btcusdt_clarity_hold12_v1,BTCUSDT,0,391,1652299200000,1652299200000,-1,1,-0.005391857822230498,0.005391857822230498,0.261381045,True,target_entry_bar,-0.021985820586148064,-0.021462348667430353,-0.011442604290361924,0.013483793449925896,0,mean_strength|hold12|tp0.01000,False,1,-1,mid,high,0.9
btcusdt_clarity_hold12_v1,BTCUSDT,0,392,1652302800000,1652302800000,-1,1,-0.002013301746808298,0.002013301746808298,-0.6006074,False,stop_entry_bar,0.008607887354930899,-0.024706424289093087,0.024362658819646832,0.03596818106814803,0,mean_strength|hold12|tp0.01000,True,-1,-1,low,high,0.9
btcusdt_clarity_hold12_v1,BTCUSDT,0,393,1652310000000,1652313600000,-1,1,-0.006403661720933592,0.006403661720933592,-0.6085223750000001,False,stop,-0.025231558709118085,0.009809215572301744,0.06781153373895521,0.021124895527726895,0,mean_strength|hold12|tp0.01000,True,-1,-1,high,high,0.8
btcusdt_clarity_hold12_v1,BTCUSDT,0,394,1652317200000,1652317200000,-1,1,-0.03520399784238046,0.03520399784238046,0.26529121499999786,True,target_entry_bar,0.014048089535166453,0.04889776264824641,0.03588393031435255,0.03419898149638534,0,mean_strength|hold12|tp0.01000,False,1,-1,high,high,0.7
btcusdt_clarity_hold12_v1,BTCUSDT,0,395,1652320800000,1652320800000,-1,1,0.002445163452048868,0.002445163452048868,0.25995693499999784,True,target_entry_bar,0.014192674412546236,0.05857691172128732,0.024644401604751787,-0.026756282672502074,0,mean_strength|hold12|tp0.01000,False,1,1,low,high,0.7
btcusdt_clarity_hold12_v1,BTCUSDT,0,396,1652328000000,1652328000000,1,1,0.00335777759689041,0.00335777759689041,-0.5988221550000015,False,stop_entry_bar,-0.024081895729136438,0.013682895300645592,0.029490240134812495,0.06909502050633898,0,mean_strength|hold12|tp0.01000,True,-1,1,mid,high,0.7
btcusdt_clarity_hold12_v1,BTCUSDT,0,397,1652335200000,1652335200000,1,1,0.007853636526557281,0.007853636526557281,0.24122247000000072,True,target_entry_bar,0.039621108608146605,0.035610620776247215,0.052284057756933455,0.0463680342700985,0,mean_strength|hold12|tp0.01000,False,1,1,high,high,0.6
btcusdt_clarity_hold12_v1,BTCUSDT,0,398,1652338800000,1652338800000,1,1,0.0077271842211556665,0.0077271842211556665,0.2409479349999978,True,target_entry_bar,-0.002554001683722995,0.015593974118975895,0.0017476617919216508,0.016723560399120485,0,mean_strength|hold12|tp0.01000,False,1,1,high,high,0.7
btcusdt_clarity_hold12_v1,BTCUSDT,0,399,1652342400000,1652342400000,1,1,0.007383643011725071,0.007383643011725071,-0.5939722349999993,False,stop_entry_bar,-0.001306980056980045,0.01355056980056979,0.05269943019943013,0.01847578347578338,0,mean_strength|hold12|tp0.01000,True,-1,1,high,high,0.7
btcusdt_clarity_hold12_v1,BTCUSDT,0,400,1652346000000,1652346000000,1,1,-0.015439666397781892,0.015439666397781892,0.24984166499999783,True,target_entry_bar,0.019526945830198317,0.016100102341735756,0.034653553611736054,0.013778692236648293,0,mean_strength|hold12|tp0.01000,False,1,-1,high,high,0.6
btcusdt_clarity_hold12_v1,BTCUSDT,0,401,1652349600000,1652349600000,-1,1,-0.0012929170671757144,0.0012929170671757144,0.24962204499999927,True,target_entry_bar,0.004560891752270924,0.013633708627570407,-0.03847028250247453,-0.00786613922611723,0,mean_strength|hold12|tp0.01000,False,1,0,low,high,0.6
btcusdt_clarity_hold12_v1,BTCUSDT,0,402,1652356800000,1652356800000,-1,1,-0.006750890067632617,0.006750890067632617,0.253365655,True,target_entry_bar,0.010307143759563209,-0.01825947190364552,0.0056220784143071745,-0.03612939904824741,0,mean_strength|hold12|tp0.01000,False,1,-1,high,high,0.6
btcusdt_clarity_hold12_v1,BTCUSDT,0,403,1652360400000,1652360400000,-1,1,-0.011596607236376217,0.011596607236376217,0.2536282000000029,True,target_entry_bar,-0.04817897174223695,-0.05282418061706817,-0.014949771462815287,-0.04628897454354619,0,mean_strength|hold12|tp0.01000,False,1,-1,high,high,0.7
btcusdt_clarity_hold12_v1,BTCUSDT,0,404,1652364000000,1652364000000,-1,1,-0.0023051130425325414,0.0023051130425325414,-0.5950158450000007,False,stop_entry_bar,0.0184270529570566,0.03131279643299345,0.032510368811697,-0.01931000886338885,0,mean_strength|hold12|tp0.01000,True,-1,-1,low,high,0.8
btcusdt_clarity_hold12_v1,BTCUSDT,0,405,1652374800000,1652374800000,-1,1,0.008299970708373109,0.008299970708373109,0.2642213450000007,True,target_entry_bar,0.010463012760964285,0.0012362838843061885,-0.013497845234020867,-0.06585481696712336,0,mean_strength|hold12|tp0.01000,False,1,1,high,high,0.7
btcusdt_clarity_hold12_v1,BTCUSDT,0,406,1652378400000,1652385600000,1,1,0.009068933805954377,0.009068933805954377,0.254828855,True,target,0.010167780734508414,0.0033563205409641306,0.041987534674920335,0.07210618819393955,0,mean_strength|hold12|tp0.01000,False,1,1,high,high,0.7
btcusdt_clarity_hold12_v1,BTCUSDT,0,407,1652400000000,1652400000000,1,1,-0.0007153194355790254,0.0007153194355790254,0.2583013399999978,True,target_entry_bar,-0.0006028932099998441,0.03522522125842098,0.028905003674938978,0.0397299851308921,0,mean_strength|hold12|tp0.01000,False,1,0,low,high,0.8
btcusdt_clarity_hold12_v1,BTCUSDT,0,408,1652418000000,1652418000000,-1,1,-0.01118511182009411,0.01118511182009411,-0.6426171899999993,False,stop_entry_bar,0.004659255108961702,0.006402380086435455,-0.00427917522665533,0.03051451675791872,0,mean_strength|hold12|tp0.01000,True,-1,-1,high,high,0.8
btcusdt_clarity_hold12_v1,BTCUSDT,0,409,1652421600000,1652425200000,-1,1,-0.012573466152595733,0.012573466152595733,0.27161258,True,target,0.00676153889201625,-0.0017710359902165518,-0.01052087551065406,0.008558909989893948,0,mean_strength|hold12|tp0.01000,False,1,-1,high,high,0.7
btcusdt_clarity_hold12_v1,BTCUSDT,0,410,1652428800000,1652432400000,1,1,0.007791395986201176,0.007791395986201176,0.26852770500000145,True,target,0.0035285000577092163,0.010750383353394177,0.011667133835677301,-0.017609523652492243,0,mean_strength|hold12|tp0.01000,False,1,1,high,high,0.8
btcusdt_clarity_hold12_v1,BTCUSDT,0,411,1652461200000,1652461200000,1,1,0.012246690050588847,0.012246690050588847,0.26639467499999997,True,target_entry_bar,0.017881886942944236,0.006823573944019001,-0.010622334277390566,-0.005042482577749419,0,mean_strength|hold12|tp0.01000,False,1,1,high,high,0.8
btcusdt_clarity_hold12_v1,BTCUSDT,0,412,1652464800000,1652464800000,1,1,-0.00624931396959891,0.00624931396959891,0.26327345999999996,True,target_entry_bar,-0.0013845678786893467,-0.0029783150771806044,-0.02073863542036747,-0.020682190207087614,0,mean_strength|hold12|tp0.01000,False,1,-1,high,high,0.8
btcusdt_clarity_hold12_v1,BTCUSDT,0,413,1652468400000,1652472000000,-1,1,-0.00511939531395023,0.00511939531395023,0.26805269,True,target,0.009492618699295075,0.009080329831094525,0.012747705811943177,0.022007580795318615,0,mean_strength|hold12|tp0.01000,False,1,-1,mid,high,0.8
btcusdt_clarity_hold12_v1,BTCUSDT,0,414,1652518800000,1652526000000,-1,1,-0.01319084329451285,0.01319084329451285,0.2628049350000022,True,target,0.005732214025269244,0.013265496480963201,0.02272195370134833,-0.0070380734333928,0,mean_strength|hold12|tp0.01000,False,1,-1,high,high,0.8
btcusdt_clarity_hold12_v1,BTCUSDT,0,415,1652536800000,1652544000000,1,1,0.010470549119084302,0.010470549119084302,0.25651473999999785,True,target,-0.004061513786678961,0.023155813495286948,0.015091548249055453,0.03148969412480418,0,mean_strength|hold12|tp0.01000,False,1,1,high,high,0.9
btcusdt_clarity_hold12_v1,BTCUSDT,0,416,1652551200000,1652554800000,-1,1,-0.0014205968465607355,0.0014205968465607355,0.26351902500000146,True,target,0.0065045497970716015,-0.005833768099248626,-0.014631849257058516,-0.014686053838700808,0,mean_strength|hold12|tp0.01000,False,1,0,low,high,0.9
btcusdt_clarity_hold12_v1,BTCUSDT,0,417,1652562000000,1652562000000,1,1,0.001818755746418759,0.001818755746418759,0.2613189799999993,True,target_entry_bar,0.0179622768608958,0.008747052879757522,0.0008723475917817858,0.0017480633209836505,0,mean_strength|hold12|tp0.01000,False,1,1,low,high,0.9
btcusdt_clarity_hold12_v1,BTCUSDT,0,418,1652634000000,1652644800000,1,1,0.015303163585147224,0.015303163585147224,0.26879388000000076,True,target,0.01088432197312117,0.03592860311752588,0.04488156670191357,0.01004373075729914,0,mean_strength|hold12|tp0.01000,False,1,1,high,high,0.9
btcusdt_clarity_hold12_v1,BTCUSDT,0,419,1652662800000,1652662800000,-1,1,-0.011400485236463661,0.011400485236463661,0.27687265500000147,True,target_entry_bar,0.009064435820934302,0.014778052950085385,0.03886429671808267,0.041002840558231446,0,mean_strength|hold12|tp0.01000,False,1,-1,high,high,1.0
btcusdt_clarity_hold12_v1,BTCUSDT,0,420,1652666400000,1652666400000,-1,1,-0.007092499335526924,0.007092499335526924,0.273840605,True,target_entry_bar,0.005729803835393565,0.006877732480149112,0.02321111719695501,0.033457200300429424,0,mean_strength|hold12|tp0.01000,False,1,-1,high,high,1.0
btcusdt_clarity_hold12_v1,BTCUSDT,0,421,1652670000000,1652673600000,-1,1,-0.0036422398630631264,0.0036422398630631264,0.27134574500000075,True,target,3.6285667161406465e-05,0.024990928583209615,0.023727527626587475,0.021504205838693724,0,mean_strength|hold12|tp0.01000,False,1,-1,mid,high,1.0
btcusdt_clarity_hold12_v1,BTCUSDT,0,422,1652684400000,1652688000000,1,1,0.010469059758684321,0.010469059758684321,0.26300794500000074,True,target,0.00707406806254407,0.019916950711464487,-0.002225017583725508,-0.0002874262836120023,0,mean_strength|hold12|tp0.01000,False,1,1,high,high,1.0
btcusdt_clarity_hold12_v1,BTCUSDT,0,423,1652691600000,1652695200000,1,1,0.0028165549495071883,0.0028165549495071883,0.26505951,True,target,0.019127778697580977,0.009477728183486134,0.0022773578594186272,0.019151430782174517,0,mean_strength|hold12|tp0.01000,False,1,1,low,high,1.0
btcusdt_clarity_hold12_v1,BTCUSDT,0,424,1652720400000,1652720400000,1,1,0.0018361243995944413,0.0018361243995944413,0.26078652000000074,True,target_entry_bar,0.006077738515900988,0.007232037691401683,0.0051051657412082285,0.024586908968534438,0,mean_strength|hold12|tp0.01000,False,1,1,low,high,1.0
btcusdt_clarity_hold12_v1,BTCUSDT,0,425,1652803200000,1652810400000,-1,1,-0.005273471467485897,0.005273471467485897,0.26823849999999705,True,target,0.0020312655581001815,0.0015865113345945314,-0.006777523316406242,0.010604401075375858,0,mean_strength|hold12|tp0.01000,False,1,-1,mid,high,1.0
btcusdt_clarity_hold12_v1,BTCUSDT,0,426,1652814000000,1652814000000,1,1,-0.005257314264961493,0.005257314264961493,0.2654102300000014,True,target_entry_bar,0.00045875829421704317,0.008377325372658007,0.0011335983936811012,-0.006233128997513382,0,mean_strength|hold12|tp0.01000,False,1,-1,mid,high,1.0
btcusdt_clarity_hold12_v1,BTCUSDT,0,427,1652817600000,1652821200000,-1,1,-0.00036582469772907645,0.00036582469772907645,-0.634703425000003,False,stop,-0.01447416514371147,-0.011364013955806662,-0.003648446585811538,0.007775377969762465,0,mean_strength|hold12|tp0.01000,True,-1,0,low,high,1.0
btcusdt_clarity_hold12_v1,BTCUSDT,0,428,1652839200000,1652875200000,1,1,0.0016907889210586783,0.0016907889210586783,-0.6354120100000022,False,stop,-0.01289861214111665,-0.006187758237101271,-0.011382296853480245,-0.03260740014832075,0,mean_strength|hold12|tp0.01000,True,-1,1,low,high,0.9
btcusdt_clarity_hold12_v1,BTCUSDT,0,429,1652878800000,1652882400000,-1,1,0.0006081920109153448,0.0006081920109153448,0.26279602499999855,True,target,0.004028890759796844,0.004424281054328683,0.002743872302569006,0.02012059403983213,0,mean_strength|hold12|tp0.01000,False,1,0,low,high,0.8
btcusdt_clarity_hold12_v1,BTCUSDT,0,430,1652918400000,1652918400000,1,1,0.002641647398787899,0.002641647398787899,0.2554555400000007,True,target_entry_bar,-0.005242341510002024,0.009699196866360005,0.0141076081427578,0.020170038720661143,0,mean_strength|hold12|tp0.01000,False,1,1,low,high,0.8
btcusdt_clarity_hold12_v1,BTCUSDT,0,431,1652929200000,1652950800000,-1,1,-0.004482839660351573,0.004482839660351573,0.259600385,True,target,0.003303677911965841,-0.004366063962494504,0.0063023482158767186,-0.04135766083154002,0,mean_strength|hold12|tp0.01000,False,1,-1,mid,high,0.8
btcusdt_clarity_hold12_v1,BTCUSDT,0,432,1652961600000,1652968800000,1,1,0.003187764911236292,0.003187764911236292,0.26239104999999996,True,target,0.0008615367916910976,0.030669353033355717,0.025028661361770732,0.02646681726601141,0,mean_strength|hold12|tp0.01000,False,1,1,mid,high,0.8
btcusdt_clarity_hold12_v1,BTCUSDT,0,433,1652972400000,1652972400000,-1,1,-0.005660956515897114,0.005660956515897114,-0.6299504799999993,False,stop_entry_bar,0.007783087170576297,0.005472843114024739,0.003675986625595651,0.007036042440039081,0,mean_strength|hold12|tp0.01000,True,-1,-1,mid,high,0.8
btcusdt_clarity_hold12_v1,BTCUSDT,0,434,1652976000000,1652976000000,-1,1,-0.0034732020696784487,0.0034732020696784487,0.27045871500000074,True,target_entry_bar,-0.0009983449364674435,0.006325062438018114,-0.0010646801481928314,0.0018507524071390558,0,mean_strength|hold12|tp0.01000,False,1,-1,mid,high,0.7
btcusdt_clarity_hold12_v1,BTCUSDT,0,435,1653012000000,1653015600000,-1,1,-0.0014150976376865283,0.0014150976376865283,0.27126592999999855,True,target,0.005123977842258043,0.0049294381429701994,0.005021762068055935,0.027773015035610582,0,mean_strength|hold12|tp0.01000,False,1,0,low,high,0.7
btcusdt_clarity_hold12_v1,BTCUSDT,0,436,1653055200000,1653055200000,-1,1,0.004793140629386617,0.004793140629386617,0.2701927599999978,True,target_entry_bar,0.01165649789559009,0.018307179412393126,0.012093998107557291,0.009326554906276652,0,mean_strength|hold12|tp0.01000,False,1,1,mid,mid,0.7
btcusdt_clarity_hold12_v1,BTCUSDT,0,437,1653058800000,1653062400000,1,1,0.006989400622407304,0.006989400622407304,-0.62212605,False,stop,-0.00879143504220714,-0.005212408208084551,0.001005421728089928,0.003596184201495989,0,mean_strength|hold12|tp0.01000,True,-1,1,high,high,0.7
btcusdt_clarity_hold12_v1,BTCUSDT,0,438,1653066000000,1653073200000,1,1,0.011779570760488264,0.011779570760488264,0.25705071999999995,True,target,0.0015269865507721025,0.006329048328087783,0.008394971308544497,0.011096562898372353,0,mean_strength|hold12|tp0.01000,False,1,1,high,high,0.7
btcusdt_clarity_hold12_v1,BTCUSDT,0,439,1653195600000,1653206400000,1,1,0.0019680680346987386,0.0019680680346987386,0.2604255699999993,True,target,0.0011956751306385627,0.006336056247828292,0.018234897362701785,0.019301126182900807,0,mean_strength|hold12|tp0.01000,False,1,1,low,low,0.8
btcusdt_clarity_hold12_v1,BTCUSDT,0,440,1653210000000,1653210000000,1,1,-0.0005257331297605064,0.0005257331297605064,0.2629251600000022,True,target_entry_bar,0.0016792499792581683,0.0010121961337425933,-0.009879698000497816,-0.004121795403633999,0,mean_strength|hold12|tp0.01000,False,1,0,low,low,0.8
btcusdt_clarity_hold12_v1,BTCUSDT,0,441,1653285600000,1653314400000,-1,1,-0.004416744521035827,0.004416744521035827,0.2696577699999993,True,target,0.0008466650258429631,0.0012962507178603255,0.002917384527032607,0.01989990975469691,0,mean_strength|hold12|tp0.01000,False,1,-1,mid,mid,0.8
btcusdt_clarity_hold12_v1,BTCUSDT,0,442,1653318000000,1653328800000,-1,1,-0.011958908205709171,0.011958908205709171,0.2692122750000029,True,target,0.0036134498069753107,0.01622923172193902,0.03389462034072488,0.035264898480835805,0,mean_strength|hold12|tp0.01000,False,1,-1,high,low,0.8
btcusdt_clarity_hold12_v1,BTCUSDT,0,443,1653332400000,1653332400000,-1,1,-0.005320439051936169,0.005320439051936169,0.265827965,True,target_entry_bar,-0.008853241945029344,-0.004397373962591322,-0.004989195810451763,-0.011165476141321573,0,mean_strength|hold12|tp0.01000,False,1,-1,mid,low,0.8
btcusdt_clarity_hold12_v1,BTCUSDT,0,444,1653336000000,1653379200000,-1,1,-7.61043690299752e-05,7.61043690299752e-05,-0.3714394149999993,False,max_hold,-0.0003308310681069404,0.0075852401594809216,0.002336281254156747,0.005924263559810461,0,mean_strength|hold12|tp0.01000,True,-1,0,low,high,0.9
btcusdt_clarity_hold12_v1,BTCUSDT,0,445,1653400800000,1653400800000,-1,1,-0.00662835135700288,0.00662835135700288,0.2576331449999993,True,target_entry_bar,-0.010857445695564794,-0.009511879525369471,-0.013452220356247935,-0.0361341298901523,0,mean_strength|hold12|tp0.01000,False,1,-1,high,high,0.8
btcusdt_clarity_hold12_v1,BTCUSDT,0,446,1653404400000,1653404400000,-1,1,-0.01686715789799191,0.01686715789799191,-0.6131676750000015,False,stop_entry_bar,0.0018417710961091682,0.007176438947501085,-0.006754295480000838,-0.02774571983972174,0,mean_strength|hold12|tp0.01000,True,-1,-1,high,high,0.8
btcusdt_clarity_hold12_v1,BTCUSDT,0,447,1653408000000,1653444000000,-1,1,0.00027320256230473403,0.00027320256230473403,-0.6198181900000007,False,stop,-0.0005115996698477066,-0.0020122920347342976,-0.009140580767945217,-0.026541790871697613,0,mean_strength|hold12|tp0.01000,True,-1,0,low,high,0.7
btcusdt_clarity_hold12_v1,BTCUSDT,0,448,1653447600000,1653458400000,-1,1,-0.004242143198186095,0.004242143198186095,0.26796297500000144,True,target,0.0030110404817664804,0.012892155726111243,0.012756344219232996,0.018973861253639646,0,mean_strength|hold12|tp0.01000,False,1,-1,mid,mid,0.7
btcusdt_clarity_hold12_v1,BTCUSDT,0,449,1653498000000,1653501600000,1,1,0.0009986832930006307,0.0009986832930006307,0.2629163600000022,True,target,0.005606419265878904,0.0026331650846349586,-0.0054346911081852856,0.000535387785750574,0,mean_strength|hold12|tp0.01000,False,1,0,low,mid,0.7
btcusdt_clarity_hold12_v1,BTCUSDT,0,450,1653541200000,1653552000000,-1,1,-0.013942035532552315,0.013942035532552315,0.264935435,True,target,0.0015211684727738373,0.02433196473043009,0.024271387224877206,0.0029380090193175112,0,mean_strength|hold12|tp0.01000,False,1,-1,high,mid,0.7
btcusdt_clarity_hold12_v1,BTCUSDT,0,451,1653555600000,1653570000000,-1,1,-0.0016945023321042513,0.0016945023321042513,0.25808523999999927,True,target,0.001504511821898702,0.008300518525372835,-0.006700046951735761,-0.013317842687695425,0,mean_strength|hold12|tp0.01000,False,1,-1,low,high,0.7
btcusdt_clarity_hold12_v1,BTCUSDT,0,452,1653573600000,1653573600000,1,1,-0.0018476274044485605,0.0018476274044485605,0.25616006,True,target_entry_bar,0.0047235799331653006,0.013353262895783757,0.007412018620687411,-0.008940939859010788,0,mean_strength|hold12|tp0.01000,False,1,-1,low,high,0.7
btcusdt_clarity_hold12_v1,BTCUSDT,0,453,1653609600000,1653613200000,-1,1,-0.00541186555119051,0.00541186555119051,0.2598631500000029,True,target,0.004103746001169473,0.0022806233015719712,0.0037460011695504836,-0.005899349867565684,0,mean_strength|hold12|tp0.01000,False,1,-1,mid,high,0.7
btcusdt_clarity_hold12_v1,BTCUSDT,0,454,1653645600000,1653663600000,-1,1,-0.004155245602401498,0.004155245602401498,0.2583488850000022,True,target,-0.0025078217677541037,-0.016524568328604383,0.0036177843758887773,0.0006902579969336742,0,mean_strength|hold12|tp0.01000,False,1,-1,mid,mid,0.7
btcusdt_clarity_hold12_v1,BTCUSDT,0,455,1653667200000,1653670800000,-1,1,-0.0008493986047591964,0.0008493986047591964,0.2566552999999971,True,target,0.011940610259177364,-0.0050303737097701084,-0.0029381559938035373,-0.0031644357800562073,0,mean_strength|hold12|tp0.01000,False,1,0,low,mid,0.8
btcusdt_clarity_hold12_v1,BTCUSDT,0,456,1653678000000,1653678000000,1,1,-0.0032869502690878833,0.0032869502690878833,0.25323004500000074,True,target_entry_bar,-0.0043470730862487095,-0.002081745756840947,-0.008960859023207535,3.1174229303765344e-05,0,mean_strength|hold12|tp0.01000,False,1,-1,mid,mid,0.8
btcusdt_clarity_hold12_v1,BTCUSDT,0,457,1653696000000,1653714000000,1,1,-0.0005694850228898459,0.0005694850228898459,0.2547410099999978,True,target,-0.006210468181770845,0.0005244858475657033,0.002097943390262591,0.006252149176279254,0,mean_strength|hold12|tp0.01000,False,1,0,low,high,0.9
btcusdt_clarity_hold12_v1,BTCUSDT,0,458,1653739200000,1653742800000,1,1,0.0009064386624287447,0.0009064386624287447,0.2564259049999993,True,target,0.0033137614298881513,0.0001587844018489104,0.0006006192591672121,0.0007524999913706143,0,mean_strength|hold12|tp0.01000,False,1,0,low,high,1.0
btcusdt_clarity_hold12_v1,BTCUSDT,0,459,1653786000000,1653825600000,1,1,0.009295281314844896,0.009295281314844896,0.2580332949999985,True,target,-0.000612100924030301,0.0005429369778122695,0.0028910529519172723,0.014064488463453761,0,mean_strength|hold12|tp0.01000,False,1,1,high,low,1.0
btcusdt_clarity_hold12_v1,BTCUSDT,0,460,1653829200000,1653872400000,1,1,0.009586279525930077,0.009586279525930077,-0.09648533000000073,False,max_hold,-0.0011731205347247364,-0.0015687076917830778,-0.006960287823759015,0.014936825413064625,0,mean_strength|hold12|tp0.01000,True,-1,1,high,low,1.0
btcusdt_clarity_hold12_v1,BTCUSDT,0,461,1653876000000,1653876000000,1,1,0.0049596287703268125,0.0049596287703268125,0.26488216999999925,True,target_entry_bar,0.004598317591792522,0.008170372798087744,0.01698298721806757,0.00835245160841791,0,mean_strength|hold12|tp0.01000,False,1,1,mid,mid,0.9
btcusdt_clarity_hold12_v1,BTCUSDT,0,462,1653879600000,1653890400000,1,1,0.0049596287703268125,0.0049596287703268125,0.26878959000000074,True,target,-0.0007908889591901058,0.01130641674575572,0.011866629758515268,0.008973294316144687,0,mean_strength|hold12|tp0.01000,False,1,1,mid,mid,0.9
btcusdt_clarity_hold12_v1,BTCUSDT,0,463,1653894000000,1653937200000,1,1,0.004843854842085408,0.004843854842085408,-0.076251135,False,max_hold,0.003082418784469132,-0.0009991738856435228,-0.003807309642681056,0.00013387623957972217,0,mean_strength|hold12|tp0.01000,True,-1,1,mid,mid,0.9
btcusdt_clarity_hold12_v1,BTCUSDT,0,464,1653940800000,1653940800000,1,1,0.005579149277638769,0.005579149277638769,0.27252208999999783,True,target_entry_bar,0.01663953640838023,0.01463434914563666,0.01359497775745222,0.011119674820668335,0,mean_strength|hold12|tp0.01000,False,1,1,mid,mid,0.8
btcusdt_clarity_hold12_v1,BTCUSDT,0,465,1653944400000,1653944400000,1,1,0.0040282541723113754,0.0040282541723113754,0.27821490000000293,True,target_entry_bar,-0.0007927220565475679,-0.006779031872459873,-0.0008147421136738275,-0.007914637675688674,0,mean_strength|hold12|tp0.01000,False,1,1,mid,high,0.8
btcusdt_clarity_hold12_v1,BTCUSDT,0,466,1653958800000,1654002000000,1,1,0.006203002539160656,0.006203002539160656,-0.017358019999998545,False,max_hold,0.004274519869071014,0.0039576540522385795,0.0003580583730209419,-0.005513465212886315,0,mean_strength|hold12|tp0.01000,True,-1,1,high,high,0.8
btcusdt_clarity_hold12_v1,BTCUSDT,0,467,1654012800000,1654020000000,-1,1,0.0020028147484862065,0.0020028147484862065,0.28524338499999924,True,target,0.0013064373143381047,0.016473552420797177,0.009089071029752538,0.018417655567133706,0,mean_strength|hold12|tp0.01000,False,1,1,low,high,0.7
btcusdt_clarity_hold12_v1,BTCUSDT,0,468,1654066800000,1654092000000,-1,1,-0.005724151835036164,0.005724151835036164,0.28105757999999853,True,target,-0.004002592154919382,-0.0018742296598432961,-0.007617631736108521,0.04330105846325871,0,mean_strength|hold12|tp0.01000,False,1,-1,mid,mid,0.7
btcusdt_clarity_hold12_v1,BTCUSDT,0,469,1654099200000,1654099200000,-1,1,-0.012094817045564909,0.012094817045564909,0.2735789400000007,True,target_entry_bar,0.008105966188420188,0.009641660391256801,0.022302094397511296,0.020052812096140404,0,mean_strength|hold12|tp0.01000,False,1,-1,high,mid,0.7
btcusdt_clarity_hold12_v1,BTCUSDT,0,470,1654102800000,1654102800000,-1,1,-0.009560126845704805,0.009560126845704805,0.2706334149999978,True,target_entry_bar,-7.293655845530544e-05,0.017889348610227063,0.012143936982813464,0.010051983874389991,0,mean_strength|hold12|tp0.01000,False,1,-1,high,mid,0.7
btcusdt_clarity_hold12_v1,BTCUSDT,0,471,1654106400000,1654113600000,-1,1,-0.009560126845704805,0.009560126845704805,0.268502805,True,target,0.0016210625418526803,0.01931683319299593,0.016383008347311878,0.008844570269249008,0,mean_strength|hold12|tp0.01000,False,1,-1,high,high,0.8
btcusdt_clarity_hold12_v1,BTCUSDT,0,472,1654120800000,1654164000000,-1,1,-0.005452926565545818,0.005452926565545818,-0.38241713500000074,False,max_hold,-0.002199687200443945,-0.002203050636530257,-0.002300590283033088,-0.009595883154230433,0,mean_strength|hold12|tp0.01000,True,-1,-1,mid,high,0.8
btcusdt_clarity_hold12_v1,BTCUSDT,0,473,1654171200000,1654174800000,-1,1,-0.0005073312001102333,0.0005073312001102333,0.26840880000000145,True,target,0.0065200405632304115,-0.003920003989825949,-0.001649128056788518,-0.010287101225209039,0,mean_strength|hold12|tp0.01000,False,1,0,low,high,0.7
btcusdt_clarity_hold12_v1,BTCUSDT,0,474,1654218000000,1654250400000,-1,1,-0.025464232158836572,0.025464232158836572,0.2704592650000007,True,target,0.0026131835108120782,0.006640752596851041,0.006196511400013094,0.02969229764160186,0,mean_strength|hold12|tp0.01000,False,1,-1,high,low,0.8
btcusdt_clarity_hold12_v1,BTCUSDT,0,475,1654254000000,1654257600000,-1,1,-0.009512899014369323,0.009512899014369323,0.26538554999999997,True,target,0.0075242065626680565,0.009474179666487337,0.008596691769768738,0.002057557826788625,0,mean_strength|hold12|tp0.01000,False,1,-1,high,mid,0.8
btcusdt_clarity_hold12_v1,BTCUSDT,0,476,1654354800000,1654398000000,-1,1,-0.00557241824711996,0.00557241824711996,-0.06334216000000219,False,max_hold,0.003445051759556894,0.002825076491543288,0.00029490715451474525,0.0028049691855536185,0,mean_strength|hold12|tp0.01000,True,-1,-1,mid,low,0.8
btcusdt_clarity_hold12_v1,BTCUSDT,0,477,1654408800000,1654452000000,-1,1,-0.005736291701171797,0.005736291701171797,-0.28187548,False,max_hold,0.0030483291387966016,0.0031963716135283704,0.0006022637040227208,-0.008892642289005881,0,mean_strength|hold12|tp0.01000,True,-1,-1,high,low,0.8
btcusdt_clarity_hold12_v1,BTCUSDT,0,478,1654473600000,1654473600000,1,1,0.0030804225294238405,0.0030804225294238405,0.26621788499999927,True,target_entry_bar,0.018111096802739368,0.031358447827824154,0.032197138545763115,0.03680663556246766,0,mean_strength|hold12|tp0.01000,False,1,1,mid,low,0.7
btcusdt_clarity_hold12_v1,BTCUSDT,0,479,1654560000000,1654560000000,-1,1,-0.004365644579779531,0.004365644579779531,0.279192375,True,target_entry_bar,0.02130485179665509,0.02144394767345592,0.022937572445769105,0.023331677430038056,0,mean_strength|hold12|tp0.01000,False,1,-1,mid,mid,0.7
btcusdt_clarity_hold12_v1,BTCUSDT,0,480,1654581600000,1654610400000,-1,1,-0.004641837731212374,0.004641837731212374,-0.6216138349999979,False,stop,-0.0022574434622266715,-0.0015795325126091164,0.00040335701502258736,-0.022703237702695445,0,mean_strength|hold12|tp0.01000,True,-1,-1,mid,high,0.7
btcusdt_clarity_hold12_v1,BTCUSDT,0,481,1654650000000,1654650000000,-1,1,-0.006052917288359477,0.006052917288359477,0.27660549000000223,True,target_entry_bar,0.004673437901774324,0.02838776034970436,0.018131267678066276,0.011490743121625124,0,mean_strength|hold12|tp0.01000,False,1,-1,high,high,0.6
btcusdt_clarity_hold12_v1,BTCUSDT,0,482,1654653600000,1654657200000,-1,1,-0.005404322262489476,0.005404322262489476,0.27696501,True,target,0.031020518881633707,0.013960202282459089,0.015248687295343899,0.017932223750750764,0,mean_strength|hold12|tp0.01000,False,1,-1,mid,high,0.6
btcusdt_clarity_hold12_v1,BTCUSDT,0,483,1654664400000,1654693200000,-1,1,-0.007722465685046257,0.007722465685046257,-0.6378674349999993,False,stop,0.00047487579541694025,0.0013067271887680088,0.004424532411091753,0.0053382589415836845,0,mean_strength|hold12|tp0.01000,True,-1,-1,high,high,0.7
btcusdt_clarity_hold12_v1,BTCUSDT,0,484,1654819200000,1654819200000,-1,1,0.0024551904530797936,0.0024551904530797936,0.2678793099999993,True,target_entry_bar,-0.004421966581365844,-0.012243635226428129,-0.011766130089885252,0.0035712003873844544,0,mean_strength|hold12|tp0.01000,False,1,1,low,low,0.6
btcusdt_clarity_hold12_v1,BTCUSDT,0,485,1654855200000,1654866000000,1,1,0.004530015536551293,0.004530015536551293,-0.6306650049999986,False,stop,0.00045345576639022056,-0.02023546357516537,-0.03193862342832565,-0.02773415488848663,0,mean_strength|hold12|tp0.01000,True,-1,1,mid,mid,0.6
btcusdt_clarity_hold12_v1,BTCUSDT,0,486,1654869600000,1654876800000,1,1,0.0051526251798914725,0.0051526251798914725,-0.6200162699999999,False,stop,-0.003635059027401688,-0.014943003357521967,-0.012228555182497547,-0.009896566663056383,0,mean_strength|hold12|tp0.01000,True,-1,1,mid,mid,0.5
btcusdt_clarity_hold12_v1,BTCUSDT,0,487,1654934400000,1654934400000,-1,1,-0.005764181545789141,0.005764181545789141,0.2608373649999978,True,target_entry_bar,-0.0023693822016974675,0.009346471275982982,0.020144922038013657,0.02061397004300758,0,mean_strength|hold12|tp0.01000,False,1,-1,high,mid,0.5
btcusdt_clarity_hold12_v1,BTCUSDT,0,488,1654938000000,1654945200000,-1,1,-0.005764181545789141,0.005764181545789141,0.2580808399999993,True,target,0.005164535707895768,0.020947164150346143,0.02309762039114216,0.017671589204365512,0,mean_strength|hold12|tp0.01000,False,1,-1,high,mid,0.6
btcusdt_clarity_hold12_v1,BTCUSDT,0,489,1654952400000,1654952400000,1,1,0.0018784367512847185,0.0018784367512847185,0.25322498500000074,True,target_entry_bar,-0.012145298521215153,-0.010441549229661895,-0.0062273775125955,-0.018445693860591583,0,mean_strength|hold12|tp0.01000,False,1,1,low,mid,0.6
btcusdt_clarity_hold12_v1,BTCUSDT,0,490,1654995600000,1654995600000,-1,1,-0.005475563078364039,0.005475563078364039,0.2536267699999993,True,target_entry_bar,0.029051066965171235,0.02859409981012828,0.021261371043160282,0.03284495706634161,0,mean_strength|hold12|tp0.01000,False,1,-1,mid,mid,0.6
btcusdt_clarity_hold12_v1,BTCUSDT,0,491,1654999200000,1654999200000,-1,1,0.00027375007372302184,0.00027375007372302184,0.25131827000000073,True,target_entry_bar,-0.004695452306682002,0.0055163355770809774,-0.005257301300643835,-0.014195808022765766,0,mean_strength|hold12|tp0.01000,False,1,0,low,mid,0.7
btcusdt_clarity_hold12_v1,BTCUSDT,0,492,1655010000000,1655042400000,-1,1,-0.008542691333435416,0.008542691333435416,0.24410151500000218,True,target,-0.007619697486637156,-0.010833397533962064,-0.00680526665272585,-0.03130789520989952,0,mean_strength|hold12|tp0.01000,False,1,-1,high,high,0.7
btcusdt_clarity_hold12_v1,BTCUSDT,0,493,1655046000000,1655060400000,-1,1,-0.004807593299815795,0.004807593299815795,0.24738972999999928,True,target,0.005513252462799767,0.006442812471062487,0.025550434863130245,0.09180918732949161,0,mean_strength|hold12|tp0.01000,False,1,-1,mid,high,0.7
btcusdt_clarity_hold12_v1,BTCUSDT,0,494,1655064000000,1655071200000,-1,1,-0.05520000672123793,0.05520000672123793,0.24401488000000002,True,target,0.00021559363158329958,0.029291500860547437,0.07434326160277427,0.11669096662683653,0,mean_strength|hold12|tp0.01000,False,1,-1,high,high,0.8
btcusdt_clarity_hold12_v1,BTCUSDT,0,495,1655074800000,1655074800000,-1,1,-0.044116987630786884,0.044116987630786884,0.24018254500000072,True,target_entry_bar,0.010291853474724055,0.04641121488290856,0.050559577183254545,0.10714971371782855,0,mean_strength|hold12|tp0.01000,False,1,-1,high,high,0.8
btcusdt_clarity_hold12_v1,BTCUSDT,0,496,1655078400000,1655078400000,-1,1,-0.04493948113764022,0.04493948113764022,0.236439485,True,target_entry_bar,0.020257651770737795,0.03009740864848831,0.03598148436935411,0.0997478253262486,0,mean_strength|hold12|tp0.01000,False,1,-1,high,high,0.9
btcusdt_clarity_hold12_v1,BTCUSDT,0,497,1655082000000,1655082000000,-1,1,-0.030051666479402214,0.030051666479402214,0.23403873999999925,True,target_entry_bar,0.016573041341372052,0.014961935190828779,0.03717190696735473,0.08214700276023246,0,mean_strength|hold12|tp0.01000,False,1,-1,high,high,1.0
btcusdt_clarity_hold12_v1,BTCUSDT,0,498,1655085600000,1655085600000,-1,1,-0.016030729359050457,0.016030729359050457,0.229321355,True,target_entry_bar,-0.006639875571416098,0.004350263305410662,0.04574882163920435,0.10035212657608217,0,mean_strength|hold12|tp0.01000,False,1,-1,high,high,1.0
btcusdt_clarity_hold12_v1,BTCUSDT,0,499,1655089200000,1655089200000,-1,1,-0.013466080887446401,0.013466080887446401,0.22548836000000075,True,target_entry_bar,0.004968627450980367,0.006066666666666665,0.05731764705882347,0.08811372549019614,0,mean_strength|hold12|tp0.01000,False,1,-1,high,high,1.0
btcusdt_clarity_hold12_v1,BTCUSDT,0,500,1655092800000,1655092800000,-1,1,-0.015760240511032312,0.015760240511032312,-0.5380161450000007,False,stop_entry_bar,0.005978725668320695,0.02254732336747678,0.05499087623604337,0.06504869291735804,0,mean_strength|hold12|tp0.01000,True,-1,-1,high,high,1.0
btcusdt_clarity_hold12_v1,BTCUSDT,0,501,1655096400000,1655100000000,-1,1,-0.017378511173521547,0.017378511173521547,0.22584226999999854,True,target,-0.004904526279062349,0.04157943984521195,0.059603673042154304,0.06723998477495474,0,mean_strength|hold12|tp0.01000,False,1,-1,high,high,0.9
btcusdt_clarity_hold12_v1,BTCUSDT,0,502,1655103600000,1655103600000,-1,1,-0.02209596106734384,0.02209596106734384,0.22557334499999931,True,target_entry_bar,0.025333451607180257,0.03319194232537137,0.04671144944599459,0.06455736012773583,0,mean_strength|hold12|tp0.01000,False,1,-1,high,high,0.9
btcusdt_clarity_hold12_v1,BTCUSDT,0,503,1655107200000,1655107200000,-1,1,-0.03496219165091422,0.03496219165091422,0.2207688849999978,True,target_entry_bar,0.005564082091929379,0.01880618378432053,0.05722110297068206,0.03865072043486728,0,mean_strength|hold12|tp0.01000,False,1,-1,high,high,0.9
btcusdt_clarity_hold12_v1,BTCUSDT,0,504,1655110800000,1655110800000,-1,1,-0.029253946615279,0.029253946615279,0.21515599999999854,True,target_entry_bar,0.002512646432374921,0.015375399361022501,0.03266856363152304,0.04111338525026631,0,mean_strength|hold12|tp0.01000,False,1,-1,high,high,0.9
btcusdt_clarity_hold12_v1,BTCUSDT,0,505,1655114400000,1655118000000,-1,1,-0.020024832523106873,0.020024832523106873,0.21400323499999926,True,target,0.010830761531403832,0.013983651680707254,0.010643089498707181,0.05847860538827265,0,mean_strength|hold12|tp0.01000,False,1,-1,high,high,0.9
btcusdt_clarity_hold12_v1,BTCUSDT,0,506,1655121600000,1655121600000,-1,1,-0.0031438829200368195,0.0031438829200368195,-0.5004376850000022,False,stop_entry_bar,0.0011027175015209112,0.01756320557020219,0.012645339011694734,0.0814827959169877,0,mean_strength|hold12|tp0.01000,True,-1,-1,mid,high,0.9
btcusdt_clarity_hold12_v1,BTCUSDT,0,507,1655128800000,1655128800000,1,1,0.010235812664219102,0.010235812664219102,-0.4988598549999986,False,stop_entry_bar,0.020333747263017843,0.032295291293874095,0.019697494920950964,-0.05527497071045251,0,mean_strength|hold12|tp0.01000,True,-1,1,high,high,0.8
btcusdt_clarity_hold12_v1,BTCUSDT,0,508,1655132400000,1655132400000,1,1,0.008538759448082462,0.008538759448082462,0.20279339000000002,True,target_entry_bar,0.020199457276664168,0.005005784175013295,-0.008730018793193128,-0.04930955442500129,0,mean_strength|hold12|tp0.01000,False,1,1,high,high,0.7
btcusdt_clarity_hold12_v1,BTCUSDT,0,509,1655136000000,1655136000000,1,1,-0.019929084241785203,0.019929084241785203,0.20697831500000075,True,target_entry_bar,-0.008308462744701206,-0.02203365538637936,-0.048350110442274996,-0.07414386160149722,0,mean_strength|hold12|tp0.01000,False,1,-1,high,high,0.7
btcusdt_clarity_hold12_v1,BTCUSDT,0,510,1655139600000,1655139600000,-1,1,-0.015746145929174525,0.015746145929174525,0.21114852499999856,True,target_entry_bar,0.0066395473886006195,0.012203675129751845,0.04481056886723889,0.03342727315233984,0,mean_strength|hold12|tp0.01000,False,1,-1,high,high,0.7
btcusdt_clarity_hold12_v1,BTCUSDT,0,511,1655143200000,1655146800000,-1,1,-0.0638897544917353,0.0638897544917353,0.20936390499999857,True,target,0.007248764415156539,0.01366738697875447,0.06971907828579982,0.03199469393868082,0,mean_strength|hold12|tp0.01000,False,1,-1,high,high,0.8
btcusdt_clarity_hold12_v1,BTCUSDT,0,512,1655150400000,1655150400000,-1,1,-0.05500327428514899,0.05500327428514899,-0.48956232999999927,False,stop_entry_bar,0.008111504135360992,0.033009733804962416,0.07352422262959035,0.027488747170655636,0,mean_strength|hold12|tp0.01000,True,-1,-1,high,high,0.8
btcusdt_clarity_hold12_v1,BTCUSDT,0,513,1655154000000,1655154000000,-1,1,-0.05593077569317759,0.05593077569317759,0.2068781750000029,True,target_entry_bar,0.02057691723680155,0.05682838686166214,0.04093691567498614,0.03294562713393856,0,mean_strength|hold12|tp0.01000,False,1,-1,high,high,0.7
btcusdt_clarity_hold12_v1,BTCUSDT,0,514,1655157600000,1655157600000,-1,1,-0.044088147117919294,0.044088147117919294,0.20518448000000145,True,target_entry_bar,0.004619991318137062,0.07712240540756021,0.02710424436786285,0.008996358933016757,0,mean_strength|hold12|tp0.01000,False,1,-1,high,high,0.7
btcusdt_clarity_hold12_v1,BTCUSDT,0,515,1655161200000,1655161200000,-1,1,-0.042554448086029414,0.042554448086029414,0.20100153500000073,True,target_entry_bar,0.03254344391785147,0.041897514629641974,-0.011917317491044077,0.02187214916672231,0,mean_strength|hold12|tp0.01000,False,1,-1,high,high,0.7
btcusdt_clarity_hold12_v1,BTCUSDT,0,516,1655164800000,1655164800000,-1,1,-0.033195957742327774,0.033195957742327774,0.20001741999999856,True,target_entry_bar,0.041650950773222006,-0.016848971030625215,-0.04055160486104081,-0.01845429204883131,0,mean_strength|hold12|tp0.01000,False,1,-1,high,high,0.7
btcusdt_clarity_hold12_v1,BTCUSDT,0,517,1655168400000,1655168400000,-1,1,0.011161014363264577,0.011161014363264577,0.1935204750000029,True,target_entry_bar,-0.03337221078297259,-0.05419804460827371,-0.09736161307818203,-0.07502387843357461,0,mean_strength|hold12|tp0.01000,False,1,1,high,high,0.8
btcusdt_clarity_hold12_v1,BTCUSDT,0,518,1655172000000,1655172000000,1,1,-0.014784510875215772,0.014784510875215772,0.185455495,True,target_entry_bar,0.02677659080353001,0.056168137482582425,0.04968880631676731,0.0450441244774733,0,mean_strength|hold12|tp0.01000,False,1,-1,high,high,0.9
btcusdt_clarity_hold12_v1,BTCUSDT,0,519,1655175600000,1655175600000,-1,1,-0.0342732730072146,0.0342732730072146,-0.45430762000000147,False,stop_entry_bar,0.0064505914550018195,-0.023309886232556032,-0.00833239092574578,-0.025607852893945182,0,mean_strength|hold12|tp0.01000,True,-1,-1,high,high,0.9
btcusdt_clarity_hold12_v1,BTCUSDT,0,520,1655179200000,1655179200000,-1,1,7.518107051137611e-05,7.518107051137611e-05,0.19681661,True,target_entry_bar,-0.035303384189510956,-0.04094445886204179,-0.018612359371514176,-0.023265449214392664,0,mean_strength|hold12|tp0.01000,False,1,0,low,high,0.8
btcusdt_clarity_hold12_v1,BTCUSDT,0,521,1655186400000,1655186400000,-1,1,0.007092158261943433,0.007092158261943433,0.20242421499999927,True,target_entry_bar,-0.01067112254550917,0.014636324253596067,0.02123615273762469,0.015029750064097458,0,mean_strength|hold12|tp0.01000,False,1,1,high,high,0.8
btcusdt_clarity_hold12_v1,BTCUSDT,0,522,1655190000000,1655190000000,1,1,-0.0071751953119272805,0.0071751953119272805,-0.4773475350000007,False,stop_entry_bar,-0.011520697015291015,-0.021453689772210405,-0.020355855698240055,-0.029794604429826177,0,mean_strength|hold12|tp0.01000,True,-1,-1,high,high,0.8
btcusdt_clarity_hold12_v1,BTCUSDT,0,523,1655193600000,1655193600000,-1,1,-0.003612625637447799,0.003612625637447799,0.203488695,True,target_entry_bar,0.013677112186833429,0.02742502146036685,0.004424817918742607,0.027358649191585704,0,mean_strength|hold12|tp0.01000,False,1,-1,mid,high,0.8
btcusdt_clarity_hold12_v1,BTCUSDT,0,524,1655200800000,1655204400000,-1,1,0.005419435365675179,0.005419435365675179,0.19841508999999927,True,target,0.017552642282782194,-0.0011219030336078184,-0.004568067332060943,0.03540475669007326,0,mean_strength|hold12|tp0.01000,False,1,1,mid,high,0.8
btcusdt_clarity_hold12_v1,BTCUSDT,0,525,1655208000000,1655208000000,1,1,0.025841073771402597,0.025841073771402597,0.19558895500000145,True,target_entry_bar,0.01158011688511107,0.02399125619879494,0.006341062444109147,-0.015428112043502362,0,mean_strength|hold12|tp0.01000,False,1,1,high,high,0.8
btcusdt_clarity_hold12_v1,BTCUSDT,0,526,1655211600000,1655211600000,1,1,-0.002156160911716496,0.002156160911716496,0.197010425,True,target_entry_bar,0.004554018698265105,0.003442302368982686,-0.009634874853780229,-0.010938574324264039,0,mean_strength|hold12|tp0.01000,False,1,-1,low,high,0.8
btcusdt_clarity_hold12_v1,BTCUSDT,0,527,1655222400000,1655222400000,-1,1,-0.008895969876855453,0.008895969876855453,0.20179731000000217,True,target_entry_bar,0.005655197575962667,0.013032316050349602,0.039791055800025954,0.05967546018002312,0,mean_strength|hold12|tp0.01000,False,1,-1,high,high,0.8
btcusdt_clarity_hold12_v1,BTCUSDT,0,528,1655226000000,1655229600000,-1,1,-0.01128932920468223,0.01128932920468223,0.2000137900000022,True,target,0.002953310840440704,0.016390875164445706,0.010072579851260421,0.05089539015026079,0,mean_strength|hold12|tp0.01000,False,1,-1,high,high,0.8
btcusdt_clarity_hold12_v1,BTCUSDT,0,529,1655233200000,1655236800000,-1,1,-0.0026213678223054593,0.0026213678223054593,0.19832460500000074,True,target,0.009038860337210353,0.0271120728518619,0.0013163826526012556,0.06647281579659181,0,mean_strength|hold12|tp0.01000,False,1,-1,low,high,0.8
btcusdt_clarity_hold12_v1,BTCUSDT,0,530,1655244000000,1655247600000,1,1,0.007774461959971397,0.007774461959971397,0.19105462999999928,True,target,0.02511978350926314,0.026514554738978457,-0.020708414038534517,-0.046982011621548914,0,mean_strength|hold12|tp0.01000,False,1,1,high,high,0.9
btcusdt_clarity_hold12_v1,BTCUSDT,0,531,1655258400000,1655258400000,-1,1,-0.054685765106606554,0.054685765106606554,0.19716590000000145,True,target_entry_bar,0.024196778010375897,0.03475015927914804,0.07821061254209516,0.035114225903340235,0,mean_strength|hold12|tp0.01000,False,1,-1,high,high,0.9
btcusdt_clarity_hold12_v1,BTCUSDT,0,532,1655262000000,1655262000000,-1,1,-0.03953031920333282,0.03953031920333282,0.19556136999999854,True,target_entry_bar,0.014392112786408062,0.0056430513517673475,0.05641652248126372,0.0015623323990430205,0,mean_strength|hold12|tp0.01000,False,1,-1,high,high,0.9
btcusdt_clarity_hold12_v1,BTCUSDT,0,533,1655265600000,1655265600000,-1,1,-0.025628900016628653,0.025628900016628653,0.19084321499999926,True,target_entry_bar,-0.003629274570945862,0.02016684253112333,0.02682918750621044,0.019830886214908028,0,mean_strength|hold12|tp0.01000,False,1,-1,high,high,1.0
btcusdt_clarity_hold12_v1,BTCUSDT,0,534,1655269200000,1655269200000,-1,1,-0.03177516062015569,0.03177516062015569,0.18808119000000073,True,target_entry_bar,-0.0052285671180174464,0.04502508203522804,0.002197035416588222,0.0047335269490439424,0,mean_strength|hold12|tp0.01000,False,1,-1,high,high,1.0
btcusdt_clarity_hold12_v1,BTCUSDT,0,535,1655272800000,1655272800000,-1,1,-0.039815594508465876,0.039815594508465876,0.18879693,True,target_entry_bar,0.028788113295155515,0.051061614441896164,0.006458330401992396,-0.009746122422178649,0,mean_strength|hold12|tp0.01000,False,1,-1,high,high,1.0
btcusdt_clarity_hold12_v1,BTCUSDT,0,536,1655276400000,1655276400000,-1,1,-0.004812828430597831,0.004812828430597831,0.18977543500000219,True,target_entry_bar,0.02183266932270911,0.006799468791500618,-0.04054086683568747,-0.043935772063262046,0,mean_strength|hold12|tp0.01000,False,1,-1,mid,high,1.0
btcusdt_clarity_hold12_v1,BTCUSDT,0,537,1655287200000,1655287200000,-1,1,-0.013801033670719715,0.013801033670719715,-0.426967225,False,stop_entry_bar,-0.029032367856778096,-0.04766442842069951,-0.0071912363189037265,-0.09207116357996181,0,mean_strength|hold12|tp0.01000,True,-1,-1,high,high,1.0
btcusdt_clarity_hold12_v1,BTCUSDT,0,538,1655290800000,1655290800000,-1,1,-0.0029653579820461016,0.0029653579820461016,-0.43393803500000216,False,stop_entry_bar,-0.0009355597765996482,-0.0018238690594318818,0.0025420765647000687,-0.0663255181016642,0,mean_strength|hold12|tp0.01000,True,-1,-1,low,high,0.9
btcusdt_clarity_hold12_v1,BTCUSDT,0,539,1655301600000,1655301600000,-1,1,-0.008424236180705156,0.008424236180705156,0.19182865000000146,True,target_entry_bar,-0.009734747009772393,0.00435799720786334,-0.022252197864392587,-0.0586065728408105,0,mean_strength|hold12|tp0.01000,False,1,-1,high,high,0.8
btcusdt_clarity_hold12_v1,BTCUSDT,0,540,1655305200000,1655308800000,-1,1,-0.014587949034761998,0.014587949034761998,0.18870567500000146,True,target,0.03242591831396435,-0.005619184634355845,-0.036839991031725416,-0.036839991031725416,0,mean_strength|hold12|tp0.01000,False,1,-1,high,high,0.8
btcusdt_clarity_hold12_v1,BTCUSDT,0,541,1655316000000,1655316000000,-1,1,-0.018305743148532207,0.018305743148532207,-0.4453363250000014,False,stop_entry_bar,-0.004096780636440922,-0.031046351217654422,-0.052477809104886086,-0.01204416348105597,0,mean_strength|hold12|tp0.01000,True,-1,-1,high,high,0.8
btcusdt_clarity_hold12_v1,BTCUSDT,0,542,1655319600000,1655319600000,-1,1,-0.019004058637648657,0.019004058637648657,-0.45430740000000147,False,stop_entry_bar,-0.0026321511012015186,-0.03899654443431877,-0.034310482807751175,-0.006087716782392061,0,mean_strength|hold12|tp0.01000,True,-1,-1,high,high,0.7
btcusdt_clarity_hold12_v1,BTCUSDT,0,543,1655323200000,1655326800000,-1,1,0.003364937215502781,0.003364937215502781,-0.4561041449999985,False,stop,-0.02414391303946628,-0.041214900665307086,-0.03556301962702202,-0.004595325317658716,0,mean_strength|hold12|tp0.01000,True,-1,1,mid,high,0.6
btcusdt_clarity_hold12_v1,BTCUSDT,0,544,1655330400000,1655330400000,-1,1,-0.018699348680864637,0.018699348680864637,-0.4683489650000008,False,stop_entry_bar,-0.004772865901167878,0.004510180184592372,0.01671393525464926,0.05464753364825925,0,mean_strength|hold12|tp0.01000,True,-1,-1,high,high,0.5
btcusdt_clarity_hold12_v1,BTCUSDT,0,545,1655334000000,1655341200000,-1,1,-0.02385004555030385,0.02385004555030385,-0.47394063000000003,False,stop,-0.004050072006203775,0.005428159964550816,0.02816439570178353,0.06821313836268972,0,mean_strength|hold12|tp0.01000,True,-1,-1,high,high,0.4
btcusdt_clarity_hold12_v1,BTCUSDT,0,546,1655344800000,1655352000000,-1,1,-0.015905177190472245,0.015905177190472245,0.199040345,True,target,0.011026954778347031,0.022860325239474233,0.02990421029182444,0.0681799955446647,0,mean_strength|hold12|tp0.01000,False,1,-1,high,high,0.3
btcusdt_clarity_hold12_v1,BTCUSDT,0,547,1655355600000,1655359200000,-1,1,-0.0063090223039126495,0.0063090223039126495,0.19654009500000072,True,target,0.006542980772299756,0.007208677770735861,0.0412093799442822,0.040128762213944125,0,mean_strength|hold12|tp0.01000,False,1,-1,high,high,0.3
btcusdt_clarity_hold12_v1,BTCUSDT,0,548,1655373600000,1655380800000,1,1,0.007661979401317319,0.007661979401317319,0.18927803999999926,True,target,-0.009645408776003395,-0.010756891427925575,-0.0029529645032002616,-0.04127085796099461,0,mean_strength|hold12|tp0.01000,False,1,1,high,high,0.4
btcusdt_clarity_hold12_v1,BTCUSDT,0,549,1655420400000,1655424000000,1,1,0.010217357010201449,0.010217357010201449,0.18118448500000073,True,target,-0.0016578867339632763,0.008882937500612975,0.019933880730254927,0.028277269293779383,0,mean_strength|hold12|tp0.01000,False,1,1,high,high,0.5
btcusdt_clarity_hold12_v1,BTCUSDT,0,550,1655427600000,1655427600000,1,1,-0.0010568608838096205,0.0010568608838096205,0.18108772999999856,True,target_entry_bar,-0.014262368147377691,-0.01662984458044392,0.010610511787061405,-0.003599139273750218,0,mean_strength|hold12|tp0.01000,False,1,0,low,high,0.5
btcusdt_clarity_hold12_v1,BTCUSDT,0,551,1655438400000,1655438400000,1,1,0.004788702412788459,0.004788702412788459,0.1812706799999993,True,target_entry_bar,0.013387526743375622,0.02770102002524477,0.02871958321758772,0.002227193200481592,0,mean_strength|hold12|tp0.01000,False,1,1,mid,high,0.5
btcusdt_clarity_hold12_v1,BTCUSDT,0,552,1655463600000,1655467200000,-1,1,-0.0025324982786050342,0.0025324982786050342,0.18790847,True,target,0.015207094099857543,0.020435128959783277,0.018174099284961276,0.02416535091275962,0,mean_strength|hold12|tp0.01000,False,1,-1,low,high,0.6
btcusdt_clarity_hold12_v1,BTCUSDT,0,553,1655478000000,1655481600000,1,1,0.0053499594318291875,0.0053499594318291875,0.182787145,True,target,-0.004415182029434583,-0.006942292796282001,-0.005276917118512747,-0.009972889233152649,0,mean_strength|hold12|tp0.01000,False,1,1,mid,high,0.7
btcusdt_clarity_hold12_v1,BTCUSDT,0,554,1655499600000,1655503200000,-1,1,-0.008999826624956454,0.008999826624956454,0.1837199149999993,True,target,0.005124835742444156,-0.0007008322382831,0.004720883827322719,0.06767411300919846,0,mean_strength|hold12|tp0.01000,False,1,-1,high,high,0.8
btcusdt_clarity_hold12_v1,BTCUSDT,0,555,1655514000000,1655517600000,-1,1,-0.007950486322299924,0.007950486322299924,0.18300681500000002,True,target,-0.004037896368837002,-0.004945564446886763,0.05578478944553744,0.05845873054033235,0,mean_strength|hold12|tp0.01000,False,1,-1,high,high,0.9
btcusdt_clarity_hold12_v1,BTCUSDT,0,556,1655528400000,1655532000000,-1,1,-0.00923712064537288,0.00923712064537288,0.18229305500000073,True,target,0.04881835770087928,0.0694977101853893,0.05777190017877698,0.08848725295716697,0,mean_strength|hold12|tp0.01000,False,1,-1,high,high,1.0
btcusdt_clarity_hold12_v1,BTCUSDT,0,557,1655535600000,1655535600000,1,1,0.007409445935165635,0.007409445935165635,-0.4097582799999986,False,stop_entry_bar,-0.012850157704119125,0.007165534765054549,-0.0028319191058410187,-0.061600735779349325,0,mean_strength|hold12|tp0.01000,True,-1,1,high,high,1.0
btcusdt_clarity_hold12_v1,BTCUSDT,0,558,1655539200000,1655539200000,1,1,0.005606678791608324,0.005606678791608324,-0.4060683650000022,False,stop_entry_bar,0.008364214427085681,0.01260159178001441,0.0038373268202300803,-0.06314481829283691,0,mean_strength|hold12|tp0.01000,True,-1,1,mid,high,0.9
btcusdt_clarity_hold12_v1,BTCUSDT,0,559,1655553600000,1655564400000,-1,1,-0.028392718945862656,0.028392718945862656,0.17125573499999927,True,target,-0.0022509701106685487,0.010481895619747994,0.04928109968507299,0.009776835376267168,0,mean_strength|hold12|tp0.01000,False,1,-1,high,high,0.8
btcusdt_clarity_hold12_v1,BTCUSDT,0,560,1655568000000,1655571600000,-1,1,-0.022845954803646443,0.022845954803646443,0.16867325000000144,True,target,0.013585141681949686,0.042764308657811334,-0.01629368924319663,0.01961179251783618,0,mean_strength|hold12|tp0.01000,False,1,-1,high,high,0.8
btcusdt_clarity_hold12_v1,BTCUSDT,0,561,1655575200000,1655575200000,-1,1,-0.007126848339597739,0.007126848339597739,0.16564208,True,target_entry_bar,0.007926959903755804,-0.016491152897487815,-0.04155199217741434,-0.002548932359904832,0,mean_strength|hold12|tp0.01000,False,1,-1,high,high,0.8
btcusdt_clarity_hold12_v1,BTCUSDT,0,562,1655586000000,1655586000000,1,1,0.006734247630251495,0.006734247630251495,0.15841445499999854,True,target_entry_bar,0.036192370257080775,0.024654262074481403,-0.01103010716659747,0.02650792535627633,0,mean_strength|hold12|tp0.01000,False,1,1,high,high,0.8
btcusdt_clarity_hold12_v1,BTCUSDT,0,563,1655604000000,1655607600000,1,1,0.017181296246478298,0.017181296246478298,0.16436672999999927,True,target,-0.003702130902993317,-0.013768660373044028,0.015793943749387696,0.05946275547425395,0,mean_strength|hold12|tp0.01000,False,1,1,high,high,0.8
btcusdt_clarity_hold12_v1,BTCUSDT,0,564,1655611200000,1655611200000,1,1,0.024741150765194016,0.024741150765194016,0.16285939499999855,True,target_entry_bar,-0.020615045252538322,-0.010758966706674866,0.07525870178739424,0.055032925682031886,0,mean_strength|hold12|tp0.01000,False,1,1,high,high,0.8
btcusdt_clarity_hold12_v1,BTCUSDT,0,565,1655614800000,1655614800000,1,1,0.029699231430257197,0.029699231430257197,-0.3902523850000022,False,stop_entry_bar,0.007463469298753855,0.029975324180646856,0.08669658678767211,0.07308900407951469,0,mean_strength|hold12|tp0.01000,True,-1,1,high,high,0.8
btcusdt_clarity_hold12_v1,BTCUSDT,0,566,1655618400000,1655618400000,1,1,0.027467305122617653,0.027467305122617653,0.16116383000000073,True,target_entry_bar,0.0025808077763957993,0.04078333817348967,0.059638029380661095,0.10889255401340292,0,mean_strength|hold12|tp0.01000,False,1,1,high,high,0.7
btcusdt_clarity_hold12_v1,BTCUSDT,0,567,1655622000000,1655622000000,1,1,0.023690072020902342,0.023690072020902342,0.16241434000000218,True,target_entry_bar,0.019713398771396662,0.08695319502437537,0.047859781824541425,0.09914085215224189,0,mean_strength|hold12|tp0.01000,False,1,1,high,high,0.7
btcusdt_clarity_hold12_v1,BTCUSDT,0,568,1655625600000,1655625600000,1,1,0.013596930841731447,0.013596930841731447,0.16286236500000217,True,target_entry_bar,0.018035255843369402,0.05507050632707866,0.04298983272501178,0.10591224092743556,0,mean_strength|hold12|tp0.01000,False,1,1,high,high,0.8
btcusdt_clarity_hold12_v1,BTCUSDT,0,569,1655629200000,1655629200000,1,1,0.012198244555052879,0.012198244555052879,0.16606328500000073,True,target_entry_bar,0.04705597439245257,0.01811586572884627,0.043270648191045646,0.07332161057996034,0,mean_strength|hold12|tp0.01000,False,1,1,high,high,0.9
btcusdt_clarity_hold12_v1,BTCUSDT,0,570,1655632800000,1655632800000,1,1,0.0038916663841211062,0.0038916663841211062,0.16899121,True,target_entry_bar,-0.01019700123691436,-0.03596605022073385,-0.018810148731408738,0.03996339538017524,0,mean_strength|hold12|tp0.01000,False,1,1,mid,high,0.9
btcusdt_clarity_hold12_v1,BTCUSDT,0,571,1655643600000,1655643600000,1,1,0.01709944237469967,0.01709944237469967,0.172110665,True,target_entry_bar,0.01497426054483153,0.017795951577486813,0.048938866838089234,0.0321130345435483,0,mean_strength|hold12|tp0.01000,False,1,1,high,high,0.9
btcusdt_clarity_hold12_v1,BTCUSDT,0,572,1655647200000,1655647200000,1,1,0.013224129179938324,0.013224129179938324,0.17059375999999926,True,target_entry_bar,0.0183093525179856,-0.0010842754367933471,0.060328879753340114,0.024475847893113967,0,mean_strength|hold12|tp0.01000,False,1,1,high,high,0.9
btcusdt_clarity_hold12_v1,BTCUSDT,0,573,1655650800000,1655650800000,1,1,0.003631976313223979,0.003631976313223979,0.17317624500000073,True,target_entry_bar,-0.015250071910497986,0.02125018293021408,0.028804569975222405,0.00758971150012866,0,mean_strength|hold12|tp0.01000,False,1,1,mid,high,0.9
btcusdt_clarity_hold12_v1,BTCUSDT,0,574,1655712000000,1655712000000,1,1,0.005899959253526563,0.005899959253526563,0.17869402500000148,True,target_entry_bar,0.0043299942104571,0.011515838535002487,0.013544611103272874,-0.005268970483061852,0,mean_strength|hold12|tp0.01000,False,1,1,high,high,0.9
btcusdt_clarity_hold12_v1,BTCUSDT,0,575,1655744400000,1655748000000,1,1,0.010909047777644015,0.010909047777644015,-0.42768612999999855,False,stop,0.0034103371776830205,0.02390240726737347,0.030117133313635636,0.045636420998863114,0,mean_strength|hold12|tp0.01000,True,-1,1,high,high,0.9
btcusdt_clarity_hold12_v1,BTCUSDT,0,576,1655751600000,1655755200000,1,1,0.011572033820189665,0.011572033820189665,0.178336925,True,target,0.019023838359673695,0.020872893646925128,0.02973938786800434,0.05200281096275483,0,mean_strength|hold12|tp0.01000,False,1,1,high,high,0.9
btcusdt_clarity_hold12_v1,BTCUSDT,0,577,1655820000000,1655823600000,-1,1,-0.002096349531681153,0.002096349531681153,0.1922657849999978,True,target,0.009064620175731397,0.01604845586327086,0.033700367033700385,0.05189912134356589,0,mean_strength|hold12|tp0.01000,False,1,-1,low,high,0.9
btcusdt_clarity_hold12_v1,BTCUSDT,0,578,1655852400000,1655852400000,-1,1,-0.004201494082119851,0.004201494082119851,0.18595222999999927,True,target_entry_bar,0.006425885067903869,0.012291738078800352,0.017066494151044553,0.010408871680240961,0,mean_strength|hold12|tp0.01000,False,1,-1,mid,high,0.9
btcusdt_clarity_hold12_v1,BTCUSDT,0,579,1655863200000,1655877600000,1,1,0.008458721870054881,0.008458721870054881,-0.4305321549999993,False,stop,-0.007307476110174238,-0.004834176503653809,-0.01135469364811692,0.011115184397683109,0,mean_strength|hold12|tp0.01000,True,-1,1,high,high,0.9
btcusdt_clarity_hold12_v1,BTCUSDT,0,580,1655884800000,1655888400000,1,1,0.006217756385034137,0.006217756385034137,0.17877758000000002,True,target,0.009369036200571612,0.013413295626464539,0.0227279469203312,-0.01752182812391856,0,mean_strength|hold12|tp0.01000,False,1,1,high,high,0.8
btcusdt_clarity_hold12_v1,BTCUSDT,0,581,1655913600000,1655913600000,1,1,0.0035953016978599274,0.0035953016978599274,0.17869545500000147,True,target_entry_bar,-0.002727612895602194,-0.010231010102999316,-0.010949839494259095,0.0017084506764875051,0,mean_strength|hold12|tp0.01000,False,1,1,mid,high,0.8
btcusdt_clarity_hold12_v1,BTCUSDT,0,582,1655931600000,1655935200000,1,1,0.005225984007532334,0.005225984007532334,0.1768205699999993,True,target,0.004656094182132975,0.020609843313178722,0.010382439873370286,0.03717873700319574,0,mean_strength|hold12|tp0.01000,False,1,1,mid,high,0.8
btcusdt_clarity_hold12_v1,BTCUSDT,0,583,1655956800000,1655960400000,1,1,0.002872210432121121,0.002872210432121121,0.17975443500000218,True,target,-0.00036863188420044324,0.00494949743186468,0.01672605735912125,-0.003425818977169426,0,mean_strength|hold12|tp0.01000,False,1,1,low,high,0.8
btcusdt_clarity_hold12_v1,BTCUSDT,0,584,1656072000000,1656082800000,-1,1,-0.0038171325757725087,0.0038171325757725087,0.18834648499999998,True,target,0.0008535159197224917,0.015608495548513623,0.004225139580504078,0.0010845782405312088,0,mean_strength|hold12|tp0.01000,False,1,-1,mid,high,0.8
btcusdt_clarity_hold12_v1,BTCUSDT,0,585,1656234000000,1656244800000,-1,1,-0.0098025880414698,0.0098025880414698,-0.45251340500000076,False,stop,-0.0002195707625176624,-0.0019574499892549557,0.004260607136516992,0.001551010492679472,0,mean_strength|hold12|tp0.01000,True,-1,-1,high,mid,0.8
btcusdt_clarity_hold12_v1,BTCUSDT,0,586,1656248400000,1656255600000,-1,1,-0.01128399135434768,0.01128399135434768,0.19093777000000145,True,target,-0.00036924342489652595,0.002379049408509304,0.005678870395557811,0.014732345256624035,0,mean_strength|hold12|tp0.01000,False,1,-1,high,mid,0.8
btcusdt_clarity_hold12_v1,BTCUSDT,0,587,1656259200000,1656280800000,-1,1,-0.002251814679994835,0.002251814679994835,0.1896833,True,target,0.004347785346838884,0.003307690145332276,0.00971224032758311,0.005073977942485541,0,mean_strength|hold12|tp0.01000,False,1,-1,low,mid,0.8
btcusdt_clarity_hold12_v1,BTCUSDT,0,588,1656288000000,1656302400000,1,1,0.0023419762721651363,0.0023419762721651363,0.18714060999999782,True,target,0.0019011497202934269,0.005750977903887344,0.010366018849899516,0.009111260034505797,0,mean_strength|hold12|tp0.01000,False,1,1,low,mid,0.8
btcusdt_clarity_hold12_v1,BTCUSDT,0,589,1656313200000,1656334800000,-1,1,-0.006795576420062624,0.006795576420062624,0.189244845,True,target,-0.005694243475736105,-0.0034371502559129574,0.029267287601440373,0.02383996178862946,0,mean_strength|hold12|tp0.01000,False,1,-1,high,mid,0.8
btcusdt_clarity_hold12_v1,BTCUSDT,0,590,1656338400000,1656352800000,1,1,0.0039011179973699986,0.0039011179973699986,0.1844714899999978,True,target,-0.002979909641449563,-0.0045227338267807005,0.004801499567432588,-0.008362972219552067,0,mean_strength|hold12|tp0.01000,False,1,1,mid,mid,0.9
btcusdt_clarity_hold12_v1,BTCUSDT,0,591,1656421200000,1656424800000,-1,1,-0.007546423263660273,0.007546423263660273,0.18638991499999927,True,target,0.009689038414019913,0.016279865427382245,0.03791032293626817,0.03322974282944646,0,mean_strength|hold12|tp0.01000,False,1,-1,high,mid,0.9
btcusdt_clarity_hold12_v1,BTCUSDT,0,592,1656442800000,1656482400000,1,1,0.009610088518107164,0.009610088518107164,-0.42916313000000006,False,stop,0.001106358598480739,0.0026769926802525656,0.004865014372783527,-0.008198907470884031,0,mean_strength|hold12|tp0.01000,True,-1,1,high,mid,0.9
btcusdt_clarity_hold12_v1,BTCUSDT,0,593,1656489600000,1656500400000,-1,1,0.0014795218920125787,0.0014795218920125787,0.17873294500000073,True,target,-0.0035575258433488965,-0.005558946852265212,-0.006469593411321917,-0.011513174353791289,0,mean_strength|hold12|tp0.01000,False,1,0,low,mid,0.8
btcusdt_clarity_hold12_v1,BTCUSDT,0,594,1656561600000,1656568800000,-1,1,-0.007346289386137179,0.007346289386137179,0.17855263500000002,True,target,0.0024651313655531526,0.03073928990244268,0.04722672721375287,0.045460216073255344,0,mean_strength|hold12|tp0.01000,False,1,-1,high,mid,0.8
btcusdt_clarity_hold12_v1,BTCUSDT,0,595,1656572400000,1656576000000,-1,1,-0.00981639301161228,0.00981639301161228,0.17277077000000002,True,target,0.010168095348418116,0.017010322547429735,0.029248075784487737,0.025855278399876447,0,mean_strength|hold12|tp0.01000,False,1,-1,high,high,0.8
btcusdt_clarity_hold12_v1,BTCUSDT,0,596,1656579600000,1656579600000,-1,1,-0.016117967546996365,0.016117967546996365,0.17116767000000072,True,target_entry_bar,0.002408669118876605,-0.002816209663935698,0.0002978180906203498,0.01706445410466484,0,mean_strength|hold12|tp0.01000,False,1,-1,high,high,0.9
btcusdt_clarity_hold12_v1,BTCUSDT,0,597,1656583200000,1656594000000,-1,1,-0.01100595592217838,0.01100595592217838,0.17036276499999928,True,target,0.00023044974362451676,0.012449523649904815,-0.0018540729373439646,0.010899225374611743,0,mean_strength|hold12|tp0.01000,False,1,-1,high,high,0.9
btcusdt_clarity_hold12_v1,BTCUSDT,0,598,1656619200000,1656630000000,1,1,0.004741106721436688,0.004741106721436688,0.16837200499999927,True,target,0.003718741496779865,0.06298918523814345,0.08267130486744323,0.04124228374477812,0,mean_strength|hold12|tp0.01000,False,1,1,mid,high,0.9
btcusdt_clarity_hold12_v1,BTCUSDT,0,599,1656633600000,1656633600000,-1,1,-0.0006199024703093031,0.0006199024703093031,0.17730487499999856,True,target_entry_bar,-0.006042713010562251,0.02803503393481177,0.04426558364425881,0.04996820921784828,0,mean_strength|hold12|tp0.01000,False,1,0,low,high,0.9
btcusdt_clarity_hold12_v1,BTCUSDT,0,600,1656644400000,1656644400000,-1,1,0.005449267513771336,0.005449267513771336,0.18060100999999928,True,target_entry_bar,0.01624738211266663,0.016698698282463065,0.015471523978073054,0.022342685889016667,0,mean_strength|hold12|tp0.01000,False,1,1,mid,high,0.9
btcusdt_clarity_hold12_v1,BTCUSDT,0,601,1656648000000,1656651600000,1,1,-0.0011840237464486006,0.0011840237464486006,-0.41608651999999857,False,stop,0.0029588086413705472,0.00857745222864259,-0.01738171208833128,-0.003340257839038685,0,mean_strength|hold12|tp0.01000,True,-1,0,low,high,0.9
btcusdt_clarity_hold12_v1,BTCUSDT,0,602,1656673200000,1656680400000,-1,1,0.0013498165941812582,0.0013498165941812582,-0.40226779499999854,False,stop,-0.004958289885297118,-0.011475495307611938,-0.01532846715328473,-0.0047966631908238355,0,mean_strength|hold12|tp0.01000,True,-1,0,low,high,0.8
btcusdt_clarity_hold12_v1,BTCUSDT,0,603,1656691200000,1656694800000,1,1,0.007823300889036,0.007823300889036,0.17157589500000145,True,target,0.007194244604316502,0.002337741596801557,-0.002218785719088401,-0.007545940242773552,0,mean_strength|hold12|tp0.01000,False,1,1,high,high,0.8
btcusdt_clarity_hold12_v1,BTCUSDT,0,604,1656734400000,1656763200000,1,1,0.003549737916111699,0.003549737916111699,0.17015024499999928,True,target,0.0021314294647976073,-0.003601021418520922,0.0022773463963730034,0.004820470060972415,0,mean_strength|hold12|tp0.01000,False,1,1,mid,high,0.8
btcusdt_clarity_hold12_v1,BTCUSDT,0,605,1656828000000,1656867600000,1,1,0.0015588660441668949,0.0015588660441668949,0.16934677000000145,True,target,-0.0007000606022611322,-0.005725868806553569,-0.0040697552922492886,0.004503374919022862,0,mean_strength|hold12|tp0.01000,False,1,0,low,low,0.8
btcusdt_clarity_hold12_v1,BTCUSDT,0,606,1656925200000,1656925200000,1,1,0.005223192205389295,0.005223192205389295,0.170334405,True,target_entry_bar,0.005165796230002018,0.017630862532996616,0.02243505302689841,0.030405876609791438,0,mean_strength|hold12|tp0.01000,False,1,1,mid,mid,0.8
btcusdt_clarity_hold12_v1,BTCUSDT,0,607,1656928800000,1656932400000,1,1,0.010918082172154685,0.010918082172154685,0.17228888500000072,True,target,0.01727301226738498,0.0033507896454432196,0.014143210282607344,0.035712633813167916,0,mean_strength|hold12|tp0.01000,False,1,1,high,mid,0.8
btcusdt_clarity_hold12_v1,BTCUSDT,0,608,1656936000000,1656946800000,1,1,0.007841978038450709,0.007841978038450709,0.17610659,True,target,-0.008939358559144073,0.00472095596820199,0.011157700234524892,0.034757403778795215,0,mean_strength|hold12|tp0.01000,False,1,1,high,mid,0.8
btcusdt_clarity_hold12_v1,BTCUSDT,0,609,1656950400000,1656954000000,1,1,-0.0026533637879607797,0.0026533637879607797,0.17610857000000002,True,target,0.007829405117238286,0.004591223971662117,0.02126861700779914,0.02694430227078093,0,mean_strength|hold12|tp0.01000,False,1,-1,low,high,0.8
btcusdt_clarity_hold12_v1,BTCUSDT,0,610,1656979200000,1657008000000,-1,1,-0.004986975787248984,0.004986975787248984,0.1800734999999971,True,target,0.004542756364028788,0.003988402725653817,0.00032868755549653184,0.04999975471077933,0,mean_strength|hold12|tp0.01000,False,1,-1,mid,high,0.8
btcusdt_clarity_hold12_v1,BTCUSDT,0,611,1657011600000,1657018800000,1,1,0.008540460728731339,0.008540460728731339,-0.4195653250000015,False,stop,-0.0013412017167382384,-0.01991558020892381,-0.012723702324074937,0.03080208923799499,0,mean_strength|hold12|tp0.01000,True,-1,1,high,high,0.8
btcusdt_clarity_hold12_v1,BTCUSDT,0,612,1657022400000,1657040400000,1,1,0.012679658945518242,0.012679658945518242,0.17361613000000073,True,target,0.0015078828189145632,0.0073380187865674795,0.038327076308165564,0.04593362217207431,0,mean_strength|hold12|tp0.01000,False,1,1,high,high,0.8
btcusdt_clarity_hold12_v1,BTCUSDT,0,613,1657044000000,1657044000000,1,1,0.001000884554666262,0.001000884554666262,0.17521967,True,target_entry_bar,0.01420891128009516,0.012925782435060373,0.007325770498978201,-0.0011289544489259118,0,mean_strength|hold12|tp0.01000,False,1,0,low,high,0.9
btcusdt_clarity_hold12_v1,BTCUSDT,0,614,1657062000000,1657062000000,-1,1,0.002072164310673009,0.002072164310673009,0.18184932000000073,True,target_entry_bar,-0.004184432325235576,0.01560733763014377,0.0064005949429845055,0.0035349529003469993,0,mean_strength|hold12|tp0.01000,False,1,1,low,high,0.9
btcusdt_clarity_hold12_v1,BTCUSDT,0,615,1657069200000,1657069200000,1,1,0.005028176654676532,0.005028176654676532,-0.42736803499999926,False,stop_entry_bar,-0.0007498704083017671,0.011117206254623868,0.014131785949743625,0.017604340189531165,0,mean_strength|hold12|tp0.01000,True,-1,1,mid,high,0.9
btcusdt_clarity_hold12_v1,BTCUSDT,0,616,1657072800000,1657080000000,1,1,0.005483299813878024,0.005483299813878024,0.1768225500000029,True,target,0.0042910673274507705,0.00935271364680279,0.016015955517949987,0.016786534509851236,0,mean_strength|hold12|tp0.01000,False,1,1,mid,high,0.8
btcusdt_clarity_hold12_v1,BTCUSDT,0,617,1657083600000,1657112400000,1,1,0.0012283210224544555,0.0012283210224544555,0.17877912,True,target,0.00217056120234127,0.006601499932637811,0.00288410201138678,0.010738040706754548,0,mean_strength|hold12|tp0.01000,False,1,0,low,high,0.8
btcusdt_clarity_hold12_v1,BTCUSDT,0,618,1657242000000,1657242000000,-1,1,-0.008018952104848922,0.008018952104848922,-0.45810771,False,stop_entry_bar,0.0067320290968237995,0.007079925902498618,0.015438485519360223,0.03923101251524874,0,mean_strength|hold12|tp0.01000,True,-1,-1,high,high,0.8
btcusdt_clarity_hold12_v1,BTCUSDT,0,619,1657245600000,1657245600000,-1,1,-0.004321267192689422,0.004321267192689422,0.19698746000000072,True,target_entry_bar,-0.006172671033478849,0.006723071324599705,0.025131914119359555,0.010421215429403108,0,mean_strength|hold12|tp0.01000,False,1,-1,mid,high,0.7
btcusdt_clarity_hold12_v1,BTCUSDT,0,620,1657249200000,1657256400000,-1,1,-0.006767548330830625,0.006767548330830625,0.19565064500000073,True,target,0.006482908900211193,0.013413382640813376,0.025086235346772345,0.007793957422569053,0,mean_strength|hold12|tp0.01000,False,1,-1,high,high,0.7
btcusdt_clarity_hold12_v1,BTCUSDT,0,621,1657270800000,1657274400000,1,1,0.002828529825323912,0.002828529825323912,0.1906954399999978,True,target,-0.0016183780976405382,-0.00897295592817926,0.01773723846267994,0.006079351535836386,0,mean_strength|hold12|tp0.01000,False,1,1,low,high,0.7
btcusdt_clarity_hold12_v1,BTCUSDT,0,622,1657357200000,1657364400000,-1,1,-0.0038811191771372113,0.0038811191771372113,0.19324396,True,target,-0.003593915288922167,0.006587304886893408,0.005035176947204567,-0.002314333624357179,0,mean_strength|hold12|tp0.01000,False,1,-1,mid,high,0.8
btcusdt_clarity_hold12_v1,BTCUSDT,0,623,1657418400000,1657418400000,-1,1,-0.0006671826804740346,0.0006671826804740346,0.19058133,True,target_entry_bar,0.0005633644122701176,-0.002319183497178523,-0.0008168783977917649,0.020867956771170815,0,mean_strength|hold12|tp0.01000,False,1,0,low,mid,0.8
btcusdt_clarity_hold12_v1,BTCUSDT,0,624,1657432800000,1657458000000,-1,1,-0.003196620460977065,0.003196620460977065,0.1900441399999978,True,target,-0.0018317685020361463,-0.0012681474244864432,-0.000502562127481454,0.02127199883518316,0,mean_strength|hold12|tp0.01000,False,1,-1,mid,mid,0.8
btcusdt_clarity_hold12_v1,BTCUSDT,0,625,1657465200000,1657486800000,1,1,0.008044159079368228,0.008044159079368228,0.1856318450000007,True,target,0.0014598540145984717,-0.0026085915998563802,0.00651908579633842,-0.016872083283474892,0,mean_strength|hold12|tp0.01000,False,1,1,high,mid,0.8
btcusdt_clarity_hold12_v1,BTCUSDT,0,626,1657504800000,1657544400000,1,1,0.006025599319105948,0.006025599319105948,0.18287597999999855,True,target,-0.00017523705679622914,-0.00221480169006405,-0.001022216164644929,-0.007992756868318907,0,mean_strength|hold12|tp0.01000,False,1,1,high,mid,0.9
btcusdt_clarity_hold12_v1,BTCUSDT,0,627,1657555200000,1657573200000,-1,1,-0.00587239566320774,0.00587239566320774,0.18185042000000073,True,target,-0.009573456929242719,-0.004370278188784216,0.02020028808560259,0.02032767287585857,0,mean_strength|hold12|tp0.01000,False,1,-1,high,mid,0.9
btcusdt_clarity_hold12_v1,BTCUSDT,0,628,1657620000000,1657623600000,1,1,0.004743284875434596,0.004743284875434596,0.17442389499999855,True,target,0.00791436978260962,0.008572200776138406,0.014436585602170204,-0.012289710809336052,0,mean_strength|hold12|tp0.01000,False,1,1,mid,mid,0.9
btcusdt_clarity_hold12_v1,BTCUSDT,0,629,1657652400000,1657652400000,-1,1,-0.004446812727490305,0.004446812727490305,0.17552388500000218,True,target_entry_bar,-0.003399781258383472,0.0007583730576361525,-0.0017334241317403798,-0.016297282238593613,0,mean_strength|hold12|tp0.01000,False,1,-1,mid,mid,1.0
btcusdt_clarity_hold12_v1,BTCUSDT,0,630,1657656000000,1657695600000,-1,1,-0.001999061796850054,0.001999061796850054,-0.409024525,False,stop,0.005722512146841829,0.0065091647600195035,-0.002488495848222305,-0.02020103344558999,0,mean_strength|hold12|tp0.01000,True,-1,-1,low,mid,1.0
btcusdt_clarity_hold12_v1,BTCUSDT,0,631,1657710000000,1657713600000,-1,1,-0.024436040772522136,0.024436040772522136,0.17606305500000075,True,target,0.03426612211969937,0.013538042656179083,-0.002132808954772303,-0.019517975092018247,0,mean_strength|hold12|tp0.01000,False,1,-1,high,mid,0.9
btcusdt_clarity_hold12_v1,BTCUSDT,0,632,1657720800000,1657720800000,-1,1,0.0028428866613212844,0.0028428866613212844,-0.40691188500000003,False,stop_entry_bar,0.006102890439316222,-0.015885915816913343,-0.0049477369725778875,-0.03503795139155108,0,mean_strength|hold12|tp0.01000,True,-1,1,low,high,0.9
btcusdt_clarity_hold12_v1,BTCUSDT,0,633,1657731600000,1657731600000,1,1,-0.0026695694252066803,0.0026695694252066803,0.17459859499999927,True,target_entry_bar,-0.0019219835675436947,-0.01076713307472088,0.017348165813849237,0.011652654299557863,0,mean_strength|hold12|tp0.01000,False,1,-1,low,high,0.8
btcusdt_clarity_hold12_v1,BTCUSDT,0,634,1657742400000,1657746000000,1,1,0.005268565840701759,0.005268565840701759,0.174771865,True,target,0.012720420318086845,0.028421314969000022,0.02994206893745588,0.004969152599268556,0,mean_strength|hold12|tp0.01000,False,1,1,mid,high,0.8
btcusdt_clarity_hold12_v1,BTCUSDT,0,635,1657753200000,1657753200000,1,1,-0.00386978148670683,0.00386978148670683,0.17646270000000147,True,target_entry_bar,0.0037091804689393104,0.0014787266136171429,-0.005598389721118924,-0.02433716945020048,0,mean_strength|hold12|tp0.01000,False,1,-1,mid,high,0.8
btcusdt_clarity_hold12_v1,BTCUSDT,0,636,1657756800000,1657778400000,-1,1,-0.003915903411994393,0.003915903411994393,0.1799802650000022,True,target,0.0013402249804138622,0.003931983582244003,0.01363383279707897,0.025725421407137627,0,mean_strength|hold12|tp0.01000,False,1,-1,mid,high,0.8
btcusdt_clarity_hold12_v1,BTCUSDT,0,637,1657810800000,1657810800000,1,1,-0.0007959146546425405,0.0007959146546425405,0.1769062149999978,True,target_entry_bar,-0.008145520209231871,0.01500051522868806,0.004499663874617976,0.010898313484761557,0,mean_strength|hold12|tp0.01000,False,1,0,low,high,0.8
btcusdt_clarity_hold12_v1,BTCUSDT,0,638,1657818000000,1657818000000,1,1,-0.001674831549595042,0.001674831549595042,0.17984283000000073,True,target_entry_bar,-0.0018433446571958223,-0.002446533353922198,-0.00697768684373079,-0.0033392526250772825,0,mean_strength|hold12|tp0.01000,False,1,-1,low,high,0.8
btcusdt_clarity_hold12_v1,BTCUSDT,0,639,1657861200000,1657868400000,1,1,0.004971288340152822,0.004971288340152822,0.182786045,True,target,-0.0030066815144765835,0.009794712888544499,0.005335528226977804,0.006018204706110142,0,mean_strength|hold12|tp0.01000,False,1,1,mid,high,0.8
btcusdt_clarity_hold12_v1,BTCUSDT,0,640,1657954800000,1657976400000,1,1,0.003423352509635635,0.003423352509635635,0.18278010500000003,True,target,0.0028723041721434583,0.003967674407282962,0.013962319263911116,0.031317852100676724,0,mean_strength|hold12|tp0.01000,False,1,1,mid,mid,0.8
btcusdt_clarity_hold12_v1,BTCUSDT,0,641,1657983600000,1657987200000,1,1,0.00026672554917226457,0.00026672554917226457,0.18518767000000075,True,target,0.024805349892524475,0.01674229758777157,0.012104131836637277,0.018108430857415758,0,mean_strength|hold12|tp0.01000,False,1,0,low,mid,0.9
btcusdt_clarity_hold12_v1,BTCUSDT,0,642,1658030400000,1658037600000,1,1,0.010675698446900202,0.010675698446900202,0.18962546000000072,True,target,0.004512346608446904,0.009749303621169991,0.005881577956786899,-0.005185199126703344,0,mean_strength|hold12|tp0.01000,False,1,1,high,high,0.9
btcusdt_clarity_hold12_v1,BTCUSDT,0,643,1658052000000,1658077200000,1,1,0.004134685822943895,0.004134685822943895,-0.4506727000000014,False,stop,0.00341007961530182,-0.012573791503335152,-0.011002067565418328,-0.017869004294174373,0,mean_strength|hold12|tp0.01000,True,-1,1,mid,high,1.0
btcusdt_clarity_hold12_v1,BTCUSDT,0,644,1658080800000,1658109600000,1,1,0.007888437993908372,0.007888437993908372,0.1860697499999971,True,target,0.002623307370539729,0.002203578191253275,-0.007178322895749711,0.058351895220333905,0,mean_strength|hold12|tp0.01000,False,1,1,high,mid,0.9
btcusdt_clarity_hold12_v1,BTCUSDT,0,645,1658156400000,1658156400000,1,1,-0.0025605967289187305,0.0025605967289187305,0.19763964000000073,True,target_entry_bar,-0.021147383369644834,-0.03716999938255816,-0.04491007400481606,-0.03423715059406718,0,mean_strength|hold12|tp0.01000,False,1,-1,low,high,0.9
btcusdt_clarity_hold12_v1,BTCUSDT,0,646,1658163600000,1658170800000,1,1,0.0006902071525599182,0.0006902071525599182,-0.4682822350000022,False,stop,-0.0020022674078408187,-0.017663838502048,0.02508319923932123,0.0052479520187243,0,mean_strength|hold12|tp0.01000,True,-1,0,low,high,0.9
btcusdt_clarity_hold12_v1,BTCUSDT,0,647,1658178000000,1658178000000,1,1,0.010187631671061117,0.010187631671061117,0.19123219,True,target_entry_bar,0.0058644526433904165,0.03149257246293158,0.011174783777169184,0.011123989305454662,0,mean_strength|hold12|tp0.01000,False,1,1,high,high,0.8
btcusdt_clarity_hold12_v1,BTCUSDT,0,648,1658181600000,1658185200000,1,1,0.010943557605909699,0.010943557605909699,0.19274722499999708,True,target,0.029426752177166504,0.012413406846654818,0.004783568762653179,0.009833401429561572,0,mean_strength|hold12|tp0.01000,False,1,1,high,high,0.8
btcusdt_clarity_hold12_v1,BTCUSDT,0,649,1658196000000,1658210400000,1,1,-0.0017575172927321184,0.0017575172927321184,-0.4653280149999993,False,stop,-0.008902627791405937,-0.004734188444235232,-0.007983851257773344,0.02365283825007025,0,mean_strength|hold12|tp0.01000,True,-1,-1,low,high,0.8
btcusdt_clarity_hold12_v1,BTCUSDT,0,650,1658214000000,1658224800000,1,1,0.00527547965278356,0.00527547965278356,0.19353914999999855,True,target,0.007223932723680049,0.010849685216671956,0.025394053582096454,0.07492762281145171,0,mean_strength|hold12|tp0.01000,False,1,1,mid,high,0.7
btcusdt_clarity_hold12_v1,BTCUSDT,0,651,1658228400000,1658228400000,1,1,0.027543761988307994,0.027543761988307994,0.19577003500000217,True,target_entry_bar,0.009117973743149044,0.029570822484022097,0.06748119958484322,0.06456326590069028,0,mean_strength|hold12|tp0.01000,False,1,1,high,high,0.7
btcusdt_clarity_hold12_v1,BTCUSDT,0,652,1658232000000,1658235600000,1,1,0.026162996583838968,0.026162996583838968,0.19550265000000291,True,target,0.00657256663914918,0.042778070994546225,0.05557585517798258,0.03905196252238574,0,mean_strength|hold12|tp0.01000,False,1,1,high,high,0.7
btcusdt_clarity_hold12_v1,BTCUSDT,0,653,1658239200000,1658239200000,1,1,0.019175153324841984,0.019175153324841984,0.19851996000000072,True,target_entry_bar,0.022062854818456712,0.03682153405372901,0.02999487116000199,0.033173867675928115,0,mean_strength|hold12|tp0.01000,False,1,1,high,high,0.7
btcusdt_clarity_hold12_v1,BTCUSDT,0,654,1658242800000,1658242800000,1,1,0.011671142449829634,0.011671142449829634,0.20128407500000292,True,target_entry_bar,0.004797501319421027,0.012272778397833584,0.022577240203839555,0.013739282408008258,0,mean_strength|hold12|tp0.01000,False,1,1,high,high,0.8
btcusdt_clarity_hold12_v1,BTCUSDT,0,655,1658246400000,1658246400000,1,1,0.01751272863076759,0.01751272863076759,0.20573121499999927,True,target_entry_bar,0.009596548858876064,0.007077939131445721,0.01109910406378778,0.006755040448441774,0,mean_strength|hold12|tp0.01000,False,1,1,high,high,0.8
btcusdt_clarity_hold12_v1,BTCUSDT,0,656,1658250000000,1658250000000,1,1,0.01506225534346516,0.01506225534346516,0.20670950000000146,True,target_entry_bar,-0.0021364605543708892,-0.006584221748400898,-0.0027334754797441185,0.0017484008528785289,0,mean_strength|hold12|tp0.01000,False,1,1,high,high,0.8
btcusdt_clarity_hold12_v1,BTCUSDT,0,657,1658253600000,1658257200000,1,1,0.015832615406919655,0.015832615406919655,0.20866299000000219,True,target,-0.00035897589305944333,0.010179530681754922,-0.015653913050910573,0.016068444736943244,0,mean_strength|hold12|tp0.01000,False,1,1,high,high,0.9
btcusdt_clarity_hold12_v1,BTCUSDT,0,658,1658260800000,1658264400000,1,1,0.015275723737020522,0.015275723737020522,0.20812877000000002,True,target,0.014702347224368584,0.003876268479884759,0.0030864197530864335,0.002743007263174224,0,mean_strength|hold12|tp0.01000,False,1,1,high,high,0.9
btcusdt_clarity_hold12_v1,BTCUSDT,0,659,1658268000000,1658275200000,1,1,0.005541935120467355,0.005541935120467355,-0.49875474000000003,False,stop,-0.004215474624120197,-0.009946816890853416,-0.004296377672461937,0.009205915290250166,0,mean_strength|hold12|tp0.01000,True,-1,1,mid,high,0.9
btcusdt_clarity_hold12_v1,BTCUSDT,0,660,1658278800000,1658278800000,1,1,0.00303698916052912,0.00303698916052912,0.20502119500000002,True,target_entry_bar,0.004997570028342446,0.005707207769027889,0.005393246829209719,0.022325633405444023,0,mean_strength|hold12|tp0.01000,False,1,1,mid,high,0.9
btcusdt_clarity_hold12_v1,BTCUSDT,0,661,1658350800000,1658350800000,1,1,-0.010174903985162959,0.010174903985162959,0.2069800749999971,True,target_entry_bar,-0.0127278427916514,-0.015113254073841897,-0.0350566482217457,-0.025400605038598756,0,mean_strength|hold12|tp0.01000,False,1,-1,high,high,0.9
btcusdt_clarity_hold12_v1,BTCUSDT,0,662,1658354400000,1658354400000,-1,1,-0.0006881726804817077,0.0006881726804817077,0.21008085500000145,True,target_entry_bar,0.0034289785163124087,0.003115692619327648,0.018282163303492527,0.018715613654115337,0,mean_strength|hold12|tp0.01000,False,1,0,low,high,0.9
btcusdt_clarity_hold12_v1,BTCUSDT,0,663,1658404800000,1658419200000,1,1,0.0021053842549839225,0.0021053842549839225,0.2011969999999971,True,target,-0.004018777694906217,-0.0069889878471459665,0.005725442021673244,0.020545781599613955,0,mean_strength|hold12|tp0.01000,False,1,1,low,high,0.9
btcusdt_clarity_hold12_v1,BTCUSDT,0,664,1658440800000,1658440800000,-1,1,0.0023464819522620913,0.0023464819522620913,0.2064249799999993,True,target_entry_bar,-0.005792831316923985,-0.0038633361145876677,0.002077249339452081,-0.018073807537199116,0,mean_strength|hold12|tp0.01000,False,1,1,low,high,0.9
btcusdt_clarity_hold12_v1,BTCUSDT,0,665,1658462400000,1658466000000,1,1,0.0026052212114549295,0.0026052212114549295,0.20386744000000073,True,target,0.007551146607209569,0.006349233998449666,0.020193002778334135,0.00598343450882699,0,mean_strength|hold12|tp0.01000,False,1,1,low,high,0.9
btcusdt_clarity_hold12_v1,BTCUSDT,0,666,1658476800000,1658480400000,1,1,0.0011697939591496873,0.0011697939591496873,0.2056398499999971,True,target,0.006263361695185932,0.013162074679534008,0.015523177443311997,-0.03011479252346072,0,mean_strength|hold12|tp0.01000,False,1,0,low,high,0.9
btcusdt_clarity_hold12_v1,BTCUSDT,0,667,1658491200000,1658498400000,-1,1,-0.003719831082413657,0.003719831082413657,0.21008206499999782,True,target,0.005509419878020783,0.012346359711253752,0.023772362137264746,0.03481664956017938,0,mean_strength|hold12|tp0.01000,False,1,-1,mid,high,0.9
btcusdt_clarity_hold12_v1,BTCUSDT,0,668,1658520000000,1658538000000,1,1,0.007882842883452645,0.007882842883452645,0.20092642500000146,True,target,0.005948824177721024,0.003647195775626555,0.01011831255228457,0.0003895063449697034,0,mean_strength|hold12|tp0.01000,False,1,1,high,high,0.9
btcusdt_clarity_hold12_v1,BTCUSDT,0,669,1658563200000,1658566800000,-1,1,-0.0036798262682692035,0.0036798262682692035,0.202597045,True,target,-0.0024024954095966944,0.01660066809725025,0.020326084551910317,0.012742517089573746,0,mean_strength|hold12|tp0.01000,False,1,-1,mid,high,0.9
btcusdt_clarity_hold12_v1,BTCUSDT,0,670,1658570400000,1658570400000,-1,1,0.0021004768408447623,0.0021004768408447623,0.20161578999999782,True,target_entry_bar,0.01275679037022237,0.00817731583272252,0.014737823972283293,0.0025851155973083406,0,mean_strength|hold12|tp0.01000,False,1,1,low,mid,1.0
btcusdt_clarity_hold12_v1,BTCUSDT,0,671,1658577600000,1658613600000,1,1,0.004424879397967076,0.004424879397967076,0.19781588000000144,True,target,0.0024421997755332825,-0.002922558922558882,-0.009239057239057158,0.011928170594837306,0,mean_strength|hold12|tp0.01000,False,1,1,mid,high,1.0
btcusdt_clarity_hold12_v1,BTCUSDT,0,672,1658635200000,1658638800000,1,1,0.0034282464359639327,0.0034282464359639327,0.19870577000000145,True,target,0.015925629765962457,0.013718824407088714,0.0054723412239281455,0.014089603445118115,0,mean_strength|hold12|tp0.01000,False,1,1,mid,mid,1.0
btcusdt_clarity_hold12_v1,BTCUSDT,0,673,1658685600000,1658703600000,-1,1,-0.01477809535880165,0.01477809535880165,0.202600785,True,target,0.0003479716337048133,-0.00427696780161213,0.017099061798000248,0.03551072545478573,0,mean_strength|hold12|tp0.01000,False,1,-1,high,mid,1.0
btcusdt_clarity_hold12_v1,BTCUSDT,0,674,1658707200000,1658707200000,-1,1,-0.008041660496938706,0.008041660496938706,0.20090884999999856,True,target_entry_bar,0.005171455715489159,0.020470718984709646,0.018731962643626643,0.01581013497768291,0,mean_strength|hold12|tp0.01000,False,1,-1,high,mid,1.0
btcusdt_clarity_hold12_v1,BTCUSDT,0,675,1658710800000,1658714400000,-1,1,-0.004240033369511072,0.004240033369511072,0.1985888,True,target,0.011428236799192804,0.014351739236195704,0.011175977729127928,0.013923799742335485,0,mean_strength|hold12|tp0.01000,False,1,-1,mid,mid,1.0
btcusdt_clarity_hold12_v1,BTCUSDT,0,676,1658790000000,1658790000000,-1,1,-0.00043331509680078606,0.00043331509680078606,0.19271887000000146,True,target_entry_bar,0.01475586854460087,0.01136150234741784,0.00764319248826284,0.010380281690140825,0,mean_strength|hold12|tp0.01000,False,1,0,low,mid,1.0
btcusdt_clarity_hold12_v1,BTCUSDT,0,677,1658840400000,1658876400000,1,1,0.004876228769749987,0.004876228769749987,0.1870473750000029,True,target,-1.4325210938692656e-05,-0.0007974367422558526,-0.0016330740470151817,0.010070623289927916,0,mean_strength|hold12|tp0.01000,False,1,1,mid,high,1.0
btcusdt_clarity_hold12_v1,BTCUSDT,0,678,1658883600000,1658905200000,1,1,0.005993126400881663,0.005993126400881663,0.18855801,True,target,0.0009596747506264158,-0.0024724625348649942,0.008603980522857269,0.014016924313336121,0,mean_strength|hold12|tp0.01000,False,1,1,high,low,1.0
btcusdt_clarity_hold12_v1,BTCUSDT,0,679,1658908800000,1658937600000,1,1,0.007577585599620361,0.007577585599620361,0.189902305,True,target,-0.0027876556050617785,-0.007069869425274322,0.004788208451047327,0.06677723586377504,0,mean_strength|hold12|tp0.01000,False,1,1,high,mid,1.0
btcusdt_clarity_hold12_v1,BTCUSDT,0,680,1658941200000,1658941200000,1,1,0.008189361162547079,0.008189361162547079,0.19149913499999927,True,target_entry_bar,0.043136873860618374,0.053524333027956006,0.0614687728454697,0.0748637368942191,0,mean_strength|hold12|tp0.01000,False,1,1,high,low,1.0
btcusdt_clarity_hold12_v1,BTCUSDT,0,681,1658944800000,1658944800000,1,1,0.005468480208071726,0.005468480208071726,0.19229524000000073,True,target_entry_bar,0.00970951301624745,0.005615460702864006,0.010379287555056793,0.025309493499638513,0,mean_strength|hold12|tp0.01000,False,1,1,mid,low,1.0
btcusdt_clarity_hold12_v1,BTCUSDT,0,682,1658948400000,1658948400000,1,1,0.005468480208071726,0.005468480208071726,0.20066409999999854,True,target_entry_bar,0.0002460046213725864,0.004401725546701263,4.392939667363649e-06,0.0067255906307384095,0,mean_strength|hold12|tp0.01000,False,1,1,mid,high,1.0
btcusdt_clarity_hold12_v1,BTCUSDT,0,683,1658952000000,1658966400000,1,1,-0.003097512857955388,0.003097512857955388,0.20262198999999928,True,target,-0.00429963020545121,0.007540822331725705,0.022279901973701444,0.008476288351910943,0,mean_strength|hold12|tp0.01000,False,1,-1,mid,high,1.0
btcusdt_clarity_hold12_v1,BTCUSDT,0,684,1659009600000,1659009600000,1,1,0.01301415148763711,0.01301415148763711,-0.4875750399999978,False,stop_entry_bar,-0.008137495006339868,0.03083910860993866,0.033444496552203384,0.03680110468448761,0,mean_strength|hold12|tp0.01000,True,-1,1,high,high,1.0
btcusdt_clarity_hold12_v1,BTCUSDT,0,685,1659013200000,1659020400000,1,1,0.013121441535533088,0.013121441535533088,0.20492840000000145,True,target,0.012253850397079047,0.04030768153122777,0.04152912642611373,0.04391948095158882,0,mean_strength|hold12|tp0.01000,False,1,1,high,high,0.9
btcusdt_clarity_hold12_v1,BTCUSDT,0,686,1659027600000,1659070800000,-1,1,-0.011125075100834362,0.011125075100834362,-0.2805655250000029,False,max_hold,0.007969788167031977,-0.0013088459646695139,0.006435854042833311,0.00045851291755938384,0,mean_strength|hold12|tp0.01000,True,-1,-1,high,high,0.9
btcusdt_clarity_hold12_v1,BTCUSDT,0,687,1659106800000,1659110400000,-1,1,-0.00045248575253926395,0.00045248575253926395,0.21381819499999855,True,target,0.006765820939049316,0.003320418281048232,0.007744865225180253,0.008428113152522565,0,mean_strength|hold12|tp0.01000,False,1,0,low,high,0.8
btcusdt_clarity_hold12_v1,BTCUSDT,0,688,1659196800000,1659207600000,-1,1,-0.013603352866269047,0.013603352866269047,0.21827325499999853,True,target,0.003389954664951955,0.02676151485801248,0.03589363762890374,0.03177115974703515,0,mean_strength|hold12|tp0.01000,False,1,-1,high,mid,0.8
btcusdt_clarity_hold12_v1,BTCUSDT,0,689,1659286800000,1659290400000,1,1,0.009462419022820428,0.009462419022820428,0.21142138500000074,True,target,0.0005857983926367272,0.0026424143322529847,-0.018467399687293273,-0.01727473101739263,0,mean_strength|hold12|tp0.01000,False,1,1,high,mid,0.8
btcusdt_clarity_hold12_v1,BTCUSDT,0,690,1659294000000,1659304800000,1,1,0.007854827593225212,0.007854827593225212,-0.5009680949999986,False,stop,-0.0017538854016313499,-0.01945637944345613,-0.017832566882615586,-0.021793494679601122,0,mean_strength|hold12|tp0.01000,True,-1,1,high,mid,0.8
btcusdt_clarity_hold12_v1,BTCUSDT,0,691,1659312000000,1659355200000,1,1,-0.000854367585280393,0.000854367585280393,-0.11118489999999856,False,max_hold,0.0017932114748413497,1.7118963960172096e-05,-0.006381093816202332,-0.010134426664498375,0,mean_strength|hold12|tp0.01000,True,-1,0,low,low,0.7
btcusdt_clarity_hold12_v1,BTCUSDT,0,692,1659412800000,1659448800000,1,1,0.004276649461232749,0.004276649461232749,0.20333179000000218,True,target,-0.00035007723579016936,0.0010239759146861704,-0.000336949339447834,0.022540598019438196,0,mean_strength|hold12|tp0.01000,False,1,1,mid,mid,0.6
btcusdt_clarity_hold12_v1,BTCUSDT,0,693,1659452400000,1659456000000,1,1,0.007421401573639057,0.007421401573639057,0.20484462500000292,True,target,0.017606661179554894,0.0004398399156899657,0.005055981605110782,-0.004790335715436633,0,mean_strength|hold12|tp0.01000,False,1,1,high,mid,0.6
btcusdt_clarity_hold12_v1,BTCUSDT,0,694,1659474000000,1659513600000,1,1,0.000653594458780448,0.000653594458780448,0.20484198499999928,True,target,0.0005459508644221067,-0.012808180597079555,-0.009796784956020543,0.012782182936869058,0,mean_strength|hold12|tp0.01000,False,1,0,low,mid,0.6
btcusdt_clarity_hold12_v1,BTCUSDT,0,695,1659556800000,1659564000000,-1,1,-0.00975717314255698,0.00975717314255698,0.20874668000000146,True,target,0.0019863998112276127,0.021751721474998376,0.007889825600102984,0.022193620353090027,0,mean_strength|hold12|tp0.01000,False,1,-1,high,mid,0.7
btcusdt_clarity_hold12_v1,BTCUSDT,0,696,1659574800000,1659618000000,1,1,-0.000684888398365758,0.000684888398365758,-0.14273702500000002,False,max_hold,-0.0001902373643478672,-0.0023736434778849347,-0.00838773833715245,-0.00490725928488045,0,mean_strength|hold12|tp0.01000,True,-1,0,low,mid,0.7
btcusdt_clarity_hold12_v1,BTCUSDT,0,697,1659628800000,1659628800000,-1,1,0.001114346416915034,0.001114346416915034,0.20393298,True,target_entry_bar,-0.0020328713976323076,0.006191621381024026,-0.001248953669133357,-0.024956928814069856,0,mean_strength|hold12|tp0.01000,False,1,0,low,mid,0.7
btcusdt_clarity_hold12_v1,BTCUSDT,0,698,1659643200000,1659661200000,1,1,0.008984114697837843,0.008984114697837843,0.199681085,True,target,-0.0006844961619321133,0.004915926981149843,0.023819577479187393,0.028562158029717954,0,mean_strength|hold12|tp0.01000,False,1,1,high,mid,0.7
btcusdt_clarity_hold12_v1,BTCUSDT,0,699,1659664800000,1659668400000,1,1,3.226273522579551e-05,3.226273522579551e-05,0.20359796499999783,True,target,0.005396323727327124,0.006503373245000832,0.0046322424915994365,0.005635099113492137,0,mean_strength|hold12|tp0.01000,False,1,0,low,mid,0.7
btcusdt_clarity_hold12_v1,BTCUSDT,0,700,1659758400000,1659801600000,1,1,0.002728914251393413,0.002728914251393413,-0.007700530000000729,False,max_hold,-0.0005215359881384218,-0.0001810290206761822,-0.0011766886343945737,-0.0023361364096773363,0,mean_strength|hold12|tp0.01000,True,-1,1,low,mid,0.7
btcusdt_clarity_hold12_v1,BTCUSDT,0,701,1659873600000,1659891600000,1,1,0.005135891775703025,0.005135891775703025,0.20493170000000147,True,target,0.0016924135722047318,-0.00393886534707466,0.00451887409049001,0.006432037259069157,0,mean_strength|hold12|tp0.01000,False,1,1,mid,low,0.7
btcusdt_clarity_hold12_v1,BTCUSDT,0,702,1659927600000,1659938400000,1,1,0.023379079306730725,0.023379079306730725,0.20723998000000002,True,target,0.0015239648844147524,0.01809010710682779,0.034123934834403125,0.029723754534332292,0,mean_strength|hold12|tp0.01000,False,1,1,high,low,0.8
btcusdt_clarity_hold12_v1,BTCUSDT,0,703,1659942000000,1659945600000,1,1,0.007613594503276675,0.007613594503276675,0.21106901499999928,True,target,0.01359846702077605,0.010959456733678374,0.014762489074161111,0.005122537484031575,0,mean_strength|hold12|tp0.01000,False,1,1,high,low,0.8
btcusdt_clarity_hold12_v1,BTCUSDT,0,704,1659949200000,1659992400000,1,1,0.010947080806852203,0.010947080806852203,-0.10890043000000146,False,max_hold,-0.0013200826919724795,0.0011623369614850443,-0.004254983519722422,-0.010353101364085515,0,mean_strength|hold12|tp0.01000,True,-1,1,high,mid,0.8
btcusdt_clarity_hold12_v1,BTCUSDT,0,705,1660035600000,1660035600000,-1,1,-0.00883406459361366,0.00883406459361366,0.21159599999999856,True,target_entry_bar,0.005327060187256816,0.009610016577811353,0.017191488636315144,0.012256500078840382,0,mean_strength|hold12|tp0.01000,False,1,-1,high,low,0.7
btcusdt_clarity_hold12_v1,BTCUSDT,0,706,1660039200000,1660042800000,-1,1,0.0011487272273182658,0.0011487272273182658,0.208830235,True,target,0.0035261202822609583,0.01185084896808486,0.011923684988496164,0.00773347157895643,0,mean_strength|hold12|tp0.01000,False,1,0,low,low,0.7
btcusdt_clarity_hold12_v1,BTCUSDT,0,707,1660053600000,1660089600000,1,1,0.0053219083633600115,0.0053219083633600115,-0.486628785,False,stop,-0.000922757007321362,-0.0016895550838279538,0.001702551661395768,-0.007940908893991239,0,mean_strength|hold12|tp0.01000,True,-1,1,mid,mid,0.8
btcusdt_clarity_hold12_v1,BTCUSDT,0,708,1660129200000,1660132800000,1,1,0.0278411376910645,0.0278411376910645,0.20520051500000075,True,target,0.03723337502109647,0.03846669811279946,0.034446497578792146,0.03603034407550543,0,mean_strength|hold12|tp0.01000,False,1,1,high,mid,0.7
btcusdt_clarity_hold12_v1,BTCUSDT,0,709,1660136400000,1660154400000,1,1,0.015199529468810688,0.015199529468810688,-0.5057148799999985,False,stop,-0.0006246824530863337,-0.0026070081042137705,-0.016070997243068152,0.017328691248615247,0,mean_strength|hold12|tp0.01000,True,-1,1,high,high,0.7
btcusdt_clarity_hold12_v1,BTCUSDT,0,710,1660158000000,1660161600000,1,1,0.00341106373412517,0.00341106373412517,0.20991141000000002,True,target,0.010873475745249994,0.008782585508522178,0.033945222061854796,0.03399601291780763,0,mean_strength|hold12|tp0.01000,False,1,1,mid,high,0.6
btcusdt_clarity_hold12_v1,BTCUSDT,0,711,1660176000000,1660179600000,1,1,0.002775440354155961,0.002775440354155961,0.21301997500000003,True,target,0.016088846369818777,0.011322088887964599,0.02048125116985222,0.033695900838133896,0,mean_strength|hold12|tp0.01000,False,1,1,low,high,0.7
btcusdt_clarity_hold12_v1,BTCUSDT,0,712,1660230000000,1660230000000,-1,1,-0.005876092890535381,0.005876092890535381,0.21854262000000146,True,target_entry_bar,0.00033283203076839296,0.008020841037778337,0.006845656336546546,0.013925527805856097,0,mean_strength|hold12|tp0.01000,False,1,-1,high,high,0.7
btcusdt_clarity_hold12_v1,BTCUSDT,0,713,1660233600000,1660240800000,-1,1,-0.006100724555528933,0.006100724555528933,0.21657714000000072,True,target,-0.0003082804118625937,0.004718745504244004,0.018468051873317237,0.016774564810818515,0,mean_strength|hold12|tp0.01000,False,1,-1,high,high,0.7
btcusdt_clarity_hold12_v1,BTCUSDT,0,714,1660244400000,1660255200000,-1,1,-0.0031052125014686964,0.0031052125014686964,0.21489048499999927,True,target,0.0009498754837137247,0.01381449344792407,0.013236308370880967,0.010923568062708333,0,mean_strength|hold12|tp0.01000,False,1,-1,mid,mid,0.7
btcusdt_clarity_hold12_v1,BTCUSDT,0,715,1660266000000,1660309200000,1,1,0.008299810839228986,0.008299810839228986,-0.2205516649999993,False,max_hold,0.004281552910451403,0.0011383992098170648,0.002343763079035055,-0.003243600689735948,0,mean_strength|hold12|tp0.01000,True,-1,1,high,mid,0.8
btcusdt_clarity_hold12_v1,BTCUSDT,0,716,1660338000000,1660356000000,-1,1,-0.0017086854670512032,0.0017086854670512032,-0.51088488,False,stop,-0.005120331950207557,-0.015286307053941961,-0.028481327800830014,-0.01950622406638991,0,mean_strength|hold12|tp0.01000,True,-1,-1,low,low,0.7
btcusdt_clarity_hold12_v1,BTCUSDT,0,717,1660467600000,1660496400000,1,1,0.0005905713875503877,0.0005905713875503877,-0.5200537499999971,False,stop,-0.005053792568094795,-0.00864400680846944,-0.008967449532827576,-0.016289384205483204,0,mean_strength|hold12|tp0.01000,True,-1,0,low,low,0.6
btcusdt_clarity_hold12_v1,BTCUSDT,0,718,1660543200000,1660543200000,-1,1,0.0037180330625484993,0.0037180330625484993,0.22085904,True,target_entry_bar,0.004502599567153487,-0.0015091586026185766,0.007537500932859098,0.0013060026368815203,0,mean_strength|hold12|tp0.01000,False,1,1,mid,mid,0.6
btcusdt_clarity_hold12_v1,BTCUSDT,0,719,1660593600000,1660611600000,1,1,0.0020059524004158993,0.0020059524004158993,0.21328548999999927,True,target,-0.001534169573550681,0.0013761792109630022,-0.0006776955026795983,-0.0030766544293430176,0,mean_strength|hold12|tp0.01000,False,1,1,low,high,0.6
btcusdt_clarity_hold12_v1,BTCUSDT,0,720,1660701600000,1660716000000,1,1,0.0016780714406195415,0.0016780714406195415,0.21293213000000147,True,target,0.0008758795290271237,0.00730733778502568,-0.0075325639496328645,-0.026338948694313857,0,mean_strength|hold12|tp0.01000,False,1,1,low,low,0.7
btcusdt_clarity_hold12_v1,BTCUSDT,0,721,1660723200000,1660762800000,1,1,-0.002416704771146677,0.002416704771146677,-0.5016030749999971,False,stop,0.0009539699016192227,-0.002441658646875622,-0.018949120204409975,-0.01699495278479357,0,mean_strength|hold12|tp0.01000,True,-1,-1,low,high,0.7
btcusdt_clarity_hold12_v1,BTCUSDT,0,722,1660863600000,1660867200000,-1,1,-0.003552560879457008,0.003552560879457008,0.20776960499999927,True,target,0.011300361007716142,0.016476098873845713,0.016501977563176284,0.07467727117847234,0,mean_strength|hold12|tp0.01000,False,1,-1,mid,low,0.6
btcusdt_clarity_hold12_v1,BTCUSDT,0,723,1660899600000,1660903200000,-1,1,-0.005202803253457853,0.005202803253457853,0.19378257999999854,True,target,0.006031329790904594,0.010098221884848102,0.014050100062107607,0.030621305177926494,0,mean_strength|hold12|tp0.01000,False,1,-1,mid,high,0.6
btcusdt_clarity_hold12_v1,BTCUSDT,0,724,1660932000000,1660942800000,1,1,-0.00880898856034621,0.00880898856034621,-0.4525711499999971,False,stop,-0.0021390023917509104,-0.013770120430046995,-0.01798259778798117,-0.0030423447585080643,0,mean_strength|hold12|tp0.01000,True,-1,-1,high,high,0.6
btcusdt_clarity_hold12_v1,BTCUSDT,0,725,1660953600000,1660953600000,1,1,0.0033824087047706233,0.0033824087047706233,0.18536633000000147,True,target_entry_bar,0.0002097145499000419,0.007034969901195787,0.015213837347301418,0.011796443431883352,0,mean_strength|hold12|tp0.01000,False,1,1,mid,high,0.5
btcusdt_clarity_hold12_v1,BTCUSDT,0,726,1660957200000,1660968000000,1,1,0.0003591608444270524,0.0003591608444270524,0.18669412500000143,True,target,0.0063758916956153655,0.011570003764539871,0.014762714852777803,0.015391726589565113,0,mean_strength|hold12|tp0.01000,False,1,0,low,high,0.6
btcusdt_clarity_hold12_v1,BTCUSDT,0,727,1661022000000,1661025600000,-1,1,0.0016223397663423615,0.0016223397663423615,0.18772298999999926,True,target,0.00818332165649116,-0.006848825404995873,-0.012763503433944834,-0.012391750906742605,0,mean_strength|hold12|tp0.01000,False,1,1,low,mid,0.7
btcusdt_clarity_hold12_v1,BTCUSDT,0,728,1661029200000,1661029200000,1,1,-0.0023053976520222724,0.0023053976520222724,0.18518283000000074,True,target_entry_bar,0.0008954587449365725,0.002321559709094423,0.004349371046833861,0.015000118446923949,0,mean_strength|hold12|tp0.01000,False,1,-1,low,mid,0.8
btcusdt_clarity_hold12_v1,BTCUSDT,0,729,1661061600000,1661068800000,1,1,0.011740787177564145,0.011740787177564145,0.18883034499999926,True,target,0.006405609646317423,0.015000118446923949,0.01684315258332747,0.017136900954682233,0,mean_strength|hold12|tp0.01000,False,1,1,high,mid,0.8
btcusdt_clarity_hold12_v1,BTCUSDT,0,730,1661072400000,1661079600000,1,1,0.0021530410473751104,0.0021530410473751104,0.189893285,True,target,-0.002534647179913252,0.0018157969668255447,-0.0007188502130875962,0.004877912160238251,0,mean_strength|hold12|tp0.01000,False,1,1,low,mid,0.8
btcusdt_clarity_hold12_v1,BTCUSDT,0,731,1661148000000,1661151600000,-1,1,-0.005420849422775413,0.005420849422775413,0.19057264,True,target,0.011868393432791224,0.00819026913561749,0.006784616537971466,0.015574630781917786,0,mean_strength|hold12|tp0.01000,False,1,-1,mid,low,0.8
btcusdt_clarity_hold12_v1,BTCUSDT,0,732,1661155200000,1661162400000,1,1,0.0055721858986179755,0.0055721858986179755,0.18767417,True,target,-0.00044387779194421384,0.002908816168484707,0.0007224819379514358,-0.002630212022477263,0,mean_strength|hold12|tp0.01000,False,1,1,mid,low,0.9
btcusdt_clarity_hold12_v1,BTCUSDT,0,733,1661194800000,1661209200000,1,1,0.0038187605030499993,0.0038187605030499993,0.18696173000000071,True,target,0.003525426305761803,0.005487691891044477,0.011854364734333878,0.011887623473067599,0,mean_strength|hold12|tp0.01000,False,1,1,mid,mid,0.9
btcusdt_clarity_hold12_v1,BTCUSDT,0,734,1661234400000,1661238000000,1,1,0.0029717563756566216,0.0029717563756566216,0.18652239500000073,True,target,0.01084062290864729,0.01714849849778588,0.01290527744685277,0.022013489076316173,0,mean_strength|hold12|tp0.01000,False,1,1,low,mid,0.9
btcusdt_clarity_hold12_v1,BTCUSDT,0,735,1661306400000,1661317200000,1,1,0.0083249261589971,0.0083249261589971,0.18909442999999854,True,target,0.0030156730047712355,0.010288211502975653,0.006592950215438931,0.012553505778860163,0,mean_strength|hold12|tp0.01000,False,1,1,high,mid,1.0
btcusdt_clarity_hold12_v1,BTCUSDT,0,736,1661335200000,1661349600000,1,1,0.014169341072569001,0.014169341072569001,0.18953838500000217,True,target,0.007106966425223904,0.007111666799843874,0.02021161086538603,0.009800281082402273,0,mean_strength|hold12|tp0.01000,False,1,1,high,low,1.0
btcusdt_clarity_hold12_v1,BTCUSDT,0,737,1661353200000,1661356800000,1,1,0.0013242842233526274,0.0013242842233526274,0.19096909500000073,True,target,0.004596030658718275,0.0027076313548339837,-0.0009765986596067533,-0.006701966156922201,0,mean_strength|hold12|tp0.01000,False,1,0,low,low,1.0
btcusdt_clarity_hold12_v1,BTCUSDT,0,738,1661371200000,1661378400000,-1,1,-0.0025732627522053494,0.0025732627522053494,0.19306573999999926,True,target,0.004221258534785055,0.014813618748846569,0.007238420372762566,-1.8453589223144107e-05,0,mean_strength|hold12|tp0.01000,False,1,-1,low,low,1.0
btcusdt_clarity_hold12_v1,BTCUSDT,0,739,1661389200000,1661407200000,1,1,0.004258841263163976,0.004258841263163976,0.19105627999999927,True,target,-0.0011186824612872126,-0.0006637825392699082,0.008773069924616683,0.007176278361617605,0,mean_strength|hold12|tp0.01000,False,1,1,mid,low,1.0
btcusdt_clarity_hold12_v1,BTCUSDT,0,740,1661439600000,1661443200000,-1,1,-0.004504297980842293,0.004504297980842293,0.1926209049999993,True,target,0.005821774829521731,0.0012524933896181922,-0.0008210789998608359,0.0006958296608989833,0,mean_strength|hold12|tp0.01000,False,1,-1,mid,low,1.0
btcusdt_clarity_hold12_v1,BTCUSDT,0,741,1661446800000,1661457600000,1,1,-0.003240581155123965,0.003240581155123965,0.19069555000000143,True,target,-0.0013127194630374595,0.003604180292509085,-0.00046385846750440773,-0.007565531604996623,0,mean_strength|hold12|tp0.01000,False,1,-1,mid,low,1.0
btcusdt_clarity_hold12_v1,BTCUSDT,0,742,1661504400000,1661515200000,1,1,-0.00016919305615723163,0.00016919305615723163,0.19052569000000072,True,target,-0.001960143743874543,0.009315349792317962,-0.030657581555980862,-0.037210062071218575,0,mean_strength|hold12|tp0.01000,False,1,0,low,low,1.0
btcusdt_clarity_hold12_v1,BTCUSDT,0,743,1661518800000,1661522400000,-1,1,-0.0014478103520068199,0.0014478103520068199,0.19254174999999707,True,target,0.027713402858246305,0.04764203866173733,0.05113667715058212,0.06819603082639003,0,mean_strength|hold12|tp0.01000,False,1,0,low,mid,1.0
btcusdt_clarity_hold12_v1,BTCUSDT,0,744,1661526000000,1661526000000,1,1,-0.004656703617225521,0.004656703617225521,-0.44613834499999855,False,stop_entry_bar,-0.002821363402198296,-0.004159825903582437,-0.006759717093321571,-0.027934386449752102,0,mean_strength|hold12|tp0.01000,True,-1,-1,mid,high,1.0
btcusdt_clarity_hold12_v1,BTCUSDT,0,745,1661529600000,1661529600000,-1,1,-0.007450237431581491,0.007450237431581491,0.1848790600000022,True,target_entry_bar,0.003519783695048684,0.003669458996209851,0.005373826135238846,0.027844434251502848,0,mean_strength|hold12|tp0.01000,False,1,-1,high,high,0.9
btcusdt_clarity_hold12_v1,BTCUSDT,0,746,1661533200000,1661554800000,-1,1,-0.004601971451902245,0.004601971451902245,0.18434264,True,target,-0.0021852257420562626,-0.00011144166755516771,0.01986084327425297,0.02525365092593479,0,mean_strength|hold12|tp0.01000,False,1,-1,mid,high,0.9
btcusdt_clarity_hold12_v1,BTCUSDT,0,747,1661558400000,1661576400000,-1,1,-0.005850337729416048,0.005850337729416048,0.18007086000000075,True,target,0.0014191876136459003,0.005095277751770211,0.0070170943119156615,0.00550920747241701,0,mean_strength|hold12|tp0.01000,False,1,-1,high,high,0.9
btcusdt_clarity_hold12_v1,BTCUSDT,0,748,1661590800000,1661612400000,-1,1,-0.002940716168853805,0.002940716168853805,0.17971672999999927,True,target,-0.0014250177506567319,-0.0020556005183689496,0.008639480439521119,0.013808273047303588,0,mean_strength|hold12|tp0.01000,False,1,-1,low,high,0.9
btcusdt_clarity_hold12_v1,BTCUSDT,0,749,1661688000000,1661695200000,-1,1,-0.0018940559988897202,0.0018940559988897202,0.17819707499999854,True,target,-0.0008035678412150471,-0.004836473944312747,-0.004409578528667302,0.014117682510346063,0,mean_strength|hold12|tp0.01000,False,1,-1,low,low,0.9
btcusdt_clarity_hold12_v1,BTCUSDT,0,750,1661713200000,1661727600000,-1,1,-0.0075529417353652805,0.0075529417353652805,0.17802215500000146,True,target,-0.0006462116468379797,0.003601753287413967,0.015614276768941782,0.003867251095804658,0,mean_strength|hold12|tp0.01000,False,1,-1,high,low,0.9
btcusdt_clarity_hold12_v1,BTCUSDT,0,751,1661734800000,1661742000000,1,1,-0.00046596738874598177,0.00046596738874598177,0.17468808999999783,True,target,0.005170272965986156,0.007389012152177132,0.011933356402792805,0.021169621593013943,0,mean_strength|hold12|tp0.01000,False,1,0,low,low,0.9
btcusdt_clarity_hold12_v1,BTCUSDT,0,752,1661810400000,1661853600000,-1,1,-0.0031410622040164084,0.0031410622040164084,-0.2552265349999978,False,max_hold,-0.003837013565699543,0.0023220120804040567,-0.012927022477472905,-0.009228636498663345,0,mean_strength|hold12|tp0.01000,True,-1,-1,mid,mid,0.9
btcusdt_clarity_hold12_v1,BTCUSDT,0,753,1661857200000,1661868000000,-1,1,-0.020870959139526305,0.020870959139526305,0.18140041500000073,True,target,0.003402661332234991,0.028192078761313577,0.0353847360731131,0.029059904490140176,0,mean_strength|hold12|tp0.01000,False,1,-1,high,low,0.8
btcusdt_clarity_hold12_v1,BTCUSDT,0,754,1661886000000,1661907600000,-1,1,-0.004830491035964278,0.004830491035964278,-0.4170489049999986,False,stop,-0.0013743222434556834,0.0020815464636281256,-0.01463101454073068,-0.015568964393016138,0,mean_strength|hold12|tp0.01000,True,-1,-1,mid,mid,0.8
btcusdt_clarity_hold12_v1,BTCUSDT,0,755,1661922000000,1661954400000,-1,1,-0.0049296736785511205,0.0049296736785511205,0.18095591000000075,True,target,0.005195583999370812,0.005746109456257864,0.0017793769231525536,0.018280394412166667,0,mean_strength|hold12|tp0.01000,False,1,-1,mid,high,0.8
btcusdt_clarity_hold12_v1,BTCUSDT,0,756,1661961600000,1661965200000,-1,1,0.0016574100609964373,0.0016574100609964373,0.17917811000000072,True,target,0.0028557877131232257,-0.009396140692478738,-0.005926258768316872,-0.0007139469282806399,0,mean_strength|hold12|tp0.01000,False,1,1,low,mid,0.8
btcusdt_clarity_hold12_v1,BTCUSDT,0,757,1661983200000,1661986800000,-1,1,-0.0020718365364329064,0.0020718365364329064,0.18042322999999855,True,target,0.0052957584300334926,0.001563415094152365,0.005181604312047838,0.006814504521495679,0,mean_strength|hold12|tp0.01000,False,1,-1,low,mid,0.8
btcusdt_clarity_hold12_v1,BTCUSDT,0,758,1662040800000,1662040800000,-1,1,0.001967762610226943,0.001967762610226943,0.177660325,True,target_entry_bar,-0.004597339131229949,-0.0015341396879906544,-0.01905482771408118,-0.01720573219610566,0,mean_strength|hold12|tp0.01000,False,1,1,low,mid,0.8
btcusdt_clarity_hold12_v1,BTCUSDT,0,759,1662076800000,1662120000000,-1,1,-0.0003794474916405698,0.0003794474916405698,0.007992804999998541,True,max_hold,0.0011362956760958554,-0.00398201861930092,-0.0015748659370451445,-0.010306401132308629,0,mean_strength|hold12|tp0.01000,False,1,0,low,mid,0.8
btcusdt_clarity_hold12_v1,BTCUSDT,0,760,1662123600000,1662138000000,-1,1,-0.0042584892992854435,0.0042584892992854435,0.18042344999999854,True,target,-0.004768627760719513,0.006738278357538485,0.017677490694758546,0.01539190616762287,0,mean_strength|hold12|tp0.01000,False,1,-1,mid,mid,0.8
btcusdt_clarity_hold12_v1,BTCUSDT,0,761,1662141600000,1662184800000,-1,1,0.0002189410244847041,0.0002189410244847041,-0.17594440499999855,False,max_hold,0.0013600048177293544,-0.001786574594507817,-0.003282078047213588,0.0024590493014292614,0,mean_strength|hold12|tp0.01000,True,-1,0,low,mid,0.8
btcusdt_clarity_hold12_v1,BTCUSDT,0,762,1662192000000,1662235200000,-1,1,-0.0013517250255256816,0.0013517250255256816,0.07347444999999708,True,max_hold,-0.0007130719747543424,-0.0008293886798560468,-0.001709349840190999,0.001906582514058952,0,mean_strength|hold12|tp0.01000,False,1,0,low,mid,0.7
btcusdt_clarity_hold12_v1,BTCUSDT,0,763,1662278400000,1662282000000,1,1,-0.00013604479086336865,0.00013604479086336865,0.17460090499999928,True,target,0.002053315216840268,0.00602305796939806,0.0008517455714300848,0.008618853996613218,0,mean_strength|hold12|tp0.01000,False,1,0,low,low,0.8
btcusdt_clarity_hold12_v1,BTCUSDT,0,764,1662339600000,1662382800000,1,1,0.007170438228257293,0.007170438228257293,-0.222297765,False,max_hold,0.0005193678839034988,0.0023295918676065064,-0.004628929295374062,-0.005082745892959761,0,mean_strength|hold12|tp0.01000,True,-1,1,high,low,0.8
btcusdt_clarity_hold12_v1,BTCUSDT,0,765,1662411600000,1662422400000,1,1,0.006574555126864045,0.006574555126864045,0.17557863999999782,True,target,0.0025527647353786875,0.017742727912760214,0.0018689884669735868,0.008220510249046464,0,mean_strength|hold12|tp0.01000,False,1,1,high,low,0.8
btcusdt_clarity_hold12_v1,BTCUSDT,0,766,1662483600000,1662483600000,-1,1,-0.014346407512992917,0.014346407512992917,0.1757079349999993,True,target_entry_bar,0.007376284825179935,0.0060403809683469145,0.01606751815257601,0.017686319296738362,0,mean_strength|hold12|tp0.01000,False,1,-1,high,mid,0.8
btcusdt_clarity_hold12_v1,BTCUSDT,0,767,1662487200000,1662490800000,-1,1,-0.01907985312414438,0.01907985312414438,0.16991847999999926,True,target,0.007093321511130846,-0.0011136092550956267,0.006644711147703708,0.008539430212060939,0,mean_strength|hold12|tp0.01000,False,1,-1,high,high,0.8
btcusdt_clarity_hold12_v1,BTCUSDT,0,768,1662494400000,1662494400000,-1,1,-0.019017029629120514,0.019017029629120514,0.16741944,True,target_entry_bar,0.00023190972386943898,0.010088072988314933,0.019459334102851944,0.009365990438994554,0,mean_strength|hold12|tp0.01000,False,1,-1,high,high,0.8
btcusdt_clarity_hold12_v1,BTCUSDT,0,769,1662498000000,1662505200000,-1,1,-0.018230487460312743,0.018230487460312743,0.16884464999999854,True,target,0.0038695732398450478,0.007749690275983823,0.012241347497166433,0.010069325460632106,0,mean_strength|hold12|tp0.01000,False,1,-1,high,high,0.8
btcusdt_clarity_hold12_v1,BTCUSDT,0,770,1662602400000,1662634800000,1,1,0.0030817497945502394,0.0030817497945502394,0.17059386999999926,True,target,-0.0009050009102021805,0.003609601331495682,-0.00044729930044462574,0.004228538735599363,0,mean_strength|hold12|tp0.01000,False,1,1,mid,mid,0.8
btcusdt_clarity_hold12_v1,BTCUSDT,0,771,1662685200000,1662692400000,1,1,0.012108736368404807,0.012108736368404807,0.17229130500000073,True,target,0.0030737386804657874,0.05306080206985775,0.06719793014230269,0.08661319534282019,0,mean_strength|hold12|tp0.01000,False,1,1,high,low,0.8
btcusdt_clarity_hold12_v1,BTCUSDT,0,772,1662696000000,1662696000000,1,1,0.0004698670381729465,0.0004698670381729465,0.177449675,True,target_entry_bar,0.008643564745655974,0.013424797546976786,0.035281861781586654,0.046092460099064425,0,mean_strength|hold12|tp0.01000,False,1,0,low,high,0.9
btcusdt_clarity_hold12_v1,BTCUSDT,0,773,1662728400000,1662764400000,-1,1,-0.0030867764541422306,0.0030867764541422306,-0.44459733000000073,False,stop,-0.004457397565575283,-0.013791264262719816,-0.013391241404270726,-0.013481722765110504,0,mean_strength|hold12|tp0.01000,True,-1,-1,mid,high,0.9
btcusdt_clarity_hold12_v1,BTCUSDT,0,774,1662768000000,1662786000000,1,1,0.0052213895424478496,0.0052213895424478496,0.18998354999999853,True,target,0.0014870378300542164,0.002079970635708639,0.012479823814252056,0.002451730093222304,0,mean_strength|hold12|tp0.01000,False,1,1,mid,high,0.8
btcusdt_clarity_hold12_v1,BTCUSDT,0,775,1662804000000,1662836400000,1,1,0.004684201617489355,0.004684201617489355,0.1896257900000007,True,target,-0.002549992031274928,-0.007799975625076283,0.003173427583038624,0.019551501401558147,0,mean_strength|hold12|tp0.01000,False,1,1,mid,mid,0.9
btcusdt_clarity_hold12_v1,BTCUSDT,0,776,1662850800000,1662858000000,-1,1,-0.001612014835770023,0.001612014835770023,0.19360590000000144,True,target,0.004579588252963229,0.006437302155779867,0.0027542226021857186,0.00173756325238561,0,mean_strength|hold12|tp0.01000,False,1,-1,low,mid,0.9
btcusdt_clarity_hold12_v1,BTCUSDT,0,777,1662915600000,1662944400000,1,1,0.004476416544407551,0.004476416544407551,0.19283253999999928,True,target,-0.0036861627831685784,0.00031450322365800254,0.009199219291997629,0.00714569824340705,0,mean_strength|hold12|tp0.01000,False,1,1,mid,mid,0.9
btcusdt_clarity_hold12_v1,BTCUSDT,0,778,1662948000000,1662951600000,1,1,0.017051212749225234,0.017051212749225234,-0.46500981,False,stop,-0.005087339555788439,0.000735297496771592,0.0212592888754084,0.025032284155717566,0,mean_strength|hold12|tp0.01000,True,-1,1,high,mid,0.9
btcusdt_clarity_hold12_v1,BTCUSDT,0,779,1662955200000,1662966000000,1,1,0.0036552813755734857,0.0036552813755734857,0.19265476000000217,True,target,0.0031787127595372944,0.021836374608995346,0.020320727510607206,0.02317235533401818,0,mean_strength|hold12|tp0.01000,False,1,1,mid,mid,0.8
btcusdt_clarity_hold12_v1,BTCUSDT,0,780,1663038000000,1663066800000,-1,1,-0.004519939448553806,0.004519939448553806,-0.4694049550000008,False,stop,-0.0023396338473029576,-0.003747913451544793,-0.006838929707500885,0.06307112936825388,0,mean_strength|hold12|tp0.01000,True,-1,-1,mid,mid,0.8
btcusdt_clarity_hold12_v1,BTCUSDT,0,781,1663074000000,1663077600000,1,1,0.017406972337302738,0.017406972337302738,-0.45151329000000073,False,stop,-0.008820905877300111,-0.0202753406361057,-0.0432455647692358,-0.04236772180873405,0,mean_strength|hold12|tp0.01000,True,-1,1,high,high,0.7
btcusdt_clarity_hold12_v1,BTCUSDT,0,782,1663088400000,1663092000000,1,1,0.0017017425666590509,0.0017017425666590509,-0.4380175399999978,False,stop,-0.02476607144577969,-0.025353904269979077,-0.02850989197367282,-0.021605265440248322,0,mean_strength|hold12|tp0.01000,True,-1,1,low,high,0.6
btcusdt_clarity_hold12_v1,BTCUSDT,0,783,1663106400000,1663120800000,1,1,-0.0011256369397132217,0.0011256369397132217,0.17904738499999928,True,target,-0.0025280009498555023,0.0038093164997823337,0.008217239878101967,0.005812918035382086,0,mean_strength|hold12|tp0.01000,False,1,0,low,high,0.5
btcusdt_clarity_hold12_v1,BTCUSDT,0,784,1663124400000,1663135200000,-1,1,-0.025325508525535046,0.025325508525535046,0.18184624000000074,True,target,-0.0032737333359589282,0.004002323612232406,-0.0013144162416556249,0.007266211133647227,0,mean_strength|hold12|tp0.01000,False,1,-1,high,high,0.6
btcusdt_clarity_hold12_v1,BTCUSDT,0,785,1663138800000,1663178400000,1,1,0.004896405111498166,0.004896405111498166,-0.4268436699999993,False,stop,0.006814823600342024,0.004734300949331027,0.003059010738659662,-0.014835460803645173,0,mean_strength|hold12|tp0.01000,True,-1,1,mid,high,0.6
btcusdt_clarity_hold12_v1,BTCUSDT,0,786,1663182000000,1663182000000,1,1,-0.0006781632417592767,0.0006781632417592767,0.17593760999999927,True,target_entry_bar,-5.016277821534576e-05,0.01763221654268099,0.012525645720362633,0.013047338613801918,0,mean_strength|hold12|tp0.01000,False,1,0,low,mid,0.5
btcusdt_clarity_hold12_v1,BTCUSDT,0,787,1663214400000,1663221600000,1,1,0.003186730785695412,0.003186730785695412,0.17816123499999928,True,target,0.006115077362722987,0.008947797023396209,0.006239976818660953,-0.007978577245317364,0,mean_strength|hold12|tp0.01000,False,1,1,mid,mid,0.5
btcusdt_clarity_hold12_v1,BTCUSDT,0,788,1663236000000,1663250400000,-1,1,-0.013898459922732892,0.013898459922732892,0.17908960499999854,True,target,4.964996772716113e-06,0.0015441139963258133,0.014130380815252419,0.020852986445558774,0,mean_strength|hold12|tp0.01000,False,1,-1,high,mid,0.5
btcusdt_clarity_hold12_v1,BTCUSDT,0,789,1663261200000,1663279200000,-1,1,-0.00037088136081624395,0.00037088136081624395,0.176778135,True,target,0.00346109796521743,-0.0011806077607301457,0.006533705342502416,0.0037638179038661512,0,mean_strength|hold12|tp0.01000,False,1,0,low,high,0.6
btcusdt_clarity_hold12_v1,BTCUSDT,0,790,1663426800000,1663430400000,1,1,0.0023479609737338215,0.0023479609737338215,0.17717536000000073,True,target,0.008380280278273533,0.005433148218689343,0.003734036368010507,0.00196976683574257,0,mean_strength|hold12|tp0.01000,False,1,1,low,low,0.6
btcusdt_clarity_hold12_v1,BTCUSDT,0,791,1663480800000,1663491600000,-1,1,-0.0033313894042700898,0.0033313894042700898,0.178555715,True,target,-0.0005042159442067984,0.010313961789417347,0.002720769203887974,0.020023862893201017,0,mean_strength|hold12|tp0.01000,False,1,-1,mid,low,0.7
btcusdt_clarity_hold12_v1,BTCUSDT,0,792,1663498800000,1663516800000,-1,1,-0.0064257998611695144,0.0064257998611695144,0.17722000000000002,True,target,-0.0030830722262391586,0.005779505101631055,0.014501486301920052,0.02564372941270987,0,mean_strength|hold12|tp0.01000,False,1,-1,high,low,0.8
btcusdt_clarity_hold12_v1,BTCUSDT,0,793,1663556400000,1663563600000,1,1,0.003906878124427032,0.003906878124427032,-0.3957344250000029,False,stop,0.002040903326192778,-0.016082105061227092,-0.016854770811352338,0.016247295669874484,0,mean_strength|hold12|tp0.01000,True,-1,1,mid,high,0.9
btcusdt_clarity_hold12_v1,BTCUSDT,0,794,1663567200000,1663581600000,1,1,0.004609477657225155,0.004609477657225155,0.16419511000000217,True,target,-0.00025995970624570486,-0.0007852949459500325,0.0185329607244209,0.0370171790039211,0,mean_strength|hold12|tp0.01000,False,1,1,mid,high,0.8
btcusdt_clarity_hold12_v1,BTCUSDT,0,795,1663599600000,1663599600000,-1,1,-0.0024745197252876916,0.0024745197252876916,0.17179182500000145,True,target_entry_bar,-0.006685508439471244,-0.004027035671775758,-0.023008636103843072,-0.014818232823486932,0,mean_strength|hold12|tp0.01000,False,1,-1,low,high,0.8
btcusdt_clarity_hold12_v1,BTCUSDT,0,796,1663610400000,1663610400000,1,1,3.8138612968264613e-06,3.8138612968264613e-06,0.16873328500000073,True,target_entry_bar,0.018633897189770154,0.018905467440293755,0.018905467440293755,0.011755858344779213,0,mean_strength|hold12|tp0.01000,False,1,0,low,high,0.9
btcusdt_clarity_hold12_v1,BTCUSDT,0,797,1663617600000,1663642800000,-1,1,-0.004652411625662787,0.004652411625662787,0.17356280500000146,True,target,-0.0,-0.000958487742120484,0.0025012942147321082,0.011014920630039171,0,mean_strength|hold12|tp0.01000,False,1,-1,mid,high,0.9
btcusdt_clarity_hold12_v1,BTCUSDT,0,798,1663668000000,1663678800000,1,1,0.0032998369603147904,0.0032998369603147904,-0.4055439999999986,False,stop,-0.00477160042897784,-0.020200293238419542,-0.01095758404700109,-0.01805540444624043,0,mean_strength|hold12|tp0.01000,True,-1,1,mid,high,0.9
btcusdt_clarity_hold12_v1,BTCUSDT,0,799,1663682400000,1663686000000,1,1,0.0014957564009733487,0.0014957564009733487,0.16828251000000072,True,target,0.008619559001747046,-0.01597477611705389,-0.00516229218363895,-0.0030375682665924053,0,mean_strength|hold12|tp0.01000,False,1,0,low,high,0.8
btcusdt_clarity_hold12_v1,BTCUSDT,0,800,1663750800000,1663754400000,1,1,0.013642223297552684,0.013642223297552684,0.16793343999999927,True,target,0.005587504213009797,0.012939206268958614,0.010200749915739937,-0.028090242669362886,0,mean_strength|hold12|tp0.01000,False,1,1,high,mid,0.8
btcusdt_clarity_hold12_v1,BTCUSDT,0,801,1663758000000,1663765200000,1,1,0.012234370018951647,0.012234370018951647,0.16988,True,target,0.0041188999561487805,0.004693144563469698,0.03606256133976493,-0.03696569149491524,0,mean_strength|hold12|tp0.01000,False,1,1,high,high,0.8
btcusdt_clarity_hold12_v1,BTCUSDT,0,802,1663776000000,1663779600000,1,1,0.0011806370831297967,0.0011806370831297967,0.17068303499999782,True,target,0.03221511416237588,-0.012310812919332226,-0.03923649035210908,-0.02767982524574819,0,mean_strength|hold12|tp0.01000,False,1,0,low,mid,0.8
btcusdt_clarity_hold12_v1,BTCUSDT,0,803,1663790400000,1663794000000,1,1,-0.005001080829877923,0.005001080829877923,-0.40069078,False,stop,-0.024365229986836656,-0.024782859227227227,-0.00964776409763013,0.014733325227449301,0,mean_strength|hold12|tp0.01000,True,-1,-1,mid,high,0.8
btcusdt_clarity_hold12_v1,BTCUSDT,0,804,1663797600000,1663797600000,-1,1,-0.006744264040439752,0.006744264040439752,0.164310765,True,target_entry_bar,0.0013587692041184818,-0.0015482390134577972,-0.012028626181479707,-0.036134599352554586,0,mean_strength|hold12|tp0.01000,False,1,-1,high,high,0.8
btcusdt_clarity_hold12_v1,BTCUSDT,0,805,1663801200000,1663826400000,-1,1,-0.00826195121555091,0.00826195121555091,-0.3898126349999993,False,stop,0.0037945521073315946,-0.015519718118986336,-0.011492072096489947,-0.04188101368749142,0,mean_strength|hold12|tp0.01000,True,-1,-1,high,high,0.8
btcusdt_clarity_hold12_v1,BTCUSDT,0,806,1663855200000,1663866000000,1,1,0.0010469215459427814,0.0010469215459427814,0.16810308000000002,True,target,0.005628189704970588,0.010180557837333737,0.019698663967396834,0.022083490113570692,0,mean_strength|hold12|tp0.01000,False,1,0,low,high,0.7
btcusdt_clarity_hold12_v1,BTCUSDT,0,807,1663916400000,1663920000000,-1,1,-0.006685514684844414,0.006685514684844414,0.17196102499999855,True,target,0.008050415270290046,0.013655003018255285,0.030656106242584524,0.021736641618617436,0,mean_strength|hold12|tp0.01000,False,1,-1,high,mid,0.7
btcusdt_clarity_hold12_v1,BTCUSDT,0,808,1663923600000,1663930800000,-1,1,-0.0053819876262971985,0.0053819876262971985,0.169647465,True,target,0.0063433813892529445,0.009787680209698557,0.01942857142857135,0.003937090432503232,0,mean_strength|hold12|tp0.01000,False,1,-1,mid,mid,0.7
btcusdt_clarity_hold12_v1,BTCUSDT,0,809,1663945200000,1663963200000,1,1,0.003249623806694777,0.003249623806694777,0.1660554749999971,True,target,0.002849596886294048,-0.0041808344560638755,0.015798421761724413,0.021861166356579087,0,mean_strength|hold12|tp0.01000,False,1,1,mid,mid,0.8
btcusdt_clarity_hold12_v1,BTCUSDT,0,810,1663966800000,1663970400000,1,1,0.00032413665071298945,0.00032413665071298945,0.167660665,True,target,0.017131669114047954,0.007284248864467546,0.005968452465539231,0.0007789514681655341,0,mean_strength|hold12|tp0.01000,False,1,0,low,mid,0.8
btcusdt_clarity_hold12_v1,BTCUSDT,0,811,1663981200000,1664002800000,-1,1,-0.001003939344000173,0.001003939344000173,0.1703635349999993,True,target,-0.0004133939644481721,-0.002344310076870526,0.006514879566302589,7.325968990212761e-05,0,mean_strength|hold12|tp0.01000,False,1,0,low,mid,0.8
btcusdt_clarity_hold12_v1,BTCUSDT,0,812,1664060400000,1664089200000,1,1,0.0052544540957525625,0.0052544540957525625,0.16802249500000146,True,target,0.002173338268732339,0.0014541801068161941,0.00380730791602768,0.010417217492464603,0,mean_strength|hold12|tp0.01000,False,1,1,mid,low,0.8
btcusdt_clarity_hold12_v1,BTCUSDT,0,813,1664175600000,1664175600000,1,1,-0.0005820110817025533,0.0005820110817025533,0.16632759,True,target_entry_bar,0.019166979679721585,0.0096125868280581,0.014733656750765878,0.015273273622786743,0,mean_strength|hold12|tp0.01000,False,1,0,low,low,0.8
btcusdt_clarity_hold12_v1,BTCUSDT,0,814,1664182800000,1664182800000,-1,1,0.0003563715017759165,0.0003563715017759165,0.171425375,True,target_entry_bar,-0.0003879097952466104,-0.00046129813488793303,-0.001431072623004237,-0.00047178218340793165,0,mean_strength|hold12|tp0.01000,False,1,0,low,mid,0.9
btcusdt_clarity_hold12_v1,BTCUSDT,0,815,1664236800000,1664240400000,1,1,-0.00011629915109975768,0.00011629915109975768,0.17104563499999928,True,target,0.021860777823748512,0.039092883740173834,0.043850848158874633,0.047791683905668014,0,mean_strength|hold12|tp0.01000,False,1,0,low,mid,0.9
btcusdt_clarity_hold12_v1,BTCUSDT,0,816,1664254800000,1664294400000,-1,1,-0.0013631460724438,0.0013631460724438,0.1783779349999993,True,target,0.0007772431137248459,0.0030743183033327126,-0.0010643775124259403,0.06201607952632715,0,mean_strength|hold12|tp0.01000,False,1,0,low,high,1.0
btcusdt_clarity_hold12_v1,BTCUSDT,0,817,1664305200000,1664312400000,-1,1,-0.0008096383198814383,0.0008096383198814383,0.1702726100000007,True,target,7.866293979141847e-05,0.00011012811570809689,0.0037128907581533976,0.015632948234541533,0,mean_strength|hold12|tp0.01000,False,1,0,low,high,1.0
btcusdt_clarity_hold12_v1,BTCUSDT,0,818,1664323200000,1664330400000,-1,1,-0.00424265889953894,0.00424265889953894,0.16973827999999855,True,target,0.004605518238690376,0.01832776200106878,0.020973708201909247,0.0011841264185938893,0,mean_strength|hold12|tp0.01000,False,1,-1,mid,high,1.0
btcusdt_clarity_hold12_v1,BTCUSDT,0,819,1664334000000,1664359200000,-1,1,-0.014335755735152453,0.014335755735152453,-0.3929807149999993,False,stop,-0.0011475234842015514,0.0026953458582408274,0.004915670367207414,-0.0395975661827499,0,mean_strength|hold12|tp0.01000,True,-1,-1,high,high,1.0
btcusdt_clarity_hold12_v1,BTCUSDT,0,820,1664370000000,1664373600000,1,1,0.005995614819577763,0.005995614819577763,0.16961470500000073,True,target,0.013561024610748484,0.020268290641218822,0.02203143311568745,0.019624769797421893,0,mean_strength|hold12|tp0.01000,False,1,1,high,high,0.9
btcusdt_clarity_hold12_v1,BTCUSDT,0,821,1664377200000,1664380800000,1,1,0.003827988249760359,0.003827988249760359,0.1723725500000029,True,target,0.0011859594720169397,0.0035578784160510413,0.0066177565343286116,0.00099600059554672,0,mean_strength|hold12|tp0.01000,False,1,1,mid,high,0.9
btcusdt_clarity_hold12_v1,BTCUSDT,0,822,1664388000000,1664388000000,1,1,0.003544173078779895,0.003544173078779895,0.172111215,True,target_entry_bar,-0.0006394777768683468,0.003049030040108036,-0.00599574363591715,-0.008794098387492899,0,mean_strength|hold12|tp0.01000,False,1,1,mid,high,0.9
btcusdt_clarity_hold12_v1,BTCUSDT,0,823,1664391600000,1664398800000,1,1,-0.0012755717614152836,0.0012755717614152836,0.17397971999999856,True,target,0.0013053694195457322,-0.002928122776392761,-0.0023547840509452467,-0.00929627790547094,0,mean_strength|hold12|tp0.01000,False,1,0,low,high,0.9
btcusdt_clarity_hold12_v1,BTCUSDT,0,824,1664442000000,1664456400000,1,1,0.00015187676379100923,0.00015187676379100923,-0.4079686849999978,False,stop,-0.0022545540451014423,-0.013665987047869588,-0.009809107576636888,-0.002372674188694357,0,mean_strength|hold12|tp0.01000,True,-1,0,low,mid,0.9
btcusdt_clarity_hold12_v1,BTCUSDT,0,825,1664460000000,1664460000000,1,1,0.0007989771015442021,0.0007989771015442021,0.16890611499999783,True,target_entry_bar,0.004721184360686026,0.00350701663878783,0.016117685681679816,0.008592972418069778,0,mean_strength|hold12|tp0.01000,False,1,0,low,mid,0.8
btcusdt_clarity_hold12_v1,BTCUSDT,0,826,1664478000000,1664481600000,1,1,-0.0013495026471781915,0.0013495026471781915,0.17166022,True,target,0.00515997999927853,0.0024846257339181665,0.005226992726541813,0.008325042656178283,0,mean_strength|hold12|tp0.01000,False,1,0,low,mid,0.8
btcusdt_clarity_hold12_v1,BTCUSDT,0,827,1664532000000,1664539200000,-1,1,-0.0057643010529967904,0.0057643010529967904,0.17374432499999853,True,target,0.0025410938510662673,0.0007443608250597977,-0.011555560118687191,0.005225926344212928,0,mean_strength|hold12|tp0.01000,False,1,-1,high,mid,0.8
btcusdt_clarity_hold12_v1,BTCUSDT,0,828,1664546400000,1664546400000,-1,1,-0.001544346131596602,0.001544346131596602,-0.41071505499999855,False,stop_entry_bar,0.011610798042179238,0.0156345401223138,0.02828630626482631,0.0288418228952928,0,mean_strength|hold12|tp0.01000,True,-1,0,low,mid,0.8
btcusdt_clarity_hold12_v1,BTCUSDT,0,829,1664578800000,1664578800000,1,1,0.003107925461229673,0.003107925461229673,0.002660329999999999,True,end_of_data_entry_bar,-0.0009581850121319624,-0.00034000113333720883,-0.0050948654677334115,-0.005537897247536283,0,mean_strength|hold12|tp0.01000,False,1,1,mid,high,0.7
btcusdt_clarity_hold12_v1,BTCUSDT,1,1,1664607600000,1664650800000,1,1,0.0011973482054898367,0.0011973482054898367,-0.027022519999999273,False,max_hold,0.0011861904638574838,0.0007925202662453223,0.0009323767838180785,-0.002512237445287613,0,mean_strength|hold12|tp0.01000,True,-1,0,low,high,0.8
btcusdt_clarity_hold12_v1,BTCUSDT,1,2,1664730000000,1664751600000,-1,1,-0.002810326167775099,0.002810326167775099,0.17080550999999927,True,target,-0.0010422475025144706,-0.0017718207542745112,0.007290521280088225,-0.002397169255783149,0,mean_strength|hold12|tp0.01000,False,1,-1,low,low,0.7
btcusdt_clarity_hold12_v1,BTCUSDT,1,3,1664787600000,1664805600000,1,1,0.004427526519882828,0.004427526519882828,0.17077748,True,target,0.0028480666009420563,0.003912179396898363,0.008293820321424672,0.019592194419667308,0,mean_strength|hold12|tp0.01000,False,1,1,mid,low,0.7
btcusdt_clarity_hold12_v1,BTCUSDT,1,4,1664809200000,1664820000000,1,1,0.008912639279700907,0.008912639279700907,0.17273504000000073,True,target,0.0038075727241215773,0.014252531052928452,0.011205438207129825,0.013357544529459364,0,mean_strength|hold12|tp0.01000,False,1,1,high,low,0.7
btcusdt_clarity_hold12_v1,BTCUSDT,1,5,1664823600000,1664863200000,1,1,0.006292736558134583,0.006292736558134583,0.1745151499999971,True,target,0.0024926168382153335,-0.0012488675739724675,-0.0019244844582526621,0.021461072695353023,0,mean_strength|hold12|tp0.01000,False,1,1,high,mid,0.7
btcusdt_clarity_hold12_v1,BTCUSDT,1,6,1664978400000,1664985600000,1,1,0.005681411561868151,0.005681411561868151,0.17727244499999928,True,target,0.006144169077871409,0.014270977481444236,0.005283683482198986,0.022659454019373415,0,mean_strength|hold12|tp0.01000,False,1,1,mid,low,0.8
btcusdt_clarity_hold12_v1,BTCUSDT,1,7,1665144000000,1665144000000,-1,1,-0.0008688792127363078,0.0008688792127363078,0.17793155999999927,True,target_entry_bar,0.0007292644118966907,0.0017696136428542175,0.008281995838603007,0.002539676063808005,0,mean_strength|hold12|tp0.01000,False,1,0,low,low,0.8
btcusdt_clarity_hold12_v1,BTCUSDT,1,8,1665187200000,1665230400000,1,1,0.0030762201735536343,0.0030762201735536343,-0.025781404999999275,False,max_hold,0.0012832966920599542,-0.0032977146070862773,-0.002765990081292413,-0.002760877345467594,0,mean_strength|hold12|tp0.01000,True,-1,1,mid,mid,0.8
btcusdt_clarity_hold12_v1,BTCUSDT,1,9,1665255600000,1665262800000,-1,1,-0.005902356856360137,0.005902356856360137,0.17330454999999856,True,target,0.0008889985149099777,0.005560094757991796,0.0033504452700652276,0.0031808675186663082,0,mean_strength|hold12|tp0.01000,False,1,-1,high,low,0.7
btcusdt_clarity_hold12_v1,BTCUSDT,1,10,1665342000000,1665385200000,-1,1,-0.006351093360250417,0.006351093360250417,0.09891110499999926,True,max_hold,-0.0007245706533469676,0.003571465277135477,-0.001649554466130354,0.0030061973915456175,0,mean_strength|hold12|tp0.01000,False,1,-1,high,low,0.8
btcusdt_clarity_hold12_v1,BTCUSDT,1,11,1665388800000,1665388800000,-1,1,,,0.17267599500000147,True,target_entry_bar,-0.004800216347778941,-0.004935433709688297,-0.0012377589282464019,-0.00047846143444818523,0,mean_strength|hold12|tp0.01000,False,1,0,na,low,0.8
btcusdt_clarity_hold12_v1,BTCUSDT,1,12,1665435600000,1665439200000,-1,1,-0.003071646959164238,0.003071646959164238,0.17125507500000292,True,target,0.006049896049896142,0.01041580041580048,0.010410602910602917,0.009490644490644407,0,mean_strength|hold12|tp0.01000,False,1,-1,mid,low,0.9
btcusdt_clarity_hold12_v1,BTCUSDT,1,13,1665464400000,1665507600000,-1,1,0.00035018500773868966,0.00035018500773868966,-0.1395952600000022,False,max_hold,-0.0014455044810639528,-0.003994848747667534,-0.0065915004336514205,-0.005145995952587468,0,mean_strength|hold12|tp0.01000,True,-1,0,low,low,0.9
btcusdt_clarity_hold12_v1,BTCUSDT,1,14,1665637200000,1665655200000,-1,1,-0.003741169943900301,0.003741169943900301,0.16991880999999928,True,target,0.0016244399612230787,0.004260224801530099,0.01774307647968132,-0.003416564047475701,0,mean_strength|hold12|tp0.01000,False,1,-1,mid,low,0.8
btcusdt_clarity_hold12_v1,BTCUSDT,1,15,1665658800000,1665662400000,-1,1,-0.0067860172045235,0.0067860172045235,0.16626238500000073,True,target,0.019578658728507503,0.018143601726336334,-0.021541859385752815,-0.033107671953438,0,mean_strength|hold12|tp0.01000,False,1,-1,high,low,0.8
btcusdt_clarity_hold12_v1,BTCUSDT,1,16,1665666000000,1665673200000,1,1,0.007528261878113309,0.007528261878113309,0.16357315500000144,True,target,-0.0008523112836242852,0.03566678428924286,0.05105181726880392,0.07783176352433441,0,mean_strength|hold12|tp0.01000,False,1,1,high,mid,0.8
btcusdt_clarity_hold12_v1,BTCUSDT,1,17,1665676800000,1665676800000,1,1,0.0009863795466330432,0.0009863795466330432,0.16864279999999854,True,target_entry_bar,0.00373214519722187,0.014855195911414043,0.01801074564277272,0.038065784300878036,0,mean_strength|hold12|tp0.01000,False,1,0,low,high,0.8
btcusdt_clarity_hold12_v1,BTCUSDT,1,18,1665723600000,1665730800000,-1,1,-0.0035911778643211013,0.0035911778643211013,0.17623577500000145,True,target,0.0006263891695292845,0.009410992119620043,0.010492018589614127,0.02227217619721167,0,mean_strength|hold12|tp0.01000,False,1,-1,mid,high,0.8
btcusdt_clarity_hold12_v1,BTCUSDT,1,19,1665759600000,1665763200000,-1,1,-0.0008180989904380538,0.0008180989904380538,0.173215165,True,target,0.0028884559936754872,0.007549256183827846,0.013155651091051102,0.0083811728474803,0,mean_strength|hold12|tp0.01000,False,1,0,low,high,0.9
btcusdt_clarity_hold12_v1,BTCUSDT,1,20,1665766800000,1665810000000,1,1,-0.0030424135579143986,0.0030424135579143986,-0.14966669500000002,False,max_hold,-0.007662063228813021,-0.009713202205103522,-0.00984236712804376,-0.00969770241435064,0,mean_strength|hold12|tp0.01000,True,-1,-1,mid,high,0.9
btcusdt_clarity_hold12_v1,BTCUSDT,1,21,1665813600000,1665856800000,-1,1,-0.005216112198584411,0.005216112198584411,0.03675810000000291,True,max_hold,1.043884922125038e-05,0.003142093615599806,7.307194454886368e-05,0.002651467702200483,0,mean_strength|hold12|tp0.01000,False,1,-1,mid,mid,0.8
btcusdt_clarity_hold12_v1,BTCUSDT,1,22,1665950400000,1665993600000,1,1,-0.0011986157858456985,0.0011986157858456985,-0.115765475,False,max_hold,-0.009394409937888204,-0.003524844720496856,-0.006547619047619024,-0.0035714285714285587,0,mean_strength|hold12|tp0.01000,True,-1,0,low,low,0.8
btcusdt_clarity_hold12_v1,BTCUSDT,1,23,1665997200000,1666004400000,1,1,0.010007367154736903,0.010007367154736903,0.17130729999999855,True,target,0.0030422815041704077,0.00940106376373695,0.01018750388046108,0.009411411660009694,0,mean_strength|hold12|tp0.01000,False,1,1,high,low,0.7
btcusdt_clarity_hold12_v1,BTCUSDT,1,24,1666008000000,1666011600000,1,1,0.004235958203237975,0.004235958203237975,0.17308411000000218,True,target,0.003347121629171612,0.0007791156012773026,-3.5880323743020526e-05,0.004028847780289446,0,mean_strength|hold12|tp0.01000,False,1,1,mid,low,0.8
btcusdt_clarity_hold12_v1,BTCUSDT,1,25,1666018800000,1666062000000,1,1,0.002511147902402854,0.002511147902402854,-0.011027779999998545,False,max_hold,-0.0011575200389253304,-0.000814361443314926,-0.0007682655125611504,0.0007887525928962358,0,mean_strength|hold12|tp0.01000,True,-1,1,low,mid,0.8
btcusdt_clarity_hold12_v1,BTCUSDT,1,26,1666098000000,1666101600000,-1,1,-0.0033076957304213283,0.0033076957304213283,0.17463619499999855,True,target,0.006419280364885482,0.006705946792663342,0.016652248027888672,0.011753323538897131,0,mean_strength|hold12|tp0.01000,False,1,-1,mid,low,0.7
btcusdt_clarity_hold12_v1,BTCUSDT,1,27,1666108800000,1666119600000,-1,1,0.0008398567784637157,0.0008398567784637157,0.172316585,True,target,0.0002525265539402577,0.010013450904199805,0.004725854080880665,0.006947057034926152,0,mean_strength|hold12|tp0.01000,False,1,0,low,low,0.7
btcusdt_clarity_hold12_v1,BTCUSDT,1,28,1666220400000,1666224000000,-1,1,-0.0049671483694476,0.0049671483694476,0.1703661750000029,True,target,0.008019166487939877,0.0033217030135954673,-0.0006695716310869404,-0.004305136346754335,0,mean_strength|hold12|tp0.01000,False,1,-1,mid,low,0.7
btcusdt_clarity_hold12_v1,BTCUSDT,1,29,1666249200000,1666274400000,1,1,0.003083175548304229,0.003083175548304229,0.1702460099999978,True,target,-0.001766119761730578,0.0027641341833002375,0.0013063015989132065,-0.004295119657226509,0,mean_strength|hold12|tp0.01000,False,1,1,mid,low,0.7
btcusdt_clarity_hold12_v1,BTCUSDT,1,30,1666285200000,1666288800000,-1,1,-0.0010740049566142459,0.0010740049566142459,0.17062519999999853,True,target,0.0019327871943680686,0.0036822476900835177,0.0029803683295269723,0.0029698925181753655,0,mean_strength|hold12|tp0.01000,False,1,0,low,low,0.7
btcusdt_clarity_hold12_v1,BTCUSDT,1,31,1666357200000,1666357200000,1,1,-0.0008567411849200136,0.0008567411849200136,0.16792870999999926,True,target_entry_bar,-0.0045974598509498366,0.003301144116721,0.0065498058150519345,0.004970085021517745,0,mean_strength|hold12|tp0.01000,False,1,0,low,low,0.8
btcusdt_clarity_hold12_v1,BTCUSDT,1,32,1666425600000,1666468800000,-1,1,-0.0004525295647694941,0.0004525295647694941,-0.05047633000000146,False,max_hold,0.0008303782660240566,-0.0010967260117298316,-0.004099666281942138,-0.0030760553376609767,0,mean_strength|hold12|tp0.01000,True,-1,0,low,low,0.8
btcusdt_clarity_hold12_v1,BTCUSDT,1,33,1666501200000,1666544400000,1,1,0.0032550631839105976,0.0032550631839105976,-0.03809514,False,max_hold,-1.0434383380109047e-05,0.0003078143097132724,-0.001325166689274626,0.015719398562141995,0,mean_strength|hold12|tp0.01000,True,-1,1,mid,low,0.8
btcusdt_clarity_hold12_v1,BTCUSDT,1,34,1666548000000,1666562400000,1,1,0.006455971720054317,0.006455971720054317,0.17326650999999926,True,target,0.0029689469757390174,0.005073451851089539,0.0039054259178266104,-0.007697651084411672,0,mean_strength|hold12|tp0.01000,False,1,1,high,low,0.7
btcusdt_clarity_hold12_v1,BTCUSDT,1,35,1666587600000,1666630800000,1,1,0.0030697061241542244,0.0030697061241542244,-0.09663077000000145,False,max_hold,-0.002214438344966041,0.00011900019143507024,0.004392659240364694,-0.0026542216611391556,0,mean_strength|hold12|tp0.01000,True,-1,1,mid,low,0.7
btcusdt_clarity_hold12_v1,BTCUSDT,1,36,1666702800000,1666706400000,1,1,-0.00025651545710194513,0.00025651545710194513,0.17183646000000075,True,target,0.0004776726555517641,0.01728866837190668,0.04095657801473074,0.03853739714629101,0,mean_strength|hold12|tp0.01000,False,1,0,low,low,0.7
btcusdt_clarity_hold12_v1,BTCUSDT,1,37,1666771200000,1666771200000,1,1,-0.0014196313633768496,0.0014196313633768496,0.18090995000000146,True,target_entry_bar,-0.003519098491192585,-0.003039881502708286,0.007812689084985891,0.003751446121972757,0,mean_strength|hold12|tp0.01000,False,1,0,low,mid,0.7
btcusdt_clarity_hold12_v1,BTCUSDT,1,38,1666796400000,1666839600000,-1,1,-0.0036575768297163673,0.0036575768297163673,0.11368462500000001,True,max_hold,0.00393555292118819,0.007136789260740017,0.005106619887980779,0.0043867016706903295,0,mean_strength|hold12|tp0.01000,False,1,-1,mid,high,0.7
btcusdt_clarity_hold12_v1,BTCUSDT,1,39,1666908000000,1666908000000,-1,1,0.0009668347956784773,0.0009668347956784773,0.18158809500000148,True,target_entry_bar,-0.0013228884380538375,-0.002645776876107453,0.0007996564438982334,0.004590620326082151,0,mean_strength|hold12|tp0.01000,False,1,0,low,low,0.7
btcusdt_clarity_hold12_v1,BTCUSDT,1,40,1666954800000,1666962000000,1,1,0.013209480748802916,0.013209480748802916,0.1794956299999993,True,target,0.0018052510985249182,0.01605384012616895,0.02266978783340101,0.02080006348135721,0,mean_strength|hold12|tp0.01000,False,1,1,high,mid,0.7
btcusdt_clarity_hold12_v1,BTCUSDT,1,41,1667012400000,1667055600000,-1,1,-0.002787351683956693,0.002787351683956693,-0.10763215000000292,False,max_hold,0.003620114532518426,0.0034321192372211984,-0.009602221236719943,-0.008098258874342124,0,mean_strength|hold12|tp0.01000,True,-1,-1,low,mid,0.7
btcusdt_clarity_hold12_v1,BTCUSDT,1,42,1667091600000,1667113200000,1,1,0.002546724991892881,0.002546724991892881,0.1842011350000022,True,target,-0.0011026473165706152,-0.0015937828025539558,0.0035775849616239697,-0.0061825290588496395,0,mean_strength|hold12|tp0.01000,False,1,1,low,low,0.6
btcusdt_clarity_hold12_v1,BTCUSDT,1,43,1667120400000,1667163600000,1,1,0.0028377849014633197,0.0028377849014633197,-0.13520035999999783,False,max_hold,-0.00042545579369257513,0.0015422772521356265,-0.0007783907134604195,-0.00022723207163133363,0,mean_strength|hold12|tp0.01000,True,-1,1,low,low,0.7
btcusdt_clarity_hold12_v1,BTCUSDT,1,44,1667300400000,1667307600000,-1,1,-0.00039443609163721297,0.00039443609163721297,0.18345715,True,target,-0.0010384317243328223,0.005591930459201366,0.003895337782826469,0.0019306054593233313,0,mean_strength|hold12|tp0.01000,False,1,0,low,mid,0.7
btcusdt_clarity_hold12_v1,BTCUSDT,1,45,1667314800000,1667358000000,1,1,0.001014059237636199,0.001014059237636199,0.07549807,True,max_hold,-0.0016686566579888762,0.0010031513633070865,0.00036211317504752927,0.0036896396484566996,0,mean_strength|hold12|tp0.01000,False,1,0,low,low,0.7
btcusdt_clarity_hold12_v1,BTCUSDT,1,46,1667394000000,1667412000000,1,1,0.01168499017749815,0.01168499017749815,0.18144802000000002,True,target,0.0016969352172910845,0.0060569797495795275,-0.00728799344767217,-0.004678832940161026,0,mean_strength|hold12|tp0.01000,False,1,1,high,low,0.8
btcusdt_clarity_hold12_v1,BTCUSDT,1,47,1667415600000,1667458800000,1,1,0.0059633258039624324,0.0059633258039624324,-0.18061382000000073,False,max_hold,-0.003784379307448682,-0.006931441473042477,0.002628315654781721,0.0026036134399811672,0,mean_strength|hold12|tp0.01000,True,-1,1,high,low,0.8
btcusdt_clarity_hold12_v1,BTCUSDT,1,48,1667462400000,1667473200000,-1,1,0.002169137636548312,0.002169137636548312,0.18059968999999929,True,target,-0.0009857169612317307,0.008156807854192705,-0.0009167167739456694,0.003114865597492411,0,mean_strength|hold12|tp0.01000,False,1,1,low,low,0.7
btcusdt_clarity_hold12_v1,BTCUSDT,1,49,1667509200000,1667538000000,1,1,0.009660045629706099,0.009660045629706099,0.18002808999999784,True,target,-0.0031360347680075007,0.0010963775094452455,0.0029977529199693986,0.01527520557078299,0,mean_strength|hold12|tp0.01000,False,1,1,high,low,0.7
btcusdt_clarity_hold12_v1,BTCUSDT,1,50,1667541600000,1667541600000,1,1,0.005352535829453952,0.005352535829453952,0.18180127000000146,True,target_entry_bar,0.00031558300318490495,-0.0018934980191097628,0.0073894973976540435,0.01660937621378089,0,mean_strength|hold12|tp0.01000,False,1,1,mid,low,0.7
btcusdt_clarity_hold12_v1,BTCUSDT,1,51,1667545200000,1667566800000,1,1,0.005352535829453952,0.005352535829453952,0.18331894499999857,True,target,-0.0015094669300548258,0.0018589255119325632,0.00711051142292729,0.023976741589939454,0,mean_strength|hold12|tp0.01000,False,1,1,mid,low,0.7
btcusdt_clarity_hold12_v1,BTCUSDT,1,52,1667574000000,1667577600000,1,1,0.0033739554464969844,0.0033739554464969844,-0.44750825000000144,False,stop,-0.0026645158502686117,0.005261818688098163,0.01594388673647229,0.029151243680776595,0,mean_strength|hold12|tp0.01000,True,-1,1,mid,mid,0.8
btcusdt_clarity_hold12_v1,BTCUSDT,1,53,1667581200000,1667584800000,1,1,0.003041501985721135,0.003041501985721135,0.18482297999999925,True,target,0.008486372196294445,0.01718466288103171,0.01805641848121864,0.02983234357766551,0,mean_strength|hold12|tp0.01000,False,1,1,mid,high,0.7
btcusdt_clarity_hold12_v1,BTCUSDT,1,54,1667610000000,1667653200000,-1,1,-0.002441640988647552,0.002441640988647552,0.08830421999999927,True,max_hold,-0.0010303532706690266,-0.00014050271872756426,-0.001053770390456954,0.004224448409743453,0,mean_strength|hold12|tp0.01000,False,1,-1,low,high,0.8
btcusdt_clarity_hold12_v1,BTCUSDT,1,55,1667700000000,1667743200000,1,1,0.0034856922958955987,0.0034856922958955987,-0.008123079999999274,False,max_hold,-0.00014131013334961473,-0.003984945760460601,0.0006453162756299147,-0.000701840328970027,0,mean_strength|hold12|tp0.01000,True,-1,1,mid,low,0.8
btcusdt_clarity_hold12_v1,BTCUSDT,1,56,1667757600000,1667782800000,1,1,-0.0041371038710460405,0.0041371038710460405,-0.44813883,False,stop,-0.001211555505270523,-0.004483226791876516,-0.014991231543813988,-0.017013633535102213,0,mean_strength|hold12|tp0.01000,True,-1,-1,mid,low,0.7
btcusdt_clarity_hold12_v1,BTCUSDT,1,57,1667786400000,1667800800000,-1,1,-0.0035416492226063765,0.0035416492226063765,0.1867497650000007,True,target,0.0033273904297006496,0.0059969300294604455,0.012842392288844207,0.015674011078589456,0,mean_strength|hold12|tp0.01000,False,1,-1,mid,low,0.6
btcusdt_clarity_hold12_v1,BTCUSDT,1,58,1667808000000,1667847600000,1,1,0.002486763573021058,0.002486763573021058,0.18358413000000146,True,target,-0.0016805099478461871,0.0007919644581804164,-0.0028684566351169227,0.004061232373961721,0,mean_strength|hold12|tp0.01000,False,1,1,low,low,0.7
btcusdt_clarity_hold12_v1,BTCUSDT,1,59,1667851200000,1667854800000,-1,1,-0.006235385122443931,0.006235385122443931,0.18550607500000293,True,target,0.005708899053005534,0.010268323065010243,0.01715555427301707,0.051514758009051476,0,mean_strength|hold12|tp0.01000,False,1,-1,high,mid,0.7
btcusdt_clarity_hold12_v1,BTCUSDT,1,60,1667880000000,1667880000000,1,1,-0.006558001651547683,0.006558001651547683,-0.42494412000000004,False,stop_entry_bar,0.003306837868134238,0.008132069703454592,0.0028075002547640615,0.037562417201671305,0,mean_strength|hold12|tp0.01000,True,-1,-1,high,mid,0.7
btcusdt_clarity_hold12_v1,BTCUSDT,1,61,1667883600000,1667883600000,-1,1,-0.005627428478901056,0.005627428478901056,0.17473009000000073,True,target_entry_bar,-0.004113575306359696,-0.001528624897795261,9.649127261834867e-05,0.01844506853419603,0,mean_strength|hold12|tp0.01000,False,1,-1,mid,high,0.6
btcusdt_clarity_hold12_v1,BTCUSDT,1,62,1667887200000,1667916000000,-1,1,-0.005660293669608371,0.005660293669608371,0.17525913999999929,True,target,-0.0006929025536239752,0.00031357633813644537,0.002999205943789107,0.06005492643600263,0,mean_strength|hold12|tp0.01000,False,1,-1,mid,high,0.6
btcusdt_clarity_hold12_v1,BTCUSDT,1,63,1667919600000,1667923200000,1,1,0.0031947452189440913,0.0031947452189440913,0.1726371850000022,True,target,0.04352816980803342,-0.047622708032264316,-0.04212915987660004,-0.06203302278387601,0,mean_strength|hold12|tp0.01000,False,1,1,mid,high,0.7
btcusdt_clarity_hold12_v1,BTCUSDT,1,64,1667926800000,1667926800000,-1,1,0.004177335587451189,0.004177335587451189,0.181223515,True,target_entry_bar,0.03845258359763448,0.061667968770210746,0.0410654138878398,0.048712469667886005,0,mean_strength|hold12|tp0.01000,False,1,1,mid,high,0.7
btcusdt_clarity_hold12_v1,BTCUSDT,1,65,1667930400000,1667930400000,1,1,-0.03352813640042357,0.03352813640042357,0.1720224899999978,True,target_entry_bar,-0.018644569399230537,0.005768247733326293,-0.014103150474857995,-0.015911108719631972,0,mean_strength|hold12|tp0.01000,False,1,-1,high,high,0.7
btcusdt_clarity_hold12_v1,BTCUSDT,1,66,1667934000000,1667934000000,-1,1,-0.020031685915952252,0.020031685915952252,0.16546935999999926,True,target_entry_bar,0.005603684614541082,-0.011547318784954408,-0.003986182695471019,0.0007182805132140979,0,mean_strength|hold12|tp0.01000,False,1,-1,high,high,0.8
btcusdt_clarity_hold12_v1,BTCUSDT,1,67,1667937600000,1667937600000,-1,1,-0.02893500479041287,0.02893500479041287,0.16234858499999927,True,target_entry_bar,-0.03065208041553169,-0.021956572083944526,0.0010476516062153385,-0.00019298845377657692,0,mean_strength|hold12|tp0.01000,False,1,-1,high,high,0.9
btcusdt_clarity_hold12_v1,BTCUSDT,1,68,1667941200000,1667941200000,-1,1,-0.024807050758799132,0.024807050758799132,-0.382638635,False,stop_entry_bar,0.013005772615653055,0.01975743244327688,0.020779276363305677,0.050107801858579104,0,mean_strength|hold12|tp0.01000,True,-1,-1,high,high,0.9
btcusdt_clarity_hold12_v1,BTCUSDT,1,69,1667944800000,1667944800000,-1,1,-0.029211269503259214,0.029211269503259214,0.16635220999999928,True,target_entry_bar,-0.004629077545179605,0.007474821937707876,0.011003544984443225,0.0418243118719035,0,mean_strength|hold12|tp0.01000,False,1,-1,high,high,0.8
btcusdt_clarity_hold12_v1,BTCUSDT,1,70,1667948400000,1667959200000,-1,1,-0.03188594598503117,0.03188594598503117,0.16421818999999782,True,target,0.011416855508794566,0.02250998165533613,0.007974533290169394,0.03958131002481913,0,mean_strength|hold12|tp0.01000,False,1,-1,high,high,0.8
btcusdt_clarity_hold12_v1,BTCUSDT,1,71,1667966400000,1667980800000,-1,1,-0.0050059873947423325,0.0050059873947423325,0.1628770849999978,True,target,-0.007705967466128838,0.0011345201034768104,0.03116367781821361,0.06449226114789308,0,mean_strength|hold12|tp0.01000,False,1,-1,mid,high,0.9
btcusdt_clarity_hold12_v1,BTCUSDT,1,72,1667984400000,1667984400000,-1,1,-0.009919711391042264,0.009919711391042264,0.16145649499999926,True,target_entry_bar,0.0043987361377856304,0.008544023970577297,0.03698655597546607,0.1156456454765109,0,mean_strength|hold12|tp0.01000,False,1,-1,high,high,0.9
btcusdt_clarity_hold12_v1,BTCUSDT,1,73,1667988000000,1667988000000,-1,1,-0.002728953707844624,0.002728953707844624,0.15807691499999998,True,target_entry_bar,-0.006980822537761,0.006036092097075341,0.03440063359167267,0.1034508117893308,0,mean_strength|hold12|tp0.01000,False,1,-1,low,high,0.9
btcusdt_clarity_hold12_v1,BTCUSDT,1,74,1667995200000,1667995200000,-1,1,-0.003111186813995088,0.003111186813995088,0.1584274149999978,True,target_entry_bar,0.0018803185748208495,0.028687639887748917,0.057721803742458944,0.07757024211231933,0,mean_strength|hold12|tp0.01000,False,1,-1,mid,high,0.9
btcusdt_clarity_hold12_v1,BTCUSDT,1,75,1667998800000,1667998800000,-1,1,-0.0025137143264685326,0.0025137143264685326,0.15664246499999782,True,target_entry_bar,-0.0036083618378741633,0.02853679220047456,0.04586148216023622,0.0828329624423032,0,mean_strength|hold12|tp0.01000,False,1,-1,low,high,0.9
btcusdt_clarity_hold12_v1,BTCUSDT,1,76,1668006000000,1668006000000,-1,1,-0.004402069726692346,0.004402069726692346,0.15690963000000074,True,target_entry_bar,0.0017253076311233295,0.02989168577176826,0.08168015720769206,0.043670752818977254,0,mean_strength|hold12|tp0.01000,False,1,-1,mid,high,0.9
btcusdt_clarity_hold12_v1,BTCUSDT,1,77,1668009600000,1668009600000,-1,1,0.0015426796719607589,0.0015426796719607589,0.15219697500000146,True,target_entry_bar,0.007458008424678919,0.017833603805752052,0.07151017347339328,0.03521023616050245,0,mean_strength|hold12|tp0.01000,False,1,0,low,high,0.9
btcusdt_clarity_hold12_v1,BTCUSDT,1,78,1668016800000,1668016800000,1,1,0.015032869237771453,0.015032869237771453,-0.35745855000000004,False,stop_entry_bar,0.010682871835681507,-0.05338421563485318,-0.02106430823581895,0.005226890452334043,0,mean_strength|hold12|tp0.01000,True,-1,1,high,high,0.9
btcusdt_clarity_hold12_v1,BTCUSDT,1,79,1668020400000,1668020400000,1,1,0.014339922388965866,0.014339922388965866,0.14765288000000001,True,target_entry_bar,-0.03267022577470258,-0.054651197470846125,-0.038748546034775844,-0.0014912463837275514,0,mean_strength|hold12|tp0.01000,False,1,1,high,high,0.9
btcusdt_clarity_hold12_v1,BTCUSDT,1,80,1668024000000,1668024000000,1,1,0.030426078938383228,0.030426078938383228,-0.353765665,False,stop_entry_bar,-0.03175719007449063,-0.019226974495584748,-0.001381283607123418,0.03768314340683743,0,mean_strength|hold12|tp0.01000,True,-1,1,high,high,0.9
btcusdt_clarity_hold12_v1,BTCUSDT,1,81,1668027600000,1668027600000,1,1,0.05218147440966418,0.05218147440966418,-0.342169135,False,stop_entry_bar,0.009330140493446715,0.0341425823790904,0.041390159090040735,0.0625597065304615,0,mean_strength|hold12|tp0.01000,True,-1,1,high,high,0.8
btcusdt_clarity_hold12_v1,BTCUSDT,1,82,1668031200000,1668031200000,1,1,0.0384878461412669,0.0384878461412669,0.13973281500000037,True,target_entry_bar,0.0035776707911889805,0.016821993526119572,0.0390956758769081,0.03458415098149348,0,mean_strength|hold12|tp0.01000,False,1,1,high,high,0.7
btcusdt_clarity_hold12_v1,BTCUSDT,1,83,1668034800000,1668038400000,1,1,0.0393080826939309,0.0393080826939309,0.14107128000000038,True,target,0.020930524992140764,0.018195535994970147,0.049317824583464454,0.030374096196164713,0,mean_strength|hold12|tp0.01000,False,1,1,high,high,0.7
btcusdt_clarity_hold12_v1,BTCUSDT,1,84,1668042000000,1668042000000,-1,1,0.0017742439269461093,0.0017742439269461093,0.14453670500000107,True,target_entry_bar,-0.004933322577242105,-0.0219051933303962,-0.03875916077667263,-0.09521622845937605,0,mean_strength|hold12|tp0.01000,False,1,1,low,high,0.7
btcusdt_clarity_hold12_v1,BTCUSDT,1,85,1668049200000,1668049200000,-1,1,-0.015137448680976405,0.015137448680976405,-0.34168307499999895,False,stop_entry_bar,-0.0071062947583431235,-0.019710488817676453,-0.020328161597876537,-0.07276919219408362,0,mean_strength|hold12|tp0.01000,True,-1,-1,high,high,0.7
btcusdt_clarity_hold12_v1,BTCUSDT,1,86,1668052800000,1668056400000,-1,1,-0.016918963269183532,0.016918963269183532,-0.34505764500000147,False,stop,-0.013450409584707224,-0.01649269184291846,0.004341780069104129,-0.07931794582187135,0,mean_strength|hold12|tp0.01000,True,-1,-1,high,high,0.6
btcusdt_clarity_hold12_v1,BTCUSDT,1,87,1668060000000,1668067200000,-1,1,-0.010680370176425622,0.010680370176425622,0.14854263999999928,True,target,-0.003928271560513341,-0.0006057334772699985,0.00048578625404815945,-0.04029027228019677,0,mean_strength|hold12|tp0.01000,False,1,-1,high,high,0.5
btcusdt_clarity_hold12_v1,BTCUSDT,1,88,1668078000000,1668081600000,1,1,0.012717999334091422,0.012717999334091422,0.14586474,True,target,0.016951324436634163,0.07526802985092851,0.04830334205917719,0.07321776166852789,0,mean_strength|hold12|tp0.01000,False,1,1,high,high,0.5
btcusdt_clarity_hold12_v1,BTCUSDT,1,89,1668085200000,1668085200000,-1,1,-0.013408183206681924,0.013408183206681924,-0.35170662000000075,False,stop_entry_bar,0.0015694673443139573,-0.007071101970049787,0.01193815052155045,0.02211419149767979,0,mean_strength|hold12|tp0.01000,True,-1,-1,high,high,0.6
btcusdt_clarity_hold12_v1,BTCUSDT,1,90,1668088800000,1668088800000,-1,1,-0.013408183206681924,0.013408183206681924,0.15709258000000148,True,target_entry_bar,0.004539882871021916,0.025077178008807266,-0.027216597811776655,0.024225949970490657,0,mean_strength|hold12|tp0.01000,False,1,-1,high,high,0.5
btcusdt_clarity_hold12_v1,BTCUSDT,1,91,1668092400000,1668092400000,-1,1,-0.013408183206681924,0.013408183206681924,0.15682299499999852,True,target_entry_bar,-0.01325420714187997,0.011162037670451874,-0.017484151958772287,0.027893692707620654,0,mean_strength|hold12|tp0.01000,False,1,-1,high,high,0.6
btcusdt_clarity_hold12_v1,BTCUSDT,1,92,1668096000000,1668096000000,-1,1,-0.01689154865432505,0.01689154865432505,-0.37017896500000075,False,stop_entry_bar,0.033441918296847506,0.018875779926972425,-0.0021491946146359187,0.03919748397949807,0,mean_strength|hold12|tp0.01000,True,-1,-1,high,high,0.7
btcusdt_clarity_hold12_v1,BTCUSDT,1,93,1668099600000,1668099600000,-1,1,-0.011542727468322134,0.011542727468322134,0.15825590500000072,True,target_entry_bar,-0.00966838769012246,-0.05363888775706216,-0.023766421998055787,-0.010035099565184336,0,mean_strength|hold12|tp0.01000,False,1,-1,high,high,0.6
btcusdt_clarity_hold12_v1,BTCUSDT,1,94,1668103200000,1668110400000,-1,1,0.006835746110982233,0.006835746110982233,-0.3624769700000015,False,stop,-0.005349998270474554,-0.028969548824499203,-0.011380276493445196,0.004871496269990394,0,mean_strength|hold12|tp0.01000,True,-1,1,high,high,0.6
btcusdt_clarity_hold12_v1,BTCUSDT,1,95,1668114000000,1668114000000,-1,1,-0.001632740217354285,0.001632740217354285,0.1610981849999978,True,target_entry_bar,0.002016998817814586,0.01709406498097854,0.04459808497167794,0.02607531249474726,0,mean_strength|hold12|tp0.01000,False,1,-1,low,high,0.5
btcusdt_clarity_hold12_v1,BTCUSDT,1,96,1668124800000,1668128400000,1,1,0.0054849982090389455,0.0054849982090389455,-0.3710629349999978,False,stop,-0.016200009120342918,-0.027982352136440403,-0.01606890419079765,-0.008499019563135701,0,mean_strength|hold12|tp0.01000,True,-1,1,mid,high,0.6
btcusdt_clarity_hold12_v1,BTCUSDT,1,97,1668132000000,1668135600000,1,1,0.007272951059484305,0.007272951059484305,-0.3642046099999978,False,stop,-0.008281621662489136,0.00915398349491392,0.010933601633061452,-0.016894740821299603,0,mean_strength|hold12|tp0.01000,True,-1,1,high,high,0.6
btcusdt_clarity_hold12_v1,BTCUSDT,1,98,1668139200000,1668142800000,1,1,0.009908978342170572,0.009908978342170572,0.15173906999999856,True,target,0.01608558679892713,0.01873235972689047,0.014539684026842359,-0.014609952334664555,0,mean_strength|hold12|tp0.01000,False,1,1,high,high,0.5
btcusdt_clarity_hold12_v1,BTCUSDT,1,99,1668150000000,1668150000000,1,1,0.0024219391243296843,0.0024219391243296843,0.15360801500000074,True,target_entry_bar,-0.0008392106821172307,-0.004115581153397274,-0.005880222793192003,-0.031884257902088264,0,mean_strength|hold12|tp0.01000,False,1,1,low,high,0.5
btcusdt_clarity_hold12_v1,BTCUSDT,1,100,1668178800000,1668182400000,1,1,0.006474664705526558,0.006474664705526558,-0.3567177949999993,False,stop,-0.0021879891845736354,-0.0019982448650444073,-0.0040617143399269695,0.002027892414970811,0,mean_strength|hold12|tp0.01000,True,-1,1,high,high,0.6
btcusdt_clarity_hold12_v1,BTCUSDT,1,101,1668200400000,1668200400000,1,1,0.002509262904680292,0.002509262904680292,0.14791729499999928,True,target_entry_bar,0.007084893696826189,0.005977506950935796,0.00611444187112653,0.003340021314218067,0,mean_strength|hold12|tp0.01000,False,1,1,low,high,0.5
btcusdt_clarity_hold12_v1,BTCUSDT,1,102,1668319200000,1668319200000,-1,1,-0.0012484459115521419,0.0012484459115521419,0.14996598000000147,True,target_entry_bar,-0.005427286356821659,0.008449775112443825,0.004347826086956497,0.009229385307346405,0,mean_strength|hold12|tp0.01000,False,1,0,low,low,0.5
btcusdt_clarity_hold12_v1,BTCUSDT,1,103,1668326400000,1668330000000,-1,1,0.0009308168927798079,0.0009308168927798079,0.14925947999999856,True,target,0.006585074232292265,-0.00048667063213092554,0.0010153992201253903,0.009835553392575025,0,mean_strength|hold12|tp0.01000,False,1,0,low,low,0.6
btcusdt_clarity_hold12_v1,BTCUSDT,1,104,1668337200000,1668373200000,1,1,-0.0024201145262087113,0.0024201145262087113,-0.3497631550000007,False,stop,-0.002960640891675359,-0.001501339194561524,-0.006335651401049747,-0.019853709508881878,0,mean_strength|hold12|tp0.01000,True,-1,-1,low,low,0.6
btcusdt_clarity_hold12_v1,BTCUSDT,1,105,1668384000000,1668387600000,1,1,0.010283010515003618,0.010283010515003618,-0.34438282000000037,False,stop,-0.010637381567614068,-0.007628891349821587,0.023015873015872934,0.034508428694475235,0,mean_strength|hold12|tp0.01000,True,-1,1,high,mid,0.6
btcusdt_clarity_hold12_v1,BTCUSDT,1,106,1668391200000,1668405600000,1,1,0.010643489178442178,0.010643489178442178,0.14311327500000146,True,target,-0.002356492104823693,-0.019377663423655322,0.03626276433223463,0.0265337299991959,0,mean_strength|hold12|tp0.01000,False,1,1,high,mid,0.5
btcusdt_clarity_hold12_v1,BTCUSDT,1,107,1668416400000,1668430800000,-1,1,-0.004390304758008969,0.004390304758008969,-0.3535047950000015,False,stop,-0.0018036203797158201,-0.004228355062380285,0.009639216201527523,0.02075357887255813,0,mean_strength|hold12|tp0.01000,True,-1,-1,mid,high,0.6
btcusdt_clarity_hold12_v1,BTCUSDT,1,108,1668452400000,1668452400000,-1,1,-0.00644650109878618,0.00644650109878618,0.14783526,True,target_entry_bar,-0.0012742382271468955,-0.009418282548476542,-0.02831640504770694,-0.03631271160357041,0,mean_strength|hold12|tp0.01000,False,1,-1,high,high,0.6
btcusdt_clarity_hold12_v1,BTCUSDT,1,109,1668456000000,1668466800000,-1,1,0.004294092592781295,0.004294092592781295,-0.34273917499999895,False,stop,-0.0080476093866233,-0.02087214199204457,-0.029774310358607226,-0.03967858745704134,0,mean_strength|hold12|tp0.01000,True,-1,1,mid,high,0.6
btcusdt_clarity_hold12_v1,BTCUSDT,1,110,1668481200000,1668517200000,-1,1,-0.005269254314240656,0.005269254314240656,-0.35340000999999927,False,stop,0.003016277188139571,0.004039550711531947,0.0012374470515443825,-0.0100661558231403,0,mean_strength|hold12|tp0.01000,True,-1,-1,mid,high,0.5
btcusdt_clarity_hold12_v1,BTCUSDT,1,111,1668549600000,1668585600000,-1,1,-0.004209734186227353,0.004209734186227353,0.15041598499999784,True,target,-0.001328123610361498,0.0010138800775530976,-0.001998114538803053,0.008514221002140498,0,mean_strength|hold12|tp0.01000,False,1,-1,mid,mid,0.5
btcusdt_clarity_hold12_v1,BTCUSDT,1,112,1668589200000,1668600000000,-1,1,-0.004199352086674965,0.004199352086674965,0.14934237499999709,True,target,0.000824564862781596,0.005234194346352972,0.018642336028106943,0.011711211094579954,0,mean_strength|hold12|tp0.01000,False,1,-1,mid,mid,0.5
btcusdt_clarity_hold12_v1,BTCUSDT,1,113,1668621600000,1668664800000,-1,1,-0.003954853980008249,0.003954853980008249,-0.03162062000000146,False,max_hold,-0.0004957738303970061,-1.813806696571163e-05,-0.00915972381770036,-0.0010157317500816276,0,mean_strength|hold12|tp0.01000,True,-1,-1,mid,mid,0.5
btcusdt_clarity_hold12_v1,BTCUSDT,1,114,1668668400000,1668711600000,-1,1,-0.004441519243389234,0.004441519243389234,-0.16128178,False,max_hold,0.0026864233224911382,0.004939163956149906,0.007005180098783259,-0.0007649680761354638,0,mean_strength|hold12|tp0.01000,True,-1,-1,mid,low,0.4
btcusdt_clarity_hold12_v1,BTCUSDT,1,115,1668888000000,1668895200000,1,1,0.005480748389231747,0.005480748389231747,0.14791773499999927,True,target,0.0027789807997691263,0.0040962898801790715,0.003115826957316825,-0.001160916221548458,0,mean_strength|hold12|tp0.01000,False,1,1,mid,low,0.4
btcusdt_clarity_hold12_v1,BTCUSDT,1,116,1668934800000,1668978000000,-1,1,-0.008533148999529935,0.008533148999529935,0.0454782249999971,True,max_hold,0.00022864156824065063,0.006185356109242757,0.0029843741538758684,0.020607825558517257,0,mean_strength|hold12|tp0.01000,False,1,-1,high,low,0.5
btcusdt_clarity_hold12_v1,BTCUSDT,1,117,1668981600000,1668996000000,-1,1,-0.0073454339354888515,0.0073454339354888515,0.14489336500000072,True,target,0.0009270799437612887,0.005120428298654889,0.008902423301018536,0.010044389324459613,0,mean_strength|hold12|tp0.01000,False,1,-1,high,low,0.5
btcusdt_clarity_hold12_v1,BTCUSDT,1,118,1669006800000,1669014000000,-1,1,-0.004245784120832774,0.004245784120832774,0.14364054500000106,True,target,0.008402532472736368,0.011959584003748192,0.008858722790405116,0.013334319690776919,0,mean_strength|hold12|tp0.01000,False,1,-1,mid,mid,0.6
btcusdt_clarity_hold12_v1,BTCUSDT,1,119,1669057200000,1669057200000,-1,1,-0.0009456252734161252,0.0009456252734161252,0.14213508000000039,True,target_entry_bar,-0.003945827605519092,-0.0010373708059672193,-0.0060269334555267395,-0.002679344228909031,0,mean_strength|hold12|tp0.01000,False,1,0,low,mid,0.6
btcusdt_clarity_hold12_v1,BTCUSDT,1,120,1669068000000,1669075200000,-1,1,-0.0019865170688836285,0.0019865170688836285,-0.3299649300000004,False,stop,-0.002791005206909558,-0.004984391986826875,-0.005403996414289347,-0.00394173856101121,0,mean_strength|hold12|tp0.01000,True,-1,-1,low,mid,0.7
btcusdt_clarity_hold12_v1,BTCUSDT,1,121,1669100400000,1669118400000,1,1,0.0010707029146881603,0.0010707029146881603,0.13955789499999965,True,target,-0.002018419666262483,0.00229769785907874,0.02586496899377333,0.025744371592330006,0,mean_strength|hold12|tp0.01000,False,1,0,low,mid,0.7
btcusdt_clarity_hold12_v1,BTCUSDT,1,122,1669122000000,1669122000000,1,1,-0.0025901734716173947,0.0025901734716173947,0.14089305999999965,True,target_entry_bar,-0.003143097559768271,-0.00011136959857438455,-0.00011755679849523304,0.0033039647577093323,0,mean_strength|hold12|tp0.01000,False,1,-1,low,mid,0.7
btcusdt_clarity_hold12_v1,BTCUSDT,1,123,1669161600000,1669168800000,1,1,0.010670425160231586,0.010670425160231586,0.1443591649999993,True,target,0.002547203640275386,0.024934156022405674,0.019635725149308225,0.020359081522881572,0,mean_strength|hold12|tp0.01000,False,1,1,high,mid,0.7
btcusdt_clarity_hold12_v1,BTCUSDT,1,124,1669222800000,1669226400000,1,1,0.006306890686995962,0.006306890686995962,0.14534130000000145,True,target,0.008349507452301452,0.013732742520232932,0.012914881410138968,0.01595439508795038,0,mean_strength|hold12|tp0.01000,False,1,1,high,mid,0.8
btcusdt_clarity_hold12_v1,BTCUSDT,1,125,1669255200000,1669276800000,-1,1,-0.0031491083466607425,0.0031491083466607425,0.1489900049999993,True,target,-0.0011688054807985626,0.002283666093252812,0.006065800751631878,0.009536253948464801,0,mean_strength|hold12|tp0.01000,False,1,-1,mid,mid,0.9
btcusdt_clarity_hold12_v1,BTCUSDT,1,126,1669298400000,1669341600000,-1,1,-0.0027056988785561817,0.0027056988785561817,0.03460181999999927,True,max_hold,-0.0014765864226669034,-0.0031589266911151714,-0.0020635900415140185,0.00032073393607101597,0,mean_strength|hold12|tp0.01000,False,1,-1,low,mid,0.9
btcusdt_clarity_hold12_v1,BTCUSDT,1,127,1669345200000,1669348800000,-1,1,-0.0009538427452350779,0.0009538427452350779,0.14702859499999854,True,target,0.005970765095295594,0.003786338840919057,0.0028822290856356236,-0.0015230305273570277,0,mean_strength|hold12|tp0.01000,False,1,0,low,low,0.9
btcusdt_clarity_hold12_v1,BTCUSDT,1,128,1669428000000,1669471200000,-1,1,-0.003150181478060209,0.003150181478060209,0.006936699999997086,True,max_hold,0.0002707662685399459,0.0002948343812991805,0.0034778422936910802,0.0034718252655013826,0,mean_strength|hold12|tp0.01000,False,1,-1,mid,low,0.9
btcusdt_clarity_hold12_v1,BTCUSDT,1,129,1669568400000,1669597200000,-1,1,-0.01220873239759465,0.01220873239759465,0.14711666000000073,True,target,-0.0019608199132155057,-0.0016158608544092345,0.006118484358830223,0.022434442649043485,0,mean_strength|hold12|tp0.01000,False,1,-1,high,low,0.9
btcusdt_clarity_hold12_v1,BTCUSDT,1,130,1669600800000,1669644000000,-1,1,-0.010543873148886582,0.010543873148886582,-0.06116356999999964,False,max_hold,-0.0036997262450881863,-0.00271271874010659,-0.007238055036531632,-0.006220009559695372,0,mean_strength|hold12|tp0.01000,True,-1,-1,high,mid,0.9
btcusdt_clarity_hold12_v1,BTCUSDT,1,131,1669647600000,1669651200000,-1,1,-0.006067996744941274,0.006067996744941274,0.14426767000000001,True,target,-0.010355277101266047,-0.0010720903282579464,-0.003451759033755275,-0.008824604782886158,0,mean_strength|hold12|tp0.01000,False,1,-1,high,mid,0.9
btcusdt_clarity_hold12_v1,BTCUSDT,1,132,1669654800000,1669680000000,-1,1,-0.005271785791445613,0.005271785791445613,0.14516449,True,target,0.0029749046425794345,-0.0030366246559108134,-0.00014195603066236018,-0.01695448766216945,0,mean_strength|hold12|tp0.01000,False,1,-1,mid,mid,0.9
btcusdt_clarity_hold12_v1,BTCUSDT,1,133,1669694400000,1669694400000,1,1,8.188595911428449e-07,8.188595911428449e-07,0.14489437500000146,True,target_entry_bar,0.0032880916281534667,0.002009389328315958,0.004426745580865532,-0.0011569211284243597,0,mean_strength|hold12|tp0.01000,False,1,0,low,low,0.9
btcusdt_clarity_hold12_v1,BTCUSDT,1,134,1669719600000,1669730400000,-1,1,-0.006932439655311407,0.006932439655311407,0.14685466499999963,True,target,0.00044274623968942883,0.0080240174672489,0.007023289665211041,0.0033236293061620348,0,mean_strength|hold12|tp0.01000,False,1,-1,high,low,0.9
btcusdt_clarity_hold12_v1,BTCUSDT,1,135,1669755600000,1669766400000,-1,1,-0.005513632920469197,0.005513632920469197,-0.3479074100000022,False,stop,-0.0020357440188625286,-0.023304711380112808,-0.0231406364890403,-0.025212841594807855,0,mean_strength|hold12|tp0.01000,True,-1,-1,mid,low,0.9
btcusdt_clarity_hold12_v1,BTCUSDT,1,136,1669791600000,1669834800000,-1,1,-0.004790554963445965,0.004790554963445965,-0.08646739500000146,False,max_hold,-0.0005689192312479108,0.0009304199927697709,0.004219484298421672,-0.01051315329410163,0,mean_strength|hold12|tp0.01000,True,-1,-1,mid,mid,0.8
btcusdt_clarity_hold12_v1,BTCUSDT,1,137,1669870800000,1669906800000,-1,1,-9.409669325956563e-05,9.409669325956563e-05,0.15245721000000073,True,target,-0.0005086142891383982,-7.59998363080161e-05,0.0004910758653748903,0.00847105867771969,0,mean_strength|hold12|tp0.01000,False,1,0,low,low,0.7
btcusdt_clarity_hold12_v1,BTCUSDT,1,138,1669942800000,1669986000000,-1,1,-0.0015066945263505418,0.0015066945263505418,-0.020222605000000005,False,max_hold,0.00023053732931377358,-0.0002364485428858476,-0.001779275285215931,0.002098480818111925,0,mean_strength|hold12|tp0.01000,True,-1,0,low,low,0.7
btcusdt_clarity_hold12_v1,BTCUSDT,1,139,1670086800000,1670130000000,-1,1,-0.0030825042211387282,0.0030825042211387282,-0.07946578999999927,False,max_hold,0.00012379228833003797,0.0021398381268460387,0.004975271016688487,-0.002723430343258171,0,mean_strength|hold12|tp0.01000,True,-1,-1,mid,low,0.6
btcusdt_clarity_hold12_v1,BTCUSDT,1,140,1670151600000,1670194800000,-1,1,-0.0005436582475313635,0.0005436582475313635,-0.12724438500000002,False,max_hold,-0.0007379681670052207,-0.0035658621829688375,-0.006252066310867388,-0.00951093373636236,0,mean_strength|hold12|tp0.01000,True,-1,0,low,low,0.5
btcusdt_clarity_hold12_v1,BTCUSDT,1,141,1670198400000,1670202000000,1,1,0.0010856248300446243,0.0010856248300446243,0.1521869850000022,True,target,0.0029699287449582723,-0.0009124829999186401,0.005410966069581358,0.002394541375582593,0,mean_strength|hold12|tp0.01000,False,1,0,low,low,0.5
btcusdt_clarity_hold12_v1,BTCUSDT,1,142,1670241600000,1670252400000,-1,1,-0.010339694827667419,0.010339694827667419,0.15397224500000145,True,target,0.0013625558068069976,0.010042326201658347,0.012002087319533783,0.012291992810343877,0,mean_strength|hold12|tp0.01000,False,1,-1,high,low,0.5
btcusdt_clarity_hold12_v1,BTCUSDT,1,143,1670256000000,1670266800000,-1,1,-0.0036698870843925565,0.0036698870843925565,0.15202216500000074,True,target,-0.0006809230028703706,0.006820970080478106,0.005776105472625193,0.0023949705618201422,0,mean_strength|hold12|tp0.01000,False,1,-1,mid,low,0.5
btcusdt_clarity_hold12_v1,BTCUSDT,1,144,1670270400000,1670313600000,-1,1,0.0030870848243795103,0.0030870848243795103,-0.10134758500000074,False,max_hold,-0.0020140927427689803,-0.0016301747712734738,-0.005563857371520431,-0.005534325219866965,0,mean_strength|hold12|tp0.01000,True,-1,1,mid,low,0.5
btcusdt_clarity_hold12_v1,BTCUSDT,1,145,1670317200000,1670360400000,-1,1,-0.0021752618570445377,0.0021752618570445377,0.01239983500000218,True,max_hold,0.0003301049851747173,-0.0013145252088209158,-0.0006248415790808259,-0.0013322094044554422,0,mean_strength|hold12|tp0.01000,False,1,-1,low,low,0.4
btcusdt_clarity_hold12_v1,BTCUSDT,1,146,1670364000000,1670400000000,1,1,0.005335791251353358,0.005335791251353358,-0.3584079950000015,False,stop,0.006565608939600898,0.004001838842000893,0.0037425149700598404,-0.008811117921637024,0,mean_strength|hold12|tp0.01000,True,-1,1,mid,low,0.5
btcusdt_clarity_hold12_v1,BTCUSDT,1,147,1670403600000,1670446800000,-1,1,-0.010874600002594548,0.010874600002594548,-0.05277400499999928,False,max_hold,0.0004932842030190843,0.002395102817068784,-0.00018423867823602613,0.000291215975276482,0,mean_strength|hold12|tp0.01000,True,-1,-1,high,low,0.5
btcusdt_clarity_hold12_v1,BTCUSDT,1,148,1670454000000,1670497200000,-1,1,-0.003247434709261324,0.003247434709261324,-0.0063013399999992704,False,max_hold,0.0013905395768957218,-0.0004516282386497483,0.0010577608747325273,-0.0008319467554076532,0,mean_strength|hold12|tp0.01000,True,-1,-1,mid,low,0.4
btcusdt_clarity_hold12_v1,BTCUSDT,1,149,1670500800000,1670522400000,1,1,0.012584085719203667,0.012584085719203667,0.149871775,True,target,0.0017896639474874743,0.005285751658858029,0.025037458082622033,0.022492686755297697,0,mean_strength|hold12|tp0.01000,False,1,1,high,low,0.4
btcusdt_clarity_hold12_v1,BTCUSDT,1,150,1670601600000,1670644800000,-1,1,-0.0031735222391734456,0.0031735222391734456,0.0028340650000007288,True,max_hold,-0.0004665131061025729,0.0007930722803742851,0.0014753476980493563,0.0003207277604455605,0,mean_strength|hold12|tp0.01000,False,1,-1,mid,low,0.5
btcusdt_clarity_hold12_v1,BTCUSDT,1,151,1670774400000,1670817600000,1,1,-0.003060324478187971,0.003060324478187971,-0.26383470499999856,False,max_hold,0.0008278097436704712,0.000921084080985457,-0.0036085509248734438,-0.013361548820371105,0,mean_strength|hold12|tp0.01000,True,-1,-1,mid,low,0.6
btcusdt_clarity_hold12_v1,BTCUSDT,1,152,1670875200000,1670878800000,1,1,-0.00046988088128401586,0.00046988088128401586,0.15155765999999782,True,target,0.003102650399663398,0.005001636049174918,0.001729537699247441,0.0020509045014722727,0,mean_strength|hold12|tp0.01000,False,1,0,low,low,0.5
btcusdt_clarity_hold12_v1,BTCUSDT,1,153,1670932800000,1670936400000,1,1,0.004102489596191301,0.004102489596191301,0.155213755,True,target,0.027513664967158125,0.019107987690046402,0.01706972578200361,0.023023747186624366,0,mean_strength|hold12|tp0.01000,False,1,1,mid,low,0.5
btcusdt_clarity_hold12_v1,BTCUSDT,1,154,1670954400000,1670976000000,1,1,0.002555047165995094,0.002555047165995094,0.156987045,True,target,0.0014959834256327298,0.0030032572922136236,0.005854093631626922,0.004121010946082526,0,mean_strength|hold12|tp0.01000,False,1,1,low,high,0.5
btcusdt_clarity_hold12_v1,BTCUSDT,1,155,1671022800000,1671040800000,-1,1,-0.002322484564516849,0.002322484564516849,-0.37788811,False,stop,-0.009273388895410184,-0.011570774571126652,0.005612105154304992,0.014438314356145288,0,mean_strength|hold12|tp0.01000,True,-1,-1,low,mid,0.6
btcusdt_clarity_hold12_v1,BTCUSDT,1,156,1671044400000,1671044400000,-1,1,0.0009239130791288403,0.0009239130791288403,0.16217344499999853,True,target_entry_bar,0.0015402344079373798,-0.002259759970769215,0.008876022372748094,0.005818038730711961,0,mean_strength|hold12|tp0.01000,False,1,0,low,low,0.5
btcusdt_clarity_hold12_v1,BTCUSDT,1,157,1671177600000,1671177600000,-1,1,0.0018088461154379043,0.0018088461154379043,0.1557596149999978,True,target_entry_bar,0.010798722044728537,0.011408655242521104,0.011373801916932824,0.020395004356665636,0,mean_strength|hold12|tp0.01000,False,1,1,low,low,0.6
btcusdt_clarity_hold12_v1,BTCUSDT,1,158,1671361200000,1671404400000,-1,1,-0.0013188649144306032,0.0013188649144306032,-0.08229414500000146,False,max_hold,-0.0008262384596040562,0.0015686556262050066,-0.00030534899594059084,-0.0016824130952808325,0,mean_strength|hold12|tp0.01000,True,-1,0,low,low,0.7
btcusdt_clarity_hold12_v1,BTCUSDT,1,159,1671498000000,1671501600000,1,1,0.002329787900192159,0.002329787900192159,0.1464000600000022,True,target,0.008508378640952552,0.01277463658361433,0.013528925470223552,0.01292549436093604,0,mean_strength|hold12|tp0.01000,False,1,1,low,low,0.7
btcusdt_clarity_hold12_v1,BTCUSDT,1,160,1671505200000,1671548400000,-1,1,-0.004284105641141075,0.004284105641141075,-0.20747901,False,max_hold,-0.003923914343821,-0.006735255413326868,-0.005299676994855673,-0.01153846153846172,0,mean_strength|hold12|tp0.01000,True,-1,-1,mid,low,0.7
btcusdt_clarity_hold12_v1,BTCUSDT,1,161,1671555600000,1671598800000,1,1,0.0006132778161729131,0.0006132778161729131,-0.06639094500000145,False,max_hold,0.0011958021988482948,0.0025284374851268776,0.004664223501975151,0.0010530198467468832,0,mean_strength|hold12|tp0.01000,True,-1,0,low,low,0.6
btcusdt_clarity_hold12_v1,BTCUSDT,1,162,1671624000000,1671631200000,-1,1,-0.00352616690207676,0.00352616690207676,0.15014244000000218,True,target,-0.0006299324902538928,-0.0016283160597128088,0.002680184463250135,-0.0012955215365597628,0,mean_strength|hold12|tp0.01000,False,1,-1,mid,low,0.6
btcusdt_clarity_hold12_v1,BTCUSDT,1,163,1671638400000,1671681600000,-1,1,0.0006164413346970259,0.0006164413346970259,-0.01692983000000146,False,max_hold,-0.0020389061447385615,0.0016037010319727152,0.0009181039365198096,-0.0032133637778186674,0,mean_strength|hold12|tp0.01000,True,-1,0,low,low,0.6
btcusdt_clarity_hold12_v1,BTCUSDT,1,164,1671710400000,1671717600000,-1,1,-0.005687033374424848,0.005687033374424848,0.1497914999999971,True,target,0.001963315742817495,0.010518612828186003,0.01172634948210105,0.0019692651844623876,0,mean_strength|hold12|tp0.01000,False,1,-1,mid,low,0.5
btcusdt_clarity_hold12_v1,BTCUSDT,1,165,1671724800000,1671768000000,-1,1,-0.0031343605245537096,0.0031343605245537096,-0.21879563000000146,False,max_hold,0.004160687804321772,-0.00014409308413232402,-0.008363402758181815,-0.010578833926716547,0,mean_strength|hold12|tp0.01000,True,-1,-1,mid,low,0.5
btcusdt_clarity_hold12_v1,BTCUSDT,1,166,1671800400000,1671843600000,-1,1,-0.005082485589696089,0.005082485589696089,0.03768909000000072,True,max_hold,0.003118781002168336,0.0008257343986693977,-0.0002970267621111855,0.0016455282620964073,0,mean_strength|hold12|tp0.01000,False,1,-1,mid,low,0.5
btcusdt_clarity_hold12_v1,BTCUSDT,1,167,1671969600000,1672012800000,-1,1,-0.005402112155641881,0.005402112155641881,-0.03649705,False,max_hold,0.0003688193023366759,0.0015645076857185858,0.0023199923856660476,-0.0006959977156997255,0,mean_strength|hold12|tp0.01000,True,-1,-1,mid,low,0.5
btcusdt_clarity_hold12_v1,BTCUSDT,1,168,1672016400000,1672059600000,1,1,0.0027583548357349775,0.0027583548357349775,0.0006756700000007249,True,max_hold,0.002119260336588491,0.001424712831319841,-0.000528331008281202,-0.00092606334035783,0,mean_strength|hold12|tp0.01000,False,1,1,low,low,0.4
btcusdt_clarity_hold12_v1,BTCUSDT,1,169,1672106400000,1672149600000,1,1,0.00013361405704847345,0.00013361405704847345,-0.07572367000000073,False,max_hold,-0.0002667045979872773,-0.0006104571909485434,-0.0019084195678198412,-0.006418690658226867,0,mean_strength|hold12|tp0.01000,True,-1,0,low,low,0.5
btcusdt_clarity_hold12_v1,BTCUSDT,1,170,1672153200000,1672167600000,-1,1,-0.007569807247971023,0.007569807247971023,0.14926079999999856,True,target,0.0012506923475494869,0.009517173197067352,0.005622159886127576,0.008778669144228757,0,mean_strength|hold12|tp0.01000,False,1,-1,high,low,0.4
btcusdt_clarity_hold12_v1,BTCUSDT,1,171,1672171200000,1672214400000,-1,1,-0.006141609915726515,0.006141609915726515,0.01547840000000291,True,max_hold,-0.002281145134857665,-0.002395202391600737,-0.0010865454458139912,0.001392699134965758,0,mean_strength|hold12|tp0.01000,False,1,-1,high,low,0.5
btcusdt_clarity_hold12_v1,BTCUSDT,1,172,1672239600000,1672261200000,-1,1,0.0015518744387718853,0.0015518744387718853,0.1488987499999971,True,target,-0.0018646696396782403,-0.003240542383518452,0.0030414029074362636,0.0010922498536625191,0,mean_strength|hold12|tp0.01000,False,1,0,low,low,0.6
btcusdt_clarity_hold12_v1,BTCUSDT,1,173,1672362000000,1672383600000,-1,1,-0.0070761072107481905,0.0070761072107481905,0.1480142499999971,True,target,0.0002047773347628734,-0.00030716600214408807,0.008185070527723326,0.008516327981015981,0,mean_strength|hold12|tp0.01000,False,1,-1,high,low,0.6
btcusdt_clarity_hold12_v1,BTCUSDT,1,174,1672387200000,1672430400000,-1,1,-0.002302173324782002,0.002302173324782002,-0.079639055,False,max_hold,-0.0010186139574364095,0.00021221124113257606,0.005214333353543932,-0.004341235675741073,0,mean_strength|hold12|tp0.01000,True,-1,-1,low,low,0.7
btcusdt_clarity_hold12_v1,BTCUSDT,1,175,1672488000000,1672531200000,1,1,0.0063599702135155554,0.0063599702135155554,-0.05451121499999927,False,max_hold,0.001303080941838175,0.0005972454316758302,-0.00026544241407799873,-0.002962096029826,0,mean_strength|hold12|tp0.01000,True,-1,1,high,low,0.6
btcusdt_clarity_hold12_v1,BTCUSDT,1,176,1672596000000,1672639200000,1,1,0.0038524785389028424,0.0038524785389028424,0.04042817499999708,True,max_hold,0.0007115163136219849,0.0008019633026417061,-0.0003798773538828959,0.002900333447899639,0,mean_strength|hold12|tp0.01000,False,1,1,mid,low,0.6
btcusdt_clarity_hold12_v1,BTCUSDT,1,177,1672642800000,1672686000000,1,1,0.003235368069003585,0.003235368069003585,0.05905243999999782,True,max_hold,0.0007180254300673816,0.0004607329842931662,-0.0014779356768885865,0.0010770381451010724,0,mean_strength|hold12|tp0.01000,False,1,1,mid,low,0.6
btcusdt_clarity_hold12_v1,BTCUSDT,1,178,1672747200000,1672790400000,-1,1,-0.002325444442047932,0.002325444442047932,0.020144795,True,max_hold,-0.0008620844483555601,0.001969623496590689,0.003951220388297205,0.002879601525410669,0,mean_strength|hold12|tp0.01000,False,1,-1,low,low,0.7
btcusdt_clarity_hold12_v1,BTCUSDT,1,179,1672794000000,1672801200000,1,1,0.011140652014577146,0.011140652014577146,0.14817796999999855,True,target,0.0019705200615713903,0.009361467648133504,0.00996639933876775,0.007426884122639477,0,mean_strength|hold12|tp0.01000,False,1,1,high,low,0.7
btcusdt_clarity_hold12_v1,BTCUSDT,1,180,1672815600000,1672858800000,1,1,0.004713716548773444,0.004713716548773444,0.041997240000002184,True,max_hold,-0.00032023721275031836,-0.0014529280948850642,-0.0025144551519644676,-0.00157746478873233,0,mean_strength|hold12|tp0.01000,False,1,1,mid,low,0.8
btcusdt_clarity_hold12_v1,BTCUSDT,1,181,1672862400000,1672905600000,1,1,0.0061632895866740355,0.0061632895866740355,-0.046813275000002916,False,max_hold,0.0010832559579077028,0.0024343499273860036,0.0015891722019856225,-7.737542556485177e-05,0,mean_strength|hold12|tp0.01000,True,-1,1,high,low,0.8
btcusdt_clarity_hold12_v1,BTCUSDT,1,182,1672981200000,1673024400000,1,1,0.010233151625193148,0.010233151625193148,-0.020903870000001455,False,max_hold,-0.0013272703465189162,-0.0005118621067293772,-0.0041663194733772,0.0008035044698655458,0,mean_strength|hold12|tp0.01000,True,-1,1,high,low,0.7
btcusdt_clarity_hold12_v1,BTCUSDT,1,183,1673028000000,1673035200000,1,1,0.00965043892212222,0.00965043892212222,0.14960164000000073,True,target,0.0054092568951695785,0.004833298696671928,0.007629961701748567,0.004963928391176431,0,mean_strength|hold12|tp0.01000,False,1,1,high,low,0.6
btcusdt_clarity_hold12_v1,BTCUSDT,1,184,1673139600000,1673182800000,1,1,0.004512389573092521,0.004512389573092521,-0.031013759999997816,False,max_hold,3.545093590484605e-05,0.0003545093590471282,0.0012230572887124147,-4.135942522220937e-05,0,mean_strength|hold12|tp0.01000,True,-1,1,mid,low,0.6
btcusdt_clarity_hold12_v1,BTCUSDT,1,185,1673186400000,1673218800000,1,1,0.0037301219946657884,0.0037301219946657884,0.15058102500000292,True,target,0.0026791615522614443,-0.0015166178831080845,0.0008143706920973326,0.01400363516193015,0,mean_strength|hold12|tp0.01000,False,1,1,mid,low,0.6
btcusdt_clarity_hold12_v1,BTCUSDT,1,186,1673280000000,1673323200000,1,1,0.003118446229047579,0.003118446229047579,-0.0881579499999971,False,max_hold,0.0017611326681448158,-0.0018881651884701256,-0.006952143385070331,-0.005941657427937952,0,mean_strength|hold12|tp0.01000,True,-1,1,mid,low,0.7
btcusdt_clarity_hold12_v1,BTCUSDT,1,187,1673355600000,1673373600000,1,1,0.0010048395485805313,0.0010048395485805313,0.1531578999999971,True,target,0.0023609668942554674,0.003213699408888049,0.010754871307000924,0.012263105686623588,0,mean_strength|hold12|tp0.01000,False,1,0,low,low,0.6
btcusdt_clarity_hold12_v1,BTCUSDT,1,188,1673384400000,1673427600000,-1,1,-0.004760419573035489,0.004760419573035489,-0.0017940100000021844,False,max_hold,0.0019308337534947873,-0.0001776137874136552,0.0026298299491220867,0.0009510931842140469,0,mean_strength|hold12|tp0.01000,True,-1,-1,mid,low,0.6
btcusdt_clarity_hold12_v1,BTCUSDT,1,189,1673460000000,1673467200000,1,1,0.016911460914079853,0.016911460914079853,0.15458410000000292,True,target,0.0036677824507194146,0.004062598346350921,0.04506050982748255,0.0380797070351615,0,mean_strength|hold12|tp0.01000,False,1,1,high,low,0.5
btcusdt_clarity_hold12_v1,BTCUSDT,1,190,1673470800000,1673478000000,1,1,0.011905731801636446,0.011905731801636446,0.15609715500000002,True,target,2.8494087476849117e-05,0.040832027354323897,0.038164980766491,0.03488246188915789,0,mean_strength|hold12|tp0.01000,False,1,1,high,low,0.5
btcusdt_clarity_hold12_v1,BTCUSDT,1,191,1673499600000,1673542800000,1,1,0.004571235912184446,0.004571235912184446,-0.10708914499999854,False,max_hold,0.003395905003152677,0.003567359490282307,0.006299569704545371,0.042000818556906294,0,mean_strength|hold12|tp0.01000,True,-1,1,mid,mid,0.5
btcusdt_clarity_hold12_v1,BTCUSDT,1,192,1673578800000,1673622000000,-1,1,-0.002354390753871248,0.002354390753871248,-0.18639791999999855,False,max_hold,0.003015112656054475,0.0014625151020580818,-0.001568494457279801,-0.020183768201954333,0,mean_strength|hold12|tp0.01000,True,-1,-1,low,high,0.5
btcusdt_clarity_hold12_v1,BTCUSDT,1,193,1673625600000,1673640000000,1,1,0.009316729938971967,0.009316729938971967,0.1713055400000022,True,target,0.006368094695345938,0.011899658067821894,0.037403406773812486,0.0937751612936959,0,mean_strength|hold12|tp0.01000,False,1,1,high,high,0.5
btcusdt_clarity_hold12_v1,BTCUSDT,1,194,1673643600000,1673643600000,1,1,0.015407277126444964,0.015407277126444964,0.17317173500000071,True,target_entry_bar,0.0016760227777554704,0.05518254513145693,0.05994810387302607,0.03703404547473865,0,mean_strength|hold12|tp0.01000,False,1,1,high,mid,0.5
btcusdt_clarity_hold12_v1,BTCUSDT,1,195,1673647200000,1673654400000,1,1,0.015407277126444964,0.015407277126444964,0.1762901999999971,True,target,0.004142727547626235,0.05504989416389483,0.05433928031448443,0.033857474044955094,0,mean_strength|hold12|tp0.01000,False,1,1,high,mid,0.6
btcusdt_clarity_hold12_v1,BTCUSDT,1,196,1673658000000,1673686800000,1,1,0.006237593471732942,0.006237593471732942,-0.44097352000000073,False,stop,0.0012180966165575846,-0.0006735357762140959,-0.0010126920890596303,0.0005541145392968794,0,mean_strength|hold12|tp0.01000,True,-1,1,high,high,0.6
btcusdt_clarity_hold12_v1,BTCUSDT,1,197,1673690400000,1673694000000,1,1,0.006388541966891896,0.006388541966891896,0.18277900500000002,True,target,0.01070498883678317,0.021063869200245833,0.015043531671362853,0.023915608029716706,0,mean_strength|hold12|tp0.01000,False,1,1,high,high,0.6
btcusdt_clarity_hold12_v1,BTCUSDT,1,198,1673719200000,1673733600000,1,1,0.0047909755500709136,0.0047909755500709136,0.18483166999999925,True,target,0.0013240696605085756,0.006976643411188643,0.0002599991333362972,-0.0021088818592827074,0,mean_strength|hold12|tp0.01000,False,1,1,mid,high,0.6
btcusdt_clarity_hold12_v1,BTCUSDT,1,199,1673827200000,1673830800000,1,1,0.004206586365089208,0.004206586365089208,0.1858025849999978,True,target,0.010089889139904828,0.004904343847407677,0.008421744974119738,-0.008969849485734982,0,mean_strength|hold12|tp0.01000,False,1,1,mid,low,0.7
btcusdt_clarity_hold12_v1,BTCUSDT,1,200,1673866800000,1673881200000,1,1,0.0052372321264045636,0.0052372321264045636,0.18562788500000071,True,target,-0.0013687643179951525,0.0019739022270035544,0.013874947770835089,0.01760663154305364,0,mean_strength|hold12|tp0.01000,False,1,1,mid,mid,0.7
btcusdt_clarity_hold12_v1,BTCUSDT,1,201,1673960400000,1673964000000,1,1,0.0057614526092344956,0.0057614526092344956,0.18909189999999854,True,target,0.0024255954483582975,-0.0033817039454784315,0.004959518460429857,0.0005604773948633124,0,mean_strength|hold12|tp0.01000,False,1,1,high,low,0.7
btcusdt_clarity_hold12_v1,BTCUSDT,1,202,1673971200000,1673978400000,1,1,0.002058643090065599,0.002058643090065599,0.18847852500000145,True,target,0.002882784107825609,0.008369525663867394,0.0032986611594465476,0.005652147201572921,0,mean_strength|hold12|tp0.01000,False,1,1,low,low,0.8
btcusdt_clarity_hold12_v1,BTCUSDT,1,203,1674010800000,1674054000000,-1,1,-0.0053163914828620925,0.0053163914828620925,-0.16158593500000218,False,max_hold,-0.0012044734898208898,-0.00014585421165813628,0.0012515232355168049,0.010285074409172701,0,mean_strength|hold12|tp0.01000,True,-1,-1,mid,low,0.9
btcusdt_clarity_hold12_v1,BTCUSDT,1,204,1674061200000,1674079200000,-1,1,-0.009057869021639589,0.009057869021639589,0.18558985000000147,True,target,-0.0020871629901961786,0.007510914522058765,0.010033700980392135,0.0035759420955880916,0,mean_strength|hold12|tp0.01000,False,1,-1,high,mid,0.8
btcusdt_clarity_hold12_v1,BTCUSDT,1,205,1674082800000,1674126000000,-1,1,-0.005646605985863736,0.005646605985863736,-0.019179394999999273,False,max_hold,-0.0009235976789168099,-0.004177949709864626,-0.006523210831721471,-0.002964216634429473,0,mean_strength|hold12|tp0.01000,True,-1,-1,mid,mid,0.8
btcusdt_clarity_hold12_v1,BTCUSDT,1,206,1674165600000,1674180000000,1,1,-0.0006559000939955418,0.0006559000939955418,0.18625050000000143,True,target,0.00028012002430855,0.0025400714068672947,-0.0034089182619265745,-0.0049139699179581164,0,mean_strength|hold12|tp0.01000,False,1,0,low,low,0.7
btcusdt_clarity_hold12_v1,BTCUSDT,1,207,1674216000000,1674226800000,1,1,0.018858206121174732,0.018858206121174732,0.18651986500000073,True,target,-0.001531880181359413,0.002584751389600237,0.013981370819342365,0.07049020165803488,0,mean_strength|hold12|tp0.01000,False,1,1,high,low,0.8
btcusdt_clarity_hold12_v1,BTCUSDT,1,208,1674230400000,1674230400000,1,1,0.008311779672386808,0.008311779672386808,0.188118345,True,target_entry_bar,0.0017314189189190365,0.008549174174174112,0.059994369369369194,0.060106981981981944,0,mean_strength|hold12|tp0.01000,False,1,1,high,low,0.8
btcusdt_clarity_hold12_v1,BTCUSDT,1,209,1674234000000,1674244800000,1,1,0.008311779672386808,0.008311779672386808,0.18962777000000072,True,target,0.0014567495280786158,0.04395074219280626,0.06146452510433775,0.05722543081844944,0,mean_strength|hold12|tp0.01000,False,1,1,high,low,0.8
btcusdt_clarity_hold12_v1,BTCUSDT,1,210,1674248400000,1674252000000,1,1,0.009766574356622763,0.009766574356622763,0.19834911,True,target,0.012581858278163383,0.011725736108185059,0.010390006230417859,0.03216957494206585,0,mean_strength|hold12|tp0.01000,False,1,1,high,high,0.8
btcusdt_clarity_hold12_v1,BTCUSDT,1,211,1674255600000,1674291600000,1,1,0.009766574356622763,0.009766574356622763,0.20101372,True,target,-0.003953912210792887,-0.005171858382867378,-0.003993627846838876,0.010696744641698785,0,mean_strength|hold12|tp0.01000,False,1,1,high,high,0.8
btcusdt_clarity_hold12_v1,BTCUSDT,1,212,1674410400000,1674414000000,-1,1,0.0010945712074568344,0.0010945712074568344,0.2040218150000022,True,target,0.005088412257731156,0.011026352895840752,0.004081239435632877,0.002750019705555218,0,mean_strength|hold12|tp0.01000,False,1,0,low,mid,0.8
btcusdt_clarity_hold12_v1,BTCUSDT,1,213,1674421200000,1674424800000,1,1,0.0024517050146912367,0.0024517050146912367,0.1999532000000029,True,target,0.003980623793414795,0.007022546536547214,0.0032411753245602526,0.008891092966826664,0,mean_strength|hold12|tp0.01000,False,1,1,low,mid,0.8
btcusdt_clarity_hold12_v1,BTCUSDT,1,214,1674446400000,1674468000000,1,1,0.0037963360101734905,0.0037963360101734905,0.20163941500000074,True,target,-0.001516090332617015,-0.0027904851049618262,0.0067279255050338715,0.006916887488519263,0,mean_strength|hold12|tp0.01000,False,1,1,mid,mid,0.9
btcusdt_clarity_hold12_v1,BTCUSDT,1,215,1674482400000,1674482400000,1,1,0.008178511857342774,0.008178511857342774,0.20288519499999855,True,target_entry_bar,0.009555701833828811,0.019213013072270746,0.017043873173791857,0.017724214404679417,0,mean_strength|hold12|tp0.01000,False,1,1,high,mid,0.9
btcusdt_clarity_hold12_v1,BTCUSDT,1,216,1674486000000,1674486000000,1,1,0.0020563124071512912,0.0020563124071512912,0.20146350500000001,True,target_entry_bar,0.0026824785576753385,0.0037502187992297653,0.006152634342726948,0.009898477157360475,0,mean_strength|hold12|tp0.01000,False,1,1,low,mid,1.0
btcusdt_clarity_hold12_v1,BTCUSDT,1,217,1674597600000,1674597600000,-1,1,-0.0032821935110277744,0.0032821935110277744,0.20375266999999928,True,target_entry_bar,0.005415241795820647,0.011564530166237263,0.00574490343111822,0.006311921443829971,0,mean_strength|hold12|tp0.01000,False,1,-1,mid,low,1.0
btcusdt_clarity_hold12_v1,BTCUSDT,1,218,1674669600000,1674676800000,1,1,0.012600295721781998,0.012600295721781998,0.20083868999999926,True,target,0.00099468328579988,0.03840093658673993,0.02267965916693071,0.016007358895813617,0,mean_strength|hold12|tp0.01000,False,1,1,high,low,1.0
btcusdt_clarity_hold12_v1,BTCUSDT,1,219,1674694800000,1674738000000,1,1,0.0048009747154895074,0.0048009747154895074,-0.15749987000000001,False,max_hold,0.0007081602514833474,0.0005872548426935076,-0.008519513269368617,-0.0016149508174068128,0,mean_strength|hold12|tp0.01000,True,-1,1,mid,high,1.0
btcusdt_clarity_hold12_v1,BTCUSDT,1,220,1674806400000,1674849600000,1,1,0.002617821777214027,0.002617821777214027,0.14162042499999855,True,max_hold,-0.0007447800067944543,0.00020470561590268943,-6.0976140907054166e-05,0.006311030583890265,0,mean_strength|hold12|tp0.01000,False,1,1,low,mid,0.9
btcusdt_clarity_hold12_v1,BTCUSDT,1,221,1674853200000,1674896400000,1,1,0.007596214121615489,0.007596214121615489,-0.16884889500000003,False,max_hold,-0.003345191720217189,0.0029335424800349674,0.0013476096178595132,-0.0036788442622596174,0,mean_strength|hold12|tp0.01000,True,-1,1,high,mid,0.9
btcusdt_clarity_hold12_v1,BTCUSDT,1,222,1674950400000,1674954000000,1,1,0.008024799609833906,0.008024799609833906,0.20484297500000292,True,target,0.00549229390913708,0.0036745134191153994,0.003942852443832745,0.01630375977598031,0,mean_strength|hold12|tp0.01000,False,1,1,high,low,0.8
btcusdt_clarity_hold12_v1,BTCUSDT,1,223,1674957600000,1674986400000,1,1,0.008072343531032172,0.008072343531032172,0.20670400000000147,True,target,0.002074150894477489,0.004433497536945774,0.0011883156166276887,0.017219773571860664,0,mean_strength|hold12|tp0.01000,False,1,1,high,low,0.8
btcusdt_clarity_hold12_v1,BTCUSDT,1,224,1675000800000,1675018800000,1,1,0.003674755205370694,0.003674755205370694,0.209465695,True,target,-0.0007561436672967048,0.002128247063571287,0.00681803700006367,0.004621821966398265,0,mean_strength|hold12|tp0.01000,False,1,1,mid,low,0.8
btcusdt_clarity_hold12_v1,BTCUSDT,1,225,1675062000000,1675069200000,-1,1,-0.004738281019842819,0.004738281019842819,0.21097624500000148,True,target,0.003974949361682301,0.017037309551295787,0.02506755299580088,0.036552619449342516,0,mean_strength|hold12|tp0.01000,False,1,-1,mid,low,0.8
btcusdt_clarity_hold12_v1,BTCUSDT,1,226,1675101600000,1675105200000,-1,1,-0.008928761146826385,0.008928761146826385,0.2057187,True,target,0.015265657888481221,0.01699882006664688,0.013476308407781579,0.014306151645207432,0,mean_strength|hold12|tp0.01000,False,1,-1,high,mid,0.8
btcusdt_clarity_hold12_v1,BTCUSDT,1,227,1675112400000,1675148400000,1,1,0.0007216453082855575,0.0007216453082855575,0.20199915499999854,True,target,-0.0006375419898344559,0.0035834256670008724,0.003653775127948178,0.0061643715155033085,0,mean_strength|hold12|tp0.01000,False,1,0,low,mid,0.8
btcusdt_clarity_hold12_v1,BTCUSDT,1,228,1675170000000,1675173600000,1,1,0.00046728849867724766,0.00046728849867724766,0.20368493000000001,True,target,-9.951368096794422e-05,-0.0004802616777141999,0.0018258597116698194,0.0002725809522161615,0,mean_strength|hold12|tp0.01000,False,1,0,low,mid,0.8
btcusdt_clarity_hold12_v1,BTCUSDT,1,229,1675278000000,1675278000000,1,1,-1.709768212552308e-05,1.709768212552308e-05,0.20527966999999928,True,target_entry_bar,0.008250676863459594,0.01448252558821883,0.024752030590378782,0.017412392696290357,0,mean_strength|hold12|tp0.01000,False,1,0,low,low,0.8
btcusdt_clarity_hold12_v1,BTCUSDT,1,230,1675350000000,1675350000000,1,1,-0.0005748370805725424,0.0005748370805725424,0.21008369000000074,True,target_entry_bar,-0.0022018764181133132,0.009033984389744676,-0.01624355689019552,-0.012934451187545215,0,mean_strength|hold12|tp0.01000,False,1,0,low,mid,0.9
btcusdt_clarity_hold12_v1,BTCUSDT,1,231,1675364400000,1675364400000,-1,1,-0.0012362369354975832,0.0012362369354975832,0.21418112499999997,True,target_entry_bar,-0.002940571058899666,0.010329806048334667,0.010497838680271765,0.014610437346932903,0,mean_strength|hold12|tp0.01000,False,1,0,low,mid,0.9
btcusdt_clarity_hold12_v1,BTCUSDT,1,232,1675375200000,1675418400000,1,1,0.003254948422913434,0.003254948422913434,-0.07079005,False,max_hold,-0.0027972324801562864,-0.0001697864934844251,-0.0018252048049577363,-0.00517424338893846,0,mean_strength|hold12|tp0.01000,True,-1,1,mid,high,1.0
btcusdt_clarity_hold12_v1,BTCUSDT,1,233,1675504800000,1675515600000,1,1,0.006066729193873039,0.006066729193873039,0.207686795,True,target,0.001157199063954506,0.007320355560127112,0.00337730689776361,0.002965858341690941,0,mean_strength|hold12|tp0.01000,False,1,1,high,low,0.9
btcusdt_clarity_hold12_v1,BTCUSDT,1,234,1675526400000,1675569600000,1,1,0.003341934078076682,0.003341934078076682,-0.1143263600000022,False,max_hold,0.001200290461748743,0.0006962538977404176,-0.00041006364529483363,-0.0020076032634231966,0,mean_strength|hold12|tp0.01000,True,-1,1,mid,low,0.9
btcusdt_clarity_hold12_v1,BTCUSDT,1,235,1675587600000,1675598400000,-1,1,-0.004106665930942327,0.004106665930942327,0.20821058999999928,True,target,-0.0014339832630609894,0.008616741219527824,0.011441902275110771,0.019891702159536062,0,mean_strength|hold12|tp0.01000,False,1,-1,mid,low,0.8
btcusdt_clarity_hold12_v1,BTCUSDT,1,236,1675602000000,1675645200000,1,1,0.0022643144404566684,0.0022643144404566684,-0.14712193500000073,False,max_hold,-0.00019426445003734027,-0.003941409841868748,-0.011863082415613624,-0.00818069184046144,0,mean_strength|hold12|tp0.01000,True,-1,1,low,low,0.8
btcusdt_clarity_hold12_v1,BTCUSDT,1,237,1675663200000,1675695600000,1,1,0.003022138867968418,0.003022138867968418,0.20261340999999927,True,target,0.004254459718740389,0.002542138469711741,0.004671563612734575,0.010489065292126565,0,mean_strength|hold12|tp0.01000,False,1,1,mid,low,0.7
btcusdt_clarity_hold12_v1,BTCUSDT,1,238,1675728000000,1675760400000,1,1,0.003149717975025366,0.003149717975025366,0.20252864500000073,True,target,0.0023212444327431747,0.0035718203558656736,0.005572741832861716,0.009899295728295954,0,mean_strength|hold12|tp0.01000,False,1,1,mid,low,0.7
btcusdt_clarity_hold12_v1,BTCUSDT,1,239,1675764000000,1675789200000,1,1,-0.0008244610434347064,0.0008244610434347064,0.20465892499999855,True,target,-0.0002828928184394064,-0.00015232690223654366,-0.00025677963519887825,0.010749927100696777,0,mean_strength|hold12|tp0.01000,False,1,0,low,low,0.7
btcusdt_clarity_hold12_v1,BTCUSDT,1,240,1675792800000,1675792800000,-1,1,0.0010973394222453968,0.0010973394222453968,0.20723516500000075,True,target_entry_bar,-0.006978945394114033,-0.011493450695931662,-0.01718129119213474,-0.01161558224032877,0,mean_strength|hold12|tp0.01000,False,1,0,low,low,0.7
btcusdt_clarity_hold12_v1,BTCUSDT,1,241,1675828800000,1675864800000,-1,1,-0.004740380738488988,0.004740380738488988,0.20696513999999783,True,target,0.0009036844506028485,0.0004862682996100709,0.003623344320988764,0.012066339045192942,0,mean_strength|hold12|tp0.01000,False,1,-1,mid,mid,0.7
btcusdt_clarity_hold12_v1,BTCUSDT,1,242,1675900800000,1675911600000,-1,1,-0.009240865522665476,0.009240865522665476,0.20428733000000146,True,target,0.0015279271122177196,0.020054587481445063,0.01140503998293596,0.011818581509034809,0,mean_strength|hold12|tp0.01000,False,1,-1,high,low,0.7
btcusdt_clarity_hold12_v1,BTCUSDT,1,243,1675969200000,1675969200000,-1,1,-0.009167862888112917,0.009167862888112917,0.20037298,True,target_entry_bar,0.0017160523532162575,0.01201236647251358,0.006215015004108482,0.005692935584479142,0,mean_strength|hold12|tp0.01000,False,1,-1,high,low,0.8
btcusdt_clarity_hold12_v1,BTCUSDT,1,244,1675972800000,1675976400000,-1,1,-0.012075769628033204,0.012075769628033204,0.19610329000000074,True,target,0.006380317878987629,0.008917892630573632,0.0035062188771912695,0.004884149253052694,0,mean_strength|hold12|tp0.01000,False,1,-1,high,mid,0.8
btcusdt_clarity_hold12_v1,BTCUSDT,1,245,1675980000000,1676005200000,-1,1,-0.007587729345714677,0.007587729345714677,0.19449798999999782,True,target,-0.0014106705509886464,-0.005867838089942845,-0.0008454833269768702,-0.003630064284303014,0,mean_strength|hold12|tp0.01000,False,1,-1,high,mid,0.9
btcusdt_clarity_hold12_v1,BTCUSDT,1,246,1676066400000,1676109600000,1,1,0.003037498943342425,0.003037498943342425,0.13762570000000146,True,max_hold,0.0026947427007721902,0.003214211173210302,0.005556457410542448,0.004698406808747446,0,mean_strength|hold12|tp0.01000,False,1,1,mid,low,0.9
btcusdt_clarity_hold12_v1,BTCUSDT,1,247,1676120400000,1676163600000,1,1,0.002460249398858015,0.002460249398858015,0.06796504500000144,True,max_hold,0.0001564066942063569,-0.0024749059259735473,-0.003937768536493413,0.002723316557948774,0,mean_strength|hold12|tp0.01000,False,1,1,low,low,1.0
btcusdt_clarity_hold12_v1,BTCUSDT,1,248,1676228400000,1676235600000,-1,1,-0.0035216725041228116,0.0035216725041228116,0.195476825,True,target,0.0012782546592609023,0.009134289522405803,0.01301454298984217,0.0057271267473649745,0,mean_strength|hold12|tp0.01000,False,1,-1,mid,low,1.0
btcusdt_clarity_hold12_v1,BTCUSDT,1,249,1676325600000,1676329200000,1,1,0.003461921275415684,0.003461921275415684,0.19230459000000072,True,target,0.006361946681708641,0.0032410789417716135,0.0031208677399370277,0.00792006879779561,0,mean_strength|hold12|tp0.01000,False,1,1,mid,low,1.0
btcusdt_clarity_hold12_v1,BTCUSDT,1,250,1676379600000,1676379600000,-1,1,0.00041668674430642166,0.00041668674430642166,0.19449722000000144,True,target_entry_bar,-0.024346768733332524,-0.013357099759111701,-0.02235702145887175,-0.01793075495249008,0,mean_strength|hold12|tp0.01000,False,1,0,low,low,1.0
btcusdt_clarity_hold12_v1,BTCUSDT,1,251,1676386800000,1676386800000,-1,1,0.0011587403127587227,0.0011587403127587227,0.19797058499999928,True,target_entry_bar,0.0014523471291182366,-0.003299551133965517,-0.008954627767969292,-0.0025234531368429902,0,mean_strength|hold12|tp0.01000,False,1,0,low,mid,1.0
btcusdt_clarity_hold12_v1,BTCUSDT,1,252,1676422800000,1676458800000,1,1,0.01100487669496905,0.01100487669496905,0.197015265,True,target,-0.0017013112766168792,-0.0011900129408251026,-0.00014026768504016296,0.026537741056803954,0,mean_strength|hold12|tp0.01000,False,1,1,high,mid,1.0
btcusdt_clarity_hold12_v1,BTCUSDT,1,253,1676462400000,1676462400000,1,1,0.00858044480454718,0.00858044480454718,0.19958785000000145,True,target_entry_bar,-0.0033606283716107743,0.0015155775009225714,0.008759598657505974,0.08110755767980482,0,mean_strength|hold12|tp0.01000,False,1,1,high,mid,1.0
btcusdt_clarity_hold12_v1,BTCUSDT,1,254,1676466000000,1676484000000,1,1,0.00858044480454718,0.00858044480454718,0.20262220999999928,True,target,-0.00043196353875107896,0.0028209863755173092,0.027482578205235475,0.08648527136566608,0,mean_strength|hold12|tp0.01000,False,1,1,high,high,1.0
btcusdt_clarity_hold12_v1,BTCUSDT,1,255,1676487600000,1676487600000,1,1,0.014133870368709228,0.014133870368709228,0.20430160500000075,True,target_entry_bar,0.035786294647070394,0.03625389307868532,0.05742451931739212,0.05663517884567537,0,mean_strength|hold12|tp0.01000,False,1,1,high,mid,1.0
btcusdt_clarity_hold12_v1,BTCUSDT,1,256,1676491200000,1676491200000,1,1,0.009927278105510034,0.009927278105510034,0.20741721000000074,True,target_entry_bar,0.0014992876312911463,0.007778072297140559,0.02290348232331607,0.018546436499784713,0,mean_strength|hold12|tp0.01000,False,1,1,high,mid,1.0
btcusdt_clarity_hold12_v1,BTCUSDT,1,257,1676494800000,1676498400000,1,1,0.009927278105510034,0.009927278105510034,0.21489452999999853,True,target,-0.0010462760018196127,0.017737066291716674,0.023158678301145486,0.01992473429552133,0,mean_strength|hold12|tp0.01000,False,1,1,high,high,1.0
btcusdt_clarity_hold12_v1,BTCUSDT,1,258,1676502000000,1676505600000,1,1,0.006648766096476373,0.006648766096476373,0.21498259500000072,True,target,0.011396233859102711,0.01500867149420948,0.014868941255764101,0.01016742970336093,0,mean_strength|hold12|tp0.01000,False,1,1,high,high,1.0
btcusdt_clarity_hold12_v1,BTCUSDT,1,259,1676509200000,1676552400000,1,1,0.003872396622862954,0.003872396622862954,-0.04217622499999855,False,max_hold,0.001971666423250973,-5.274004835853496e-05,-0.0007464745306136056,-0.007472859159729395,0,mean_strength|hold12|tp0.01000,True,-1,1,mid,high,1.0
btcusdt_clarity_hold12_v1,BTCUSDT,1,260,1676556000000,1676559600000,1,1,0.004892564543777888,0.004892564543777888,0.21774021999999926,True,target,0.02625960193388477,0.01833263798561857,0.005452344139854848,-0.027408970803576627,0,mean_strength|hold12|tp0.01000,False,1,1,mid,high,0.9
btcusdt_clarity_hold12_v1,BTCUSDT,1,261,1676563200000,1676563200000,-1,1,0.001503696379222373,0.001503696379222373,0.2233525799999993,True,target_entry_bar,0.0003613674142957102,0.001060011081934098,0.03583961711114869,0.044191219574871377,0,mean_strength|hold12|tp0.01000,False,1,0,low,high,0.9
btcusdt_clarity_hold12_v1,BTCUSDT,1,262,1676574000000,1676577600000,-1,1,-0.005889398126871229,0.005889398126871229,0.22227699000000217,True,target,0.011957876120422872,0.03481651191768165,0.041271755295630874,0.049961815185497804,0,mean_strength|hold12|tp0.01000,False,1,-1,high,high,0.9
btcusdt_clarity_hold12_v1,BTCUSDT,1,263,1676588400000,1676588400000,-1,1,-0.004022033539366037,0.004022033539366037,0.21373123,True,target_entry_bar,-0.00815672472860518,-0.010690027458281293,-0.007774179014392368,-0.011306351108957502,0,mean_strength|hold12|tp0.01000,False,1,-1,mid,high,0.9
btcusdt_clarity_hold12_v1,BTCUSDT,1,264,1676592000000,1676635200000,-1,1,-0.0075704008768039885,0.0075704008768039885,-0.30381906999999925,False,max_hold,-0.005636950060079693,-0.005084638573265465,0.001914117671859561,-0.0063705546303518545,0,mean_strength|hold12|tp0.01000,True,-1,-1,high,high,0.9
btcusdt_clarity_hold12_v1,BTCUSDT,1,265,1676800800000,1676818800000,1,1,0.010678981014211636,0.010678981014211636,0.21889309499999854,True,target,0.00045428365146715777,0.00047862027565281906,0.005147196015283351,-0.00672502048332535,0,mean_strength|hold12|tp0.01000,False,1,1,high,low,0.8
btcusdt_clarity_hold12_v1,BTCUSDT,1,266,1676826000000,1676829600000,1,1,0.013066042140332862,0.013066042140332862,-0.5229001050000015,False,stop,0.004336150188474663,0.006705429221381731,-0.003592927476245622,0.005682984716713024,0,mean_strength|hold12|tp0.01000,True,-1,1,high,low,0.8
btcusdt_clarity_hold12_v1,BTCUSDT,1,267,1676883600000,1676883600000,1,1,0.001534644555314953,0.001534644555314953,0.21765072499999708,True,target_entry_bar,0.0013703199154500023,-0.0026321394270375498,0.0024071015523594586,-0.00461327643089926,0,mean_strength|hold12|tp0.01000,False,1,0,low,mid,0.7
btcusdt_clarity_hold12_v1,BTCUSDT,1,268,1677085200000,1677092400000,1,1,0.003490722909837483,0.003490722909837483,0.21026620000000146,True,target,-0.0004044097513300482,0.0022958678591138426,0.01824056482561942,0.027162854964340344,0,mean_strength|hold12|tp0.01000,False,1,1,mid,mid,0.7
btcusdt_clarity_hold12_v1,BTCUSDT,1,269,1677103200000,1677103200000,1,1,0.010535246799253392,0.010535246799253392,0.21178101500000218,True,target_entry_bar,0.0032540707013268833,0.003652528338224048,0.017324606004258447,0.006317213784973852,0,mean_strength|hold12|tp0.01000,False,1,1,high,mid,0.7
btcusdt_clarity_hold12_v1,BTCUSDT,1,270,1677106800000,1677117600000,1,1,0.007300463534468648,0.007300463534468648,0.2144517850000022,True,target,-0.0022050944715427123,0.014430336804391874,0.008762457956336567,-0.01670162548145948,0,mean_strength|hold12|tp0.01000,False,1,1,high,mid,0.8
btcusdt_clarity_hold12_v1,BTCUSDT,1,271,1677236400000,1677250800000,-1,1,-0.00663126664025106,0.00663126664025106,0.21230580000000146,True,target,2.094118041240378e-05,0.0031956241309410993,0.03449012413931751,0.02935115846610059,0,mean_strength|hold12|tp0.01000,False,1,-1,high,mid,0.8
btcusdt_clarity_hold12_v1,BTCUSDT,1,272,1677254400000,1677254400000,-1,1,-0.002516609063274308,0.002516609063274308,0.20777037500000292,True,target_entry_bar,0.005474594258794152,0.000323557580306999,0.0030112425473903803,0.0026747426638711325,0,mean_strength|hold12|tp0.01000,False,1,-1,low,mid,0.8
btcusdt_clarity_hold12_v1,BTCUSDT,1,273,1677351600000,1677355200000,-1,1,-0.0034844113425224962,0.0034844113425224962,0.2044720400000022,True,target,0.0025853401637382367,-0.005840953703260432,-0.005562398534103341,-0.007268548945190023,0,mean_strength|hold12|tp0.01000,False,1,-1,mid,low,0.8
btcusdt_clarity_hold12_v1,BTCUSDT,1,274,1677438000000,1677481200000,-1,1,-0.0012611575594001524,0.0012611575594001524,0.050025789999999265,True,max_hold,-0.005793708228683192,0.0009280149844621555,-0.0022561832191052567,0.0034013026265379276,0,mean_strength|hold12|tp0.01000,False,1,0,low,low,0.8
btcusdt_clarity_hold12_v1,BTCUSDT,1,275,1677499200000,1677502800000,1,1,0.00832268018775401,0.00832268018775401,0.20839626499999928,True,target,0.012891919040800115,0.006497253627989474,-0.00503537156169187,0.0007052939793541491,0,mean_strength|hold12|tp0.01000,False,1,1,high,low,0.9
btcusdt_clarity_hold12_v1,BTCUSDT,1,276,1677517200000,1677560400000,1,1,0.003314431216172257,0.003314431216172257,-0.0157367,False,max_hold,-0.001899575489901828,-0.000445950002144091,0.006817889455855264,0.001899575489901828,0,mean_strength|hold12|tp0.01000,True,-1,1,mid,mid,0.9
btcusdt_clarity_hold12_v1,BTCUSDT,1,277,1677571200000,1677585600000,1,1,0.0035273552578472815,0.0035273552578472815,0.20671357000000146,True,target,0.0001892196409987168,0.005513172267281208,0.006773203058477506,0.0002795290151118568,0,mean_strength|hold12|tp0.01000,False,1,1,mid,mid,0.9
btcusdt_clarity_hold12_v1,BTCUSDT,1,278,1677610800000,1677610800000,-1,1,-0.00046275339431463134,0.00046275339431463134,0.2089250100000022,True,target_entry_bar,-0.0003827792353017223,0.0043568018579845935,0.00063223087179054,-0.019723882843748486,0,mean_strength|hold12|tp0.01000,False,1,0,low,low,0.9
btcusdt_clarity_hold12_v1,BTCUSDT,1,279,1677621600000,1677639600000,1,1,0.002475257768489042,0.002475257768489042,0.20582060000000146,True,target,-0.0008682617917296076,0.0037408692121279064,0.027581350946232597,0.026959312647680145,0,mean_strength|hold12|tp0.01000,False,1,1,low,low,0.9
btcusdt_clarity_hold12_v1,BTCUSDT,1,280,1677643200000,1677643200000,1,1,-0.001537101117825057,0.001537101117825057,0.20848333999999782,True,target_entry_bar,-0.004292043954565838,-0.0033041592049840585,-0.0006053421444246476,-0.004287840189673875,0,mean_strength|hold12|tp0.01000,False,1,0,low,low,0.9
btcusdt_clarity_hold12_v1,BTCUSDT,1,281,1677758400000,1677801600000,-1,1,-0.002976955375137485,0.002976955375137485,-0.08896804999999709,False,max_hold,0.00201312385423269,-0.00014991347850679126,-0.003782102900611539,-0.0025699453458289945,0,mean_strength|hold12|tp0.01000,True,-1,-1,low,low,0.9
btcusdt_clarity_hold12_v1,BTCUSDT,1,282,1677805200000,1677805200000,-1,1,-0.00673254744665325,0.00673254744665325,0.2083942,True,target_entry_bar,-0.008948616600790382,-0.01022699040090358,-0.00949971767363067,-0.011469226425748325,0,mean_strength|hold12|tp0.01000,False,1,-1,high,low,0.8
btcusdt_clarity_hold12_v1,BTCUSDT,1,283,1677808800000,1677852000000,-1,1,-0.00673254744665325,0.00673254744665325,-0.2897846250000029,False,max_hold,0.0013118071598703374,0.00022833503465313765,-0.003751858020380139,-0.0012401726391948475,0,mean_strength|hold12|tp0.01000,True,-1,-1,high,high,0.8
btcusdt_clarity_hold12_v1,BTCUSDT,1,284,1677877200000,1677920400000,-1,1,-0.003629081437584398,0.003629081437584398,-0.07163808500000218,False,max_hold,-0.0036124632230551956,-0.00575384864543893,-0.00498456942857417,-0.005007062972926857,0,mean_strength|hold12|tp0.01000,True,-1,-1,mid,high,0.7
btcusdt_clarity_hold12_v1,BTCUSDT,1,285,1677942000000,1677985200000,-1,1,-0.003378388374537822,0.003378388374537822,-0.04966899499999855,False,max_hold,-0.0003765752276263523,-0.00023311799805436628,0.004577182231028876,-0.0030439830899791076,0,mean_strength|hold12|tp0.01000,True,-1,-1,mid,low,0.6
btcusdt_clarity_hold12_v1,BTCUSDT,1,286,1678114800000,1678158000000,1,1,0.0012389139307738873,0.0012389139307738873,0.01368333000000145,True,max_hold,-0.0012509093489947443,-0.00219130928511857,-0.00640980145140968,-0.0041918770737593425,0,mean_strength|hold12|tp0.01000,False,1,0,low,low,0.5
btcusdt_clarity_hold12_v1,BTCUSDT,1,287,1678161600000,1678201200000,1,1,0.003877022200649808,0.003877022200649808,-0.47365938000000074,False,stop,-0.0006632982393661724,-0.002452867985843654,-0.004500634362410105,-0.010497028512920892,0,mean_strength|hold12|tp0.01000,True,-1,1,mid,low,0.6
btcusdt_clarity_hold12_v1,BTCUSDT,1,288,1678208400000,1678251600000,1,1,-0.0013689582242093798,0.0013689582242093798,-0.13030454500000144,False,max_hold,-0.004718292803257973,-0.01115885218108914,-0.004893210502238121,-0.015782958531050162,0,mean_strength|hold12|tp0.01000,True,-1,0,low,low,0.5
btcusdt_clarity_hold12_v1,BTCUSDT,1,289,1678255200000,1678287600000,1,1,0.0025008514124038534,0.0025008514124038534,0.19532849999999854,True,target,-0.002402896193975823,-0.0005496227589244507,-0.0003633869480492713,-1.3627010551853225e-05,0,mean_strength|hold12|tp0.01000,False,1,1,low,low,0.4
btcusdt_clarity_hold12_v1,BTCUSDT,1,290,1678320000000,1678363200000,1,1,0.0009264199181446304,0.0009264199181446304,-0.06565382999999927,False,max_hold,-0.0007876082961406627,0.0023628248884222103,0.0010823856701349666,-0.004955944600277262,0,mean_strength|hold12|tp0.01000,True,-1,0,low,low,0.4
btcusdt_clarity_hold12_v1,BTCUSDT,1,291,1678388400000,1678392000000,1,1,0.0005660148221393236,0.0005660148221393236,-0.44308198000000076,False,stop,-0.03586368346317681,-0.0248061941129063,-0.03574855125302212,-0.04330410254442174,0,mean_strength|hold12|tp0.01000,True,-1,0,low,mid,0.3
btcusdt_clarity_hold12_v1,BTCUSDT,1,292,1678402800000,1678406400000,-1,1,-0.0042236899094598036,0.0042236899094598036,0.18096163000000073,True,target,0.01177002501437463,0.015711386209167344,0.018183337182958725,0.029402947666389734,0,mean_strength|hold12|tp0.01000,False,1,-1,mid,high,0.3
btcusdt_clarity_hold12_v1,BTCUSDT,1,293,1678456800000,1678456800000,-1,1,-0.0003703873912281065,0.0003703873912281065,0.1795316900000022,True,target_entry_bar,-0.009511980854866708,-0.0058061454262721135,-0.007654014318459579,-0.033993719265295486,0,mean_strength|hold12|tp0.01000,False,1,0,low,high,0.3
btcusdt_clarity_hold12_v1,BTCUSDT,1,294,1678474800000,1678474800000,1,1,0.0011602443318493624,0.0011602443318493624,0.17655747500000002,True,target_entry_bar,-0.002852817594540147,0.00357726339350406,0.027798733968514178,-0.008543464249848864,0,mean_strength|hold12|tp0.01000,False,1,0,low,high,0.4
btcusdt_clarity_hold12_v1,BTCUSDT,1,295,1678492800000,1678496400000,1,1,0.0035912278480133212,0.0035912278480133212,0.179223735,True,target,0.018053239240061636,0.008625766446114902,0.0033800335528952896,-0.009234469413913149,0,mean_strength|hold12|tp0.01000,False,1,1,mid,high,0.5
btcusdt_clarity_hold12_v1,BTCUSDT,1,296,1678500000000,1678503600000,-1,1,-0.0029596426109642763,0.0029596426109642763,0.1830955400000022,True,target,0.004819359469528717,0.004873070669290547,0.020483498454582305,0.018457121372662977,0,mean_strength|hold12|tp0.01000,False,1,-1,low,high,0.6
btcusdt_clarity_hold12_v1,BTCUSDT,1,297,1678507200000,1678518000000,-1,1,-0.0034398325469832845,0.0034398325469832845,0.1814038249999971,True,target,-0.0024643384161338044,0.023890801770782177,0.015120511559272076,0.012223315297589799,0,mean_strength|hold12|tp0.01000,False,1,-1,mid,high,0.6
btcusdt_clarity_hold12_v1,BTCUSDT,1,298,1678521600000,1678521600000,1,1,0.00225901478553948,0.00225901478553948,0.176550985,True,target_entry_bar,0.0010019740384039633,0.0008574106199277232,0.0020687523678490916,0.013863133337321143,0,mean_strength|hold12|tp0.01000,False,1,1,low,high,0.7
btcusdt_clarity_hold12_v1,BTCUSDT,1,299,1678611600000,1678640400000,1,1,0.007126334778490291,0.007126334778490291,0.1812721099999993,True,target,0.0019877788411986064,-4.908095904199161e-05,-0.0013055535105155336,0.04359861591695502,0,mean_strength|hold12|tp0.01000,False,1,1,high,low,0.8
btcusdt_clarity_hold12_v1,BTCUSDT,1,300,1678644000000,1678644000000,1,1,0.008092209748525649,0.008092209748525649,0.18492182500000148,True,target_entry_bar,-0.01412094171254985,0.009246250237326725,0.06496582494778824,0.06193278906398336,0,mean_strength|hold12|tp0.01000,False,1,1,high,mid,0.8
btcusdt_clarity_hold12_v1,BTCUSDT,1,301,1678647600000,1678651200000,1,1,0.00787737973374029,0.00787737973374029,0.18749748999999927,True,target,0.023037481042825103,0.044481355768999364,0.07271851905346538,0.08093690570761414,0,mean_strength|hold12|tp0.01000,False,1,1,high,mid,0.9
btcusdt_clarity_hold12_v1,BTCUSDT,1,302,1678654800000,1678658400000,1,1,0.006113659777227877,0.006113659777227877,0.18909739999999853,True,target,0.020298361457569136,0.05520909757887016,0.04509754124574372,0.032601538837782496,0,mean_strength|hold12|tp0.01000,False,1,1,high,high,1.0
btcusdt_clarity_hold12_v1,BTCUSDT,1,303,1678662000000,1678662000000,1,1,0.005373474584759655,0.005373474584759655,0.19310465499999854,True,target_entry_bar,0.020490125624255118,0.008564463163256875,0.01824780998990283,0.004839399259535471,0,mean_strength|hold12|tp0.01000,False,1,1,mid,high,1.0
btcusdt_clarity_hold12_v1,BTCUSDT,1,304,1678665600000,1678665600000,1,1,0.0003227360597085185,0.0003227360597085185,0.19568208,True,target_entry_bar,-0.006943980175337705,-0.009582514362629135,-0.002848012408241951,-0.013981557002589518,0,mean_strength|hold12|tp0.01000,False,1,0,low,high,1.0
btcusdt_clarity_hold12_v1,BTCUSDT,1,305,1678708800000,1678712400000,1,1,0.023684811584758155,0.023684811584758155,0.19656438,True,target,0.015558468562129946,0.08525064412602279,0.0980111196492337,0.09264566288478049,0,mean_strength|hold12|tp0.01000,False,1,1,high,high,1.0
btcusdt_clarity_hold12_v1,BTCUSDT,1,306,1678716000000,1678716000000,1,1,0.005070538602227461,0.005070538602227461,0.1999500099999993,True,target_entry_bar,0.02283910381759391,0.02823681777709619,0.029289095084118255,0.034222443754286846,0,mean_strength|hold12|tp0.01000,False,1,1,mid,high,1.0
btcusdt_clarity_hold12_v1,BTCUSDT,1,307,1678719600000,1678719600000,1,1,0.003335660624482362,0.003335660624482362,0.2088376899999993,True,target_entry_bar,-0.0010870923403722976,0.01175809071598155,0.0036486317630888276,0.015448373526594228,0,mean_strength|hold12|tp0.01000,False,1,1,mid,high,1.0
btcusdt_clarity_hold12_v1,BTCUSDT,1,308,1678723200000,1678730400000,1,1,-0.0063411636000323636,0.0063411636000323636,0.21364468000000075,True,target,0.006371206151049247,0.0138306876983183,0.009723594727910179,0.018137923270330036,0,mean_strength|hold12|tp0.01000,False,1,-1,high,high,1.0
btcusdt_clarity_hold12_v1,BTCUSDT,1,309,1678791600000,1678791600000,1,1,0.017661923238206506,0.017661923238206506,0.21862295999999926,True,target_entry_bar,0.045366565241460766,0.04432806811248091,0.036529237532983316,-0.002618467469178376,0,mean_strength|hold12|tp0.01000,False,1,1,high,high,1.0
btcusdt_clarity_hold12_v1,BTCUSDT,1,310,1678795200000,1678795200000,1,1,-0.005643319399398744,0.005643319399398744,0.22022804000000218,True,target_entry_bar,-0.002926169308078874,0.0015964437572477674,-0.033347506764592194,-0.04357943563973721,0,mean_strength|hold12|tp0.01000,False,1,-1,mid,high,1.0
btcusdt_clarity_hold12_v1,BTCUSDT,1,311,1678798800000,1678798800000,-1,1,-0.004370838447579057,0.004370838447579057,-0.5458271049999985,False,stop_entry_bar,-0.0019384127501036463,-0.0036287086681943137,0.028254304245511563,0.033910592650314264,0,mean_strength|hold12|tp0.01000,True,-1,-1,mid,high,1.0
btcusdt_clarity_hold12_v1,BTCUSDT,1,312,1678802400000,1678816800000,-1,1,-0.004370838447579057,0.004370838447579057,0.22958225000000293,True,target,-0.0025924478511702986,0.007467797541430787,0.0487999288044173,0.03880546193938306,0,mean_strength|hold12|tp0.01000,False,1,-1,mid,high,0.9
btcusdt_clarity_hold12_v1,BTCUSDT,1,313,1678820400000,1678820400000,-1,1,-0.01062528975999125,0.01062528975999125,0.22254338499999782,True,target_entry_bar,0.01924557658933601,0.013548502922343442,0.005820749635953915,0.006921864714448112,0,mean_strength|hold12|tp0.01000,False,1,-1,high,high,0.9
btcusdt_clarity_hold12_v1,BTCUSDT,1,314,1678824000000,1678824000000,-1,1,-0.001294073536592439,0.001294073536592439,0.223078595,True,target_entry_bar,0.00155798088931014,-0.004043428208810207,-0.010507218373598137,-0.007553970003783217,0,mean_strength|hold12|tp0.01000,False,1,0,low,high,0.9
btcusdt_clarity_hold12_v1,BTCUSDT,1,315,1678838400000,1678838400000,-1,1,-0.0049892391172304965,0.0049892391172304965,0.2196985749999971,True,target_entry_bar,-0.007153654021808453,4.0416124416964294e-05,-0.002315843929094008,-0.0036091599104379757,0,mean_strength|hold12|tp0.01000,False,1,-1,mid,high,0.9
btcusdt_clarity_hold12_v1,BTCUSDT,1,316,1678842000000,1678870800000,-1,1,-0.0002259137346731669,0.0002259137346731669,0.22023279499999926,True,target,0.003138092104207013,0.004197499157289841,0.0011075619191318609,0.0047994349829049154,0,mean_strength|hold12|tp0.01000,False,1,0,low,high,0.9
btcusdt_clarity_hold12_v1,BTCUSDT,1,317,1678878000000,1678878000000,-1,1,-0.011505271291239754,0.011505271291239754,0.218625515,True,target_entry_bar,-0.001989298943613882,0.0023685973223147583,0.019864743812190833,0.019957550862298445,0,mean_strength|hold12|tp0.01000,False,1,-1,high,high,0.9
btcusdt_clarity_hold12_v1,BTCUSDT,1,318,1678881600000,1678881600000,-1,1,-0.012082485553241123,0.012082485553241123,0.22058901500000072,True,target_entry_bar,0.00128463790527511,0.014167260660682524,0.01664794075362741,0.02519742750252707,0,mean_strength|hold12|tp0.01000,False,1,-1,high,high,0.9
btcusdt_clarity_hold12_v1,BTCUSDT,1,319,1678885200000,1678888800000,-1,1,-0.0008895044776726548,0.0008895044776726548,0.22103517000000072,True,target,0.0030685483870966923,0.027540322580645205,0.016943548387096774,0.019016129032258022,0,mean_strength|hold12|tp0.01000,False,1,0,low,high,0.9
btcusdt_clarity_hold12_v1,BTCUSDT,1,320,1678892400000,1678892400000,-1,1,0.0005817833221748837,0.0005817833221748837,0.22005325499999853,True,target_entry_bar,0.014832455749772211,0.002516329590156796,0.0021731937369535714,0.00850486721867949,0,mean_strength|hold12|tp0.01000,False,1,0,low,high,0.9
btcusdt_clarity_hold12_v1,BTCUSDT,1,321,1678899600000,1678899600000,1,1,0.00284218138438004,0.00284218138438004,0.21462527500000292,True,target_entry_bar,0.005277826951499254,0.0014738393515105752,-9.468800303003011e-05,0.0022519277242356583,0,mean_strength|hold12|tp0.01000,False,1,1,low,high,0.9
btcusdt_clarity_hold12_v1,BTCUSDT,1,322,1678928400000,1678942800000,1,1,0.001971922687600681,0.001971922687600681,0.2154266600000007,True,target,0.0015290771279654614,-0.0025237993456208585,0.011759918449219864,0.020552111935022488,0,mean_strength|hold12|tp0.01000,False,1,1,low,mid,1.0
btcusdt_clarity_hold12_v1,BTCUSDT,1,323,1678946400000,1678950000000,1,1,0.009925896402377062,0.009925896402377062,0.21667299000000217,True,target,0.001839694252583568,0.003504373343969913,0.006194722682371978,0.00868156601938197,0,mean_strength|hold12|tp0.01000,False,1,1,high,mid,1.0
btcusdt_clarity_hold12_v1,BTCUSDT,1,324,1678953600000,1678960800000,1,1,0.01634801165046568,0.01634801165046568,0.21907494499999927,True,target,0.0031491577833835382,0.009903165432500582,0.01079827487997398,0.004174464968671021,0,mean_strength|hold12|tp0.01000,False,1,1,high,mid,1.0
btcusdt_clarity_hold12_v1,BTCUSDT,1,325,1678964400000,1679007600000,1,1,0.015817252808287857,0.015817252808287857,-0.0024520400000000026,False,max_hold,-0.004024752834247969,0.0008863319554899274,-0.0059625967914783695,0.006808640930809684,0,mean_strength|hold12|tp0.01000,True,-1,1,high,mid,1.0
btcusdt_clarity_hold12_v1,BTCUSDT,1,326,1679011200000,1679014800000,1,1,0.02474132888387364,0.02474132888387364,0.2223592,True,target,0.030106887884166156,0.03474458533764868,0.04939248171020627,0.06932454245400455,0,mean_strength|hold12|tp0.01000,False,1,1,high,mid,0.9
btcusdt_clarity_hold12_v1,BTCUSDT,1,327,1679018400000,1679032800000,1,1,0.02238680519375754,0.02238680519375754,0.2283246749999971,True,target,0.007817755181853903,0.007219397731716759,0.01628470864294096,0.027766914352757244,0,mean_strength|hold12|tp0.01000,False,1,1,high,high,0.9
btcusdt_clarity_hold12_v1,BTCUSDT,1,328,1679072400000,1679072400000,1,1,0.017806954175775182,0.017806954175775182,0.23481689,True,target_entry_bar,0.004678667316166729,0.01059214029204858,0.03406477631891969,0.04092606648314501,0,mean_strength|hold12|tp0.01000,False,1,1,high,high,0.9
btcusdt_clarity_hold12_v1,BTCUSDT,1,329,1679076000000,1679079600000,1,1,0.015818568654752358,0.015818568654752358,0.23570942,True,target,0.008426734020401616,0.018176487833480026,0.03787144156537314,0.03340624976508888,0,mean_strength|hold12|tp0.01000,False,1,1,high,high,0.9
btcusdt_clarity_hold12_v1,BTCUSDT,1,330,1679083200000,1679086800000,1,1,0.008817238409994554,0.008817238409994554,0.23872453000000146,True,target,0.012218635099991104,0.02322661644695545,0.01934056736316614,0.016840791558305535,0,mean_strength|hold12|tp0.01000,False,1,1,high,high,0.9
btcusdt_clarity_hold12_v1,BTCUSDT,1,331,1679151600000,1679151600000,-1,1,-0.0026250301959823796,0.0026250301959823796,0.24499140499999855,True,target_entry_bar,-0.0045593319347951855,-0.0035673741407624693,0.0011242188332373226,0.0008890880968739356,0,mean_strength|hold12|tp0.01000,False,1,-1,low,mid,0.9
btcusdt_clarity_hold12_v1,BTCUSDT,1,332,1679180400000,1679187600000,1,1,0.0033569246362099904,0.0033569246362099904,0.23944489000000072,True,target,0.006232578882818585,0.007503623592373776,0.005314602148139835,0.009112870256810623,0,mean_strength|hold12|tp0.01000,False,1,1,mid,mid,0.9
btcusdt_clarity_hold12_v1,BTCUSDT,1,333,1679238000000,1679238000000,1,1,0.004420036435576377,0.004420036435576377,0.24308646499999925,True,target_entry_bar,0.013822759249372707,0.02806317937990066,0.015638676123961748,-0.009805951122781376,0,mean_strength|hold12|tp0.01000,False,1,1,mid,mid,0.9
btcusdt_clarity_hold12_v1,BTCUSDT,1,334,1679241600000,1679241600000,1,1,-0.00010639179128984819,0.00010639179128984819,0.245046225,True,target_entry_bar,-0.000995883918624263,0.011835972903359693,0.006645196651250851,-0.017642907551164377,0,mean_strength|hold12|tp0.01000,False,1,0,low,low,0.9
btcusdt_clarity_hold12_v1,BTCUSDT,1,335,1679266800000,1679270400000,-1,1,-0.008628590203247926,0.008628590203247926,0.2501595649999978,True,target,0.005032962866249102,0.01904799379017519,0.015939504287140083,-0.007908941646962875,0,mean_strength|hold12|tp0.01000,False,1,-1,high,mid,0.9
btcusdt_clarity_hold12_v1,BTCUSDT,1,336,1679274000000,1679277600000,-1,1,-0.004643532759317694,0.004643532759317694,0.2475718,True,target,0.00882627207471609,0.008855186970947782,-0.01811156812710979,-0.005074564288657379,0,mean_strength|hold12|tp0.01000,False,1,-1,mid,mid,1.0
btcusdt_clarity_hold12_v1,BTCUSDT,1,337,1679292000000,1679295600000,1,1,0.0037824665673231693,0.0037824665673231693,0.2447723499999971,True,target,0.019965890698154354,0.02076249859688395,0.021646009175474656,0.012720379764711076,0,mean_strength|hold12|tp0.01000,False,1,1,mid,mid,1.0
btcusdt_clarity_hold12_v1,BTCUSDT,1,338,1679317200000,1679317200000,-1,1,-0.00017940635000186214,0.00017940635000186214,0.25113433,True,target_entry_bar,-0.00840052071720887,0.009648372039499642,0.0013773114018368338,-0.001995842893001143,0,mean_strength|hold12|tp0.01000,False,1,0,low,high,1.0
btcusdt_clarity_hold12_v1,BTCUSDT,1,339,1679324400000,1679324400000,-1,1,-0.0006178720789081649,0.0006178720789081649,0.24962413499999928,True,target_entry_bar,0.005065083797873515,-0.01043002633699075,-0.01095748870110591,-0.003370701272051413,0,mean_strength|hold12|tp0.01000,False,1,0,low,high,1.0
btcusdt_clarity_hold12_v1,BTCUSDT,1,340,1679403600000,1679407200000,-1,1,-0.0032200344665763644,0.0032200344665763644,0.250685975,True,target,0.005303525095381345,-0.011270883076187399,-0.0032906124750615717,-0.0020700165244422752,0,mean_strength|hold12|tp0.01000,False,1,-1,mid,high,1.0
btcusdt_clarity_hold12_v1,BTCUSDT,1,341,1679486400000,1679493600000,1,1,0.0035386061200193032,0.0035386061200193032,0.2502049250000029,True,target,0.0022192993962513174,0.013439878612122591,-0.0067110762893030085,-0.031960038430040694,0,mean_strength|hold12|tp0.01000,False,1,1,mid,mid,1.0
btcusdt_clarity_hold12_v1,BTCUSDT,1,342,1679504400000,1679504400000,-1,1,-0.02432372869761351,0.02432372869761351,0.25487288000000075,True,target_entry_bar,0.01691929824561411,0.04228070175438592,0.044428070175438594,0.03129824561403505,0,mean_strength|hold12|tp0.01000,False,1,-1,high,low,1.0
btcusdt_clarity_hold12_v1,BTCUSDT,1,343,1679508000000,1679508000000,-1,1,-0.01655716268929634,0.01655716268929634,0.2537219849999978,True,target_entry_bar,0.04867262954264795,0.033996245244094836,0.025419554711647585,0.013737695322259325,0,mean_strength|hold12|tp0.01000,False,1,-1,high,low,1.0
btcusdt_clarity_hold12_v1,BTCUSDT,1,344,1679511600000,1679511600000,-1,1,-0.011179666030802976,0.011179666030802976,0.24934872000000002,True,target_entry_bar,-0.024045081244536526,-0.02007571067865732,-0.01815105368404879,-0.036103263663001206,0,mean_strength|hold12|tp0.01000,False,1,-1,high,mid,1.0
btcusdt_clarity_hold12_v1,BTCUSDT,1,345,1679515200000,1679515200000,-1,1,0.00023369288806412077,0.00023369288806412077,-0.5623969299999992,False,stop_entry_bar,0.008415460707089206,0.0022421688954020746,-0.001527752335592547,-0.011958234108811139,0,mean_strength|hold12|tp0.01000,True,-1,0,low,high,1.0
btcusdt_clarity_hold12_v1,BTCUSDT,1,346,1679648400000,1679655600000,1,1,0.003493898136133698,0.003493898136133698,-0.5912317650000007,False,stop,-2.140662963323603e-05,-0.0022476961114856753,-0.0011238480557428376,-0.025459618177082866,0,mean_strength|hold12|tp0.01000,True,-1,1,mid,high,0.9
btcusdt_clarity_hold12_v1,BTCUSDT,1,347,1679680800000,1679691600000,1,1,0.004113960951162319,0.004113960951162319,-0.5823744949999993,False,stop,0.003000566212614686,-0.014894637569829894,-0.006855861021851428,-0.008911537393474389,0,mean_strength|hold12|tp0.01000,True,-1,1,mid,high,0.8
btcusdt_clarity_hold12_v1,BTCUSDT,1,348,1679839200000,1679839200000,-1,1,-0.00250096680463655,0.00250096680463655,0.25051688499999925,True,target_entry_bar,-0.00028795519417168514,-0.0015765546880905923,0.0007486835048465812,-0.00307032225785675,0,mean_strength|hold12|tp0.01000,False,1,-1,low,low,0.7
btcusdt_clarity_hold12_v1,BTCUSDT,1,349,1679871600000,1679893200000,-1,1,-0.0032322059631953027,0.0032322059631953027,0.24943909499999856,True,target,-0.0010159438798325038,0.0031086451815999228,0.008843004475161287,0.0026614867837863043,0,mean_strength|hold12|tp0.01000,False,1,-1,mid,mid,0.7
btcusdt_clarity_hold12_v1,BTCUSDT,1,350,1679896800000,1679925600000,-1,1,-0.0029984439514392502,0.0029984439514392502,0.24658977500000148,True,target,-0.0008498104130583162,-0.005091660695188072,0.0011846933300685425,0.024946976871473514,0,mean_strength|hold12|tp0.01000,False,1,-1,mid,mid,0.7
btcusdt_clarity_hold12_v1,BTCUSDT,1,351,1679929200000,1679929200000,-1,1,-0.005387282517686449,0.005387282517686449,0.2397366100000007,True,target_entry_bar,-0.009149300971090346,-0.007096287094650711,-0.009930338858866516,-0.002536513521253614,0,mean_strength|hold12|tp0.01000,False,1,-1,mid,mid,0.7
btcusdt_clarity_hold12_v1,BTCUSDT,1,352,1679932800000,1679976000000,-1,1,0.002570199505960733,0.002570199505960733,-0.11140616999999928,False,max_hold,0.006855045276468408,0.00650492199621866,0.0017837859751669294,0.00663022927546586,0,mean_strength|hold12|tp0.01000,True,-1,1,low,mid,0.7
btcusdt_clarity_hold12_v1,BTCUSDT,1,353,1679994000000,1679997600000,-1,1,-8.185590659007738e-06,8.185590659007738e-06,0.24036329500000148,True,target,0.004894826373250005,-0.003800469754439817,-0.004459317106580762,-0.011598691238819292,0,mean_strength|hold12|tp0.01000,False,1,0,low,high,0.6
btcusdt_clarity_hold12_v1,BTCUSDT,1,354,1680001200000,1680001200000,1,1,-0.00388600107940575,0.00388600107940575,0.23793117500000002,True,target_entry_bar,-0.0029393604395360207,-0.0043147592867152085,-0.007228238565148426,0.0075055367198215706,0,mean_strength|hold12|tp0.01000,False,1,-1,mid,high,0.6
btcusdt_clarity_hold12_v1,BTCUSDT,1,355,1680004800000,1680022800000,-1,1,-0.0007052606188726732,0.0007052606188726732,0.24071214499999927,True,target,0.003559880150701633,-0.0006563529027856507,-0.013564626657569079,-0.010764929247381927,0,mean_strength|hold12|tp0.01000,False,1,0,low,high,0.6
btcusdt_clarity_hold12_v1,BTCUSDT,1,356,1680062400000,1680062400000,1,1,0.02225349990253227,0.02225349990253227,0.24344488500000072,True,target_entry_bar,-0.0007222575083931648,0.019061791126032235,0.029725070320297586,0.021239451955358035,0,mean_strength|hold12|tp0.01000,False,1,1,high,mid,0.7
btcusdt_clarity_hold12_v1,BTCUSDT,1,357,1680066000000,1680069600000,1,1,0.022793922912911855,0.022793922912911855,0.2452254350000007,True,target,0.018581608711127906,0.03506751995815871,0.029597640615125487,0.025882045284499222,0,mean_strength|hold12|tp0.01000,False,1,1,high,mid,0.8
btcusdt_clarity_hold12_v1,BTCUSDT,1,358,1680073200000,1680076800000,1,1,0.004977282175320756,0.004977282175320756,0.24958154000000218,True,target,0.014972736370856499,0.010463820042240002,0.012027338421594314,0.011696114710250338,0,mean_strength|hold12|tp0.01000,False,1,1,mid,mid,0.9
btcusdt_clarity_hold12_v1,BTCUSDT,1,359,1680080400000,1680123600000,1,1,0.003942014933307684,0.003942014933307684,-0.165789665,False,max_hold,0.0021015823679004786,0.004171376094942003,0.004037157389092938,-0.00108787793161913,0,mean_strength|hold12|tp0.01000,True,-1,1,mid,high,0.9
btcusdt_clarity_hold12_v1,BTCUSDT,1,360,1680138000000,1680141600000,1,1,0.008128125233023418,0.008128125233023418,0.2519809649999993,True,target,0.02177879576070496,0.008212487074243935,0.013118098175747717,0.00600319747025746,0,mean_strength|hold12|tp0.01000,False,1,1,high,mid,0.8
btcusdt_clarity_hold12_v1,BTCUSDT,1,361,1680148800000,1680192000000,1,1,0.002138151391874524,0.002138151391874524,-0.23312212500000146,False,max_hold,0.0011586552598048527,0.004865651997367548,0.0008541144513365406,-0.011649561041179535,0,mean_strength|hold12|tp0.01000,True,-1,1,low,high,0.8
btcusdt_clarity_hold12_v1,BTCUSDT,1,362,1680235200000,1680246000000,-1,1,-0.004886383092644821,0.004886383092644821,0.2506028599999978,True,target,0.004967104912782627,0.015338022318242661,0.010239550084678584,-0.008972032962546228,0,mean_strength|hold12|tp0.01000,False,1,-1,mid,mid,0.7
btcusdt_clarity_hold12_v1,BTCUSDT,1,363,1680256800000,1680264000000,1,1,0.004882854403463229,0.004882854403463229,0.24744598000000073,True,target,0.001402594980073113,0.017369219676506287,0.019410336156459262,0.024522095354935436,0,mean_strength|hold12|tp0.01000,False,1,1,mid,mid,0.8
btcusdt_clarity_hold12_v1,BTCUSDT,1,364,1680310800000,1680314400000,1,1,0.001397777080904102,0.001397777080904102,0.25295473999999785,True,target,-0.0010943596772162723,-0.0013111337985818317,-0.006471756429800246,-0.00677244311427494,0,mean_strength|hold12|tp0.01000,False,1,0,low,mid,0.8
btcusdt_clarity_hold12_v1,BTCUSDT,1,365,1680321600000,1680364800000,1,1,0.00192323655211377,0.00192323655211377,-0.19051348000000073,False,max_hold,-0.00016454450928982123,-0.0051673977810998695,-0.0038125312897139274,-0.00879087793248079,0,mean_strength|hold12|tp0.01000,True,-1,1,low,mid,0.8
btcusdt_clarity_hold12_v1,BTCUSDT,1,366,1680368400000,1680411600000,-1,1,7.976227700542696e-05,7.976227700542696e-05,-0.10286756500000074,False,max_hold,-0.00041262418400922485,-0.0028248886443709154,-0.0031281850531297284,-0.0034843819983001456,0,mean_strength|hold12|tp0.01000,True,-1,0,low,low,0.7
btcusdt_clarity_hold12_v1,BTCUSDT,1,367,1680426000000,1680447600000,-1,1,-0.007759038471715612,0.007759038471715612,0.2525644900000022,True,target,0.0015528551760077836,0.005077589940597149,0.01017982837605147,0.014088375417703913,0,mean_strength|hold12|tp0.01000,False,1,-1,high,low,0.6
btcusdt_clarity_hold12_v1,BTCUSDT,1,368,1680451200000,1680483600000,-1,1,-0.006372134555678763,0.006372134555678763,0.25024895,True,target,-0.0023833492816158763,0.006331883166083907,0.0006545317430109998,0.014901268866699735,0,mean_strength|hold12|tp0.01000,False,1,-1,high,low,0.6
btcusdt_clarity_hold12_v1,BTCUSDT,1,369,1680498000000,1680508800000,1,1,0.008567030655336833,0.008567030655336833,0.24647033500000218,True,target,0.0035458813918940457,0.023870540990894806,0.02087407241405481,0.011114765830860351,0,mean_strength|hold12|tp0.01000,False,1,1,high,low,0.6
btcusdt_clarity_hold12_v1,BTCUSDT,1,370,1680541200000,1680544800000,1,1,0.00340995549914905,0.00340995549914905,0.24842195499999928,True,target,0.005991406121529597,-0.014445866430251697,-0.006695646578535386,-0.0035212022850279467,0,mean_strength|hold12|tp0.01000,False,1,1,mid,mid,0.7
btcusdt_clarity_hold12_v1,BTCUSDT,1,371,1680562800000,1680602400000,-1,1,-0.00020666691142252417,0.00020666691142252417,-0.586358905,False,stop,0.0013136064435095296,-0.0019398188302786057,-0.003195842525579362,-0.017580732812449318,0,mean_strength|hold12|tp0.01000,True,-1,0,low,mid,0.7
btcusdt_clarity_hold12_v1,BTCUSDT,1,372,1680609600000,1680620400000,-1,1,-0.0034310134046807088,0.0034310134046807088,0.2516688799999986,True,target,0.005404754910115495,0.008537176714602746,0.005312728958797197,-0.014256943534999955,0,mean_strength|hold12|tp0.01000,False,1,-1,mid,mid,0.7
btcusdt_clarity_hold12_v1,BTCUSDT,1,373,1680656400000,1680696000000,-1,1,-0.0011072558352966824,0.0011072558352966824,0.25505208999999784,True,target,5.602240896351862e-05,0.002237394957983252,0.0015511204481792884,0.005906862745098107,0,mean_strength|hold12|tp0.01000,False,1,0,low,mid,0.7
btcusdt_clarity_hold12_v1,BTCUSDT,1,374,1680699600000,1680703200000,-1,1,-0.0009429950452361543,0.0009429950452361543,0.2541606599999978,True,target,0.010517306357933576,0.01614226893449755,0.005713017720217151,0.012126954383913313,0,mean_strength|hold12|tp0.01000,False,1,0,low,mid,0.7
btcusdt_clarity_hold12_v1,BTCUSDT,1,375,1680714000000,1680721200000,1,1,0.004664480766962044,0.004664480766962044,0.24860446500000002,True,target,0.0003999143040778197,0.004666857102049615,0.005284581875312444,0.0006034421195457718,0,mean_strength|hold12|tp0.01000,False,1,1,mid,mid,0.7
btcusdt_clarity_hold12_v1,BTCUSDT,1,376,1680922800000,1680966000000,1,1,0.002741465753625354,0.002741465753625354,0.024719304999999997,True,max_hold,-0.001378281005073978,0.0033635769605688814,0.0005034653412316903,-5.7130818863271315e-05,0,mean_strength|hold12|tp0.01000,False,1,1,low,low,0.8
btcusdt_clarity_hold12_v1,BTCUSDT,1,377,1681059600000,1681066800000,1,1,0.006760300400069654,0.006760300400069654,0.24815787000000003,True,target,0.004388339350568815,0.00763298568411841,0.014961225580003124,0.013609588378071358,0,mean_strength|hold12|tp0.01000,False,1,1,high,low,0.9
btcusdt_clarity_hold12_v1,BTCUSDT,1,378,1681074000000,1681074000000,1,1,0.005814039051375576,0.005814039051375576,0.2501143300000007,True,target_entry_bar,-0.002040586563089253,-0.001942075487629813,-0.0053969996341017845,-0.004436516648371858,0,mean_strength|hold12|tp0.01000,False,1,1,high,low,0.9
btcusdt_clarity_hold12_v1,BTCUSDT,1,379,1681077600000,1681120800000,1,1,0.005814039051375576,0.005814039051375576,-0.17160403000000146,False,max_hold,-0.0019671992441442354,-0.0025524233920438677,-0.00481928560348599,-0.001607603683386749,0,mean_strength|hold12|tp0.01000,True,-1,1,high,low,0.9
btcusdt_clarity_hold12_v1,BTCUSDT,1,380,1681142400000,1681142400000,1,1,2.749630912223971e-05,2.749630912223971e-05,0.25295738000000145,True,target_entry_bar,0.004164212571168724,0.004539646128040253,0.018840564734733833,0.036744267749568627,0,mean_strength|hold12|tp0.01000,False,1,0,low,low,0.8
btcusdt_clarity_hold12_v1,BTCUSDT,1,381,1681156800000,1681164000000,1,1,0.004668519385311324,0.004668519385311324,0.2595420599999993,True,target,0.0036141639497453415,0.017706654940101707,0.0332145789602063,0.03378487479258063,0,mean_strength|hold12|tp0.01000,False,1,1,mid,mid,0.8
btcusdt_clarity_hold12_v1,BTCUSDT,1,382,1681167600000,1681171200000,1,1,0.0036187106723268507,0.0036187106723268507,0.26318297500000143,True,target,0.010042838190466252,0.015238108098072134,0.00838872366497756,0.014242263638849506,0,mean_strength|hold12|tp0.01000,False,1,1,mid,mid,0.9
btcusdt_clarity_hold12_v1,BTCUSDT,1,383,1681174800000,1681174800000,1,1,0.005903726724736181,0.005903726724736181,0.26630605999999785,True,target_entry_bar,-0.0038884601499078464,-0.0030471749045273278,-0.003199533649753783,0.0013745408536727233,0,mean_strength|hold12|tp0.01000,False,1,1,high,mid,0.9
btcusdt_clarity_hold12_v1,BTCUSDT,1,384,1681178400000,1681221600000,1,1,0.005903726724736181,0.005903726724736181,-0.0068423299999985435,False,max_hold,0.0010407488071288995,-0.006746579328002156,0.0005519626261449861,-0.0008877953083177292,0,mean_strength|hold12|tp0.01000,True,-1,1,high,mid,0.9
btcusdt_clarity_hold12_v1,BTCUSDT,1,385,1681243200000,1681286400000,1,1,0.009879196159204818,0.009879196159204818,-0.19066412999999854,False,max_hold,0.0008524498812538805,0.0012173116981331056,-0.007927452203101981,-0.008216024730997362,0,mean_strength|hold12|tp0.01000,True,-1,1,high,mid,0.8
btcusdt_clarity_hold12_v1,BTCUSDT,1,386,1681300800000,1681300800000,1,1,0.002743330240977176,0.002743330240977176,0.26701421000000075,True,target_entry_bar,-0.0030896667075968054,-0.006129553607874483,-0.007686002250047341,-0.005306527460201105,0,mean_strength|hold12|tp0.01000,False,1,1,low,low,0.7
btcusdt_clarity_hold12_v1,BTCUSDT,1,387,1681308000000,1681351200000,1,1,0.0014664276092463697,0.0014664276092463697,-0.03885697999999927,False,max_hold,-0.0019495775915218116,4.66565577459388e-05,-0.0023894822788396164,0.003295952543615588,0,mean_strength|hold12|tp0.01000,True,-1,0,low,low,0.7
btcusdt_clarity_hold12_v1,BTCUSDT,1,388,1681369200000,1681376400000,1,1,0.0035154484490564665,0.0035154484490564665,0.26701794999999706,True,target,0.00415583897039018,0.004555118935519742,0.0036667210131064998,0.008950525884987348,0,mean_strength|hold12|tp0.01000,False,1,1,mid,low,0.6
btcusdt_clarity_hold12_v1,BTCUSDT,1,389,1681398000000,1681430400000,1,1,0.003674585897118722,0.003674585897118722,0.27074462000000143,True,target,-0.00360917084394774,0.00016435204207421172,-0.005180376366176298,0.008615334045525502,0,mean_strength|hold12|tp0.01000,False,1,1,mid,low,0.6
btcusdt_clarity_hold12_v1,BTCUSDT,1,390,1681491600000,1681502400000,1,1,0.003729938157178741,0.003729938157178741,0.268171705,True,target,9.913914178483196e-06,0.005598056872821111,0.006364732902628845,0.004940433898977137,0,mean_strength|hold12|tp0.01000,False,1,1,mid,mid,0.7
btcusdt_clarity_hold12_v1,BTCUSDT,1,391,1681704000000,1681729200000,-1,1,-0.013903254512774953,0.013903254512774953,0.266718075,True,target,-0.0005138711851737643,0.00458813558190907,0.0029364067724217957,0.017281421220877835,0,mean_strength|hold12|tp0.01000,False,1,-1,high,low,0.7
btcusdt_clarity_hold12_v1,BTCUSDT,1,392,1681765200000,1681779600000,-1,1,-0.0038971868436129815,0.0038971868436129815,0.26199849000000075,True,target,-0.0018139634421825424,0.0027956777395433674,0.0002241977288089947,-0.015242048623731685,0,mean_strength|hold12|tp0.01000,False,1,-1,mid,mid,0.7
btcusdt_clarity_hold12_v1,BTCUSDT,1,393,1681783200000,1681808400000,-1,1,-0.004782846758828195,0.004782846758828195,-0.6195032849999978,False,stop,0.0007299716159874237,-0.0026109217334617796,-0.008012711691768537,-0.02638422989692124,0,mean_strength|hold12|tp0.01000,True,-1,-1,mid,low,0.7
btcusdt_clarity_hold12_v1,BTCUSDT,1,394,1681891200000,1681891200000,-1,1,-0.0006968322809977475,0.0006968322809977475,0.267610715,True,target_entry_bar,-0.0012659530671057517,-0.0052113352545630764,-0.0078393028681214,-0.0025696445725265082,0,mean_strength|hold12|tp0.01000,False,1,0,low,mid,0.6
btcusdt_clarity_hold12_v1,BTCUSDT,1,395,1682006400000,1682049600000,1,1,0.004033155521490337,0.004033155521490337,-0.228748745,False,max_hold,0.00044673479079104794,-0.011864853931793817,-0.006669363490863001,-0.007126651071987622,0,mean_strength|hold12|tp0.01000,True,-1,1,mid,mid,0.7
btcusdt_clarity_hold12_v1,BTCUSDT,1,396,1682053200000,1682056800000,-1,1,-0.002327637263160823,0.002327637263160823,0.25122228500000215,True,target,0.008407034050975093,0.0029030206338319653,0.0031481961830786,0.008872512267660504,0,mean_strength|hold12|tp0.01000,False,1,-1,low,low,0.7
btcusdt_clarity_hold12_v1,BTCUSDT,1,397,1682092800000,1682100000000,-1,1,-0.008675703512819545,0.008675703512819545,0.24953354000000072,True,target,0.005050829320492167,0.027158908507223134,0.02765471731763869,0.02500089174246478,0,mean_strength|hold12|tp0.01000,False,1,-1,high,low,0.7
btcusdt_clarity_hold12_v1,BTCUSDT,1,398,1682118000000,1682161200000,-1,1,-0.0034424572908181425,0.0034424572908181425,-0.022466585,False,max_hold,0.001313640950371453,0.0008439592697917497,-0.004821576002201677,-0.0008659755985689355,0,mean_strength|hold12|tp0.01000,True,-1,-1,mid,mid,0.8
btcusdt_clarity_hold12_v1,BTCUSDT,1,399,1682168400000,1682179200000,1,1,0.0030740096109341778,0.0030740096109341778,0.2431768399999978,True,target,0.008145540509288951,0.011948505794382891,0.013317720129653265,0.010920677338952078,0,mean_strength|hold12|tp0.01000,False,1,1,mid,mid,0.7
btcusdt_clarity_hold12_v1,BTCUSDT,1,400,1682283600000,1682294400000,1,1,0.0032917545791294775,0.0032917545791294775,0.24469231500000216,True,target,0.0029164272675039626,0.010702051681127589,0.01020385899328713,-0.007251067296013769,0,mean_strength|hold12|tp0.01000,False,1,1,mid,low,0.7
btcusdt_clarity_hold12_v1,BTCUSDT,1,401,1682326800000,1682334000000,1,1,0.0019674458181004207,0.0019674458181004207,0.2418443149999978,True,target,0.003912087912087969,0.004813186813186876,-0.0016117216117216282,0.00366300366300365,0,mean_strength|hold12|tp0.01000,False,1,1,low,low,0.7
btcusdt_clarity_hold12_v1,BTCUSDT,1,402,1682355600000,1682355600000,1,1,0.0018258240514885172,0.0018258240514885172,0.24112571500000218,True,target_entry_bar,-0.0013959284202986755,0.0029745699846155382,0.004830935527839975,0.0012972633225289965,0,mean_strength|hold12|tp0.01000,False,1,1,low,mid,0.7
btcusdt_clarity_hold12_v1,BTCUSDT,1,403,1682373600000,1682416800000,1,1,0.002833134232381616,0.002833134232381616,-0.13189907999999928,False,max_hold,0.0018107097836621566,-0.0022333301758246105,-0.001796136666690984,-0.004674327268487821,0,mean_strength|hold12|tp0.01000,True,-1,1,low,mid,0.7
btcusdt_clarity_hold12_v1,BTCUSDT,1,404,1682442000000,1682442000000,1,1,0.0009562366482994092,0.0009562366482994092,0.24370974,True,target_entry_bar,-0.001553886164255558,0.012800544765685373,0.024576031758680283,0.02795184039524501,0,mean_strength|hold12|tp0.01000,False,1,0,low,low,0.7
btcusdt_clarity_hold12_v1,BTCUSDT,1,405,1682456400000,1682456400000,1,1,0.006370897622927627,0.006370897622927627,0.24887283999999926,True,target_entry_bar,-0.0010619732170354945,0.0013345463427412163,0.0016602181292988405,0.021246544162156322,0,mean_strength|hold12|tp0.01000,False,1,1,high,low,0.7
btcusdt_clarity_hold12_v1,BTCUSDT,1,406,1682460000000,1682488800000,1,1,0.006370897622927627,0.006370897622927627,0.2513546100000022,True,target,0.002388436282969586,0.005361578777645093,0.003391296027895896,0.027055951068949202,0,mean_strength|hold12|tp0.01000,False,1,1,high,mid,0.8
btcusdt_clarity_hold12_v1,BTCUSDT,1,407,1682492400000,1682496000000,1,1,0.006159414788984833,0.006159414788984833,0.25251287500000147,True,target,0.011933721135201747,0.021780363123567792,0.05190904283447906,-0.01738410012339142,0,mean_strength|hold12|tp0.01000,False,1,1,high,mid,0.8
btcusdt_clarity_hold12_v1,BTCUSDT,1,408,1682521200000,1682535600000,-1,1,-0.020562177704587178,0.020562177704587178,0.26422288500000074,True,target,-2.3487568365565537e-05,0.002358822937288174,0.03801630708317949,0.031084119048418013,0,mean_strength|hold12|tp0.01000,False,1,-1,high,high,0.8
btcusdt_clarity_hold12_v1,BTCUSDT,1,409,1682546400000,1682546400000,-1,1,0.0026227976197936973,0.0026227976197936973,0.2552365799999986,True,target_entry_bar,-0.004020196448649704,-0.015843887674933388,-0.02818380465451753,-0.024739942437292717,0,mean_strength|hold12|tp0.01000,False,1,1,low,high,0.9
btcusdt_clarity_hold12_v1,BTCUSDT,1,410,1682557200000,1682557200000,-1,1,0.002526054026129078,0.002526054026129078,0.26004004999999997,True,target_entry_bar,-0.010257463374903963,-0.012147454081579356,-0.0052105268653652725,-0.006606265858692728,0,mean_strength|hold12|tp0.01000,False,1,1,low,high,0.9
btcusdt_clarity_hold12_v1,BTCUSDT,1,411,1682568000000,1682571600000,1,1,-0.0017032378742142887,0.0017032378742142887,0.25696089500000147,True,target,-0.0002544765520490211,-0.006853672543699396,-0.0033494616445374215,0.0014340097595197943,0,mean_strength|hold12|tp0.01000,False,1,-1,low,high,0.9
btcusdt_clarity_hold12_v1,BTCUSDT,1,412,1682607600000,1682607600000,1,1,0.0035311668588374656,0.0035311668588374656,0.25776337999999926,True,target_entry_bar,-0.0005388393332120822,0.021351079566320097,0.016964858752020584,0.009476021649672095,0,mean_strength|hold12|tp0.01000,False,1,1,mid,high,0.9
btcusdt_clarity_hold12_v1,BTCUSDT,1,413,1682611200000,1682618400000,1,1,0.0027695370575152216,0.0027695370575152216,0.259273355,True,target,0.005549259984203747,0.01850554582603614,0.008742831633528958,0.012660966312969979,0,mean_strength|hold12|tp0.01000,False,1,1,low,high,0.9
btcusdt_clarity_hold12_v1,BTCUSDT,1,414,1682672400000,1682715600000,1,1,0.004883413811576362,0.004883413811576362,0.03248105500000073,True,max_hold,0.002113933114745059,0.0009079291335614137,-0.0018295628578182122,0.004207309343447374,0,mean_strength|hold12|tp0.01000,False,1,1,mid,mid,1.0
btcusdt_clarity_hold12_v1,BTCUSDT,1,415,1682719200000,1682762400000,1,1,0.002867327587736855,0.002867327587736855,-0.06683824999999854,False,max_hold,-0.0009308732818908982,-0.0023902643611923846,0.001217295830165055,-0.0023902643611923846,0,mean_strength|hold12|tp0.01000,True,-1,1,low,low,1.0
btcusdt_clarity_hold12_v1,BTCUSDT,1,416,1682784000000,1682827200000,-1,1,-0.003820201116282026,0.003820201116282026,0.04317378499999927,True,max_hold,0.004196095717453718,0.0014795679524898242,0.002709693732850793,0.0022825667257809767,0,mean_strength|hold12|tp0.01000,False,1,-1,mid,low,0.9
btcusdt_clarity_hold12_v1,BTCUSDT,1,417,1682830800000,1682866800000,1,1,0.003864770993981905,0.003864770993981905,0.2598048249999985,True,target,0.000482118861105274,0.0005060538400254444,-0.0020960202968621777,0.013078756338495312,0,mean_strength|hold12|tp0.01000,False,1,1,mid,low,0.9
btcusdt_clarity_hold12_v1,BTCUSDT,1,418,1682870400000,1682902800000,1,1,0.0013294320532984546,0.0013294320532984546,-0.6254989700000008,False,stop,-0.002414133285746467,-0.011922518779397984,-0.011343396150181206,-0.03893589583873447,0,mean_strength|hold12|tp0.01000,True,-1,0,low,low,0.9
btcusdt_clarity_hold12_v1,BTCUSDT,1,419,1682906400000,1682949600000,-1,1,-0.007707864994421643,0.007707864994421643,-0.002805615000000001,False,max_hold,-0.000371473628876684,0.002347993691957262,-0.0009251796039950744,0.0025407394427895413,0,mean_strength|hold12|tp0.01000,True,-1,-1,high,mid,0.8
btcusdt_clarity_hold12_v1,BTCUSDT,1,420,1682967600000,1682967600000,-1,1,-9.827597431003326e-05,9.827597431003326e-05,0.25069235500000003,True,target_entry_bar,0.00611484556601849,-0.006032212517828928,-0.0033520275635106067,-0.007584276727300221,0,mean_strength|hold12|tp0.01000,False,1,0,low,high,0.7
btcusdt_clarity_hold12_v1,BTCUSDT,1,421,1683028800000,1683036000000,1,1,0.004431879959732913,0.004431879959732913,0.24984617500000147,True,target,-0.0035877376253304893,0.015141107002138998,0.021768455671152376,0.014105361318635934,0,mean_strength|hold12|tp0.01000,False,1,1,mid,mid,0.7
btcusdt_clarity_hold12_v1,BTCUSDT,1,422,1683126000000,1683133200000,1,1,0.0018292074416229342,0.0018292074416229342,0.2510019100000007,True,target,0.006079306676280538,0.004824566054141277,0.02199507293400771,0.02799308655589594,0,mean_strength|hold12|tp0.01000,False,1,1,low,low,0.7
btcusdt_clarity_hold12_v1,BTCUSDT,1,423,1683208800000,1683248400000,1,1,0.0031387716840965605,0.0031387716840965605,0.2558058199999985,True,target,0.0027806743135210255,0.002116788321167906,0.003017031630170308,0.016093152589502946,0,mean_strength|hold12|tp0.01000,False,1,1,mid,mid,0.7
btcusdt_clarity_hold12_v1,BTCUSDT,1,424,1683277200000,1683295200000,1,1,0.002064693465892145,0.002064693465892145,0.2584735100000022,True,target,0.0001925066775754214,-0.005183929817565658,0.008851869549225011,0.013245146941034402,0,mean_strength|hold12|tp0.01000,False,1,1,low,low,0.7
btcusdt_clarity_hold12_v1,BTCUSDT,1,425,1683306000000,1683349200000,-1,1,-0.0019964101313906584,0.0019964101313906584,0.1902007100000022,True,max_hold,0.0021761788201104526,-0.0009404080080663846,-0.001228980862527207,0.0039008259973586368,0,mean_strength|hold12|tp0.01000,False,1,-1,low,mid,0.7
btcusdt_clarity_hold12_v1,BTCUSDT,1,426,1683370800000,1683378000000,-1,1,-0.009563337115615316,0.009563337115615316,0.26021694999999706,True,target,0.006031198209434652,0.023014232260930467,0.017317910779271806,0.014580806096123333,0,mean_strength|hold12|tp0.01000,False,1,-1,high,low,0.8
btcusdt_clarity_hold12_v1,BTCUSDT,1,427,1683381600000,1683381600000,-1,1,-0.0024129196937725038,0.0024129196937725038,0.25754387000000073,True,target_entry_bar,0.0011577069707250365,-0.005830506103319255,-0.006732887971739432,-0.0074429016123955805,0,mean_strength|hold12|tp0.01000,False,1,-1,low,low,0.8
btcusdt_clarity_hold12_v1,BTCUSDT,1,428,1683507600000,1683507600000,-1,1,-0.004458416804812033,0.004458416804812033,0.254253015,True,target_entry_bar,-0.0021235185887640284,0.0034635687165652795,0.008866310501668084,0.012879370672754908,0,mean_strength|hold12|tp0.01000,False,1,-1,mid,low,0.8
btcusdt_clarity_hold12_v1,BTCUSDT,1,429,1683511200000,1683529200000,-1,1,-0.004458416804812033,0.004458416804812033,0.2510418649999978,True,target,0.0028230000212254858,0.0008490225627746373,0.020408379852694503,0.010955928653804015,0,mean_strength|hold12|tp0.01000,False,1,-1,mid,low,0.9
btcusdt_clarity_hold12_v1,BTCUSDT,1,430,1683532800000,1683532800000,-1,1,2.1957100546183548e-05,2.1957100546183548e-05,0.24881560000000147,True,target_entry_bar,-0.007551217186873682,-0.008352924607000878,-0.009649379399008229,0.006207815563957886,0,mean_strength|hold12|tp0.01000,False,1,0,low,mid,1.0
btcusdt_clarity_hold12_v1,BTCUSDT,1,431,1683540000000,1683565200000,-1,1,-0.003916101470676524,0.003916101470676524,0.24837879500000148,True,target,4.297470938352532e-05,0.0028220059161850886,0.002342121661402352,0.010202912252805896,0,mean_strength|hold12|tp0.01000,False,1,-1,mid,mid,1.0
btcusdt_clarity_hold12_v1,BTCUSDT,1,432,1683572400000,1683615600000,-1,1,-0.0029447079908387873,0.0029447079908387873,-0.11384262999999856,False,max_hold,-0.006948637166976024,-0.011321265610649611,-0.013106908021120356,-0.011716448767065124,0,mean_strength|hold12|tp0.01000,True,-1,-1,low,mid,1.0
btcusdt_clarity_hold12_v1,BTCUSDT,1,433,1683680400000,1683723600000,-1,1,-0.006271814849576664,0.006271814849576664,-0.46893521000000077,False,max_hold,0.000812708595206102,0.0004189964313063843,0.0055191943709996805,-0.01692239897129144,0,mean_strength|hold12|tp0.01000,True,-1,-1,high,low,0.9
btcusdt_clarity_hold12_v1,BTCUSDT,1,434,1683734400000,1683738000000,-1,1,-0.028166130003930805,0.028166130003930805,0.2505149049999993,True,target,0.024337335709670338,0.017147969580993072,0.018145605078355165,0.024234376886099085,0,mean_strength|hold12|tp0.01000,False,1,-1,high,mid,0.8
btcusdt_clarity_hold12_v1,BTCUSDT,1,435,1683741600000,1683752400000,-1,1,-0.02370277507732554,0.02370277507732554,0.2446370550000007,True,target,-0.009723893934420191,-0.0029361345150817897,-0.0030273188167924125,-0.002633402633402726,0,mean_strength|hold12|tp0.01000,False,1,-1,high,high,0.8
btcusdt_clarity_hold12_v1,BTCUSDT,1,436,1683756000000,1683799200000,-1,1,-0.004873856185701321,0.004873856185701321,0.04911165499999927,True,max_hold,0.0026251559364320887,0.004049827339950407,0.0062012981142991475,0.0075536511724612065,0,mean_strength|hold12|tp0.01000,False,1,-1,mid,high,0.8
btcusdt_clarity_hold12_v1,BTCUSDT,1,437,1683824400000,1683824400000,-1,1,0.0001932285009167401,0.0001932285009167401,0.2413374,True,target_entry_bar,-0.0021082690999141285,-0.0032646565603609012,-0.002316493208547765,0.02352932427558463,0,mean_strength|hold12|tp0.01000,False,1,0,low,high,0.8
btcusdt_clarity_hold12_v1,BTCUSDT,1,438,1683860400000,1683871200000,1,1,0.00047790869204554726,0.00047790869204554726,-0.5619168450000015,False,stop,0.002626548459442768,-0.010822282764122337,-0.007759230549242213,-0.010050875265288917,0,mean_strength|hold12|tp0.01000,True,-1,0,low,low,0.8
btcusdt_clarity_hold12_v1,BTCUSDT,1,439,1683874800000,1683918000000,-1,1,-0.0035509070735936636,0.0035509070735936636,-0.04501025499999855,False,max_hold,0.0006427297378498453,-0.0012702469375258651,-0.005404254186300417,-0.005746536295214488,0,mean_strength|hold12|tp0.01000,True,-1,-1,mid,mid,0.7
btcusdt_clarity_hold12_v1,BTCUSDT,1,440,1683928800000,1683972000000,-1,1,-0.0037161562397281097,0.0037161562397281097,-0.1375512350000022,False,max_hold,-0.004101110748733872,-0.005338191687565663,-0.004097362018616213,-0.005326945497212687,0,mean_strength|hold12|tp0.01000,True,-1,-1,mid,mid,0.6
btcusdt_clarity_hold12_v1,BTCUSDT,1,441,1684116000000,1684159200000,-1,1,-0.000847236016833273,0.000847236016833273,-0.21359677999999854,False,max_hold,-0.0026598782055768933,-0.006568646593550831,-0.010241636304021862,-0.009088531209360484,0,mean_strength|hold12|tp0.01000,True,-1,0,low,low,0.5
btcusdt_clarity_hold12_v1,BTCUSDT,1,442,1684328400000,1684339200000,1,1,0.01252288724913318,0.01252288724913318,0.2372126850000007,True,target,0.005691487563254327,0.01025970464372783,0.028491248633479405,0.0260643833094778,0,mean_strength|hold12|tp0.01000,False,1,1,high,low,0.4
btcusdt_clarity_hold12_v1,BTCUSDT,1,443,1684342800000,1684346400000,1,1,-0.0001271885386740098,0.0001271885386740098,0.23935627499999856,True,target,0.00017357905233228443,0.009354802969309794,0.011773830187982393,0.004959929091110427,0,mean_strength|hold12|tp0.01000,False,1,0,low,low,0.5
btcusdt_clarity_hold12_v1,BTCUSDT,1,444,1684404000000,1684418400000,-1,1,-0.012103342652076281,0.012103342652076281,0.24383380000000293,True,target,-0.0020009364528921214,0.0033214813514185204,0.01013637095240194,0.016739095445034713,0,mean_strength|hold12|tp0.01000,False,1,-1,high,low,0.6
btcusdt_clarity_hold12_v1,BTCUSDT,1,445,1684422000000,1684429200000,-1,1,-0.011218668078479523,0.011218668078479523,0.24240518000000072,True,target,0.0005577059449238808,0.017532649804987588,0.006419158491903998,0.009240928968207052,0,mean_strength|hold12|tp0.01000,False,1,-1,high,low,0.6
btcusdt_clarity_hold12_v1,BTCUSDT,1,446,1684461600000,1684504800000,1,1,0.0028014087032152317,0.0028014087032152317,0.011184195000000726,True,max_hold,0.001213026033404896,0.00267238966128569,0.003045628440794923,0.001254082299150916,0,mean_strength|hold12|tp0.01000,False,1,1,low,mid,0.6
btcusdt_clarity_hold12_v1,BTCUSDT,1,447,1684598400000,1684627200000,1,1,0.006300763092962813,0.006300763092962813,0.23970732500000003,True,target,0.008310290488508176,0.005496833467130369,0.005519132994380449,0.007767668658757776,0,mean_strength|hold12|tp0.01000,False,1,1,high,low,0.6
btcusdt_clarity_hold12_v1,BTCUSDT,1,448,1684670400000,1684713600000,1,1,0.0026432914134315246,0.0026432914134315246,-0.12816036500000072,False,max_hold,-0.0013745857667216699,-0.0011962611267145595,-0.0021250352934183425,-0.01023137622040926,0,mean_strength|hold12|tp0.01000,True,-1,1,low,low,0.6
btcusdt_clarity_hold12_v1,BTCUSDT,1,449,1684810800000,1684854000000,-1,1,-0.002555771362571657,0.002555771362571657,-0.23502907499999856,False,max_hold,-0.0006616803023988815,0.0025662959794695572,0.0033851710498417065,0.0016048489102380437,0,mean_strength|hold12|tp0.01000,True,-1,-1,low,low,0.6
btcusdt_clarity_hold12_v1,BTCUSDT,1,450,1684857600000,1684897200000,-1,1,-0.006085236441908325,0.006085236441908325,0.24312334000000002,True,target,0.0009625523066354447,0.0017524330162789203,0.00110950685726674,0.01572413691755481,0,mean_strength|hold12|tp0.01000,False,1,-1,high,low,0.6
btcusdt_clarity_hold12_v1,BTCUSDT,1,451,1684900800000,1684933200000,-1,1,-0.005001308346778054,0.005001308346778054,0.23831491999999857,True,target,0.0010824409416489988,0.004744077368399435,0.0028367417781145488,0.02095083105336426,0,mean_strength|hold12|tp0.01000,False,1,-1,mid,low,0.7
btcusdt_clarity_hold12_v1,BTCUSDT,1,452,1684936800000,1684936800000,-1,1,-0.00392655929090007,0.00392655929090007,0.2352847400000007,True,target_entry_bar,-0.002259254179429959,-0.0008800804644997218,-0.005463356649750839,0.005078559563540974,0,mean_strength|hold12|tp0.01000,False,1,-1,mid,low,0.8
btcusdt_clarity_hold12_v1,BTCUSDT,1,453,1684940400000,1684976400000,-1,1,-0.004080022222411686,0.004080022222411686,0.23358642500000293,True,target,0.002923187452721576,0.0037746750852438726,-0.0018740330483637546,0.005165945056240018,0,mean_strength|hold12|tp0.01000,False,1,-1,mid,low,0.8
btcusdt_clarity_hold12_v1,BTCUSDT,1,454,1685012400000,1685041200000,1,1,0.005176360441740041,0.005176360441740041,0.233479195,True,target,0.0041662703319700345,0.0028688290687719498,0.0022866926662226117,0.006822029867782797,0,mean_strength|hold12|tp0.01000,False,1,1,mid,low,0.8
btcusdt_clarity_hold12_v1,BTCUSDT,1,455,1685048400000,1685091600000,-1,1,-0.0010293107988114188,0.0010293107988114188,-0.02800836499999782,False,max_hold,0.0007708031844751995,0.00018514390215340626,0.0015189356870539683,0.0010579651551618774,0,mean_strength|hold12|tp0.01000,True,-1,0,low,low,0.8
btcusdt_clarity_hold12_v1,BTCUSDT,1,456,1685203200000,1685232000000,1,1,0.003939453588130874,0.003939453588130874,0.23748799,True,target,0.003597945531832014,0.0025324434139588625,0.005124915116248685,0.0188676413759985,0,mean_strength|hold12|tp0.01000,False,1,1,mid,low,0.7
btcusdt_clarity_hold12_v1,BTCUSDT,1,457,1685235600000,1685271600000,1,1,0.006609166681851494,0.006609166681851494,0.24086635999999925,True,target,0.00034342561511979675,0.002839723634698643,0.005125534986946345,0.00343794889974558,0,mean_strength|hold12|tp0.01000,False,1,1,high,low,0.7
btcusdt_clarity_hold12_v1,BTCUSDT,1,458,1685275200000,1685293200000,1,1,0.009657019415620261,0.009657019415620261,0.24157516999999856,True,target,0.0014852817059731738,0.0048354580601408514,0.01638232551625518,0.0389084837964242,0,mean_strength|hold12|tp0.01000,False,1,1,high,low,0.7
btcusdt_clarity_hold12_v1,BTCUSDT,1,459,1685296800000,1685296800000,1,1,0.000576747221580726,0.000576747221580726,0.24326259500000003,True,target_entry_bar,-0.0021394330139896667,0.00910528186123405,0.022163075561872914,0.015324142232407745,0,mean_strength|hold12|tp0.01000,False,1,0,low,low,0.8
btcusdt_clarity_hold12_v1,BTCUSDT,1,460,1685307600000,1685307600000,1,1,0.0014855164714166745,0.0014855164714166745,0.24513252999999857,True,target_entry_bar,0.009015936899221977,0.012939971611836798,0.004290565427529369,0.003740769355157436,0,mean_strength|hold12|tp0.01000,False,1,0,low,low,0.9
btcusdt_clarity_hold12_v1,BTCUSDT,1,461,1685365200000,1685372400000,-1,1,-0.006049626070778427,0.006049626070778427,0.24811064000000219,True,target,0.003972351287787501,0.010726782538863056,0.009636895542935786,0.00489373601789711,0,mean_strength|hold12|tp0.01000,False,1,-1,high,low,0.9
btcusdt_clarity_hold12_v1,BTCUSDT,1,462,1685376000000,1685415600000,1,1,0.003079946169077012,0.003079946169077012,0.2458484899999978,True,target,0.003203641424098347,0.001101704743128984,0.0030840484750087604,0.006284065870346911,0,mean_strength|hold12|tp0.01000,False,1,1,mid,low,0.9
btcusdt_clarity_hold12_v1,BTCUSDT,1,463,1685505600000,1685505600000,-1,1,0.004159971427316146,0.004159971427316146,0.24605610499999928,True,target_entry_bar,0.005983078532494024,0.0034173289041422583,0.007161341237359342,0.011555049828399389,0,mean_strength|hold12|tp0.01000,False,1,1,mid,low,0.9
btcusdt_clarity_hold12_v1,BTCUSDT,1,464,1685509200000,1685552400000,1,1,-0.0036719232377939257,0.0036719232377939257,-0.3582021899999978,False,max_hold,0.0025664223334134206,0.0016838684662394687,0.00027325935636346443,-0.0013367552297779417,0,mean_strength|hold12|tp0.01000,True,-1,-1,mid,low,0.9
btcusdt_clarity_hold12_v1,BTCUSDT,1,465,1685570400000,1685584800000,-1,1,-0.010733141752663091,0.010733141752663091,0.24107375500000072,True,target,-0.0011446448288552347,0.0038461538461538325,0.013721015826278937,0.011961722488038284,0,mean_strength|hold12|tp0.01000,False,1,-1,high,low,0.8
btcusdt_clarity_hold12_v1,BTCUSDT,1,466,1685588400000,1685631600000,-1,1,-0.0030050740315763222,0.0030050740315763222,-0.22576872500000292,False,max_hold,-0.0010684159799168036,-0.00033621481885481863,-0.004792929028787585,-0.004318492562181087,0,mean_strength|hold12|tp0.01000,True,-1,-1,mid,mid,0.9
btcusdt_clarity_hold12_v1,BTCUSDT,1,467,1685635200000,1685635200000,1,1,0.000294445094428382,0.000294445094428382,0.23926458,True,target_entry_bar,-0.0049112104841420035,-0.008467222285817755,-0.007806239822162553,-0.0010782507228341842,0,mean_strength|hold12|tp0.01000,False,1,0,low,low,0.8
btcusdt_clarity_hold12_v1,BTCUSDT,1,468,1685642400000,1685685600000,1,1,0.0006237454537510274,0.0006237454537510274,0.14904411999999925,True,max_hold,-0.004039242595649251,-0.002933921848630394,-0.006698688822536658,0.003727675673670827,0,mean_strength|hold12|tp0.01000,False,1,0,low,low,0.8
btcusdt_clarity_hold12_v1,BTCUSDT,1,469,1685707200000,1685750400000,-1,1,-0.007544678785313003,0.007544678785313003,-0.15278298499999782,False,max_hold,0.006948598096335079,0.00012184045546170807,-0.0036404451237974644,-0.0026694136151170778,0,mean_strength|hold12|tp0.01000,True,-1,-1,high,low,0.8
btcusdt_clarity_hold12_v1,BTCUSDT,1,470,1685797200000,1685840400000,-1,1,-0.006055222673173155,0.006055222673173155,0.10962343999999782,True,max_hold,-3.682278299232955e-05,-0.003034197318565024,0.0026586049320433958,0.004709633944714242,0,mean_strength|hold12|tp0.01000,False,1,-1,high,low,0.7
btcusdt_clarity_hold12_v1,BTCUSDT,1,471,1685905200000,1685948400000,1,1,0.006464033426918221,0.006464033426918221,-0.47367866000000003,False,max_hold,0.0010365741591620292,0.0005918029773939182,-0.006131225877595958,-0.014181216688108789,0,mean_strength|hold12|tp0.01000,True,-1,1,high,low,0.7
btcusdt_clarity_hold12_v1,BTCUSDT,1,472,1685955600000,1685977200000,-1,1,-0.007909968227584064,0.007909968227584064,0.23849258999999925,True,target,0.002491827776221145,0.0030895675726160254,0.028975436630241824,0.04207714579247224,0,mean_strength|hold12|tp0.01000,False,1,-1,high,low,0.6
btcusdt_clarity_hold12_v1,BTCUSDT,1,473,1685980800000,1685980800000,-1,1,-0.006335611552850631,0.006335611552850631,0.2313661000000029,True,target_entry_bar,0.0021165415865532777,0.006911709979532277,0.003911337840352247,0.00045742107548218947,0,mean_strength|hold12|tp0.01000,False,1,-1,high,mid,0.6
btcusdt_clarity_hold12_v1,BTCUSDT,1,474,1685984400000,1685988000000,-1,1,0.0053921300486311895,0.0053921300486311895,0.2295795000000029,True,target,0.007233259006611759,0.004723760983909808,0.0010682847619861713,-0.0005127766857533356,0,mean_strength|hold12|tp0.01000,False,1,1,mid,high,0.6
btcusdt_clarity_hold12_v1,BTCUSDT,1,475,1685991600000,1686034800000,-1,1,-0.011215707759068902,0.011215707759068902,-0.237712745,False,max_hold,-8.197201241277874e-05,-0.00302125417179,-0.0004332806370395126,-0.0034311142338545597,0,mean_strength|hold12|tp0.01000,True,-1,-1,high,high,0.7
btcusdt_clarity_hold12_v1,BTCUSDT,1,476,1686056400000,1686060000000,1,1,-0.0038601860127534756,0.0038601860127534756,0.2271686099999978,True,target,0.011438569206843052,0.024918351477449585,0.05261275272161736,0.053044323483670164,0,mean_strength|hold12|tp0.01000,False,1,-1,mid,high,0.6
btcusdt_clarity_hold12_v1,BTCUSDT,1,477,1686124800000,1686128400000,-1,1,-0.00786158759096435,0.00786158759096435,0.2383964950000007,True,target,0.012443071827408225,-0.0029168112017485814,0.014173762872947138,0.017120413575480886,0,mean_strength|hold12|tp0.01000,False,1,-1,high,mid,0.7
btcusdt_clarity_hold12_v1,BTCUSDT,1,478,1686139200000,1686146400000,-1,1,-0.0005552736633762162,0.0005552736633762162,0.2392853950000007,True,target,-0.0004926659948494283,0.01713507259358782,0.012428619415518982,0.015574963609898074,0,mean_strength|hold12|tp0.01000,False,1,0,low,high,0.7
btcusdt_clarity_hold12_v1,BTCUSDT,1,479,1686150000000,1686193200000,1,1,0.004435764283081048,0.004435764283081048,-0.09784978999999928,False,max_hold,-0.0007746668742572016,0.004788504551167749,-0.007290982345949493,-7.215034613183846e-05,0,mean_strength|hold12|tp0.01000,True,-1,1,mid,high,0.7
btcusdt_clarity_hold12_v1,BTCUSDT,1,480,1686225600000,1686236400000,1,1,0.004256051865133569,0.004256051865133569,0.23507635499999927,True,target,-0.0021854452372039868,0.009762663672077343,0.0033348835626538786,-7.183989534065294e-05,0,mean_strength|hold12|tp0.01000,False,1,1,mid,mid,0.7
btcusdt_clarity_hold12_v1,BTCUSDT,1,481,1686243600000,1686286800000,1,1,-0.0006609616054117645,0.0006609616054117645,-0.05143916499999927,False,max_hold,0.0022927116697890604,0.0056958965371365355,0.0004041518099957564,0.0007856409016739896,0,mean_strength|hold12|tp0.01000,True,-1,0,low,low,0.7
btcusdt_clarity_hold12_v1,BTCUSDT,1,482,1686355200000,1686369600000,-1,1,-0.012551294053948912,0.012551294053948912,0.23554508500000002,True,target,0.0025556689728175597,0.005232316358549816,0.03497410305848547,0.032100865751767405,0,mean_strength|hold12|tp0.01000,False,1,-1,high,low,0.7
btcusdt_clarity_hold12_v1,BTCUSDT,1,483,1686373200000,1686373200000,-1,1,-0.011932739708397528,0.011932739708397528,0.22922658000000146,True,target_entry_bar,-0.0008351434643163458,-0.006100860236976979,-0.00839456411784556,-0.019816033186170312,0,mean_strength|hold12|tp0.01000,False,1,-1,high,mid,0.7
btcusdt_clarity_hold12_v1,BTCUSDT,1,484,1686376800000,1686416400000,-1,1,-0.011575084695983546,0.011575084695983546,-0.5381211500000029,False,stop,-0.004360277208639074,-0.004567909456669517,-0.0029773680849647377,-0.00012928045632087937,0,mean_strength|hold12|tp0.01000,True,-1,-1,high,mid,0.7
btcusdt_clarity_hold12_v1,BTCUSDT,1,485,1686423600000,1686427200000,1,1,0.0008990818422563434,0.0008990818422563434,0.2271625599999978,True,target,9.713188956483876e-05,0.004856594478246379,0.0029644652695215434,-0.0003962981094248752,0,mean_strength|hold12|tp0.01000,False,1,0,low,high,0.6
btcusdt_clarity_hold12_v1,BTCUSDT,1,486,1686499200000,1686502800000,1,1,0.003925649977062803,0.003925649977062803,0.229028975,True,target,0.0028113024412312893,0.0062297224660574635,0.000924210843816109,-0.0021345790200272274,0,mean_strength|hold12|tp0.01000,False,1,1,mid,mid,0.7
btcusdt_clarity_hold12_v1,BTCUSDT,1,487,1686675600000,1686718800000,1,1,-0.0003275644534518856,0.0003275644534518856,0.07319388500000074,True,max_hold,0.0024445899403768845,0.0009220481867031616,0.004102727015624419,0.0008174460814889262,0,mean_strength|hold12|tp0.01000,False,1,0,low,low,0.7
btcusdt_clarity_hold12_v1,BTCUSDT,1,488,1686722400000,1686765600000,-1,1,-0.005902038847030635,0.005902038847030635,-0.22631100999999929,False,max_hold,-0.00019320610067574684,-0.0035936334725705787,-0.004934483811260826,-0.001004671723514372,0,mean_strength|hold12|tp0.01000,True,-1,-1,high,low,0.7
btcusdt_clarity_hold12_v1,BTCUSDT,1,489,1686769200000,1686772800000,-1,1,-0.006638282333476669,0.006638282333476669,0.23056119500000147,True,target,0.03636433943659256,0.032501305079174814,0.03119815935500081,0.034256878250613965,0,mean_strength|hold12|tp0.01000,False,1,-1,high,low,0.6
btcusdt_clarity_hold12_v1,BTCUSDT,1,490,1686776400000,1686819600000,-1,1,-0.01280752339767834,0.01280752339767834,-0.07792613500000001,False,max_hold,0.0033778400943245135,-0.003533188872247628,0.0019916509990121067,0.006723813772664955,0,mean_strength|hold12|tp0.01000,True,-1,-1,high,high,0.7
btcusdt_clarity_hold12_v1,BTCUSDT,1,491,1686902400000,1686927600000,1,1,0.008343124003363213,0.008343124003363213,0.22716673999999779,True,target,0.0018641810918773594,-0.0027884389441529267,0.002670948539202689,0.03383332027884389,0,mean_strength|hold12|tp0.01000,False,1,1,high,low,0.6
btcusdt_clarity_hold12_v1,BTCUSDT,1,492,1686960000000,1686978000000,1,1,0.007761857344859755,0.007761857344859755,0.23437106500000002,True,target,-0.004284828968029064,-0.0018515631831678148,0.013401971705681248,0.007953737534265315,0,mean_strength|hold12|tp0.01000,False,1,1,high,low,0.7
btcusdt_clarity_hold12_v1,BTCUSDT,1,493,1687118400000,1687118400000,-1,1,0.00022275944001694318,0.00022275944001694318,0.23715544499999924,True,target_entry_bar,0.0022145129960924326,0.004992101822249406,0.0009749903634672652,0.0021049210560128984,0,mean_strength|hold12|tp0.01000,False,1,0,low,low,0.7
btcusdt_clarity_hold12_v1,BTCUSDT,1,494,1687176000000,1687197600000,1,1,0.002609375887393801,0.002609375887393801,0.235257545,True,target,-2.639378011726201e-05,-0.0034047976351173626,-0.0014177230462947277,0.0169674300753353,0,mean_strength|hold12|tp0.01000,False,1,1,low,low,0.7
btcusdt_clarity_hold12_v1,BTCUSDT,1,495,1687201200000,1687204800000,1,1,-0.0007468740048994252,0.0007468740048994252,0.23570733,True,target,0.0014509162892535343,0.0026506403527188915,0.008244353798626314,0.005533727242734265,0,mean_strength|hold12|tp0.01000,False,1,0,low,low,0.8
btcusdt_clarity_hold12_v1,BTCUSDT,1,496,1687251600000,1687273200000,1,1,0.005501274035825174,0.005501274035825174,0.23801989999999856,True,target,-0.00018680345661115094,0.002753482950448527,0.010763615169935292,0.05062747281075697,0,mean_strength|hold12|tp0.01000,False,1,1,mid,low,0.8
btcusdt_clarity_hold12_v1,BTCUSDT,1,497,1687478400000,1687514400000,1,1,-0.0010009560262726265,0.0010009560262726265,0.2658566050000014,True,target,-0.002553290778486983,6.333227779542483e-05,0.00019333011116473564,0.0029932834452759405,0,mean_strength|hold12|tp0.01000,False,1,0,low,mid,0.8
btcusdt_clarity_hold12_v1,BTCUSDT,1,498,1687518000000,1687532400000,1,1,0.0024765755403578908,0.0024765755403578908,0.2675417199999993,True,target,-0.0011618141562075301,0.0049659256505329985,0.03675979990240763,0.018194009686210766,0,mean_strength|hold12|tp0.01000,False,1,1,low,mid,0.8
btcusdt_clarity_hold12_v1,BTCUSDT,1,499,1687536000000,1687546800000,1,1,0.0003773241709638267,0.0003773241709638267,-0.65902971,False,stop,0.004576975529423821,-0.006969997169544273,-0.01474731749993563,-0.012759565653706617,0,mean_strength|hold12|tp0.01000,True,-1,0,low,high,0.9
btcusdt_clarity_hold12_v1,BTCUSDT,1,500,1687618800000,1687618800000,-1,1,-0.0007082888303878182,0.0007082888303878182,0.2730374600000022,True,target_entry_bar,-0.00372150874110333,-0.007992524077931051,-0.003570147642879995,-0.011552800344839964,0,mean_strength|hold12|tp0.01000,False,1,0,low,high,0.8
btcusdt_clarity_hold12_v1,BTCUSDT,1,501,1687626000000,1687669200000,-1,1,-0.005644963207911595,0.005644963207911595,-0.425252785,False,max_hold,-0.0020116249022807953,0.002237319403512239,0.0015733196390196325,-0.00909319874526937,0,mean_strength|hold12|tp0.01000,True,-1,-1,mid,low,0.9
btcusdt_clarity_hold12_v1,BTCUSDT,1,502,1687741200000,1687741200000,-1,1,-0.0028457053314252375,0.0028457053314252375,0.2703669100000022,True,target_entry_bar,-0.0015248955778028872,-0.002310548299409909,-0.007611217927467884,-0.015421335278127613,0,mean_strength|hold12|tp0.01000,False,1,-1,low,low,0.8
btcusdt_clarity_hold12_v1,BTCUSDT,1,503,1687748400000,1687791600000,-1,1,-0.0006672468766454093,0.0006672468766454093,-0.2204193850000022,False,max_hold,0.001627868581806191,-0.0062671289417202125,0.0009179461779759146,-0.003813769192669625,0,mean_strength|hold12|tp0.01000,True,-1,0,low,low,0.8
btcusdt_clarity_hold12_v1,BTCUSDT,1,504,1687878000000,1687878000000,-1,1,-0.0006911884450745365,0.0006911884450745365,0.2741111799999993,True,target_entry_bar,-0.006825770646234242,-0.006232082762058999,-0.0075211398807375485,0.0014956998628942175,0,mean_strength|hold12|tp0.01000,False,1,0,low,low,0.7
btcusdt_clarity_hold12_v1,BTCUSDT,1,505,1687910400000,1687917600000,-1,1,-0.00763671206896777,0.00763671206896777,0.27313410500000074,True,target,0.00352933102837516,0.005192691670451999,0.007931191116543057,0.0166368743198686,0,mean_strength|hold12|tp0.01000,False,1,-1,high,low,0.7
btcusdt_clarity_hold12_v1,BTCUSDT,1,506,1687924800000,1687953600000,-1,1,-0.003641605992373699,0.003641605992373699,0.2709982149999993,True,target,0.0009748380193390638,0.009538314088214594,0.004654277142838392,0.007358878246998213,0,mean_strength|hold12|tp0.01000,False,1,-1,mid,low,0.7
btcusdt_clarity_hold12_v1,BTCUSDT,1,507,1688011200000,1688032800000,1,1,0.010242799579642881,0.010242799579642881,0.2684388699999993,True,target,-0.0012314374052421195,0.004147825453678866,0.015896135537562195,0.00937150347914173,0,mean_strength|hold12|tp0.01000,False,1,1,high,low,0.7
btcusdt_clarity_hold12_v1,BTCUSDT,1,508,1688122800000,1688130000000,-1,1,-0.01084392375352351,0.01084392375352351,0.27420551499999785,True,target,-0.0033173990297012956,0.02650682736902743,0.014726015205015264,0.014159630004822343,0,mean_strength|hold12|tp0.01000,False,1,-1,high,low,0.7
btcusdt_clarity_hold12_v1,BTCUSDT,2,1,1688202000000,1688245200000,1,1,0.007554772721772301,0.007554772721772301,0.09913740500000073,True,max_hold,0.0008083808722625374,0.00396632403585806,0.004281789742106801,0.004715555088198986,0,mean_strength|hold12|tp0.01000,False,1,1,high,mid,0.7
btcusdt_clarity_hold12_v1,BTCUSDT,2,2,1688248800000,1688292000000,1,1,0.0036497506207186603,0.0036497506207186603,-0.110106925,False,max_hold,0.00014393572615567507,-0.00031404158433989693,-0.0014426285280609852,-0.0020968818287688817,0,mean_strength|hold12|tp0.01000,True,-1,1,mid,low,0.8
btcusdt_clarity_hold12_v1,BTCUSDT,2,3,1688295600000,1688310000000,-1,1,-0.006292804340290132,0.006292804340290132,0.2715290250000014,True,target,0.0006058184771360331,-0.0016144243742057807,0.003372935305136049,-0.002472394325609528,0,mean_strength|hold12|tp0.01000,False,1,-1,high,low,0.7
btcusdt_clarity_hold12_v1,BTCUSDT,2,4,1688313600000,1688356800000,-1,1,-0.01055204932034551,0.01055204932034551,-0.3055732550000015,False,max_hold,0.004064348918791594,0.0001832556678360575,-0.002892821613696972,-0.0038614587151160062,0,mean_strength|hold12|tp0.01000,True,-1,-1,high,low,0.8
btcusdt_clarity_hold12_v1,BTCUSDT,2,5,1688396400000,1688396400000,1,1,0.0004292548356102915,0.0004292548356102915,0.273511155,True,target_entry_bar,-0.0010428736964078755,0.0042970258787176085,-0.0007692802883997318,0.003920432599459289,0,mean_strength|hold12|tp0.01000,False,1,0,low,low,0.7
btcusdt_clarity_hold12_v1,BTCUSDT,2,6,1688536800000,1688551200000,-1,1,-0.0032583120550219013,0.0032583120550219013,0.27420155500000143,True,target,0.0011168722382572938,0.004266192212413422,0.015918676116791097,0.009967435382122858,0,mean_strength|hold12|tp0.01000,False,1,-1,mid,low,0.8
btcusdt_clarity_hold12_v1,BTCUSDT,2,7,1688619600000,1688626800000,1,1,0.0008708259426042888,0.0008708259426042888,0.2710177249999971,True,target,0.00341449853640996,0.024529443508691573,0.008421775604650739,-0.009540318228647093,0,mean_strength|hold12|tp0.01000,False,1,0,low,low,0.8
btcusdt_clarity_hold12_v1,BTCUSDT,2,8,1688644800000,1688644800000,-1,1,-0.00177543745615696,0.00177543745615696,0.27447026000000074,True,target_entry_bar,0.007424334556010992,0.0064828073203742065,0.007215106281424966,0.017938055353955318,0,mean_strength|hold12|tp0.01000,False,1,-1,low,mid,0.8
btcusdt_clarity_hold12_v1,BTCUSDT,2,9,1688655600000,1688698800000,1,1,0.00018647804808515802,0.00018647804808515802,-0.15126780499999856,False,max_hold,-0.002859465026669672,-0.0007370772911092782,-0.006021658226473603,-0.008825184351585857,0,mean_strength|hold12|tp0.01000,True,-1,0,low,mid,0.8
btcusdt_clarity_hold12_v1,BTCUSDT,2,10,1688832000000,1688875200000,-1,1,-0.006927211032598055,0.006927211032598055,-0.1291526149999978,False,max_hold,0.00015208924332299478,0.0048073426041645995,0.0011043001580406386,-0.000691014170749904,0,mean_strength|hold12|tp0.01000,True,-1,-1,high,low,0.7
btcusdt_clarity_hold12_v1,BTCUSDT,2,11,1688986800000,1689012000000,1,1,0.0031012000641883,0.0031012000641883,0.26852704500000146,True,target,-0.0024651324388266227,0.002491603659646291,0.0014195192164518922,0.005803815164700632,0,mean_strength|hold12|tp0.01000,False,1,1,mid,low,0.6
btcusdt_clarity_hold12_v1,BTCUSDT,2,12,1689015600000,1689019200000,1,1,0.0033002514893229907,0.0033002514893229907,0.2715440250000029,True,target,-0.0016642605719475734,-0.015974306152573448,-0.008188291780888646,-0.009602751058411352,0,mean_strength|hold12|tp0.01000,False,1,1,mid,low,0.6
btcusdt_clarity_hold12_v1,BTCUSDT,2,13,1689048000000,1689087600000,1,1,0.0036420609890586673,0.0036420609890586673,0.2711085399999993,True,target,0.0004633615731948204,0.0032435310123628547,-0.0014722410268881436,0.006611939611827822,0,mean_strength|hold12|tp0.01000,False,1,1,mid,mid,0.7
btcusdt_clarity_hold12_v1,BTCUSDT,2,14,1689163200000,1689177600000,-1,1,-0.0018250916727084185,0.0018250916727084185,0.273844125,True,target,0.001917985756757612,0.006483377999498496,0.006538735822698594,0.01189867564548841,0,mean_strength|hold12|tp0.01000,False,1,-1,low,low,0.7
btcusdt_clarity_hold12_v1,BTCUSDT,2,15,1689224400000,1689242400000,1,1,0.00460844085281712,0.00460844085281712,0.26950367999999997,True,target,0.002217229057578596,0.003032192714158999,0.007341271805227034,0.024752458913623876,0,mean_strength|hold12|tp0.01000,False,1,1,mid,low,0.8
btcusdt_clarity_hold12_v1,BTCUSDT,2,16,1689246000000,1689260400000,1,1,0.006099890472173069,0.006099890472173069,0.2719988699999993,True,target,-0.0009596928982725794,0.0009531420935062762,0.017284298376055496,0.029842191113178318,0,mean_strength|hold12|tp0.01000,False,1,1,high,low,0.8
btcusdt_clarity_hold12_v1,BTCUSDT,2,17,1689264000000,1689271200000,1,1,0.0034196920550247627,0.0034196920550247627,0.27510578499999927,True,target,0.007898776241363592,0.025497405475922275,0.015469788965727593,0.01828336291858812,0,mean_strength|hold12|tp0.01000,False,1,1,mid,low,0.8
btcusdt_clarity_hold12_v1,BTCUSDT,2,18,1689274800000,1689274800000,1,1,0.003811565645549481,0.003811565645549481,0.27803821999999856,True,target_entry_bar,-0.007458719138244141,-0.009778295348822463,-0.006028366550002162,-0.015968051239533376,0,mean_strength|hold12|tp0.01000,False,1,1,mid,low,0.8
btcusdt_clarity_hold12_v1,BTCUSDT,2,19,1689278400000,1689321600000,1,1,0.0014496329981114647,0.0014496329981114647,-0.554991765,False,max_hold,-0.0038578155836619388,0.0024485969985557077,0.0026494584710934355,-0.0039630287359437855,0,mean_strength|hold12|tp0.01000,True,-1,0,low,mid,0.8
btcusdt_clarity_hold12_v1,BTCUSDT,2,20,1689393600000,1689436800000,1,1,0.002143632402859935,0.002143632402859935,-0.03411987999999928,False,max_hold,-0.00012878555224238308,0.0011458611955921238,0.0008783835101657811,-0.0004590049169663768,0,mean_strength|hold12|tp0.01000,True,-1,1,low,mid,0.8
btcusdt_clarity_hold12_v1,BTCUSDT,2,21,1689454800000,1689498000000,-1,1,-0.004211470570387745,0.004211470570387745,-0.04710403999999928,False,max_hold,0.0005381544932598903,-3.961873570013097e-05,0.0037835892593608422,-4.292029700847522e-05,0,mean_strength|hold12|tp0.01000,True,-1,-1,mid,low,0.8
btcusdt_clarity_hold12_v1,BTCUSDT,2,22,1689897600000,1689940800000,1,1,0.0025260345157494556,0.0025260345157494556,-0.07386388500000218,False,max_hold,0.0031472313097453686,0.003765257522117871,0.0022437038579614654,0.002760964927012388,0,mean_strength|hold12|tp0.01000,True,-1,1,low,low,0.7
btcusdt_clarity_hold12_v1,BTCUSDT,2,23,1690066800000,1690110000000,1,1,0.002375206608525059,0.002375206608525059,0.038172370000000004,True,max_hold,-0.0004566286702368805,0.003041952759077926,0.004267463528463633,0.0032904124767068055,0,mean_strength|hold12|tp0.01000,False,1,1,low,low,0.6
btcusdt_clarity_hold12_v1,BTCUSDT,2,24,1690128000000,1690135200000,1,1,-0.001307030651395633,0.001307030651395633,0.26594456,True,target,0.00564441520184622,0.004742644725811651,0.0021141507827033834,-0.005520839247722953,0,mean_strength|hold12|tp0.01000,False,1,0,low,low,0.6
btcusdt_clarity_hold12_v1,BTCUSDT,2,25,1690138800000,1690146000000,-1,1,-0.003424998019427705,0.003424998019427705,0.26912024999999706,True,target,-0.0015955802427276566,0.0026160867729720927,0.005926915776632069,0.008865442723655415,0,mean_strength|hold12|tp0.01000,False,1,-1,mid,low,0.6
btcusdt_clarity_hold12_v1,BTCUSDT,2,26,1690156800000,1690164000000,-1,1,-0.003976629387214339,0.003976629387214339,0.2677039499999985,True,target,0.0031999146689422053,0.00983973760699719,0.007859790405589151,0.025909309085091037,0,mean_strength|hold12|tp0.01000,False,1,-1,mid,low,0.6
btcusdt_clarity_hold12_v1,BTCUSDT,2,27,1690167600000,1690189200000,-1,1,-0.0040352683185433825,0.0040352683185433825,0.2651166249999971,True,target,-0.0023631907788430606,-0.0019996229667134102,0.01829957987719477,0.020864752773887774,0,mean_strength|hold12|tp0.01000,False,1,-1,mid,low,0.6
btcusdt_clarity_hold12_v1,BTCUSDT,2,28,1690192800000,1690210800000,-1,1,-0.004065277865843304,0.004065277865843304,0.259598185,True,target,0.001637800434017067,0.004647258731523496,0.007148316477637251,0.0053023789051303005,0,mean_strength|hold12|tp0.01000,False,1,-1,mid,mid,0.6
btcusdt_clarity_hold12_v1,BTCUSDT,2,29,1690333200000,1690376400000,-1,1,6.812925748051066e-07,6.812925748051066e-07,-0.10879684500000072,False,max_hold,-0.005463411283953112,-0.002228632258507668,-0.002894818172452851,-0.005985371381477256,0,mean_strength|hold12|tp0.01000,True,-1,0,low,low,0.6
btcusdt_clarity_hold12_v1,BTCUSDT,2,30,1690380000000,1690401600000,1,1,0.0032735061467717877,0.0032735061467717877,0.2606977949999985,True,target,0.00177746178457161,-0.00018800076567582202,0.01049386092045168,0.005646859361754464,0,mean_strength|hold12|tp0.01000,False,1,1,mid,low,0.6
btcusdt_clarity_hold12_v1,BTCUSDT,2,31,1690459200000,1690477200000,-1,1,-0.006071529237674499,0.006071529237674499,0.2625350199999993,True,target,0.0018957828158648882,0.007071032506401287,0.012036016482118939,0.007820528038254726,0,mean_strength|hold12|tp0.01000,False,1,-1,high,low,0.7
btcusdt_clarity_hold12_v1,BTCUSDT,2,32,1690520400000,1690563600000,1,1,0.004321763069045327,0.004321763069045327,0.05056395000000291,True,max_hold,0.00011997806115449094,-0.0010283833813246046,0.0007987110928286967,0.002516111339640803,0,mean_strength|hold12|tp0.01000,False,1,1,mid,low,0.8
btcusdt_clarity_hold12_v1,BTCUSDT,2,33,1690707600000,1690750800000,-1,1,-0.003793110387207837,0.003793110387207837,-0.017389299999997092,False,max_hold,1.0249437135123607e-05,-0.0012811796418845667,-0.002295873918257252,0.002555526325679347,0,mean_strength|hold12|tp0.01000,True,-1,-1,mid,low,0.9
btcusdt_clarity_hold12_v1,BTCUSDT,2,34,1690754400000,1690797600000,-1,1,-0.0008474301805860395,0.0008474301805860395,-0.2285066250000029,False,max_hold,-0.004299075681573283,-0.010176423361170528,-0.008340824406947167,-0.007983997694350542,0,mean_strength|hold12|tp0.01000,True,-1,0,low,low,0.8
btcusdt_clarity_hold12_v1,BTCUSDT,2,35,1690815600000,1690855200000,-1,1,-0.0024360922979079006,0.0024360922979079006,0.26075820999999927,True,target,0.0005542004632020925,0.0017481261524461278,2.394693359519806e-05,0.01406711299189567,0,mean_strength|hold12|tp0.01000,False,1,-1,low,low,0.7
btcusdt_clarity_hold12_v1,BTCUSDT,2,36,1690902000000,1690912800000,1,1,0.005329444292216847,0.005329444292216847,0.25642744499999925,True,target,-0.0007186563889590714,0.01100788103472694,0.010092285154562841,0.023480715477716352,0,mean_strength|hold12|tp0.01000,False,1,1,mid,low,0.7
btcusdt_clarity_hold12_v1,BTCUSDT,2,37,1690934400000,1690938000000,1,1,0.0027456214757237297,0.0027456214757237297,0.26434883000000076,True,target,0.0006305170239595537,-0.00651646051890209,-0.008867484102921819,-0.012264897641598105,0,mean_strength|hold12|tp0.01000,False,1,1,low,mid,0.7
btcusdt_clarity_hold12_v1,BTCUSDT,2,38,1690941600000,1690984800000,1,1,0.0027456214757237297,0.0027456214757237297,-0.4804893149999978,False,max_hold,-0.0059530401108729425,-0.005194648304189031,-0.010684599612750478,-0.01801683898268125,0,mean_strength|hold12|tp0.01000,True,-1,1,low,mid,0.7
btcusdt_clarity_hold12_v1,BTCUSDT,2,39,1690992000000,1690992000000,-1,1,-0.00040260227480143194,0.00040260227480143194,0.26093357,True,target_entry_bar,-0.004246196689896786,-0.004397846571678743,-0.005507647979265284,-0.003856732220774539,0,mean_strength|hold12|tp0.01000,False,1,0,low,mid,0.6
btcusdt_clarity_hold12_v1,BTCUSDT,2,40,1691164800000,1691172000000,-1,1,-0.008221452256671655,0.008221452256671655,0.26039230999999785,True,target,0.002177651213433829,0.007886721113644746,0.007144883887090336,0.00706625597828503,0,mean_strength|hold12|tp0.01000,False,1,-1,high,low,0.7
btcusdt_clarity_hold12_v1,BTCUSDT,2,41,1691197200000,1691240400000,-1,1,-0.005382080935351888,0.005382080935351888,0.05434813499999928,True,max_hold,-0.0001754476495174906,0.0008084352477768508,0.0010526858971050546,0.0017923181450710812,0,mean_strength|hold12|tp0.01000,False,1,-1,mid,low,0.7
btcusdt_clarity_hold12_v1,BTCUSDT,2,42,1691413200000,1691424000000,-1,1,-0.004925375459479286,0.004925375459479286,0.2587985600000022,True,target,3.790567689210267e-05,0.003073805798879392,-0.0043246931363156715,-0.004183408340627137,0,mean_strength|hold12|tp0.01000,False,1,-1,mid,low,0.7
btcusdt_clarity_hold12_v1,BTCUSDT,2,43,1691442000000,1691485200000,-1,1,-0.005882657809053765,0.005882657809053765,-0.029587715000000004,False,max_hold,0.0004694304814575334,-0.002384843905798739,5.13974979697851e-05,-0.00024328149039054559,0,mean_strength|hold12|tp0.01000,True,-1,-1,high,low,0.7
btcusdt_clarity_hold12_v1,BTCUSDT,2,44,1691488800000,1691496000000,1,1,0.0016768238260583643,0.0016768238260583643,0.2598128549999985,True,target,0.004742378564039251,0.001980258867633422,0.015128494900833456,0.015954740842156312,0,mean_strength|hold12|tp0.01000,False,1,1,low,low,0.7
btcusdt_clarity_hold12_v1,BTCUSDT,2,45,1691503200000,1691510400000,1,1,0.0021653794006391744,0.0021653794006391744,0.2611405400000022,True,target,0.0032424605993455202,0.012660551082349647,0.01852009203965732,0.00876891860200324,0,mean_strength|hold12|tp0.01000,False,1,1,low,low,0.8
btcusdt_clarity_hold12_v1,BTCUSDT,2,46,1691557200000,1691582400000,1,1,0.007577816544851182,0.007577816544851182,0.26469569999999853,True,target,-0.00042725122708575647,0.003317084329972575,0.005120286359247439,-0.007518948760130373,0,mean_strength|hold12|tp0.01000,False,1,1,high,low,0.8
btcusdt_clarity_hold12_v1,BTCUSDT,2,47,1691589600000,1691632800000,1,1,0.005333382407195726,0.005333382407195726,-0.3214120749999971,False,max_hold,0.00014792402084395917,-0.00818961169944521,-0.008455202555051278,-0.006044713397209578,0,mean_strength|hold12|tp0.01000,True,-1,1,mid,low,0.8
btcusdt_clarity_hold12_v1,BTCUSDT,2,48,1691856000000,1691899200000,1,1,0.0007428172237407229,0.0007428172237407229,-0.07136343,False,max_hold,-0.0008897824447962055,-0.00128712804037312,-0.0008965746771991689,-0.002295774552222185,0,mean_strength|hold12|tp0.01000,True,-1,0,low,low,0.7
btcusdt_clarity_hold12_v1,BTCUSDT,2,49,1691964000000,1692007200000,-1,1,-0.004041407422657171,0.004041407422657171,-0.09151239000000073,False,max_hold,0.00046746511072437436,0.001726549970996638,-0.003306377315999587,-0.0038113761217457576,0,mean_strength|hold12|tp0.01000,True,-1,-1,mid,low,0.7
btcusdt_clarity_hold12_v1,BTCUSDT,2,50,1692018000000,1692028800000,1,1,0.004343278572291018,0.004343278572291018,0.26141287500000143,True,target,0.005027913943355111,0.008935866013071836,-0.0007557189542484188,0.0007693355119824385,0,mean_strength|hold12|tp0.01000,False,1,1,mid,low,0.6
btcusdt_clarity_hold12_v1,BTCUSDT,2,51,1692036000000,1692079200000,1,1,0.000658955752960786,0.000658955752960786,-0.1621677199999993,False,max_hold,0.0013167230651676132,0.0025618109376706055,0.0037113852199541775,0.0016544318305862227,0,mean_strength|hold12|tp0.01000,True,-1,0,low,low,0.6
btcusdt_clarity_hold12_v1,BTCUSDT,2,52,1692226800000,1692230400000,-1,1,-0.002022186276194222,0.002022186276194222,0.2571888599999993,True,target,0.005150725768255704,0.004858189619145747,0.0014870587579751682,0.006073607667233194,0,mean_strength|hold12|tp0.01000,False,1,-1,low,low,0.5
btcusdt_clarity_hold12_v1,BTCUSDT,2,53,1692255600000,1692277200000,-1,1,-0.01428795755712725,0.01428795755712725,0.2552300900000022,True,target,0.00236605738650264,0.0028203963233495166,0.0076783280327124,0.025289204207877503,0,mean_strength|hold12|tp0.01000,False,1,-1,high,low,0.5
btcusdt_clarity_hold12_v1,BTCUSDT,2,54,1692280800000,1692288000000,1,1,0.004031680706873015,0.004031680706873015,-0.5991358499999971,False,stop,-0.01645413555023245,-0.014861913484570999,-0.025521347048048426,-0.06754262364379315,0,mean_strength|hold12|tp0.01000,True,-1,1,mid,low,0.6
btcusdt_clarity_hold12_v1,BTCUSDT,2,55,1692291600000,1692302400000,-1,1,-0.007058388648002405,0.007058388648002405,0.24854865499999856,True,target,0.003257515348940254,0.010820243080014724,0.048501578697065284,0.05500945787936096,0,mean_strength|hold12|tp0.01000,False,1,-1,high,mid,0.5
btcusdt_clarity_hold12_v1,BTCUSDT,2,56,1692306000000,1692306000000,-1,1,-0.0006413498013075469,0.0006413498013075469,0.24623751500000002,True,target_entry_bar,-0.020579126015717986,-0.018038163954910313,-0.005180972117988958,-0.007238122811896508,0,mean_strength|hold12|tp0.01000,False,1,0,low,mid,0.5
btcusdt_clarity_hold12_v1,BTCUSDT,2,57,1692313200000,1692313200000,-1,1,-0.006577938815433062,0.006577938815433062,0.23849302999999927,True,target_entry_bar,-0.004272877935489694,0.005227417069715301,0.006839611119253464,0.0048929525699275,0,mean_strength|hold12|tp0.01000,False,1,-1,high,high,0.5
btcusdt_clarity_hold12_v1,BTCUSDT,2,58,1692316800000,1692327600000,-1,1,-0.013833342713495199,0.013833342713495199,0.23689037000000002,True,target,0.004516640846598863,0.012629380991939665,0.008756370821078163,0.015170225345577326,0,mean_strength|hold12|tp0.01000,False,1,-1,high,high,0.6
btcusdt_clarity_hold12_v1,BTCUSDT,2,59,1692331200000,1692367200000,-1,1,-0.006884136386162448,0.006884136386162448,0.2348349550000007,True,target,-0.006516456814667615,-0.005987066109092609,-0.006897313437383534,0.013977438053670355,0,mean_strength|hold12|tp0.01000,False,1,-1,high,high,0.7
btcusdt_clarity_hold12_v1,BTCUSDT,2,60,1692385200000,1692424800000,-1,1,0.0020564517679403224,0.0020564517679403224,0.2324363,True,target,-0.0007369479607266527,-6.90888713181792e-05,0.0020035772682260866,0.00562690474179961,0,mean_strength|hold12|tp0.01000,False,1,1,low,high,0.8
btcusdt_clarity_hold12_v1,BTCUSDT,2,61,1692694800000,1692720000000,-1,1,-0.003461735467347089,0.003461735467347089,0.23190087000000145,True,target,-0.00014212948380110113,0.00015749483340110615,0.004210105790431906,0.014604764794910907,0,mean_strength|hold12|tp0.01000,False,1,-1,mid,low,0.8
btcusdt_clarity_hold12_v1,BTCUSDT,2,62,1692723600000,1692723600000,-1,1,-0.005166137015351979,0.005166137015351979,0.23154839,True,target_entry_bar,-0.00288098511103807,-0.0010184127475847404,-0.008515169703188885,-0.007903347596274868,0,mean_strength|hold12|tp0.01000,False,1,-1,mid,low,0.9
btcusdt_clarity_hold12_v1,BTCUSDT,2,63,1692727200000,1692738000000,-1,1,-0.004810272922450793,0.004810272922450793,0.22984930499999856,True,target,0.005085158056905903,0.009517778747359928,-0.004957739517894577,-0.005818779948183028,0,mean_strength|hold12|tp0.01000,False,1,-1,mid,low,0.9
btcusdt_clarity_hold12_v1,BTCUSDT,2,64,1692745200000,1692788400000,-1,1,-0.005223734283748307,0.005223734283748307,-0.19855661500000218,False,max_hold,0.0006565710862989071,0.000637373101319394,0.0006066563253521728,0.004465451306230994,0,mean_strength|hold12|tp0.01000,True,-1,-1,mid,low,0.9
btcusdt_clarity_hold12_v1,BTCUSDT,2,65,1692806400000,1692806400000,1,1,0.00022357621209262744,0.00022357621209262744,0.232594035,True,target_entry_bar,0.005595296311881048,0.008942617885993931,0.0023200009098043317,0.0023048375051650805,0,mean_strength|hold12|tp0.01000,False,1,0,low,low,0.9
btcusdt_clarity_hold12_v1,BTCUSDT,2,66,1692867600000,1692885600000,-1,1,-0.0047994722729578,0.0047994722729578,0.23572550500000072,True,target,-0.001460516856483407,0.0019486170494532606,0.016712701956184572,0.013212758712020878,0,mean_strength|hold12|tp0.01000,False,1,-1,mid,mid,0.9
btcusdt_clarity_hold12_v1,BTCUSDT,2,67,1692964800000,1692972000000,-1,1,-0.008581745985966328,0.008581745985966328,0.2321613249999971,True,target,0.0014983483679116283,0.006821125562359698,0.002165132552097271,0.002506188830215361,0,mean_strength|hold12|tp0.01000,False,1,-1,high,low,0.9
btcusdt_clarity_hold12_v1,BTCUSDT,2,68,1693209600000,1693224000000,1,1,0.0029944818924419773,0.0029944818924419773,0.23072762000000147,True,target,-0.001213741869856011,0.0015412595172774601,0.006689066304984559,0.0010210844301963284,0,mean_strength|hold12|tp0.01000,False,1,1,low,low,0.9
btcusdt_clarity_hold12_v1,BTCUSDT,2,69,1693314000000,1693317600000,1,1,0.009777975254113943,0.009777975254113943,0.23170436500000002,True,target,0.05563791951206398,0.0749802198477505,0.0685123021024574,0.05786558714405321,0,mean_strength|hold12|tp0.01000,False,1,1,high,low,0.9
btcusdt_clarity_hold12_v1,BTCUSDT,2,70,1693328400000,1693339200000,-1,1,-0.0036304148740401816,0.0036304148740401816,0.24908210500000072,True,target,-0.0028694301670366684,0.011481307455855516,0.006456217875832615,0.0152043930975857,0,mean_strength|hold12|tp0.01000,False,1,-1,mid,high,0.9
btcusdt_clarity_hold12_v1,BTCUSDT,2,71,1693342800000,1693386000000,1,1,0.0037402239195821474,0.0037402239195821474,-0.146767215,False,max_hold,-0.0009583636212402435,-0.0014248877991268616,-0.009836788867069512,-0.008603573792190566,0,mean_strength|hold12|tp0.01000,True,-1,1,mid,high,0.9
btcusdt_clarity_hold12_v1,BTCUSDT,2,72,1693476000000,1693479600000,1,1,0.0029738747346008862,0.0029738747346008862,0.24193073,True,target,0.003732948882505971,-0.0019198022824316041,-0.03556415339293795,-0.04220255017414298,0,mean_strength|hold12|tp0.01000,False,1,1,low,low,0.8
btcusdt_clarity_hold12_v1,BTCUSDT,2,73,1693483200000,1693494000000,1,1,0.0021031549421404805,0.0021031549421404805,-0.5758356949999985,False,stop,-0.0014974906912741393,-0.00990845806290197,-0.03306621337218718,-0.0419812500919835,0,mean_strength|hold12|tp0.01000,True,-1,1,low,low,0.8
btcusdt_clarity_hold12_v1,BTCUSDT,2,74,1693515600000,1693515600000,-1,1,-0.006694661148562371,0.006694661148562371,0.2314492149999978,True,target_entry_bar,-0.0011455810556260104,-0.0009533694691115091,-0.002248875562218977,-0.00028447314804136425,0,mean_strength|hold12|tp0.01000,False,1,-1,high,mid,0.7
btcusdt_clarity_hold12_v1,BTCUSDT,2,75,1693519200000,1693562400000,-1,1,-0.007815937693373026,0.007815937693373026,-0.049111165,False,max_hold,0.004408128158262525,0.0026072465326307803,0.00044926044818527355,0.002134947087102712,0,mean_strength|hold12|tp0.01000,True,-1,-1,high,mid,0.8
btcusdt_clarity_hold12_v1,BTCUSDT,2,76,1693616400000,1693659600000,1,1,0.0031382559387708488,0.0031382559387708488,-0.020473785000002187,False,max_hold,-0.0004037267080745366,0.0003338509316770377,0.0009277950310560001,0.002115683229813703,0,mean_strength|hold12|tp0.01000,True,-1,1,mid,low,0.7
btcusdt_clarity_hold12_v1,BTCUSDT,2,77,1693742400000,1693785600000,1,1,0.0031681108542158565,0.0031681108542158565,-0.009948080000001459,False,max_hold,-0.00030135144532805747,-0.0009735969772132202,0.0015724363878004688,0.0006490646514754062,0,mean_strength|hold12|tp0.01000,True,-1,1,mid,low,0.6
btcusdt_clarity_hold12_v1,BTCUSDT,2,78,1693900800000,1693944000000,1,1,0.002930708982823362,0.002930708982823362,-0.0954743999999971,False,max_hold,0.0015485778763471014,0.0027314112291350057,4.669079024166578e-05,1.1672697560305423e-05,0,mean_strength|hold12|tp0.01000,True,-1,1,low,low,0.5
btcusdt_clarity_hold12_v1,BTCUSDT,2,79,1694005200000,1694019600000,-1,1,-0.003046375297690264,0.003046375297690264,0.22878537500000146,True,target,0.004768993380932618,0.005554108835658322,0.0019161481147511594,-0.0002487494510021726,0,mean_strength|hold12|tp0.01000,False,1,-1,mid,low,0.4
btcusdt_clarity_hold12_v1,BTCUSDT,2,80,1694023200000,1694023200000,-1,1,-0.0012722920692068442,0.0012722920692068442,0.23002620499999926,True,target_entry_bar,-0.0023419752219020484,-0.003606641841729319,-0.004871308461556367,-0.0051016026917101165,0,mean_strength|hold12|tp0.01000,False,1,0,low,low,0.4
btcusdt_clarity_hold12_v1,BTCUSDT,2,81,1694030400000,1694073600000,1,1,0.0027053810693339515,0.0027053810693339515,0.030306129999998543,True,max_hold,0.00156983425199142,0.0029565860974232194,0.0025904212843035346,0.0023722805445727246,0,mean_strength|hold12|tp0.01000,False,1,1,low,low,0.4
btcusdt_clarity_hold12_v1,BTCUSDT,2,82,1694106000000,1694120400000,1,1,0.0021311738037938063,0.0021311738037938063,0.22974614499999924,True,target,-0.001118874643599832,0.0028010447974258224,0.012415650355531938,0.011833063903174734,0,mean_strength|hold12|tp0.01000,False,1,1,low,low,0.5
btcusdt_clarity_hold12_v1,BTCUSDT,2,83,1694142000000,1694167200000,1,1,0.002958901716361175,0.002958901716361175,-0.55358416,False,stop,0.0037544405311866758,-0.0009224107700985806,-0.007749012791779086,-0.015467532665538353,0,mean_strength|hold12|tp0.01000,True,-1,1,low,low,0.5
btcusdt_clarity_hold12_v1,BTCUSDT,2,84,1694170800000,1694214000000,-1,1,-0.004065473397483224,0.004065473397483224,-0.11173318499999928,False,max_hold,-0.0004026497450528854,0.0005071838134803608,0.0005381568707920614,-0.0027449872042555334,0,mean_strength|hold12|tp0.01000,True,-1,-1,mid,low,0.5
btcusdt_clarity_hold12_v1,BTCUSDT,2,85,1694311200000,1694354400000,-1,1,-0.0028491874109390753,0.0028491874109390753,-0.0006947949999992729,False,max_hold,-0.00032891427333159307,0.00027474015772399607,-0.00027860973741034023,0.003130489966179817,0,mean_strength|hold12|tp0.01000,True,-1,-1,low,low,0.4
btcusdt_clarity_hold12_v1,BTCUSDT,2,86,1694365200000,1694372400000,-1,1,-0.0020960162496394376,0.0020960162496394376,0.22949660500000071,True,target,-0.001230275682978288,-0.004742011967934889,-0.005571280070701956,-0.0077670885681693225,0,mean_strength|hold12|tp0.01000,False,1,-1,low,low,0.4
btcusdt_clarity_hold12_v1,BTCUSDT,2,87,1694383200000,1694426400000,-1,1,-0.0007233202771905164,0.0007233202771905164,0.12441603999999927,True,max_hold,0.0003831521423621753,0.006285243224205872,0.002716897009478192,0.005426053571635947,0,mean_strength|hold12|tp0.01000,False,1,0,low,low,0.5
btcusdt_clarity_hold12_v1,BTCUSDT,2,88,1694430000000,1694440800000,-1,1,-0.0031724351576230114,0.0031724351576230114,0.2287876849999978,True,target,-0.0045834814921907885,0.017700913179560684,0.014922690382503934,0.017251552248953805,0,mean_strength|hold12|tp0.01000,False,1,-1,mid,low,0.6
btcusdt_clarity_hold12_v1,BTCUSDT,2,89,1694448000000,1694487600000,-1,1,-0.0014905298354111608,0.0014905298354111608,-0.5296747699999993,False,stop,-0.0013703799328712574,0.006641377529741255,0.001425989553335616,-0.022911163631308185,0,mean_strength|hold12|tp0.01000,True,-1,0,low,mid,0.7
btcusdt_clarity_hold12_v1,BTCUSDT,2,90,1694491200000,1694512800000,1,1,0.0024470627739961496,0.0024470627739961496,0.22947689000000002,True,target,0.0004698609444593327,0.0022483428664623606,0.015416098756227514,0.01328425033880487,0,mean_strength|hold12|tp0.01000,False,1,1,low,high,0.6
btcusdt_clarity_hold12_v1,BTCUSDT,2,91,1694516400000,1694534400000,1,1,0.003175909430712949,0.003175909430712949,0.23267747999999855,True,target,0.000916158115857435,0.000387163053144679,-0.007513263209543375,-0.010020239811095122,0,mean_strength|hold12|tp0.01000,False,1,1,mid,high,0.6
btcusdt_clarity_hold12_v1,BTCUSDT,2,92,1694538000000,1694581200000,1,1,0.002891067115496036,0.002891067115496036,-0.22321121999999854,False,max_hold,0.0030280558645408018,0.006766777901371812,-0.0025259547645533065,-0.00018539117538007854,0,mean_strength|hold12|tp0.01000,True,-1,1,low,mid,0.6
btcusdt_clarity_hold12_v1,BTCUSDT,2,93,1694584800000,1694595600000,1,1,0.0020099819369104126,0.0020099819369104126,0.23036821000000002,True,target,-0.0030833625610409143,0.007550384071348892,0.009986240494571197,0.005896930897990815,0,mean_strength|hold12|tp0.01000,False,1,1,low,low,0.5
btcusdt_clarity_hold12_v1,BTCUSDT,2,94,1694685600000,1694692800000,1,1,0.006941331207929008,0.006941331207929008,0.23383530500000146,True,target,0.004217245113124823,0.009505898444178484,0.010904048175376602,0.010159381470716822,0,mean_strength|hold12|tp0.01000,False,1,1,high,mid,0.6
btcusdt_clarity_hold12_v1,BTCUSDT,2,95,1694696400000,1694696400000,1,1,0.0028015614064567907,0.0028015614064567907,0.23534659999999857,True,target_entry_bar,0.0055399368477309086,0.0013849842119326716,0.0034361157214526372,-0.0030371800517111636,0,mean_strength|hold12|tp0.01000,False,1,1,low,mid,0.7
btcusdt_clarity_hold12_v1,BTCUSDT,2,96,1694700000000,1694714400000,1,1,0.0027107620502484224,0.0027107620502484224,0.23641151999999926,True,target,-0.0014222674686259484,-0.0032337870865599694,-0.006126978542475348,-0.004558741517858955,0,mean_strength|hold12|tp0.01000,False,1,1,low,mid,0.8
btcusdt_clarity_hold12_v1,BTCUSDT,2,97,1694797200000,1694815200000,1,1,0.007618201059371288,0.007618201059371288,0.23463790000000292,True,target,0.00041409283277493714,0.0030582085356309907,0.01020036014679393,0.007620827729783564,0,mean_strength|hold12|tp0.01000,False,1,1,high,low,0.8
btcusdt_clarity_hold12_v1,BTCUSDT,2,98,1694840400000,1694883600000,1,1,0.002850993649376124,0.002850993649376124,-0.06918729000000001,False,max_hold,-0.0017946552452193787,-0.0010104361464680078,-0.0004712855160764473,0.0011838692163841369,0,mean_strength|hold12|tp0.01000,True,-1,1,low,low,0.8
btcusdt_clarity_hold12_v1,BTCUSDT,2,99,1694941200000,1694984400000,1,1,-0.00028567950129615135,0.00028567950129615135,-0.1603345999999971,False,max_hold,0.000685119726554495,-1.8821970509730335e-05,-0.0010427371662394824,-0.0033314887802233795,0,mean_strength|hold12|tp0.01000,True,-1,0,low,low,0.7
btcusdt_clarity_hold12_v1,BTCUSDT,2,100,1694998800000,1695002400000,1,1,0.0027691400077656902,0.0027691400077656902,0.23534484000000216,True,target,0.007516153302305817,0.006192886875843628,0.009527518270528557,0.029890698193174137,0,mean_strength|hold12|tp0.01000,False,1,1,low,low,0.7
btcusdt_clarity_hold12_v1,BTCUSDT,2,101,1695013200000,1695027600000,1,1,0.009895138585432358,0.009895138585432358,0.23686394499999924,True,target,-0.0008973121933087969,0.002823342131247797,0.02063442600177967,0.0042312587525483725,0,mean_strength|hold12|tp0.01000,False,1,1,high,low,0.7
btcusdt_clarity_hold12_v1,BTCUSDT,2,102,1695031200000,1695031200000,1,1,0.002847913726048822,0.002847913726048822,0.2389930150000007,True,target_entry_bar,0.002507679769293558,0.004558076757127383,0.00417823702736686,-0.009503368772748932,0,mean_strength|hold12|tp0.01000,False,1,1,low,low,0.7
btcusdt_clarity_hold12_v1,BTCUSDT,2,103,1695034800000,1695078000000,1,1,0.002204846988109742,0.002204846988109742,-0.30099422500000295,False,max_hold,0.0062535176036520035,0.0022843731952164603,-0.016071540241385796,-0.015994290906281794,0,mean_strength|hold12|tp0.01000,True,-1,1,low,low,0.8
btcusdt_clarity_hold12_v1,BTCUSDT,2,104,1695139200000,1695142800000,-1,1,-0.0029456064460683835,0.0029456064460683835,0.24401125,True,target,0.005569263823250181,0.003761727901681833,0.003725063887045632,0.008091748030225832,0,mean_strength|hold12|tp0.01000,False,1,-1,low,mid,0.7
btcusdt_clarity_hold12_v1,BTCUSDT,2,105,1695240000000,1695243600000,1,1,6.356709544954614e-05,6.356709544954614e-05,0.23952888499999925,True,target,0.0005390278300807516,0.0008085417451211274,-0.004751567241875865,-0.006243123703195019,0,mean_strength|hold12|tp0.01000,False,1,0,low,low,0.7
btcusdt_clarity_hold12_v1,BTCUSDT,2,106,1695279600000,1695286800000,-1,1,-0.004194460825108162,0.004194460825108162,0.24089707500000002,True,target,0.0022870147970228683,0.01266198143700148,0.02113542686000658,0.014430062568573487,0,mean_strength|hold12|tp0.01000,False,1,-1,mid,low,0.7
btcusdt_clarity_hold12_v1,BTCUSDT,2,107,1695556800000,1695582000000,-1,1,-0.005542432520206564,0.005542432520206564,0.23661451500000072,True,target,0.0005452993317263122,0.0009364105765506947,0.00039111124482438253,0.013215047253007706,0,mean_strength|hold12|tp0.01000,False,1,-1,mid,low,0.7
btcusdt_clarity_hold12_v1,BTCUSDT,2,108,1695592800000,1695596400000,-1,1,-0.01015701302992148,0.01015701302992148,0.23590559500000147,True,target,0.009286849986592682,0.012338405411223552,0.012825596809462825,0.015042506505327013,0,mean_strength|hold12|tp0.01000,False,1,-1,high,low,0.7
btcusdt_clarity_hold12_v1,BTCUSDT,2,109,1695603600000,1695646800000,-1,1,0.0005057023950410961,0.0005057023950410961,0.10542499000000073,True,max_hold,-0.001724559873965692,0.0004932776579634757,-0.0009636121690450583,-5.353400939145381e-05,0,mean_strength|hold12|tp0.01000,False,1,0,low,low,0.8
btcusdt_clarity_hold12_v1,BTCUSDT,2,110,1695736800000,1695780000000,1,1,0.0028140960698730573,0.0028140960698730573,0.03486542499999709,True,max_hold,-0.002604743535882137,-0.000767673681396297,-0.0011266852537906713,0.001271817591566915,0,mean_strength|hold12|tp0.01000,False,1,1,low,low,0.9
btcusdt_clarity_hold12_v1,BTCUSDT,2,111,1695794400000,1695812400000,1,1,0.004588358347457776,0.004588358347457776,0.23357154999999855,True,target,-0.00045722298002692785,0.00525806427031017,0.017728821050545962,-0.00018288919201092657,0,mean_strength|hold12|tp0.01000,False,1,1,mid,low,0.9
btcusdt_clarity_hold12_v1,BTCUSDT,2,112,1695816000000,1695823200000,1,1,0.0003575785423530377,0.0003575785423530377,-0.5645515399999979,False,stop,-0.0038486449250674237,-0.015622952599520068,-0.017599688514340794,-0.010535103909669163,0,mean_strength|hold12|tp0.01000,True,-1,0,low,low,0.9
btcusdt_clarity_hold12_v1,BTCUSDT,2,113,1695830400000,1695873600000,-1,1,0.0029638554233684853,0.0029638554233684853,-0.11265425500000073,False,max_hold,0.0002935805001544889,-0.0011705092668492512,-0.0035992206772177404,-0.007770351419671417,0,mean_strength|hold12|tp0.01000,True,-1,1,low,mid,0.8
btcusdt_clarity_hold12_v1,BTCUSDT,2,114,1695902400000,1695909600000,1,1,0.007856791820515588,0.007856791820515588,0.23552900000000293,True,target,0.0038504848058886765,0.020710998254245272,0.018319087673158485,0.02239251517143903,0,mean_strength|hold12|tp0.01000,False,1,1,high,low,0.8
btcusdt_clarity_hold12_v1,BTCUSDT,2,115,1695913200000,1695913200000,1,1,0.002440819059856714,0.002440819059856714,0.2382799149999978,True,target_entry_bar,0.0013105140991327424,-0.002343376906076111,-0.0008662720316299222,-0.0025062656641604564,0,mean_strength|hold12|tp0.01000,False,1,1,low,low,0.8
btcusdt_clarity_hold12_v1,BTCUSDT,2,116,1695924000000,1695967200000,1,1,0.001983664835603694,0.001983664835603694,-0.2225673199999993,False,max_hold,0.005176444394968227,0.0014805744183459257,0.0040001484285130395,0.004144866228802613,0,mean_strength|hold12|tp0.01000,True,-1,1,low,low,0.8
btcusdt_clarity_hold12_v1,BTCUSDT,2,117,1696089600000,1696132800000,1,1,0.0018309352807167575,0.0018309352807167575,0.0034820700000007254,True,max_hold,-1.110860138997527e-05,0.00018884622363102288,-0.0003591781116116799,0.0010701286005754262,0,mean_strength|hold12|tp0.01000,False,1,1,low,low,0.7
btcusdt_clarity_hold12_v1,BTCUSDT,2,118,1696136400000,1696179600000,1,1,0.0031760552931259446,0.0031760552931259446,0.021518325000002912,True,max_hold,0.00189195880555304,0.0022245296893417255,0.004149745583273967,-3.6952320421335116e-06,0,mean_strength|hold12|tp0.01000,False,1,1,mid,low,0.7
btcusdt_clarity_hold12_v1,BTCUSDT,2,119,1696190400000,1696197600000,1,1,0.00416574841683659,0.00416574841683659,0.24103589000000003,True,target,0.0025983996220511063,0.03276788614285309,0.032391413470340025,0.04321315735081366,0,mean_strength|hold12|tp0.01000,False,1,1,mid,low,0.7
btcusdt_clarity_hold12_v1,BTCUSDT,2,120,1696222800000,1696255200000,-1,1,-0.0013495205662533722,0.0013495205662533722,-0.5919523299999992,False,stop,-0.004312379317742865,-0.010670099406422162,-0.007766573696631696,-0.002864192233426266,0,mean_strength|hold12|tp0.01000,True,-1,0,low,mid,0.7
btcusdt_clarity_hold12_v1,BTCUSDT,2,121,1696258800000,1696269600000,1,1,0.004741031311073715,0.004741031311073715,-0.5969259049999986,False,stop,-0.0010101731215420573,-0.008038550776369835,-0.019928609673389275,-0.015320364090665728,0,mean_strength|hold12|tp0.01000,True,-1,1,mid,high,0.6
btcusdt_clarity_hold12_v1,BTCUSDT,2,122,1696273200000,1696280400000,-1,1,-0.005359559626039514,0.005359559626039514,0.24739918999999927,True,target,0.004246064252574677,0.014963173351743686,0.014412293912066665,0.01528153874220628,0,mean_strength|hold12|tp0.01000,False,1,-1,mid,high,0.5
btcusdt_clarity_hold12_v1,BTCUSDT,2,123,1696284000000,1696327200000,-1,1,-0.005917180255855812,0.005917180255855812,-0.11763525999999781,False,max_hold,0.0021570977230636057,-0.0005592475578313216,-0.003014126448051657,-0.002709082325598189,0,mean_strength|hold12|tp0.01000,True,-1,-1,high,high,0.6
btcusdt_clarity_hold12_v1,BTCUSDT,2,124,1696330800000,1696341600000,-1,1,-0.009116369055147044,0.009116369055147044,0.24579433,True,target,0.003299563325117605,0.007640902969606955,0.004540983190013392,0.004976569107520756,0,mean_strength|hold12|tp0.01000,False,1,-1,high,mid,0.6
btcusdt_clarity_hold12_v1,BTCUSDT,2,125,1696345200000,1696388400000,-1,1,-0.003609963137761133,0.003609963137761133,-0.10399803499999782,False,max_hold,-0.0014488511634713763,0.0016756914971461923,-0.0020488804331919575,-0.0030842967949655797,0,mean_strength|hold12|tp0.01000,True,-1,-1,mid,mid,0.6
btcusdt_clarity_hold12_v1,BTCUSDT,2,126,1696521600000,1696564800000,1,1,0.0031255614305752367,0.0031255614305752367,-0.03930423,False,max_hold,0.001461716514480349,0.000860262088322683,-0.0004119051524595907,0.0030109173091292796,0,mean_strength|hold12|tp0.01000,True,-1,1,mid,low,0.5
btcusdt_clarity_hold12_v1,BTCUSDT,2,127,1696568400000,1696604400000,1,1,0.0028643516000730596,0.0028643516000730596,0.24486569499999927,True,target,-0.0003674303883121066,0.004169061633719107,0.00952408669901983,0.016679884459513517,0,mean_strength|hold12|tp0.01000,False,1,1,low,low,0.5
btcusdt_clarity_hold12_v1,BTCUSDT,2,128,1696708800000,1696752000000,1,1,0.00031118251920485046,0.00031118251920485046,-0.0019658549999992773,False,max_hold,0.00029021959949693255,0.001185959104117229,0.003195998552484758,-0.00034038101175570823,0,mean_strength|hold12|tp0.01000,True,-1,0,low,low,0.5
btcusdt_clarity_hold12_v1,BTCUSDT,2,129,1696755600000,1696798800000,-1,1,-0.0023680797606701084,0.0023680797606701084,-0.03727856000000218,False,max_hold,0.0022606249372049136,0.0025405118341922384,-0.0005418323262189606,-0.001277432504198206,0,mean_strength|hold12|tp0.01000,True,-1,-1,low,low,0.4
btcusdt_clarity_hold12_v1,BTCUSDT,2,130,1696824000000,1696842000000,-1,1,-0.00638362680526245,0.00638362680526245,0.24846576000000004,True,target,0.0023247816711203795,0.0040119498792833275,0.014124212833941052,0.018823925549672937,0,mean_strength|hold12|tp0.01000,False,1,-1,high,low,0.3
btcusdt_clarity_hold12_v1,BTCUSDT,2,131,1696935600000,1696960800000,-1,1,-0.0016650837767764484,0.0016650837767764484,0.24561038999999926,True,target,0.0029897323425751576,0.0024368864592767547,0.00499016152556353,0.004106335541079642,0,mean_strength|hold12|tp0.01000,False,1,-1,low,low,0.4
btcusdt_clarity_hold12_v1,BTCUSDT,2,132,1696971600000,1696989600000,-1,1,-0.005055584288023486,0.005055584288023486,0.24383545000000292,True,target,-0.0007441317550931359,-0.0014408433493224848,0.015094201973408161,0.005081252621787713,0,mean_strength|hold12|tp0.01000,False,1,-1,mid,low,0.5
btcusdt_clarity_hold12_v1,BTCUSDT,2,133,1696996800000,1697036400000,-1,1,-0.00029001587853649515,0.00029001587853649515,0.2403626349999978,True,target,0.00030245914035198496,0.003625821158123377,-0.005680330196856653,0.016166809904430313,0,mean_strength|hold12|tp0.01000,False,1,0,low,low,0.5
btcusdt_clarity_hold12_v1,BTCUSDT,2,134,1697040000000,1697083200000,-1,1,-0.0011248359862772981,0.0011248359862772981,-0.10967549000000074,False,max_hold,0.0017433490297231735,-0.003033052397948488,-0.003906601481659333,-0.0051213220959180905,0,mean_strength|hold12|tp0.01000,True,-1,0,low,low,0.6
btcusdt_clarity_hold12_v1,BTCUSDT,2,135,1697220000000,1697227200000,1,1,0.005384302584677736,0.005384302584677736,0.2381054350000007,True,target,0.0012792363482665436,0.01012915798568903,0.005431143794394577,0.004353892132696435,0,mean_strength|hold12|tp0.01000,False,1,1,mid,low,0.5
btcusdt_clarity_hold12_v1,BTCUSDT,2,136,1697238000000,1697281200000,1,1,0.0010103416650354055,0.0010103416650354055,0.006270169999999263,True,max_hold,0.0011210511810144652,0.0014860445887865392,0.0009087590969021342,0.0003836155204135494,0,mean_strength|hold12|tp0.01000,False,1,0,low,low,0.6
btcusdt_clarity_hold12_v1,BTCUSDT,2,137,1697360400000,1697400000000,1,1,0.0026646810460480633,0.0026646810460480633,0.23935275499999856,True,target,-0.00035328593103856054,-0.002461845119447914,-0.00017850236515648543,0.010189510011007652,0,mean_strength|hold12|tp0.01000,False,1,1,low,low,0.7
btcusdt_clarity_hold12_v1,BTCUSDT,2,138,1697403600000,1697432400000,1,1,0.003665535737803902,0.003665535737803902,0.24202209499999855,True,target,-0.0028971742427589264,-0.00130317621592968,0.0020983345849714397,0.021818998394957934,0,mean_strength|hold12|tp0.01000,False,1,1,mid,low,0.7
btcusdt_clarity_hold12_v1,BTCUSDT,2,139,1697436000000,1697461200000,1,1,,,0.24833729999999712,True,target,0.0013381294964029955,-0.0015431654676260065,0.002636690647481954,0.02650719424460446,0,mean_strength|hold12|tp0.01000,False,1,0,na,mid,0.8
btcusdt_clarity_hold12_v1,BTCUSDT,2,140,1697464800000,1697464800000,1,1,0.006972180987699993,0.006972180987699993,0.24904545000000003,True,target_entry_bar,-0.0045207122428269075,0.0013342133463916106,0.007430432838680723,0.006277189919592363,0,mean_strength|hold12|tp0.01000,False,1,1,high,mid,0.9
btcusdt_clarity_hold12_v1,BTCUSDT,2,141,1697468400000,1697479200000,1,1,0.005834500663817981,0.005834500663817981,0.25082996,True,target,0.0008626220859770939,0.017213231624723768,0.012757539031867271,0.007339416838953561,0,mean_strength|hold12|tp0.01000,False,1,1,high,mid,0.9
btcusdt_clarity_hold12_v1,BTCUSDT,2,142,1697486400000,1697529600000,1,1,0.004698499498543236,0.004698499498543236,-0.09538416500000219,False,max_hold,0.0007431985009229702,0.0033637657269256493,-0.001144737027487741,0.0012363159896868758,0,mean_strength|hold12|tp0.01000,True,-1,1,mid,mid,0.9
btcusdt_clarity_hold12_v1,BTCUSDT,2,143,1697677200000,1697720400000,1,1,0.003712551656152922,0.003712551656152922,0.04503530499999927,True,max_hold,-0.0009708325065903578,0.0017184444003515154,0.0032526432155106644,0.008510728762153086,0,mean_strength|hold12|tp0.01000,False,1,1,mid,low,0.8
btcusdt_clarity_hold12_v1,BTCUSDT,2,144,1697724000000,1697727600000,1,1,0.005814350556666498,0.005814350556666498,0.25331788999999927,True,target,-0.00021279861576239956,-0.004629242018307611,0.0011826021433356537,0.010531787229292267,0,mean_strength|hold12|tp0.01000,False,1,1,high,low,0.8
btcusdt_clarity_hold12_v1,BTCUSDT,2,145,1697731200000,1697767200000,1,1,0.0032103873387141664,0.0032103873387141664,0.25500102499999705,True,target,-0.0024019635265158934,0.004653585813381156,0.001020921906466743,0.024662955918550056,0,mean_strength|hold12|tp0.01000,False,1,1,mid,low,0.9
btcusdt_clarity_hold12_v1,BTCUSDT,2,146,1697770800000,1697770800000,1,1,0.001855873832155527,0.001855873832155527,0.2577604099999993,True,target_entry_bar,0.0028813118523891568,0.0015193615943716043,0.019269200761049765,0.010810052424818917,0,mean_strength|hold12|tp0.01000,False,1,1,low,low,0.9
btcusdt_clarity_hold12_v1,BTCUSDT,2,147,1697778000000,1697788800000,1,1,0.005444233118060279,0.005444233118060279,0.2607848700000007,True,target,0.001968524154647211,0.01746337689192279,0.021232672708038747,0.010078843671793791,0,mean_strength|hold12|tp0.01000,False,1,1,mid,low,0.9
btcusdt_clarity_hold12_v1,BTCUSDT,2,148,1697792400000,1697796000000,1,1,0.004942447657304722,0.004942447657304722,0.2644283149999993,True,target,0.0017122195401180207,-0.009642146116115358,-0.008299228829748317,-0.0063150685391411,0,mean_strength|hold12|tp0.01000,False,1,1,mid,mid,0.9
btcusdt_clarity_hold12_v1,BTCUSDT,2,149,1697799600000,1697842800000,1,1,0.004942447657304722,0.004942447657304722,-0.23542571500000076,False,max_hold,-0.011102953747749722,-0.008739553267024025,-0.01092192732794961,-0.005930291419012468,0,mean_strength|hold12|tp0.01000,True,-1,1,mid,mid,0.9
btcusdt_clarity_hold12_v1,BTCUSDT,2,150,1697857200000,1697878800000,1,1,0.0018469473960828254,0.0018469473960828254,0.26230232500000145,True,target,-0.0017099793856240053,0.003301679564732485,0.008066641884356684,0.010999966205941014,0,mean_strength|hold12|tp0.01000,False,1,1,low,mid,0.8
btcusdt_clarity_hold12_v1,BTCUSDT,2,151,1697907600000,1697907600000,1,1,-7.915051659637584e-05,7.915051659637584e-05,0.2656826749999971,True,target_entry_bar,0.0020774979756008616,-0.004340842415473167,-0.007865287862898418,-0.0009657378768369584,0,mean_strength|hold12|tp0.01000,False,1,0,low,low,0.8
btcusdt_clarity_hold12_v1,BTCUSDT,2,152,1698080400000,1698084000000,1,1,0.01595100002176135,0.01595100002176135,-0.6582910449999992,False,stop,0.0062168970417257885,0.017681824053739748,0.06814365069112527,0.09489730009042763,0,mean_strength|hold12|tp0.01000,True,-1,1,high,mid,0.8
btcusdt_clarity_hold12_v1,BTCUSDT,2,153,1698087600000,1698091200000,1,1,0.015891628356991625,0.015891628356991625,0.27723925500000074,True,target,0.0054754482305303664,0.06441947804555848,0.09069588607493961,0.0857054425827779,0,mean_strength|hold12|tp0.01000,False,1,1,high,mid,0.8
btcusdt_clarity_hold12_v1,BTCUSDT,2,154,1698094800000,1698098400000,1,1,0.014703448346471625,0.014703448346471625,0.2804465549999993,True,target,0.05503388817377064,0.05963875807670771,0.0775616960849117,0.08622112863590226,0,mean_strength|hold12|tp0.01000,False,1,1,high,mid,0.8
btcusdt_clarity_hold12_v1,BTCUSDT,2,155,1698102000000,1698102000000,1,1,0.013669617624593847,0.013669617624593847,-0.703845925,False,stop_entry_bar,0.013013243030779442,0.04511398681743972,0.02504686460663974,0.044627199612989,0,mean_strength|hold12|tp0.01000,True,-1,1,high,high,0.8
btcusdt_clarity_hold12_v1,BTCUSDT,2,156,1698105600000,1698105600000,1,1,0.0054178602249302064,0.0054178602249302064,0.2943183450000015,True,target_entry_bar,0.020233163405403598,0.016914196344360644,0.01418321175726156,0.03190327240601243,0,mean_strength|hold12|tp0.01000,False,1,1,mid,high,0.7
btcusdt_clarity_hold12_v1,BTCUSDT,2,157,1698109200000,1698109200000,1,1,0.0022785654795382504,0.0022785654795382504,0.2981423200000044,True,target_entry_bar,0.011228033221871936,0.0061406049329622014,-0.004575467420273149,0.007375161999046309,0,mean_strength|hold12|tp0.01000,False,1,1,low,high,0.7
btcusdt_clarity_hold12_v1,BTCUSDT,2,158,1698123600000,1698130800000,1,1,0.010136458185092132,0.010136458185092132,-0.7256718300000043,False,stop,0.002277124923309115,0.006592453631601325,0.01910189249138705,-0.0034363348907452407,0,mean_strength|hold12|tp0.01000,True,-1,1,high,high,0.7
btcusdt_clarity_hold12_v1,BTCUSDT,2,159,1698134400000,1698138000000,1,1,0.007989445603103634,0.007989445603103634,0.30276559000000147,True,target,0.0064174131671252965,0.012427511069305064,0.008691345869266343,-0.013675829794965288,0,mean_strength|hold12|tp0.01000,False,1,1,high,high,0.6
btcusdt_clarity_hold12_v1,BTCUSDT,2,160,1698163200000,1698163200000,1,1,0.0031724768670710205,0.0031724768670710205,0.2996548249999942,True,target_entry_bar,-0.004540365350618747,-0.0043606364172068535,0.006263995285798352,0.007492634060106251,0,mean_strength|hold12|tp0.01000,False,1,1,mid,high,0.7
btcusdt_clarity_hold12_v1,BTCUSDT,2,161,1698195600000,1698195600000,1,1,0.003103198440402593,0.003103198440402593,0.3027643800000015,True,target_entry_bar,-0.005556302894541343,-3.2168069389437726e-05,-0.010001345210174484,0.008416336700257876,0,mean_strength|hold12|tp0.01000,False,1,1,mid,high,0.7
btcusdt_clarity_hold12_v1,BTCUSDT,2,162,1698202800000,1698231600000,1,1,0.0025338743662011486,0.0025338743662011486,0.3025880300000044,True,target,0.005608229716853597,0.0035025703160840305,0.0028408756719875417,0.0246385676810692,0,mean_strength|hold12|tp0.01000,False,1,1,low,high,0.7
btcusdt_clarity_hold12_v1,BTCUSDT,2,163,1698235200000,1698238800000,1,1,0.007258489768672366,0.007258489768672366,0.3042779849999986,True,target,0.004371874371961626,0.014804954985131014,0.009454433185468236,0.00923307245777405,0,mean_strength|hold12|tp0.01000,False,1,1,high,high,0.8
btcusdt_clarity_hold12_v1,BTCUSDT,2,164,1698242400000,1698246000000,1,1,0.0011932413773603993,0.0011932413773603993,0.30685981,True,target,0.0021860815638536923,-0.0032359759991256176,-0.0031439304595949347,-0.0007306114700248445,0,mean_strength|hold12|tp0.01000,False,1,0,low,high,0.8
btcusdt_clarity_hold12_v1,BTCUSDT,2,165,1698253200000,1698264000000,1,1,-0.001090812148305494,0.001090812148305494,0.3067706450000015,True,target,0.000138516545512557,9.2344363675112e-05,-0.0047672777747318484,-0.00387269175162841,0,mean_strength|hold12|tp0.01000,False,1,0,low,mid,0.8
btcusdt_clarity_hold12_v1,BTCUSDT,2,166,1698447600000,1698458400000,1,1,0.0092781146763831,0.0092781146763831,0.30090005499999567,True,target,0.000129819933850861,0.006107437797073789,0.005883203365876888,0.008538611103735105,0,mean_strength|hold12|tp0.01000,False,1,1,high,low,0.9
btcusdt_clarity_hold12_v1,BTCUSDT,2,167,1698462000000,1698490800000,1,1,0.005353414055356593,0.005353414055356593,0.3034833099999971,True,target,0.0008306793665704415,-6.164051836732298e-05,0.0008717730454819161,0.0038569352921320466,0,mean_strength|hold12|tp0.01000,False,1,1,mid,low,0.9
btcusdt_clarity_hold12_v1,BTCUSDT,2,168,1698552000000,1698577200000,1,1,0.0029004584236034083,0.0029004584236034083,0.3024152,True,target,0.00039677291363582334,0.0018075210510073436,0.0047318843774339925,0.01120075239900653,0,mean_strength|hold12|tp0.01000,False,1,1,low,low,0.9
btcusdt_clarity_hold12_v1,BTCUSDT,2,169,1698850800000,1698854400000,1,1,0.0024437421523861944,0.0024437421523861944,0.30419047,True,target,0.004708880394437953,0.008233980330583757,0.03243441827103921,0.03735323017532188,0,mean_strength|hold12|tp0.01000,False,1,1,low,mid,1.0
btcusdt_clarity_hold12_v1,BTCUSDT,2,170,1698858000000,1698868800000,1,1,0.012284107818467952,0.012284107818467952,0.30668709000000294,True,target,0.0015205579433947847,0.028004332866063297,0.026373715490575433,0.019497897285586818,0,mean_strength|hold12|tp0.01000,False,1,1,high,mid,1.0
btcusdt_clarity_hold12_v1,BTCUSDT,2,171,1698930000000,1698930000000,-1,1,-0.001861877638595601,0.001861877638595601,0.3147212499999942,True,target_entry_bar,-7.156884636749794e-05,0.008138809208906639,-0.0019123195749382038,0.009753402382956411,0,mean_strength|hold12|tp0.01000,False,1,-1,low,high,1.0
btcusdt_clarity_hold12_v1,BTCUSDT,2,172,1699084800000,1699128000000,1,1,0.0010589569882507891,0.0010589569882507891,-0.093723735,False,max_hold,-0.0028093434343434698,-0.004069100091827482,-0.0033775252525252153,-0.0027576905417814324,0,mean_strength|hold12|tp0.01000,True,-1,0,low,low,1.0
btcusdt_clarity_hold12_v1,BTCUSDT,2,173,1699131600000,1699135200000,1,1,0.003362213545950426,0.003362213545950426,0.3092626450000044,True,target,0.010736156651330653,0.005299109439254046,0.01419034837908728,0.009049292637858475,0,mean_strength|hold12|tp0.01000,False,1,1,mid,low,0.9
btcusdt_clarity_hold12_v1,BTCUSDT,2,174,1699182000000,1699189200000,-1,1,-0.004116522372387027,0.004116522372387027,0.3128550549999956,True,target,0.00021365390915439875,0.005714529890181841,0.0005583488825899874,0.0022220006552052807,0,mean_strength|hold12|tp0.01000,False,1,-1,mid,low,0.9
btcusdt_clarity_hold12_v1,BTCUSDT,2,175,1699390800000,1699394400000,-1,1,-0.002636630854380267,0.002636630854380267,0.31721313999999706,True,target,0.005685275755594965,0.0032990376163537505,0.0058430435664539315,0.005597940003155277,0,mean_strength|hold12|tp0.01000,False,1,-1,low,low,0.9
btcusdt_clarity_hold12_v1,BTCUSDT,2,176,1699466400000,1699470000000,1,1,0.0022499605765117854,0.0022499605765117854,0.31433097000000143,True,target,0.0006796473697368022,-0.0005195651380217603,0.007287954233332394,0.0329965989546912,0,mean_strength|hold12|tp0.01000,False,1,1,low,low,0.9
btcusdt_clarity_hold12_v1,BTCUSDT,2,177,1699491600000,1699495200000,1,1,0.002097187026565763,0.002097187026565763,0.3191301500000029,True,target,0.013042231324187581,0.022308786799613678,0.017722844231095936,0.035239641255105925,0,mean_strength|hold12|tp0.01000,False,1,1,low,low,0.9
btcusdt_clarity_hold12_v1,BTCUSDT,2,178,1699498800000,1699502400000,1,1,0.003653822103898514,0.003653822103898514,0.32375903,True,target,0.007126496687742678,0.00894515230897941,0.010947593641563058,0.018817462385648298,0,mean_strength|hold12|tp0.01000,False,1,1,mid,mid,0.9
btcusdt_clarity_hold12_v1,BTCUSDT,2,179,1699506000000,1699538400000,-1,1,-0.010316814312048294,0.010316814312048294,-0.7746702350000014,False,stop,-0.0052638771215391955,-0.0025198830249528736,-0.006228647954303224,-0.0016617016043074528,0,mean_strength|hold12|tp0.01000,True,-1,-1,high,mid,0.9
btcusdt_clarity_hold12_v1,BTCUSDT,2,180,1699542000000,1699542000000,-1,1,-0.008941352872887639,0.008941352872887639,0.33751471,True,target_entry_bar,0.02103846102069118,0.02011496573913274,0.015947121144811116,0.010408841861529572,0,mean_strength|hold12|tp0.01000,False,1,-1,high,mid,0.8
btcusdt_clarity_hold12_v1,BTCUSDT,2,181,1699545600000,1699545600000,-1,1,-0.005539586335831588,0.005539586335831588,0.33056897000000435,True,target_entry_bar,-0.007967524841790974,-0.0010836053806233537,-0.00549778465955808,-0.012505466156583767,0,mean_strength|hold12|tp0.01000,False,1,-1,mid,high,0.8
btcusdt_clarity_hold12_v1,BTCUSDT,2,182,1699549200000,1699592400000,-1,1,-0.01796466323718618,0.01796466323718618,-0.5133361849999986,False,max_hold,0.006968660129114013,0.0021337087787656195,-0.0019017839115083035,-0.00343794509110551,0,mean_strength|hold12|tp0.01000,True,-1,-1,high,high,0.8
btcusdt_clarity_hold12_v1,BTCUSDT,2,183,1699617600000,1699660800000,-1,1,-0.002983812763310108,0.002983812763310108,-0.29092583,False,max_hold,0.006039981613941037,0.0022498729910407356,-0.0015536757333591833,-0.002994454614121178,0,mean_strength|hold12|tp0.01000,True,-1,-1,low,high,0.8
btcusdt_clarity_hold12_v1,BTCUSDT,2,184,1699747200000,1699747200000,-1,1,0.000724751731476553,0.000724751731476553,0.33074642000000143,True,target_entry_bar,-0.0012968342624153362,-0.00217673224839654,-0.00625675152493077,-0.002701963661567053,0,mean_strength|hold12|tp0.01000,False,1,0,low,low,0.7
btcusdt_clarity_hold12_v1,BTCUSDT,2,185,1699826400000,1699855200000,-1,1,-0.0025145677038682867,0.0025145677038682867,0.33101215500000436,True,target,0.002675810138496715,-0.0007691273362915307,0.006319752588409333,0.00502622025010091,0,mean_strength|hold12|tp0.01000,False,1,-1,low,low,0.7
btcusdt_clarity_hold12_v1,BTCUSDT,2,186,1699981200000,1699984800000,-1,1,-0.0026548847541927683,0.0026548847541927683,0.3230008349999971,True,target,0.024374375344339283,0.022663407152289983,0.015528835904861316,0.013856627510042907,0,mean_strength|hold12|tp0.01000,False,1,-1,low,mid,0.7
btcusdt_clarity_hold12_v1,BTCUSDT,2,187,1700024400000,1700038800000,1,1,0.004250736297544673,0.004250736297544673,0.31682725999999706,True,target,-0.0005671066890515775,0.0053959359225590475,0.017827363739984392,0.024691600644592526,0,mean_strength|hold12|tp0.01000,False,1,1,mid,high,0.7
btcusdt_clarity_hold12_v1,BTCUSDT,2,188,1700042400000,1700046000000,1,1,0.002172833372745672,0.002172833372745672,0.3186034099999971,True,target,0.010274287529573156,0.006333999336783247,0.013718556416622896,0.05156928804509886,0,mean_strength|hold12|tp0.01000,False,1,1,low,mid,0.7
btcusdt_clarity_hold12_v1,BTCUSDT,2,189,1700060400000,1700064000000,1,1,0.007904074924217776,0.007904074924217776,0.3214471200000014,True,target,-0.0009365018771232414,0.027512832272788446,0.0338458918875868,0.029325416551091665,0,mean_strength|hold12|tp0.01000,False,1,1,high,high,0.7
btcusdt_clarity_hold12_v1,BTCUSDT,2,190,1700067600000,1700071200000,1,1,0.007863361836083063,0.007863361836083063,0.32376409,True,target,0.025069248662288546,0.0287022348618724,0.03799292581420244,0.026833685398738094,0,mean_strength|hold12|tp0.01000,False,1,1,high,mid,0.8
btcusdt_clarity_hold12_v1,BTCUSDT,2,191,1700139600000,1700146800000,1,1,0.003076250673448357,0.003076250673448357,-0.7838802200000015,False,stop,-0.001967503580367347,-0.005872617730903085,-0.023408944532160803,-0.006138937276311984,0,mean_strength|hold12|tp0.01000,True,-1,1,mid,mid,0.8
btcusdt_clarity_hold12_v1,BTCUSDT,2,192,1700150400000,1700161200000,1,1,0.003076250673448357,0.003076250673448357,-0.7684849199999957,False,stop,-0.006855868218622496,-0.017639919304134888,-0.009715213576149906,-0.003687626087289342,0,mean_strength|hold12|tp0.01000,True,-1,1,mid,mid,0.7
btcusdt_clarity_hold12_v1,BTCUSDT,2,193,1700164800000,1700179200000,1,1,0.002991703883873444,0.002991703883873444,0.319752435,True,target,0.00027530512985229905,0.00600387651869716,0.01412120655949245,0.012627884794536026,0,mean_strength|hold12|tp0.01000,False,1,1,low,mid,0.7
btcusdt_clarity_hold12_v1,BTCUSDT,2,194,1700233200000,1700240400000,1,1,0.0027326534340813714,0.0027326534340813714,0.320648485,True,target,-0.0017720957319947717,0.011841703874206244,0.009620344435508521,0.009037965556449201,0,mean_strength|hold12|tp0.01000,False,1,1,low,mid,0.8
btcusdt_clarity_hold12_v1,BTCUSDT,2,195,1700251200000,1700262000000,1,1,0.0014069157593243232,0.0014069157593243232,0.323310125,True,target,-0.00238129165205192,0.0035376841459136,-0.002107264994738678,-0.0009755349000352131,0,mean_strength|hold12|tp0.01000,False,1,0,low,mid,0.8
btcusdt_clarity_hold12_v1,BTCUSDT,2,196,1700272800000,1700316000000,1,1,0.003029815548937694,0.003029815548937694,-0.028581855000000007,False,max_hold,-0.000851276502846332,-0.0020513017665361177,0.001134119986049953,0.0028201966723326866,0,mean_strength|hold12|tp0.01000,True,-1,1,mid,mid,0.8
btcusdt_clarity_hold12_v1,BTCUSDT,2,197,1700402400000,1700416800000,1,1,0.005515778331365082,0.005515778331365082,0.32473445499999853,True,target,0.0029368213228035955,0.003918503893824754,0.01263573543928942,0.023360206208182577,0,mean_strength|hold12|tp0.01000,False,1,1,mid,low,0.7
btcusdt_clarity_hold12_v1,BTCUSDT,2,198,1700427600000,1700434800000,1,1,0.0028140271545924194,0.0028140271545924194,0.328654855,True,target,-0.00010540056267671627,0.008464475956510231,0.003518757246288695,0.0057051432772008415,0,mean_strength|hold12|tp0.01000,False,1,1,low,low,0.7
btcusdt_clarity_hold12_v1,BTCUSDT,2,199,1700438400000,1700481600000,1,1,0.0008306701691658002,0.0008306701691658002,-0.2746054699999986,False,max_hold,-0.00018491272923149005,-0.004904207166574248,-0.0031569158700680555,-0.0041833155120339915,0,mean_strength|hold12|tp0.01000,True,-1,0,low,low,0.7
btcusdt_clarity_hold12_v1,BTCUSDT,2,200,1700485200000,1700488800000,-1,1,-0.002151703599197277,0.002151703599197277,0.3307500499999942,True,target,-0.008847339599862059,-0.0038644791307347326,-0.012862732838910151,-0.013832894963780706,0,mean_strength|hold12|tp0.01000,False,1,-1,low,low,0.6
btcusdt_clarity_hold12_v1,BTCUSDT,2,201,1700492400000,1700499600000,-1,1,-0.011463535770553876,0.011463535770553876,0.33324743999999706,True,target,0.005990644454584526,-0.001937286358141721,0.0011180757356218374,-0.00027484916651321356,0,mean_strength|hold12|tp0.01000,False,1,-1,high,low,0.6
btcusdt_clarity_hold12_v1,BTCUSDT,2,202,1700514000000,1700557200000,-1,1,0.0002662454792667346,0.0002662454792667346,0.08266842499999418,True,max_hold,-0.00045147088680641545,0.0006758706175266083,-0.0013944840409050308,0.002837053738392603,0,mean_strength|hold12|tp0.01000,False,1,0,low,low,0.7
btcusdt_clarity_hold12_v1,BTCUSDT,2,203,1700564400000,1700575200000,-1,1,-0.0030706425125032817,0.0030706425125032817,0.332621195,True,target,-0.00041678430739855443,0.014600895414028203,0.007418760671695002,0.039056722999771476,0,mean_strength|hold12|tp0.01000,False,1,-1,mid,low,0.8
btcusdt_clarity_hold12_v1,BTCUSDT,2,204,1700596800000,1700604000000,-1,1,-0.009412091312929156,0.009412091312929156,0.32923479500000435,True,target,0.002725997953471171,0.032582037108222384,0.01752272567310753,0.010257007195335288,0,mean_strength|hold12|tp0.01000,False,1,-1,high,mid,0.8
btcusdt_clarity_hold12_v1,BTCUSDT,2,205,1700611200000,1700611200000,1,1,0.0067670143619927604,0.0067670143619927604,0.317972985,True,target_entry_bar,-0.000684022941077167,0.007446711289701646,0.011118834447062964,0.012481341681920943,0,mean_strength|hold12|tp0.01000,False,1,1,high,mid,0.8
btcusdt_clarity_hold12_v1,BTCUSDT,2,206,1700614800000,1700632800000,1,1,0.006923519356716338,0.006923519356716338,0.3213604850000029,True,target,0.0057669072084955975,0.008998148825557495,0.00957456242448429,0.014183099996674553,0,mean_strength|hold12|tp0.01000,False,1,1,high,mid,0.8
btcusdt_clarity_hold12_v1,BTCUSDT,2,207,1700658000000,1700676000000,1,1,0.004927042353164265,0.004927042353164265,0.3253619100000029,True,target,-0.0053255731344099555,-0.0034702298002567966,0.01912725086755751,0.02232423422684926,0,mean_strength|hold12|tp0.01000,False,1,1,mid,high,0.9
btcusdt_clarity_hold12_v1,BTCUSDT,2,208,1700798400000,1700816400000,1,1,0.003101662168636654,0.003101662168636654,0.3320287150000029,True,target,0.00208824159348886,0.004794923966588094,0.0069393874491325835,0.010208288712786562,0,mean_strength|hold12|tp0.01000,False,1,1,mid,low,0.9
btcusdt_clarity_hold12_v1,BTCUSDT,2,209,1700830800000,1700838000000,1,1,0.002379867553638539,0.002379867553638539,0.33558409499999564,True,target,0.0007677868411926081,-0.0009954753527186,-0.00032829506313070134,0.0004024262064181716,0,mean_strength|hold12|tp0.01000,False,1,1,low,low,0.9
btcusdt_clarity_hold12_v1,BTCUSDT,2,210,1700895600000,1700938800000,1,1,-0.00019223695628782723,0.00019223695628782723,-0.04259144000000001,False,max_hold,-0.0009789654716232388,-0.003021563698901941,-0.0020796401640428286,0.0002883979362349187,0,mean_strength|hold12|tp0.01000,True,-1,0,low,low,1.0
btcusdt_clarity_hold12_v1,BTCUSDT,2,211,1701050400000,1701068400000,-1,1,-0.002888649080041148,0.002888649080041148,0.333505805,True,target,0.00010455848170343174,4.2895787365493376e-05,-0.000745314305476974,0.013276246189647511,0,mean_strength|hold12|tp0.01000,False,1,-1,low,low,0.9
btcusdt_clarity_hold12_v1,BTCUSDT,2,212,1701097200000,1701126000000,1,1,0.0031836621578846046,0.0031836621578846046,0.3274921899999971,True,target,0.009032963922576132,0.005859587624376772,0.0075578610463977736,0.010252237148642651,0,mean_strength|hold12|tp0.01000,False,1,1,mid,low,0.9
btcusdt_clarity_hold12_v1,BTCUSDT,2,213,1701158400000,1701183600000,1,1,0.00971530698945752,0.00971530698945752,0.33007951499999855,True,target,0.00396969385157786,0.008673212419238574,0.011578725040482185,0.033964440641433,0,mean_strength|hold12|tp0.01000,False,1,1,high,low,0.9
btcusdt_clarity_hold12_v1,BTCUSDT,2,214,1701230400000,1701244800000,1,1,0.002861378750702112,0.002861378750702112,0.33763840999999856,True,target,0.0024520143429656027,0.00442153554102509,0.000978169162623832,-0.004637734655136061,0,mean_strength|hold12|tp0.01000,False,1,1,low,mid,0.9
btcusdt_clarity_hold12_v1,BTCUSDT,2,215,1701262800000,1701270000000,-1,1,-0.004348876727691714,0.004348876727691714,0.33956814499999566,True,target,0.007820106070029365,0.009310649777336977,0.00645027540944032,0.011050492168084958,0,mean_strength|hold12|tp0.01000,False,1,-1,mid,mid,0.9
btcusdt_clarity_hold12_v1,BTCUSDT,2,216,1701392400000,1701396000000,1,1,0.0045847167742921495,0.0045847167742921495,0.33513991999999565,True,target,0.0013314947280718137,0.0064122676805360435,0.008110253036730741,0.011442944791746346,0,mean_strength|hold12|tp0.01000,False,1,1,mid,low,0.9
btcusdt_clarity_hold12_v1,BTCUSDT,2,217,1701399600000,1701421200000,1,1,0.004186794084528599,0.004186794084528599,0.33799440999999997,True,target,0.003689173341186791,0.004414912359125056,0.01777271747190401,0.009763293382627491,0,mean_strength|hold12|tp0.01000,False,1,1,mid,low,0.9
btcusdt_clarity_hold12_v1,BTCUSDT,2,218,1701424800000,1701468000000,1,1,0.005121915723987807,0.005121915723987807,-0.007717244999998547,False,max_hold,0.0010639126034719393,-0.004559254742195762,0.006565119236058958,0.0038067311933984715,0,mean_strength|hold12|tp0.01000,True,-1,1,mid,low,0.9
btcusdt_clarity_hold12_v1,BTCUSDT,2,219,1701493200000,1701536400000,1,1,0.009529615629891203,0.009529615629891203,-0.138153325,False,max_hold,0.0009140838633210358,-0.0008598585493954092,-0.00011619710126964389,0.0013427220591160083,0,mean_strength|hold12|tp0.01000,True,-1,1,high,low,0.8
btcusdt_clarity_hold12_v1,BTCUSDT,2,220,1701540000000,1701543600000,1,1,0.01648572686898805,0.01648572686898805,0.34510792,True,target,0.014417261595318198,0.01793278807500487,0.016198187161894362,0.014159902409396796,0,mean_strength|hold12|tp0.01000,False,1,1,high,low,0.7
btcusdt_clarity_hold12_v1,BTCUSDT,2,221,1701547200000,1701590400000,1,1,0.014122043459594339,0.014122043459594339,-0.005500664999998552,False,max_hold,-0.00043214447272055256,-0.003414194050558317,-0.005590079378116286,-0.004462965724119972,0,mean_strength|hold12|tp0.01000,True,-1,1,high,low,0.8
btcusdt_clarity_hold12_v1,BTCUSDT,2,222,1701594000000,1701615600000,1,1,0.009871445204196699,0.009871445204196699,0.3505287250000058,True,target,0.0022585665833541047,-0.0014321999097587357,0.007825134728186134,0.006461376230044058,0,mean_strength|hold12|tp0.01000,False,1,1,high,low,0.7
btcusdt_clarity_hold12_v1,BTCUSDT,2,223,1701619200000,1701640800000,1,1,0.013380626694775475,0.013380626694775475,0.35382496999999563,True,target,-0.003525068837181178,-0.0026148042805128613,0.010618072155486269,0.03167771087375293,0,mean_strength|hold12|tp0.01000,False,1,1,high,low,0.7
btcusdt_clarity_hold12_v1,BTCUSDT,2,224,1701644400000,1701651600000,1,1,0.01391365335008353,0.01391365335008353,0.35666945,True,target,0.005950519888843653,0.01795661298108797,0.038454515666700884,0.04067564288876624,0,mean_strength|hold12|tp0.01000,False,1,1,high,low,0.7
btcusdt_clarity_hold12_v1,BTCUSDT,2,225,1701655200000,1701666000000,1,1,0.009627878767875492,0.009627878767875492,0.36137913500000296,True,target,0.0005676010378989904,0.02013632253498976,0.02476558814278973,0.023492785815379724,0,mean_strength|hold12|tp0.01000,False,1,1,high,low,0.7
btcusdt_clarity_hold12_v1,BTCUSDT,2,226,1701669600000,1701684000000,1,1,0.005043388715473271,0.005043388715473271,0.3694798400000015,True,target,0.0014827157363470622,0.0036005360959177057,0.009449294261117513,0.007795124424964772,0,mean_strength|hold12|tp0.01000,False,1,1,mid,mid,0.7
btcusdt_clarity_hold12_v1,BTCUSDT,2,227,1701709200000,1701716400000,1,1,0.0050935248374930344,0.0050935248374930344,0.37054178999999854,True,target,0.002681293652109451,0.00377927859746241,0.008923229949761913,0.006926675267949323,0,mean_strength|hold12|tp0.01000,False,1,1,mid,mid,0.7
btcusdt_clarity_hold12_v1,BTCUSDT,2,228,1701770400000,1701784800000,1,1,0.006226023411805796,0.006226023411805796,0.37107644999999706,True,target,0.0027103591946773253,0.005002631066771457,0.02629865371076523,0.06443590649260789,0,mean_strength|hold12|tp0.01000,False,1,1,high,mid,0.7
btcusdt_clarity_hold12_v1,BTCUSDT,2,229,1701802800000,1701810000000,1,1,0.005412959220578703,0.005412959220578703,0.389138665,True,target,-0.000832686955331452,0.010626454350504133,0.0011680430715881318,-0.0031231464160240696,0,mean_strength|hold12|tp0.01000,False,1,1,mid,mid,0.8
btcusdt_clarity_hold12_v1,BTCUSDT,2,230,1701932400000,1701939600000,-1,1,-0.008381922174736834,0.008381922174736834,0.390502875,True,target,0.006756356578905387,0.017070848348724632,0.013243916773350017,0.015038929917037702,0,mean_strength|hold12|tp0.01000,False,1,-1,high,low,0.9
btcusdt_clarity_hold12_v1,BTCUSDT,2,231,1702029600000,1702033200000,1,1,0.005647783477109339,0.005647783477109339,0.38405922999999564,True,target,0.006738118995550213,0.0047033176709705415,0.01031688055508817,0.0207789394606277,0,mean_strength|hold12|tp0.01000,False,1,1,mid,low,0.9
btcusdt_clarity_hold12_v1,BTCUSDT,2,232,1702108800000,1702108800000,-1,1,0.0015122154474191628,0.0015122154474191628,0.39362474999999997,True,target_entry_bar,-8.663594890312432e-05,0.0005334950537712047,-0.0023232113666364906,-0.0035634733719851486,0,mean_strength|hold12|tp0.01000,False,1,0,low,low,1.0
btcusdt_clarity_hold12_v1,BTCUSDT,2,233,1702252800000,1702256400000,-1,1,-0.006296771697872006,0.006296771697872006,0.38997393500000144,True,target,0.009179167917364728,0.030463564019311495,0.03463383002270737,0.032635768508992524,0,mean_strength|hold12|tp0.01000,False,1,-1,high,low,1.0
btcusdt_clarity_hold12_v1,BTCUSDT,2,234,1702270800000,1702270800000,-1,1,-0.007260453878678535,0.007260453878678535,0.375365725,True,target_entry_bar,-0.0018405170568849272,-0.004591780926155753,-0.006972087869232757,0.016027241554785077,0,mean_strength|hold12|tp0.01000,False,1,-1,high,high,1.0
btcusdt_clarity_hold12_v1,BTCUSDT,2,235,1702274400000,1702310400000,-1,1,-0.018499196866639447,0.018499196866639447,0.3742955250000029,True,target,6.645969219676306e-05,-0.006062073352511632,-0.0020697446998394486,0.024986470705517183,0,mean_strength|hold12|tp0.01000,False,1,-1,high,high,1.0
btcusdt_clarity_hold12_v1,BTCUSDT,2,236,1702314000000,1702314000000,-1,1,-0.003995401901758264,0.003995401901758264,0.37233884499999853,True,target_entry_bar,0.007281400890298162,0.012018057294209239,0.002619660990734518,-0.005099155618496054,0,mean_strength|hold12|tp0.01000,False,1,-1,mid,high,1.0
btcusdt_clarity_hold12_v1,BTCUSDT,2,237,1702404000000,1702404000000,1,1,0.0016469049012939033,0.0016469049012939033,0.362445485,True,target_entry_bar,-0.003999041971796347,-0.004928039017876085,0.0023636200885932546,-0.010872168554901585,0,mean_strength|hold12|tp0.01000,False,1,1,low,mid,1.0
btcusdt_clarity_hold12_v1,BTCUSDT,2,238,1702476000000,1702479600000,1,1,0.004597182035414073,0.004597182035414073,0.3692120149999985,True,target,0.012069580989686468,0.016365329139692575,0.034262269775878096,0.031727271850186645,0,mean_strength|hold12|tp0.01000,False,1,1,mid,mid,1.0
btcusdt_clarity_hold12_v1,BTCUSDT,2,239,1702494000000,1702494000000,1,1,0.0073867937569160975,0.0073867937569160975,0.37508062499999706,True,target_entry_bar,0.0031183620762254005,0.0056401882714027796,0.0023674286730233085,0.0038201689951060658,0,mean_strength|hold12|tp0.01000,False,1,1,high,mid,1.0
btcusdt_clarity_hold12_v1,BTCUSDT,2,240,1702497600000,1702501200000,1,1,0.004857865511349792,0.004857865511349792,0.38041985500000436,True,target,0.0028101613568998207,-0.00011893628979409154,-0.0024510204034038363,-0.0026399192166062235,0,mean_strength|hold12|tp0.01000,False,1,1,mid,mid,1.0
btcusdt_clarity_hold12_v1,BTCUSDT,2,241,1702512000000,1702551600000,1,1,0.00421170829248061,0.00421170829248061,0.38157789999999997,True,target,0.0012875967742311811,-0.0015423119255764117,0.002764477284783018,0.007178760962682995,0,mean_strength|hold12|tp0.01000,False,1,1,mid,mid,1.0
btcusdt_clarity_hold12_v1,BTCUSDT,2,242,1702562400000,1702573200000,1,1,-0.0043649855734198524,0.0043649855734198524,0.37882104500000147,True,target,-0.0049408295812248815,0.012923972633241965,0.006169005435381347,0.005479914402705566,0,mean_strength|hold12|tp0.01000,False,1,-1,mid,mid,1.0
btcusdt_clarity_hold12_v1,BTCUSDT,2,243,1702645200000,1702648800000,-1,1,-0.002341090809484199,0.002341090809484199,0.37946368499999855,True,target,0.0025666841560429976,0.011649342730328027,0.004407795535009473,0.0051168243073970165,0,mean_strength|hold12|tp0.01000,False,1,-1,low,mid,1.0
btcusdt_clarity_hold12_v1,BTCUSDT,2,244,1702742400000,1702764000000,-1,1,-0.003915562939119672,0.003915562939119672,0.3794631349999985,True,target,0.002102472047211701,0.005833421327420152,0.006692243614562332,0.01399692607323455,0,mean_strength|hold12|tp0.01000,False,1,-1,mid,low,1.0
btcusdt_clarity_hold12_v1,BTCUSDT,2,245,1702774800000,1702800000000,-1,1,-0.005739488523060659,0.005739488523060659,0.3752775499999942,True,target,0.0032882057626876238,0.00021413785719381906,0.0031977920007614236,0.0036046539294296576,0,mean_strength|hold12|tp0.01000,False,1,-1,high,low,1.0
btcusdt_clarity_hold12_v1,BTCUSDT,2,246,1702803600000,1702846800000,-1,1,-0.00638832470000764,0.00638832470000764,-0.30062728000000144,False,max_hold,0.0008761112089858969,0.0007094596203200965,0.0041734319275875675,0.0008023083625767757,0,mean_strength|hold12|tp0.01000,True,-1,-1,high,low,1.0
btcusdt_clarity_hold12_v1,BTCUSDT,2,247,1702850400000,1702854000000,-1,1,-0.005532247075994008,0.005532247075994008,0.37358671499999996,True,target,0.008258028039442977,0.01772110049543374,0.012819468534685075,0.021448832328730294,0,mean_strength|hold12|tp0.01000,False,1,-1,mid,low,0.9
btcusdt_clarity_hold12_v1,BTCUSDT,2,248,1702893600000,1702893600000,-1,1,-0.00149198024391358,0.00149198024391358,0.36566070999999856,True,target_entry_bar,-0.007134130965409158,-0.013107802741523678,-0.016359047052458164,-0.04123057638587957,0,mean_strength|hold12|tp0.01000,False,1,0,low,low,0.9
btcusdt_clarity_hold12_v1,BTCUSDT,2,249,1702900800000,1702929600000,-1,1,0.005975363795275717,0.005975363795275717,-0.8679805250000029,False,stop,-0.010749562787607747,-0.00847068478696289,-0.017578869207546477,-0.043787187478627976,0,mean_strength|hold12|tp0.01000,True,-1,1,high,mid,0.9
btcusdt_clarity_hold12_v1,BTCUSDT,2,250,1702998000000,1703041200000,1,1,0.00606481075072232,0.00606481075072232,-0.0026727800000000065,False,max_hold,-0.0035048267815810386,-0.006214598897273382,0.0008585649498504822,-0.0014372142037223368,0,mean_strength|hold12|tp0.01000,True,-1,1,high,mid,0.8
btcusdt_clarity_hold12_v1,BTCUSDT,2,251,1703077200000,1703077200000,1,1,-0.00013903014388965638,0.00013903014388965638,0.3827297850000029,True,target_entry_bar,0.001782421354366237,-0.002074546749192163,-0.0012940242098922194,-0.007385295137938064,0,mean_strength|hold12|tp0.01000,False,1,0,low,mid,0.7
btcusdt_clarity_hold12_v1,BTCUSDT,2,252,1703124000000,1703145600000,1,1,0.0036472775146515605,0.0036472775146515605,0.38699430499999854,True,target,0.005951147161920023,0.0027913275387954073,0.0066720098018895335,0.0029341182214730477,0,mean_strength|hold12|tp0.01000,False,1,1,mid,mid,0.7
btcusdt_clarity_hold12_v1,BTCUSDT,2,253,1703170800000,1703192400000,1,1,0.001932667905127033,0.001932667905127033,0.3875341349999971,True,target,-0.0032947464185308917,-0.005440321767899325,0.004108742592520809,0.004254669077493833,0,mean_strength|hold12|tp0.01000,False,1,1,low,mid,0.7
btcusdt_clarity_hold12_v1,BTCUSDT,2,254,1703232000000,1703275200000,1,1,0.0036219750687195673,0.0036219750687195673,-0.017416320000001456,False,max_hold,0.0032952628877318535,0.0033135953655496486,0.0006233042458017035,0.0007814218669794926,0,mean_strength|hold12|tp0.01000,True,-1,1,mid,mid,0.7
btcusdt_clarity_hold12_v1,BTCUSDT,2,255,1703397600000,1703440800000,1,1,0.0022119068137120487,0.0022119068137120487,0.06063548999999854,True,max_hold,0.002055564477276395,0.003081052559132047,0.0020326229094496107,0.0023652756429373145,0,mean_strength|hold12|tp0.01000,False,1,1,low,low,0.6
btcusdt_clarity_hold12_v1,BTCUSDT,2,256,1703444400000,1703455200000,-1,1,-0.009845468447539654,0.009845468447539654,0.3889030749999971,True,target,0.002825046454028368,0.014915695389881578,0.013114814195342994,0.009442024685361483,0,mean_strength|hold12|tp0.01000,False,1,-1,high,low,0.6
btcusdt_clarity_hold12_v1,BTCUSDT,2,257,1703484000000,1703527200000,-1,1,-0.0034791428676839873,0.0034791428676839873,-0.403265685,False,max_hold,0.0008366189501126664,0.002001414394468104,-0.009953916624681591,-0.005190735254013257,0,mean_strength|hold12|tp0.01000,True,-1,-1,mid,low,0.7
btcusdt_clarity_hold12_v1,BTCUSDT,2,258,1703559600000,1703566800000,-1,1,-0.03028254507938307,0.03028254507938307,0.38685954000000145,True,target,0.00015866482400850312,0.017871637857887035,0.023889403719195457,0.02448497168177821,0,mean_strength|hold12|tp0.01000,False,1,-1,high,low,0.6
btcusdt_clarity_hold12_v1,BTCUSDT,2,259,1703570400000,1703581200000,-1,1,-0.00785729411812864,0.00785729411812864,0.38088647499999706,True,target,-0.0020603736300270903,0.006127270215660174,-0.0020908109677435505,0.01203211373262425,0,mean_strength|hold12|tp0.01000,False,1,-1,high,mid,0.6
btcusdt_clarity_hold12_v1,BTCUSDT,2,260,1703584800000,1703610000000,-1,1,-0.004466940365806776,0.004466940365806776,0.3778628949999956,True,target,-0.0005996116577622335,-0.001475606814024255,0.007656759801659696,0.0046704126780390265,0,mean_strength|hold12|tp0.01000,False,1,-1,mid,mid,0.7
btcusdt_clarity_hold12_v1,BTCUSDT,2,261,1703613600000,1703628000000,1,1,0.0017124226303670664,0.0017124226303670664,0.3741913950000043,True,target,-0.001128047624464501,0.003898399878663694,0.004713627573654788,0.006204261934554145,0,mean_strength|hold12|tp0.01000,False,1,1,low,mid,0.8
btcusdt_clarity_hold12_v1,BTCUSDT,2,262,1703646000000,1703664000000,1,1,0.003347633126230325,0.003347633126230325,0.37615324500000147,True,target,0.0014405779343200642,0.004350119575065037,0.011836866967713577,0.017383919933198877,0,mean_strength|hold12|tp0.01000,False,1,1,mid,mid,0.8
btcusdt_clarity_hold12_v1,BTCUSDT,2,263,1703692800000,1703707200000,1,1,0.0035670825849402304,0.0035670825849402304,0.3827285750000029,True,target,-0.0015723562152134551,0.0014819109461967628,0.005449907235621554,0.005329313543599223,0,mean_strength|hold12|tp0.01000,False,1,1,mid,low,0.8
btcusdt_clarity_hold12_v1,BTCUSDT,2,264,1703754000000,1703797200000,1,1,-0.0010116766446836287,0.0010116766446836287,-0.48304953,False,max_hold,0.0013276082163165004,-0.005978878960194889,-0.013907392363931681,-0.013707786932807164,0,mean_strength|hold12|tp0.01000,True,-1,0,low,low,0.8
btcusdt_clarity_hold12_v1,BTCUSDT,2,265,1703858400000,1703862000000,-1,1,-0.012896427906490902,0.012896427906490902,0.38150777000000147,True,target,0.017740377470649382,0.028312620746024586,0.02304391440035669,0.026136870263040568,0,mean_strength|hold12|tp0.01000,False,1,-1,high,low,0.8
btcusdt_clarity_hold12_v1,BTCUSDT,2,266,1703869200000,1703912400000,1,1,0.003965844503270462,0.003965844503270462,-0.04342717000000437,False,max_hold,0.005845200173014042,0.005422223709145024,0.005945567469525237,0.007214496861132069,0,mean_strength|hold12|tp0.01000,True,-1,1,mid,mid,0.8
btcusdt_clarity_hold12_v1,BTCUSDT,2,267,1703937600000,1703948400000,1,1,0.0018275912533788638,0.0018275912533788638,0.373119215,True,target,0.0010660752487310354,0.009209176813815168,0.01007536295340894,0.00884747271156705,0,mean_strength|hold12|tp0.01000,False,1,1,low,mid,0.7
btcusdt_clarity_hold12_v1,BTCUSDT,2,268,1704063600000,1704070800000,1,1,0.0028841110164998305,0.0028841110164998305,0.37641963999999706,True,target,0.004478423216902172,0.007241102235666652,-0.0009783995840620952,0.009774542704542144,0,mean_strength|hold12|tp0.01000,False,1,1,low,low,0.8
btcusdt_clarity_hold12_v1,BTCUSDT,2,269,1704121200000,1704132000000,1,1,0.0033238397875852118,0.0033238397875852118,0.3795317249999971,True,target,-0.0013615769069084127,0.007707039095707469,0.020127049371759576,0.06111915549535252,0,mean_strength|hold12|tp0.01000,False,1,1,mid,low,0.8
btcusdt_clarity_hold12_v1,BTCUSDT,2,270,1704135600000,1704139200000,1,1,0.005501049788413294,0.005501049788413294,0.38397600500000434,True,target,0.004525188147726622,0.0006359599781433634,0.031455912131912456,0.04452408612321568,0,mean_strength|hold12|tp0.01000,False,1,1,mid,low,0.8
btcusdt_clarity_hold12_v1,BTCUSDT,2,271,1704142800000,1704150000000,1,1,0.00674696853366162,0.00674696853366162,0.38940660000000293,True,target,-0.0021955228732732923,0.03434081657883059,0.04018333417277553,0.04694847503880495,0,mean_strength|hold12|tp0.01000,False,1,1,high,low,0.8
btcusdt_clarity_hold12_v1,BTCUSDT,2,272,1704153600000,1704153600000,1,1,0.006547696904054846,0.006547696904054846,0.393578875,True,target_entry_bar,-0.005610914612282469,0.005648542047552052,0.0005112904439594779,0.0038800525898741167,0,mean_strength|hold12|tp0.01000,False,1,1,high,mid,0.8
btcusdt_clarity_hold12_v1,BTCUSDT,2,273,1704157200000,1704178800000,1,1,0.006547696904054846,0.006547696904054846,0.40202887,True,target,0.010989108829349226,0.006352626412591267,0.01266963894200046,0.01691659451145533,0,mean_strength|hold12|tp0.01000,False,1,1,high,mid,0.8
btcusdt_clarity_hold12_v1,BTCUSDT,2,274,1704182400000,1704225600000,1,1,0.002488762802282588,0.002488762802282588,-0.4949254349999985,False,max_hold,-0.0018835885526706786,-0.007202598173595698,-0.011419392013410024,-0.02164271620890168,0,mean_strength|hold12|tp0.01000,True,-1,1,low,high,0.8
btcusdt_clarity_hold12_v1,BTCUSDT,2,275,1704229200000,1704232800000,1,1,0.0037094386529633056,0.0037094386529633056,0.398920965,True,target,-0.003284243162440581,0.0002901118370057798,0.003162440482781692,0.004954047170855791,0,mean_strength|hold12|tp0.01000,False,1,1,mid,high,0.8
btcusdt_clarity_hold12_v1,BTCUSDT,2,276,1704236400000,1704272400000,1,1,0.005049871548850827,0.005049871548850827,0.40052010499999563,True,target,0.004186323638611045,0.007401100049355458,0.004895530882751853,-0.027810261495160082,0,mean_strength|hold12|tp0.01000,False,1,1,mid,high,0.8
btcusdt_clarity_hold12_v1,BTCUSDT,2,277,1704283200000,1704283200000,1,1,0.005947292972077515,0.005947292972077515,-0.92264463,False,stop_entry_bar,-0.005844031423644536,0.005098631174087043,-0.01234233265881246,0.002046929838909417,0,mean_strength|hold12|tp0.01000,True,-1,1,high,high,0.9
btcusdt_clarity_hold12_v1,BTCUSDT,2,278,1704286800000,1704297600000,1,1,-0.000549630513449334,0.000549630513449334,0.38086557000000437,True,target,-0.008029013507828031,0.010894167918261921,0.001285676343320441,0.004016857167704391,0,mean_strength|hold12|tp0.01000,False,1,0,low,high,0.8
btcusdt_clarity_hold12_v1,BTCUSDT,2,279,1704301200000,1704304800000,-1,1,-0.016600478606401108,0.016600478606401108,0.38285019500000145,True,target,0.015074159083759642,0.0044274079856458926,0.0015146395740367469,-0.006450034370667268,0,mean_strength|hold12|tp0.01000,False,1,-1,high,high,0.8
btcusdt_clarity_hold12_v1,BTCUSDT,2,280,1704308400000,1704333600000,-1,1,-0.010732220332594071,0.010732220332594071,-0.8918357350000015,False,stop,-0.0029131181866837164,-0.0035962103642219745,-0.002727673918554663,-0.004098553065229327,0,mean_strength|hold12|tp0.01000,True,-1,-1,high,high,0.8
btcusdt_clarity_hold12_v1,BTCUSDT,2,281,1704344400000,1704376800000,1,1,0.003828209529632941,0.003828209529632941,0.3840615400000029,True,target,-0.0006390175799294573,-0.007700624894365404,-7.177371368782826e-05,0.018330080363406553,0,mean_strength|hold12|tp0.01000,False,1,1,mid,high,0.7
btcusdt_clarity_hold12_v1,BTCUSDT,2,282,1704391200000,1704398400000,-1,1,-0.011438778850890405,0.011438778850890405,-0.9280406599999971,False,stop,0.002229376001743444,-0.008760857424366941,-0.0036164928419322173,0.0045472913762649725,0,mean_strength|hold12|tp0.01000,True,-1,-1,high,mid,0.7
btcusdt_clarity_hold12_v1,BTCUSDT,2,283,1704402000000,1704416400000,-1,1,-0.011242491291119533,0.011242491291119533,0.39263854500000145,True,target,0.0027546411427260553,0.005099686952138027,0.02171755476087056,0.006443249666359785,0,mean_strength|hold12|tp0.01000,False,1,-1,high,mid,0.6
btcusdt_clarity_hold12_v1,BTCUSDT,2,284,1704420000000,1704445200000,-1,1,-0.006760619698961904,0.006760619698961904,-0.91516383,False,stop,0.0008573451262343657,-0.0031673500910209818,-0.009313572256035796,0.00038615008366593706,0,mean_strength|hold12|tp0.01000,True,-1,-1,high,mid,0.6
btcusdt_clarity_hold12_v1,BTCUSDT,2,285,1704466800000,1704484800000,1,1,0.004064337047460301,0.004064337047460301,0.3870049750000058,True,target,-0.0063087421140721744,0.002510621861722795,0.01013904982618774,0.009899942982214194,0,mean_strength|hold12|tp0.01000,False,1,1,mid,mid,0.6
btcusdt_clarity_hold12_v1,BTCUSDT,2,286,1704628800000,1704672000000,1,1,0.004136586194743997,0.004136586194743997,-0.2075961499999971,False,max_hold,0.007379613392648476,-0.0010412673062483169,0.0001610674918162136,-0.010414941618705598,0,mean_strength|hold12|tp0.01000,True,-1,1,mid,low,0.6
btcusdt_clarity_hold12_v1,BTCUSDT,2,287,1704682800000,1704693600000,1,1,0.0022906698685843385,0.0022906698685843385,0.3858472600000029,True,target,0.0019033651403730367,0.009151324424910179,0.00492852036347835,0.03373875623823319,0,mean_strength|hold12|tp0.01000,False,1,1,low,low,0.5
btcusdt_clarity_hold12_v1,BTCUSDT,2,288,1704726000000,1704726000000,1,1,0.00619790826832346,0.00619790826832346,0.39856276499999854,True,target_entry_bar,-0.0006760122393795198,0.04448783177969107,0.04708958941151353,0.04365615882729679,0,mean_strength|hold12|tp0.01000,False,1,1,high,mid,0.6
btcusdt_clarity_hold12_v1,BTCUSDT,2,289,1704729600000,1704733200000,1,1,0.004750908073413337,0.004750908073413337,0.40016113500000144,True,target,0.01566115996724471,0.04600660447894045,0.04610673977284874,0.04154947128564834,0,mean_strength|hold12|tp0.01000,False,1,1,mid,mid,0.6
btcusdt_clarity_hold12_v1,BTCUSDT,2,290,1704736800000,1704736800000,1,1,0.002621850488860243,0.002621850488860243,0.4062157749999971,True,target_entry_bar,0.0007770884518270016,0.0024909410647602215,-0.006127289217418563,-0.0037406696160543484,0,mean_strength|hold12|tp0.01000,False,1,1,low,mid,0.6
btcusdt_clarity_hold12_v1,BTCUSDT,2,291,1704805200000,1704805200000,1,1,-0.00028684203998098336,0.00028684203998098336,0.41092700000000004,True,target_entry_bar,-0.00588230270265655,0.0014049202099266633,0.0008134872340153088,-0.019024071535633347,0,mean_strength|hold12|tp0.01000,False,1,0,low,high,0.7
btcusdt_clarity_hold12_v1,BTCUSDT,2,292,1704834000000,1704834000000,1,1,0.016539856816708255,0.016539856816708255,0.4150179199999986,True,target_entry_bar,0.01761268377256875,0.009102270177028915,0.015036237464301605,0.00476785580701522,0,mean_strength|hold12|tp0.01000,False,1,1,high,mid,0.7
btcusdt_clarity_hold12_v1,BTCUSDT,2,293,1704837600000,1704837600000,1,1,0.017956900152724123,0.017956900152724123,0.4044297249999971,True,target_entry_bar,-0.0029556309418018456,-0.006622602468719263,-0.006060448814828701,-0.015390037339975349,0,mean_strength|hold12|tp0.01000,False,1,1,high,high,0.8
btcusdt_clarity_hold12_v1,BTCUSDT,2,294,1704841200000,1704873600000,1,1,0.005317363067190215,0.005317363067190215,-0.975892155,False,stop,-0.005423515635164966,-0.0026889881597779164,-0.0027236847811944465,-0.012659929739341713,0,mean_strength|hold12|tp0.01000,True,-1,1,mid,high,0.8
btcusdt_clarity_hold12_v1,BTCUSDT,2,295,1704884400000,1704888000000,1,1,0.0056431357364544145,0.0056431357364544145,-0.9608165999999971,False,stop,-0.018690890881217337,-0.014054407843585026,0.01932124172527261,0.024877993068337156,0,mean_strength|hold12|tp0.01000,True,-1,1,mid,high,0.8
btcusdt_clarity_hold12_v1,BTCUSDT,2,296,1704891600000,1704891600000,1,1,0.009959626117553251,0.009959626117553251,0.39758239,True,target_entry_bar,-0.0050974838376517395,0.004379403505739177,0.03055387486342065,0.030726746054436482,0,mean_strength|hold12|tp0.01000,False,1,1,high,high,0.7
btcusdt_clarity_hold12_v1,BTCUSDT,2,297,1704895200000,1704898800000,1,1,0.008096474904766721,0.008096474904766721,0.40149454000000145,True,target,0.015119079177461359,0.033851411106631035,0.027527104964769622,0.03735996417934384,0,mean_strength|hold12|tp0.01000,False,1,1,high,high,0.8
btcusdt_clarity_hold12_v1,BTCUSDT,2,298,1704902400000,1704906000000,1,1,0.01048688815436487,0.01048688815436487,0.40549783500000147,True,target,0.024096438714062307,0.02606034260192991,0.0349839688070277,0.023986107034968507,0,mean_strength|hold12|tp0.01000,False,1,1,high,high,0.8
btcusdt_clarity_hold12_v1,BTCUSDT,2,299,1704927600000,1704927600000,-1,1,-0.0038476039330999708,0.0038476039330999708,0.4174854400000029,True,target_entry_bar,-0.00028073694519625825,0.0020465937607820894,0.012622447383253022,-0.008692130150504962,0,mean_strength|hold12|tp0.01000,False,1,-1,mid,high,0.8
btcusdt_clarity_hold12_v1,BTCUSDT,2,300,1704963600000,1704967200000,1,1,0.021599603125080965,0.021599603125080965,0.41182063,True,target,0.014229823771768846,0.026795606412076234,0.012996399266004266,-0.0012182771872728537,0,mean_strength|hold12|tp0.01000,False,1,1,high,high,0.8
btcusdt_clarity_hold12_v1,BTCUSDT,2,301,1704970800000,1704974400000,1,1,0.00921981279074118,0.00921981279074118,0.41705881500000147,True,target,0.00812857856103344,0.03206815598542545,-0.011710592009517962,-0.015524182839903533,0,mean_strength|hold12|tp0.01000,False,1,1,high,high,0.8
btcusdt_clarity_hold12_v1,BTCUSDT,2,302,1704981600000,1704981600000,1,1,-0.0032621306200983605,0.0032621306200983605,0.42115105500000005,True,target_entry_bar,-0.036323101657337986,-0.04241846601026389,-0.048252394607424365,-0.04993422935120717,0,mean_strength|hold12|tp0.01000,False,1,-1,mid,high,0.8
btcusdt_clarity_hold12_v1,BTCUSDT,2,303,1704988800000,1704988800000,1,1,0.005631628363643656,0.005631628363643656,-0.9877054050000045,False,stop_entry_bar,0.01041096485511983,0.014344671792866803,0.008054216082366894,-0.0016855640992223808,0,mean_strength|hold12|tp0.01000,True,-1,1,mid,high,0.8
btcusdt_clarity_hold12_v1,BTCUSDT,2,304,1704992400000,1704992400000,1,1,0.0045784628943367255,0.0045784628943367255,0.40967945999999855,True,target_entry_bar,0.0021604865286677377,-0.006092357037059348,-0.003858779421849534,-0.006801770524084594,0,mean_strength|hold12|tp0.01000,False,1,1,mid,high,0.7
btcusdt_clarity_hold12_v1,BTCUSDT,2,305,1704996000000,1705039200000,1,1,0.0027406137011639726,0.0027406137011639726,-0.39080787999999567,False,max_hold,0.0017289533182602845,-0.009895361857487961,-0.006840734655003011,-0.010955042923518565,0,mean_strength|hold12|tp0.01000,True,-1,1,low,high,0.8
btcusdt_clarity_hold12_v1,BTCUSDT,2,306,1705068000000,1705068000000,-1,1,-0.005875320734695917,0.005875320734695917,0.4076096849999971,True,target_entry_bar,0.02128768732307007,0.035776424293214926,0.03906701948181923,0.06419300132635619,0,mean_strength|hold12|tp0.01000,False,1,-1,high,high,0.8
btcusdt_clarity_hold12_v1,BTCUSDT,2,307,1705071600000,1705071600000,-1,1,0.003379226857971364,0.003379226857971364,0.40466592000000146,True,target_entry_bar,0.018741389501315875,0.022137269047603048,0.023123894541196677,0.042015862420805905,0,mean_strength|hold12|tp0.01000,False,1,1,mid,high,0.8
btcusdt_clarity_hold12_v1,BTCUSDT,2,308,1705251600000,1705262400000,-1,1,-0.007802019016076561,0.007802019016076561,0.38213324499999857,True,target,0.0018404037254796668,0.010819061091631665,0.028962510208307535,0.005430470664057552,0,mean_strength|hold12|tp0.01000,False,1,-1,high,low,0.8
btcusdt_clarity_hold12_v1,BTCUSDT,2,309,1705266000000,1705266000000,-1,1,-0.005359163427651539,0.005359163427651539,0.3783909550000014,True,target_entry_bar,0.00653461158889046,0.006363080971850232,-0.00032426335824053965,-0.004741764180647756,0,mean_strength|hold12|tp0.01000,False,1,-1,mid,low,0.8
btcusdt_clarity_hold12_v1,BTCUSDT,2,310,1705269600000,1705269600000,-1,1,-0.005156195393521346,0.005156195393521346,0.3788435999999942,True,target_entry_bar,0.012890285927828593,-2.3651900785015556e-05,-0.007523669639710517,-0.00681647780623873,0,mean_strength|hold12|tp0.01000,False,1,-1,mid,low,0.8
btcusdt_clarity_hold12_v1,BTCUSDT,2,311,1705273200000,1705273200000,-1,1,-0.0031586740939711535,0.0031586740939711535,0.37634785999999854,True,target_entry_bar,-0.013233528773280767,-0.016139969186460323,-0.024233914541546886,-0.023122135191410598,0,mean_strength|hold12|tp0.01000,False,1,-1,mid,low,0.8
btcusdt_clarity_hold12_v1,BTCUSDT,2,312,1705294800000,1705338000000,-1,1,-0.00461600076677965,0.00461600076677965,0.0049940100000029075,True,max_hold,0.002180305663882165,0.0014691330009849457,0.001085474064421943,0.000980201795243163,0,mean_strength|hold12|tp0.01000,False,1,-1,mid,mid,0.8
btcusdt_clarity_hold12_v1,BTCUSDT,2,313,1705406400000,1705413600000,-1,1,-0.011866513129359709,0.011866513129359709,0.3817753749999971,True,target,0.008211287740297224,-0.0021223305784741076,0.0035055525821301448,0.0016380870294553374,0,mean_strength|hold12|tp0.01000,False,1,-1,high,mid,0.8
btcusdt_clarity_hold12_v1,BTCUSDT,2,314,1705420800000,1705464000000,-1,1,-0.0012144823173651596,0.0012144823173651596,0.33996078500000293,True,max_hold,0.0045873044499628035,0.001965327007292572,0.0009526055611819295,0.009283279922681742,0,mean_strength|hold12|tp0.01000,False,1,0,low,mid,0.9
btcusdt_clarity_hold12_v1,BTCUSDT,2,315,1705672800000,1705672800000,-1,1,-0.0036122050026829206,0.0036122050026829206,0.36851332999999564,True,target_entry_bar,0.00186462436605217,-0.006484694948429848,-0.016161704910991004,-0.015964015678464616,0,mean_strength|hold12|tp0.01000,False,1,-1,mid,mid,0.9
btcusdt_clarity_hold12_v1,BTCUSDT,2,316,1705676400000,1705680000000,-1,1,0.0005290989022450133,0.0005290989022450133,0.36467692500000004,True,target,0.011942196249113635,-0.022339046873853796,-0.018047778565664974,-0.01811868841235298,0,mean_strength|hold12|tp0.01000,False,1,0,low,mid,1.0
btcusdt_clarity_hold12_v1,BTCUSDT,2,317,1705690800000,1705734000000,-1,1,-0.0026007956364491494,0.0026007956364491494,0.07479782499999708,True,max_hold,0.004373662374308029,0.0030464985592500993,0.003673015531403534,0.0039719263005607575,0,mean_strength|hold12|tp0.01000,False,1,-1,low,high,1.0
btcusdt_clarity_hold12_v1,BTCUSDT,2,318,1705881600000,1705892400000,-1,1,-0.008993756899394939,0.008993756899394939,0.3701135699999985,True,target,0.0069335241172839845,0.010878046321126766,0.010837232640380945,0.01841657323534851,0,mean_strength|hold12|tp0.01000,False,1,-1,high,low,1.0
btcusdt_clarity_hold12_v1,BTCUSDT,2,319,1705896000000,1705896000000,-1,1,-8.714901576570167e-05,8.714901576570167e-05,0.36672970000000293,True,target_entry_bar,-0.008752547410653566,-0.006520880797121986,0.001795142814401296,0.006194714138221036,0,mean_strength|hold12|tp0.01000,False,1,0,low,low,1.0
btcusdt_clarity_hold12_v1,BTCUSDT,2,320,1705946400000,1705946400000,-1,1,-0.007915752996371874,0.007915752996371874,0.3623598450000015,True,target_entry_bar,0.012603947848127572,0.011564779381310286,0.011197722261766296,0.007470108405855935,0,mean_strength|hold12|tp0.01000,False,1,-1,high,mid,1.0
btcusdt_clarity_hold12_v1,BTCUSDT,2,321,1705950000000,1705950000000,-1,1,-0.0008414958236989185,0.0008414958236989185,0.3588911,True,target_entry_bar,-0.00927598116169559,-0.00043704866562022104,-0.000389324960753612,0.0009695447409733271,0,mean_strength|hold12|tp0.01000,False,1,0,low,mid,1.0
btcusdt_clarity_hold12_v1,BTCUSDT,2,322,1705993200000,1705996800000,-1,1,-0.010156683386735438,0.010156683386735438,0.35622066,True,target,0.007874510671571189,0.021544279037258085,0.023032692293187162,0.015935073000133304,0,mean_strength|hold12|tp0.01000,False,1,-1,high,mid,1.0
btcusdt_clarity_hold12_v1,BTCUSDT,2,323,1706000400000,1706000400000,-1,1,0.0013584632005058358,0.0013584632005058358,0.35123204000000147,True,target_entry_bar,0.0012190583736477745,-0.0025972359455401772,-0.0059772356888962985,-0.006469991915718065,0,mean_strength|hold12|tp0.01000,False,1,0,low,mid,1.0
btcusdt_clarity_hold12_v1,BTCUSDT,2,324,1706022000000,1706022000000,1,1,0.0006708297888743793,0.0006708297888743793,0.3450199650000015,True,target_entry_bar,0.002944072821156496,-0.0028139621505508527,0.0004898284069860814,0.0105568226463999,0,mean_strength|hold12|tp0.01000,False,1,0,low,mid,1.0
btcusdt_clarity_hold12_v1,BTCUSDT,2,325,1706047200000,1706050800000,1,1,0.00345164546143881,0.00345164546143881,0.3490242499999942,True,target,0.010684524035745158,0.0074718191561327085,0.004573290463485868,0.02223809994349879,0,mean_strength|hold12|tp0.01000,False,1,1,mid,mid,1.0
btcusdt_clarity_hold12_v1,BTCUSDT,2,326,1706058000000,1706058000000,-1,1,-0.0028009319998639633,0.0028009319998639633,0.35755934500000003,True,target_entry_bar,9.808063737315464e-05,0.0028770320296152008,-0.005437188153871064,-0.005356711733462083,0,mean_strength|hold12|tp0.01000,False,1,-1,low,mid,1.0
btcusdt_clarity_hold12_v1,BTCUSDT,2,327,1706130000000,1706137200000,1,1,0.003112027374519661,0.003112027374519661,0.3519578950000044,True,target,0.0021212372543550906,0.009357069073416602,0.0053960857643367,0.00591382850651323,0,mean_strength|hold12|tp0.01000,False,1,1,mid,mid,1.0
btcusdt_clarity_hold12_v1,BTCUSDT,2,328,1706245200000,1706263200000,1,1,0.004337805170457235,0.004337805170457235,0.357109885,True,target,-0.002451903530192423,0.000673462821110915,0.029450279736501273,0.04509457164023112,0,mean_strength|hold12|tp0.01000,False,1,1,mid,low,1.0
btcusdt_clarity_hold12_v1,BTCUSDT,2,329,1706266800000,1706266800000,1,1,0.003775807340626657,0.003775807340626657,0.3619141249999942,True,target_entry_bar,-0.0034842023647994047,0.007489339019189689,0.015196743554952485,0.012948245784066614,0,mean_strength|hold12|tp0.01000,False,1,1,mid,mid,1.0
btcusdt_clarity_hold12_v1,BTCUSDT,2,330,1706270400000,1706284800000,1,1,0.00019776640166670756,0.00019776640166670756,0.3672510450000015,True,target,-0.003063591404437793,0.006603741471788327,0.0232346662387366,0.01567294459762425,0,mean_strength|hold12|tp0.01000,False,1,0,low,mid,1.0
btcusdt_clarity_hold12_v1,BTCUSDT,2,331,1706342400000,1706385600000,-1,1,0.004038110475947704,0.004038110475947704,-0.2643660300000015,False,max_hold,-0.004848584261640143,-0.006978584213395589,-0.006985820906323381,-0.01433347645903793,0,mean_strength|hold12|tp0.01000,True,-1,1,mid,mid,1.0
btcusdt_clarity_hold12_v1,BTCUSDT,2,332,1706414400000,1706457600000,-1,1,-0.015639776289663242,0.015639776289663242,-0.10203836999999855,False,max_hold,0.004034146250093684,0.00797229714542591,0.0029383943957443925,0.009770454034614628,0,mean_strength|hold12|tp0.01000,True,-1,-1,high,low,0.9
btcusdt_clarity_hold12_v1,BTCUSDT,2,333,1706461200000,1706468400000,-1,1,-0.003103827020734028,0.003103827020734028,0.37643328499999706,True,target,0.0047423047268845275,0.005280825573809378,0.003114880493446437,0.0006025739873080083,0,mean_strength|hold12|tp0.01000,False,1,-1,mid,low,0.8
btcusdt_clarity_hold12_v1,BTCUSDT,2,334,1706472000000,1706490000000,1,1,0.0019347250746631955,0.0019347250746631955,0.37169950500000143,True,target,0.0007917977386064923,0.0021774437811679093,0.0069353850116502525,0.004228486116112817,0,mean_strength|hold12|tp0.01000,False,1,1,low,low,0.8
btcusdt_clarity_hold12_v1,BTCUSDT,2,335,1706644800000,1706655600000,-1,1,-0.006633686477063741,0.006633686477063741,0.38738562,True,target,0.0002916777672640203,0.014305990647937916,0.015516338548317465,0.013244926644189858,0,mean_strength|hold12|tp0.01000,False,1,-1,high,low,0.8
btcusdt_clarity_hold12_v1,BTCUSDT,2,336,1706662800000,1706706000000,1,1,0.0018454077403109565,0.0018454077403109565,-0.36595244500000146,False,max_hold,0.0022141222186111698,0.004222497071607156,0.006095265706356434,0.0003998045400026573,0,mean_strength|hold12|tp0.01000,True,-1,1,low,low,0.8
btcusdt_clarity_hold12_v1,BTCUSDT,2,337,1706709600000,1706713200000,1,1,0.0043746752044504286,0.0043746752044504286,0.38077431499999853,True,target,0.011146883165360277,0.01962019410227689,-0.007698768197088479,-0.016736655468458372,0,mean_strength|hold12|tp0.01000,False,1,1,mid,low,0.7
btcusdt_clarity_hold12_v1,BTCUSDT,2,338,1706720400000,1706731200000,-1,1,-0.002952729578655437,0.002952729578655437,0.38685712000000144,True,target,0.004690538839949632,0.026793273080883195,0.026186935133279965,0.03562292643862264,0,mean_strength|hold12|tp0.01000,False,1,-1,low,mid,0.7
btcusdt_clarity_hold12_v1,BTCUSDT,2,339,1706745600000,1706749200000,-1,1,-0.006845711902940269,0.006845711902940269,0.3788408499999942,True,target,0.011547284280337689,0.01088548805705103,0.0064625225505294814,0.007682488542211208,0,mean_strength|hold12|tp0.01000,False,1,-1,high,mid,0.7
btcusdt_clarity_hold12_v1,BTCUSDT,2,340,1706882400000,1706886000000,1,1,0.0005000993662621686,0.0005000993662621686,0.37970345500000147,True,target,0.010166425554888114,0.0034846300005375586,0.0033958198462649136,0.009046950189188996,0,mean_strength|hold12|tp0.01000,False,1,0,low,mid,0.7
btcusdt_clarity_hold12_v1,BTCUSDT,2,341,1707080400000,1707084000000,-1,1,-0.0066839118628777994,0.0066839118628777994,0.381603645,True,target,0.004859454656003015,0.00988728310181941,0.0012628034236004115,-0.006229830223095201,0,mean_strength|hold12|tp0.01000,False,1,-1,high,low,0.7
btcusdt_clarity_hold12_v1,BTCUSDT,2,342,1707087600000,1707130800000,-1,1,-0.004710201523476742,0.004710201523476742,-0.6442144849999986,False,max_hold,0.005428667404270282,0.0031547816200496737,-0.00463938473536718,-0.014340984207299456,0,mean_strength|hold12|tp0.01000,True,-1,-1,mid,low,0.8
btcusdt_clarity_hold12_v1,BTCUSDT,2,343,1707134400000,1707145200000,-1,1,-0.0032536984811636295,0.0032536984811636295,0.3843622599999985,True,target,-0.004498129055832356,0.014118806110980042,0.0119287144832817,0.014981429318088213,0,mean_strength|hold12|tp0.01000,False,1,-1,mid,low,0.8
btcusdt_clarity_hold12_v1,BTCUSDT,2,344,1707271200000,1707314400000,-1,1,-0.0034789439026258425,0.0034789439026258425,-0.16217040000000293,False,max_hold,0.005724006665225878,0.0004508555798026226,0.0023100538470298693,0.00042296760579429993,0,mean_strength|hold12|tp0.01000,True,-1,-1,mid,low,0.8
btcusdt_clarity_hold12_v1,BTCUSDT,2,345,1707318000000,1707325200000,1,1,0.002827752614065657,0.002827752614065657,0.3827272549999956,True,target,0.0038808299541546187,0.013498135064959227,0.025939551022114316,0.034042612488329516,0,mean_strength|hold12|tp0.01000,False,1,1,low,low,0.7
btcusdt_clarity_hold12_v1,BTCUSDT,2,346,1707336000000,1707336000000,1,1,0.006307233168012028,0.006307233168012028,0.3879802899999971,True,target_entry_bar,0.00138960043886871,0.004823931050428998,0.011676724079304757,0.013195536957024467,0,mean_strength|hold12|tp0.01000,False,1,1,high,low,0.7
btcusdt_clarity_hold12_v1,BTCUSDT,2,347,1707339600000,1707350400000,1,1,0.005779818540627246,0.005779818540627246,0.39260818000000147,True,target,-0.0006587481069481038,0.010911222939827603,0.007898186065779855,0.01113306938134273,0,mean_strength|hold12|tp0.01000,False,1,1,high,low,0.8
btcusdt_clarity_hold12_v1,BTCUSDT,2,348,1707354000000,1707397200000,1,1,0.0030116433333676877,0.0030116433333676877,-0.0513457999999971,False,max_hold,-2.240715594847842e-06,-0.003524645630828549,-0.0028636345303234556,0.007687895206212936,0,mean_strength|hold12|tp0.01000,True,-1,1,mid,low,0.8
btcusdt_clarity_hold12_v1,BTCUSDT,2,349,1707440400000,1707444000000,1,1,0.004164608268577947,0.004164608268577947,0.4028345450000015,True,target,0.017570518473233987,0.010300414083683096,0.01563974059845319,0.04336773401885474,0,mean_strength|hold12|tp0.01000,False,1,1,mid,low,0.7
btcusdt_clarity_hold12_v1,BTCUSDT,2,350,1707458400000,1707469200000,1,1,0.0060589807080527955,0.0060589807080527955,0.4115506050000044,True,target,0.0001082717447558057,0.006877421226892055,0.024454256270558083,0.030378886143598738,0,mean_strength|hold12|tp0.01000,False,1,1,high,mid,0.7
btcusdt_clarity_hold12_v1,BTCUSDT,2,351,1707472800000,1707476400000,1,1,0.004630683393722709,0.004630683393722709,0.41377093000000437,True,target,0.008466638152266892,0.01467065868263484,0.010573139435414936,0.010592386655261077,0,mean_strength|hold12|tp0.01000,False,1,1,mid,mid,0.7
btcusdt_clarity_hold12_v1,BTCUSDT,2,352,1707523200000,1707566400000,1,1,0.0014430829012338645,0.0014430829012338645,-0.018871819999999997,False,max_hold,0.004384623228306239,0.006230668570069042,0.0055997416811119916,0.0028784711600557955,0,mean_strength|hold12|tp0.01000,True,-1,0,low,mid,0.7
btcusdt_clarity_hold12_v1,BTCUSDT,2,353,1707588000000,1707595200000,1,1,0.002554869024243136,0.002554869024243136,0.41981556000000003,True,target,0.004040574809805575,0.012979712595097226,0.008486897717666864,0.01892434488588335,0,mean_strength|hold12|tp0.01000,False,1,1,low,low,0.7
btcusdt_clarity_hold12_v1,BTCUSDT,2,354,1707624000000,1707645600000,-1,1,-0.0026186991327697864,0.0026186991327697864,0.4318240650000014,True,target,0.0014827454813539642,0.002468481304153447,0.0029986249399447384,0.003918092808270379,0,mean_strength|hold12|tp0.01000,False,1,-1,low,mid,0.7
btcusdt_clarity_hold12_v1,BTCUSDT,2,355,1707696000000,1707696000000,1,1,0.0009906178138682678,0.0009906178138682678,0.4298738250000029,True,target_entry_bar,-0.002740013453219281,-0.00975666952599008,-0.009579761750481919,-0.011826079086003971,0,mean_strength|hold12|tp0.01000,False,1,0,low,mid,0.8
btcusdt_clarity_hold12_v1,BTCUSDT,2,356,1707742800000,1707746400000,1,1,0.009128348113623386,0.009128348113623386,0.4274674699999985,True,target,0.018065102776294584,0.03432202682861707,0.033308445675387155,0.0461533969567538,0,mean_strength|hold12|tp0.01000,False,1,1,high,low,0.8
btcusdt_clarity_hold12_v1,BTCUSDT,2,357,1707825600000,1707829200000,-1,1,-0.0022772455249411645,0.0022772455249411645,0.4450982100000029,True,target,0.0067083953181577005,0.022549110024900898,0.015251274113934565,0.007851188304215606,0,mean_strength|hold12|tp0.01000,False,1,-1,low,high,0.8
btcusdt_clarity_hold12_v1,BTCUSDT,2,358,1707836400000,1707847200000,1,1,0.002937026381694916,0.002937026381694916,0.43352277000000145,True,target,-0.00524069238674052,0.007466191893438667,0.01597436880936809,0.01582053243793724,0,mean_strength|hold12|tp0.01000,False,1,1,low,high,0.8
btcusdt_clarity_hold12_v1,BTCUSDT,2,359,1707850800000,1707858000000,1,1,0.0032414792005775422,0.0032414792005775422,0.4370738600000014,True,target,0.007146512685314965,0.009656457654108719,0.007974325566980411,0.016313622823168172,0,mean_strength|hold12|tp0.01000,False,1,1,mid,mid,0.9
btcusdt_clarity_hold12_v1,BTCUSDT,2,360,1707883200000,1707897600000,1,1,0.006956739112771311,0.006956739112771311,0.440723245,True,target,0.003127745634314838,0.009077547847422762,0.03915249227679629,0.044681212876999554,0,mean_strength|hold12|tp0.01000,False,1,1,high,mid,0.9
btcusdt_clarity_hold12_v1,BTCUSDT,2,361,1708009200000,1708009200000,-1,1,0.0008702732711596711,0.0008702732711596711,0.4686096099999971,True,target_entry_bar,-0.006284552047674863,-0.00067733077794907,0.011922561080034644,-0.006565490381710504,0,mean_strength|hold12|tp0.01000,False,1,0,low,mid,0.9
btcusdt_clarity_hold12_v1,BTCUSDT,2,362,1708034400000,1708038000000,1,1,0.002507947914571931,0.002507947914571931,0.45690518499999705,True,target,0.004445622890409728,0.005877821818969897,0.00936929055832536,0.012794955563125043,0,mean_strength|hold12|tp0.01000,False,1,1,low,mid,0.9
btcusdt_clarity_hold12_v1,BTCUSDT,2,363,1708189200000,1708200000000,1,1,0.0035465459039480136,0.0035465459039480136,0.45371262500000586,True,target,0.0009600768061444054,0.005803391100556388,0.008459213322431713,0.008638739879678115,0,mean_strength|hold12|tp0.01000,False,1,1,mid,low,1.0
btcusdt_clarity_hold12_v1,BTCUSDT,2,364,1708362000000,1708405200000,1,1,0.00028490489620278375,0.00028490489620278375,-0.07590821500000146,False,max_hold,-0.004393696683554271,-0.0068291037855156,-0.007177840286347159,-0.00473476864590594,0,mean_strength|hold12|tp0.01000,True,-1,0,low,low,1.0
btcusdt_clarity_hold12_v1,BTCUSDT,2,365,1708480800000,1708498800000,-1,1,-0.005890996543627481,0.005890996543627481,0.4640609849999986,True,target,0.001143907827131696,0.004525729289222458,0.0076906688981825955,0.021740006640807108,0,mean_strength|hold12|tp0.01000,False,1,-1,high,mid,0.9
btcusdt_clarity_hold12_v1,BTCUSDT,2,366,1708509600000,1708552800000,1,1,0.0008591579356824145,0.0008591579356824145,0.21549546500000147,True,max_hold,-0.006004355106918435,-0.001522532902111462,0.001471846787572506,0.004622183752760911,0,mean_strength|hold12|tp0.01000,False,1,0,low,mid,0.9
btcusdt_clarity_hold12_v1,BTCUSDT,2,367,1708790400000,1708794000000,1,1,0.0223832422671833,0.0223832422671833,0.45495334500000006,True,target,0.006357693433505673,0.006732364133086088,0.006771392330959136,0.007708069079910285,0,mean_strength|hold12|tp0.01000,False,1,1,high,low,0.9
btcusdt_clarity_hold12_v1,BTCUSDT,2,368,1708797600000,1708840800000,1,1,0.0075179846017329605,0.0075179846017329605,0.04578741999999855,True,max_hold,0.002261353392807308,0.0022652388797363976,0.0008548071244287581,0.0062731186472289036,0,mean_strength|hold12|tp0.01000,False,1,1,high,low,0.9
btcusdt_clarity_hold12_v1,BTCUSDT,2,369,1708869600000,1708912800000,-1,1,-0.006290618482708515,0.006290618482708515,0.05587937999999855,True,max_hold,0.004490124622684721,0.003499400351098858,4.6349673524570534e-05,0.006199268833900096,0,mean_strength|hold12|tp0.01000,False,1,-1,high,low,0.9
btcusdt_clarity_hold12_v1,BTCUSDT,2,370,1708948800000,1708956000000,1,1,0.00987408257417522,0.00987408257417522,0.45495158500000005,True,target,-0.00022427821419934713,0.031139567357573616,0.04581516354757431,0.06481640390361099,0,mean_strength|hold12|tp0.01000,False,1,1,high,low,0.9
btcusdt_clarity_hold12_v1,BTCUSDT,2,371,1708959600000,1708959600000,1,1,0.0009984084002461588,0.0009984084002461588,0.46029488499999993,True,target_entry_bar,0.01071638646323314,0.014232405248116642,0.03425044872267691,0.05488696349506261,0,mean_strength|hold12|tp0.01000,False,1,0,low,low,0.9
btcusdt_clarity_hold12_v1,BTCUSDT,2,372,1708974000000,1708974000000,1,1,0.005194527734466113,0.005194527734466113,0.477188055,True,target_entry_bar,-0.0007041827354198338,0.003183492783043862,0.024318143891673305,0.028766965027424485,0,mean_strength|hold12|tp0.01000,False,1,1,mid,mid,0.9
btcusdt_clarity_hold12_v1,BTCUSDT,2,373,1708977600000,1708995600000,1,1,0.00893421414507133,0.00893421414507133,0.4852855699999985,True,target,0.0034921980661699603,0.00034316397182010405,0.03552572903993001,0.03305751758485975,0,mean_strength|hold12|tp0.01000,False,1,1,high,high,0.9
btcusdt_clarity_hold12_v1,BTCUSDT,2,374,1709038800000,1709060400000,1,1,0.005266826854318508,0.005266826854318508,0.5058294450000045,True,target,-0.002499960637428744,-0.0013435757659518988,0.00402023061218415,-0.006081079899021846,0,mean_strength|hold12|tp0.01000,False,1,1,mid,high,0.9
btcusdt_clarity_hold12_v1,BTCUSDT,2,375,1709064000000,1709103600000,1,1,0.0058228887441082395,0.0058228887441082395,0.5107228499999971,True,target,-0.004500775269941304,0.0010892367274486503,-0.0007436978622195056,0.04369751141856848,0,mean_strength|hold12|tp0.01000,False,1,1,high,high,1.0
btcusdt_clarity_hold12_v1,BTCUSDT,2,376,1709107200000,1709107200000,1,1,0.008829664374933249,0.008829664374933249,0.5188171750000029,True,target_entry_bar,-0.002465392908340136,-0.008508714584135046,0.025581602488584876,0.01623092345518007,0,mean_strength|hold12|tp0.01000,False,1,1,high,mid,1.0
btcusdt_clarity_hold12_v1,BTCUSDT,2,377,1709110800000,1709125200000,1,1,0.008829664374933249,0.008829664374933249,0.529485735000003,True,target,-0.00029651094226457175,0.000919857809525304,0.02767997034890568,0.021136512963930043,0,mean_strength|hold12|tp0.01000,False,1,1,high,high,1.0
btcusdt_clarity_hold12_v1,BTCUSDT,2,378,1709139600000,1709139600000,-1,1,-0.004161365039095398,0.004161365039095398,-1.31943629,False,stop_entry_bar,0.004753708445722871,0.016241023755527384,-0.016595680990697526,-0.018759415498846632,0,mean_strength|hold12|tp0.01000,True,-1,-1,mid,high,1.0
btcusdt_clarity_hold12_v1,BTCUSDT,2,379,1709143200000,1709143200000,-1,1,-0.004161365039095398,0.004161365039095398,0.5471572200000014,True,target_entry_bar,0.002334263987602836,0.009219361967843342,-0.004581892126926501,-0.030695244509248765,0,mean_strength|hold12|tp0.01000,False,1,-1,mid,high,0.9
btcusdt_clarity_hold12_v1,BTCUSDT,2,380,1709146800000,1709150400000,-1,1,0.0012804454765509839,0.0012804454765509839,0.5444767700000015,True,target,0.009229463501592594,-0.004654874100483708,-0.0073386769081542624,-0.02832411424676562,0,mean_strength|hold12|tp0.01000,False,1,0,low,high,0.9
btcusdt_clarity_hold12_v1,BTCUSDT,2,381,1709154000000,1709157600000,1,1,0.006287026787668489,0.006287026787668489,0.53811758,True,target,0.011636386434279888,0.013929676827538096,0.016943951322849093,0.035648291746134486,0,mean_strength|hold12|tp0.01000,False,1,1,high,high,0.9
btcusdt_clarity_hold12_v1,BTCUSDT,2,382,1709172000000,1709179200000,1,1,0.0017759394690700686,0.0017759394690700686,0.5470991549999985,True,target,-0.0031149322672048285,0.01277186921812934,0.016947754531692727,0.018239982403705612,0,mean_strength|hold12|tp0.01000,False,1,1,low,high,0.9
btcusdt_clarity_hold12_v1,BTCUSDT,2,383,1709190000000,1709193600000,-1,1,-0.0010104889531345718,0.0010104889531345718,0.5612226300000044,True,target,-0.0018737601873759502,-0.0004987133832046187,-0.003867020386701947,0.01720322172032207,0,mean_strength|hold12|tp0.01000,False,1,0,low,high,0.9
btcusdt_clarity_hold12_v1,BTCUSDT,2,384,1709226000000,1709226000000,-1,1,0.0018780798727541545,0.0018780798727541545,0.55391737,True,target_entry_bar,0.0026439478151822904,-0.014598193602464837,-0.001971091745807785,-0.004960471752323503,0,mean_strength|hold12|tp0.01000,False,1,1,low,high,0.9
btcusdt_clarity_hold12_v1,BTCUSDT,2,385,1709308800000,1709312400000,1,1,0.0031825744292907406,0.0031825744292907406,0.5458597550000044,True,target,0.00791998698975438,0.012693120832655724,0.016978370466742554,0.009920312245893737,0,mean_strength|hold12|tp0.01000,False,1,1,mid,high,0.9
btcusdt_clarity_hold12_v1,BTCUSDT,2,386,1709344800000,1709388000000,1,1,0.0026167968418814016,0.0026167968418814016,-0.3241912,False,max_hold,0.003124798970730147,-0.0017304599549694544,-0.0024638147314248737,-0.004665487294950088,0,mean_strength|hold12|tp0.01000,True,-1,1,low,mid,0.9
btcusdt_clarity_hold12_v1,BTCUSDT,2,387,1709467200000,1709467200000,1,1,0.004710123906057513,0.004710123906057513,0.5508352850000029,True,target_entry_bar,0.0033079440461023513,-0.0005365970429326294,0.010108588605185043,0.020891939958967987,0,mean_strength|hold12|tp0.01000,False,1,1,mid,low,0.8
btcusdt_clarity_hold12_v1,BTCUSDT,2,388,1709470800000,1709481600000,1,1,0.0032799060432765017,0.0032799060432765017,0.5539545199999957,True,target,-0.004877502001601308,0.007234587670136072,0.005558046437149633,0.01821617293835076,0,mean_strength|hold12|tp0.01000,False,1,1,mid,low,0.8
btcusdt_clarity_hold12_v1,BTCUSDT,2,389,1709485200000,1709510400000,1,1,0.005263472955050867,0.005263472955050867,0.5597272549999956,True,target,0.0037917612611317875,0.0030813049406250848,0.008664374048068302,0.012298078734525486,0,mean_strength|hold12|tp0.01000,False,1,1,mid,low,0.9
btcusdt_clarity_hold12_v1,BTCUSDT,2,390,1709514000000,1709535600000,1,1,0.003924991276649603,0.003924991276649603,0.5655163799999957,True,target,0.002472180110587585,0.001453113500116343,0.008382137397857425,0.02493567928338236,0,mean_strength|hold12|tp0.01000,False,1,1,mid,low,0.9
btcusdt_clarity_hold12_v1,BTCUSDT,2,391,1709539200000,1709539200000,1,1,0.0009905023847570145,0.0009905023847570145,0.5705792049999999,True,target_entry_bar,0.0008005338933498862,-0.00026633441193668617,0.013659587885763935,0.03297801669641243,0,mean_strength|hold12|tp0.01000,False,1,0,low,low,0.9
btcusdt_clarity_hold12_v1,BTCUSDT,2,392,1709582400000,1709600400000,-1,1,-0.005390587783247992,0.005390587783247992,-1.4239362899999999,False,stop,0.0004889910336826064,-0.012009916145446775,-0.010954880945501344,0.007761621316452638,0,mean_strength|hold12|tp0.01000,True,-1,-1,mid,mid,0.9
btcusdt_clarity_hold12_v1,BTCUSDT,2,393,1709604000000,1709604000000,-1,1,-0.0052047817124712585,0.0052047817124712585,0.6106512349999971,True,target_entry_bar,0.00031366709075231203,0.01704355575359251,0.018513687024735548,-0.008565749898864494,0,mean_strength|hold12|tp0.01000,False,1,-1,mid,high,0.8
btcusdt_clarity_hold12_v1,BTCUSDT,2,394,1709607600000,1709611200000,-1,1,-0.0048966913541757555,0.0048966913541757555,0.6072649449999942,True,target,0.01105070391972296,0.012248584389726203,0.024703902128620503,0.01997689278310011,0,mean_strength|hold12|tp0.01000,False,1,-1,mid,high,0.8
btcusdt_clarity_hold12_v1,BTCUSDT,2,395,1709614800000,1709614800000,-1,1,-0.005549757078595656,0.005549757078595656,0.6003162349999913,True,target_entry_bar,-0.0045629145392946935,0.0014956219878797805,0.004673259531421392,0.02090142911676285,0,mean_strength|hold12|tp0.01000,False,1,-1,mid,high,0.8
btcusdt_clarity_hold12_v1,BTCUSDT,2,396,1709618400000,1709622000000,-1,1,-0.00589342716051132,0.00589342716051132,0.5969369850000029,True,target,0.016990161559425343,0.012609769565553042,-0.00045570326740751455,0.048873062147831825,0,mean_strength|hold12|tp0.01000,False,1,-1,high,high,0.8
btcusdt_clarity_hold12_v1,BTCUSDT,2,397,1709625600000,1709625600000,1,1,0.009435505228436664,0.009435505228436664,0.5893528700000058,True,target_entry_bar,-0.006618669366701635,-0.0031823972067782647,0.027590233878567183,-0.07475123988046983,0,mean_strength|hold12|tp0.01000,False,1,1,high,high,0.9
btcusdt_clarity_hold12_v1,BTCUSDT,2,398,1709629200000,1709643600000,1,1,0.010948615776653951,0.010948615776653951,0.5959364500000001,True,target,0.005760768743921174,0.013232329458244374,0.004846742805428406,-0.048374221461870204,0,mean_strength|hold12|tp0.01000,False,1,1,high,high,0.9
btcusdt_clarity_hold12_v1,BTCUSDT,2,399,1709654400000,1709654400000,1,1,0.009885732138681918,0.009885732138681918,-1.4103250050000002,False,stop_entry_bar,0.000591266025518955,-0.06265743600840568,-0.03326176169845729,-0.014778602874954805,0,mean_strength|hold12|tp0.01000,True,-1,1,high,high,0.9
btcusdt_clarity_hold12_v1,BTCUSDT,2,400,1709658000000,1709658000000,1,1,-0.023766347756590134,0.023766347756590134,-1.384598075000006,False,stop_entry_bar,-0.024136203238771414,-0.05641274004084629,-0.02913919589647984,0.012415341292432158,0,mean_strength|hold12|tp0.01000,True,-1,-1,high,high,0.8
btcusdt_clarity_hold12_v1,BTCUSDT,2,401,1709661600000,1709661600000,-1,1,-0.02482004263898581,0.02482004263898581,0.5844703850000028,True,target_entry_bar,0.040041575693825715,0.012091909750780006,0.0093701376024371,-0.026875939315717634,0,mean_strength|hold12|tp0.01000,False,1,-1,high,high,0.7
btcusdt_clarity_hold12_v1,BTCUSDT,2,402,1709665200000,1709665200000,-1,1,-0.003444782543441695,0.003444782543441695,0.5703041499999942,True,target_entry_bar,-0.007257332930148186,-0.03136065237960528,-0.026821567805014546,-0.0853386917942065,0,mean_strength|hold12|tp0.01000,False,1,-1,mid,high,0.7
btcusdt_clarity_hold12_v1,BTCUSDT,2,403,1709672400000,1709672400000,-1,1,-0.006942893846561244,0.006942893846561244,-1.307299445,False,stop_entry_bar,-0.002181636654023267,-0.0027550864045016166,-0.00035544406021381647,-0.04567693136454176,0,mean_strength|hold12|tp0.01000,True,-1,-1,high,high,0.8
btcusdt_clarity_hold12_v1,BTCUSDT,2,404,1709676000000,1709676000000,-1,1,-0.013241820529652351,0.013241820529652351,0.5634515349999971,True,target_entry_bar,-0.004858194933101467,0.004401064326157944,-0.019119093557295797,-0.05187171338856733,0,mean_strength|hold12|tp0.01000,False,1,-1,high,high,0.7
btcusdt_clarity_hold12_v1,BTCUSDT,2,405,1709679600000,1709701200000,-1,1,-0.009057137561720628,0.009057137561720628,-1.338645759999997,False,stop,0.0042652719954069385,0.014053906512265568,-0.042801745639821975,-0.057045463814994646,0,mean_strength|hold12|tp0.01000,True,-1,-1,high,high,0.7
btcusdt_clarity_hold12_v1,BTCUSDT,2,406,1709899200000,1709910000000,-1,1,-0.0006514386498667423,0.0006514386498667423,-1.431111940000003,False,stop,-0.004735089725284691,-0.002497141469136821,-0.016404708726072803,-0.009385756518339061,0,mean_strength|hold12|tp0.01000,True,-1,0,low,low,0.6
btcusdt_clarity_hold12_v1,BTCUSDT,2,407,1709917200000,1709928000000,-1,1,-0.01433366174672709,0.01433366174672709,-1.4319589099999914,False,stop,-0.003254281295046235,-0.010444108522825513,0.0032455096473504863,0.0014999517559375342,0,mean_strength|hold12|tp0.01000,True,-1,-1,high,mid,0.5
btcusdt_clarity_hold12_v1,BTCUSDT,2,408,1709938800000,1709982000000,1,1,-0.00016808430582832497,0.00016808430582832497,-0.026219450000011642,False,max_hold,-0.00042974353257985154,0.0004312102340564561,0.0017512415627998212,0.002641529358963446,0,mean_strength|hold12|tp0.01000,True,-1,0,low,mid,0.4
btcusdt_clarity_hold12_v1,BTCUSDT,2,409,1710097200000,1710108000000,-1,1,-0.009009596144686039,0.009009596144686039,0.6167913000000058,True,target,0.0013272871230115557,0.014392859713524886,0.01582811487799607,-0.025319225509249366,0,mean_strength|hold12|tp0.01000,False,1,-1,high,low,0.3
btcusdt_clarity_hold12_v1,BTCUSDT,2,410,1710118800000,1710129600000,1,1,0.002452357745521869,0.002452357745521869,0.6064224999999884,True,target,0.00015358623867300913,0.0034359435680275663,0.041809099618959955,0.04709100350322881,0,mean_strength|hold12|tp0.01000,False,1,1,low,mid,0.4
btcusdt_clarity_hold12_v1,BTCUSDT,2,411,1710133200000,1710136800000,1,1,0.0252249234014121,0.0252249234014121,0.610424365000003,True,target,0.011428496469861216,0.03943785964564528,0.04298840388752545,0.057409210426589974,0,mean_strength|hold12|tp0.01000,False,1,1,high,mid,0.5
btcusdt_clarity_hold12_v1,BTCUSDT,2,412,1710140400000,1710140400000,1,1,,,0.6175474450000029,True,target_entry_bar,0.0012804708538438625,0.004988501034766557,0.005069934488190597,0.011477904857645882,0,mean_strength|hold12|tp0.01000,False,1,0,na,mid,0.5
btcusdt_clarity_hold12_v1,BTCUSDT,2,413,1710255600000,1710259200000,1,1,0.006413613063452454,0.006413613063452454,-1.513453185000003,False,stop,-0.01682102893317272,-0.004217099103918653,-0.012319724934242826,0.00496801301769878,0,mean_strength|hold12|tp0.01000,True,-1,1,high,mid,0.5
btcusdt_clarity_hold12_v1,BTCUSDT,2,414,1710262800000,1710262800000,-1,1,-0.00958287959522717,0.00958287959522717,0.6281979299999941,True,target_entry_bar,-0.004430785315593377,0.0009443348341511282,-0.004805989780948039,-0.014982883931131008,0,mean_strength|hold12|tp0.01000,False,1,-1,high,mid,0.5
btcusdt_clarity_hold12_v1,BTCUSDT,2,415,1710266400000,1710309600000,-1,1,-0.01022837879158623,0.01022837879158623,-1.180744204999994,False,max_hold,0.0010269109427573087,0.00813694011318411,1.399061229978571e-06,-0.018501185704392187,0,mean_strength|hold12|tp0.01000,True,-1,-1,high,mid,0.5
btcusdt_clarity_hold12_v1,BTCUSDT,2,416,1710399600000,1710414000000,-1,1,-0.010075403453312462,0.010075403453312462,0.6555364950000059,True,target,-0.0014178358012411074,0.0033187455905852037,0.018141202253799338,0.05158657054313076,0,mean_strength|hold12|tp0.01000,False,1,-1,high,low,0.5
btcusdt_clarity_hold12_v1,BTCUSDT,2,417,1710417600000,1710421200000,-1,1,-0.0047086347091191486,0.0047086347091191486,0.64920776,True,target,0.012901331701688834,0.027262363204589746,0.037558460016709705,0.012631067734735213,0,mean_strength|hold12|tp0.01000,False,1,-1,mid,low,0.6
btcusdt_clarity_hold12_v1,BTCUSDT,2,418,1710435600000,1710439200000,-1,1,-0.004656348918649944,0.004656348918649944,0.6356787700000028,True,target,0.013266345228785337,0.004028288033846583,-0.005039579617762691,0.0508937060812521,0,mean_strength|hold12|tp0.01000,False,1,-1,mid,mid,0.7
btcusdt_clarity_hold12_v1,BTCUSDT,2,419,1710442800000,1710442800000,-1,1,-0.004312938195402369,0.004312938195402369,0.6244559699999972,True,target_entry_bar,-0.018854567743495032,-0.030123567634143145,-0.03164873871229523,0.014575455680830629,0,mean_strength|hold12|tp0.01000,False,1,-1,mid,mid,0.8
btcusdt_clarity_hold12_v1,BTCUSDT,2,420,1710446400000,1710446400000,-1,1,-0.004421144538438259,0.004421144538438259,-1.4664762749999884,False,stop_entry_bar,-0.004985115264903195,-0.009104543374739427,0.024691148807809093,0.05208527512752292,0,mean_strength|hold12|tp0.01000,True,-1,-1,mid,mid,0.8
btcusdt_clarity_hold12_v1,BTCUSDT,2,421,1710450000000,1710460800000,-1,1,0.003333465121427999,0.003333465121427999,-1.494131355,False,stop,-0.006045208378417044,-0.011342845660293532,0.040720141420216516,0.0464562038564551,0,mean_strength|hold12|tp0.01000,True,-1,1,mid,high,0.7
btcusdt_clarity_hold12_v1,BTCUSDT,2,422,1710464400000,1710468000000,-1,1,-0.005773102580061263,0.005773102580061263,0.6405672249999884,True,target,0.0367866108786612,0.05889400278940027,0.04480613668061373,0.044658298465829804,0,mean_strength|hold12|tp0.01000,False,1,-1,high,high,0.6
btcusdt_clarity_hold12_v1,BTCUSDT,2,423,1710471600000,1710471600000,-1,1,-0.0025371644952494935,0.0025371644952494935,0.6147489749999884,True,target_entry_bar,0.011553335481791827,-0.006480532036445608,0.005979550581548643,0.000978525180910017,0,mean_strength|hold12|tp0.01000,False,1,-1,low,high,0.6
btcusdt_clarity_hold12_v1,BTCUSDT,2,424,1710478800000,1710478800000,1,1,-0.002350657559700609,0.002350657559700609,0.6004665950000058,True,target_entry_bar,0.01822201936015455,-0.005278694938262052,0.005031209802189629,0.011611054138485066,0,mean_strength|hold12|tp0.01000,False,1,-1,low,high,0.7
btcusdt_clarity_hold12_v1,BTCUSDT,2,425,1710500400000,1710504000000,1,1,0.000976382247921859,0.000976382247921859,0.5989527699999943,True,target,0.002127744281410715,0.012347699662185407,0.006546905481263909,0.02556684552694466,0,mean_strength|hold12|tp0.01000,False,1,0,low,high,0.7
btcusdt_clarity_hold12_v1,BTCUSDT,2,426,1710511200000,1710518400000,-1,1,-0.0104319467901117,0.0104319467901117,0.6096664599999913,True,target,0.006649120175018286,0.0057300413512643145,0.010912422420862322,-0.0067627305525979065,0,mean_strength|hold12|tp0.01000,False,1,-1,high,high,0.8
btcusdt_clarity_hold12_v1,BTCUSDT,2,427,1710529200000,1710529200000,-1,1,-0.003297017120102068,0.003297017120102068,0.6255215499999941,True,target_entry_bar,0.015890613451589042,-0.0017491993101748093,-0.004773705491065483,-0.007060562584235486,0,mean_strength|hold12|tp0.01000,False,1,-1,mid,high,0.8
btcusdt_clarity_hold12_v1,BTCUSDT,2,428,1710536400000,1710540000000,1,1,-0.00023400439084482813,0.00023400439084482813,0.6042916699999943,True,target,0.011433621636965707,0.01972424106300208,0.01324655447651013,0.009550454111143525,0,mean_strength|hold12|tp0.01000,False,1,0,low,high,0.8
btcusdt_clarity_hold12_v1,BTCUSDT,2,429,1710583200000,1710586800000,-1,1,-0.004225235740947763,0.004225235740947763,0.6141227300000058,True,target,0.0025017744634984185,0.010534325280335821,0.0034452340685307004,0.030272493332982653,0,mean_strength|hold12|tp0.01000,False,1,-1,mid,high,0.8
btcusdt_clarity_hold12_v1,BTCUSDT,2,430,1710622800000,1710622800000,-1,1,-0.0010891906708599597,0.0010891906708599597,0.5979165900000087,True,target_entry_bar,-0.0017289240238973491,0.015246514996077432,-0.0043811477883046734,-0.0033341379518436742,0,mean_strength|hold12|tp0.01000,False,1,0,low,mid,0.8
btcusdt_clarity_hold12_v1,BTCUSDT,2,431,1710658800000,1710658800000,1,1,0.0025461047919797925,0.0025461047919797925,0.5784986100000087,True,target_entry_bar,0.013369122366826414,0.02350901018860818,0.02291066545678211,0.04406588186573934,0,mean_strength|hold12|tp0.01000,False,1,1,low,high,0.9
btcusdt_clarity_hold12_v1,BTCUSDT,2,432,1710684000000,1710687600000,1,1,0.0033653889742033993,0.0033653889742033993,0.5978887299999971,True,target,0.005279915332152774,0.013891557752399697,0.00994049009202902,0.002437452514759242,0,mean_strength|hold12|tp0.01000,False,1,1,mid,high,1.0
btcusdt_clarity_hold12_v1,BTCUSDT,2,433,1710723600000,1710727200000,1,1,0.0012365872621926829,0.0012365872621926829,0.5993952949999941,True,target,0.0019339130640332325,0.010866257132135404,0.008514240632562231,-0.0011937370173712436,0,mean_strength|hold12|tp0.01000,False,1,0,low,high,1.0
btcusdt_clarity_hold12_v1,BTCUSDT,2,434,1710770400000,1710810000000,1,1,0.005030746873677089,0.005030746873677089,-1.426459520000003,False,stop,0.006920704241317743,0.00577222530471988,0.005470936025248729,-0.01664250386306554,0,mean_strength|hold12|tp0.01000,True,-1,1,mid,mid,1.0
btcusdt_clarity_hold12_v1,BTCUSDT,2,435,1710813600000,1710817200000,-1,1,-0.008590073724007868,0.008590073724007868,0.5866092449999971,True,target,-1.668451404079896e-05,0.010063795514595797,0.03632977093678991,0.045518387851246844,0,mean_strength|hold12|tp0.01000,False,1,-1,high,mid,0.9
btcusdt_clarity_hold12_v1,BTCUSDT,2,436,1710820800000,1710820800000,-1,1,-0.0034903345951970586,0.0034903345951970586,0.5868753099999927,True,target_entry_bar,0.002077924460794689,0.010086878342797978,0.03208474384497062,0.006007479916454894,0,mean_strength|hold12|tp0.01000,False,1,-1,mid,mid,0.9
btcusdt_clarity_hold12_v1,BTCUSDT,2,437,1710824400000,1710824400000,-1,1,-0.0034903345951970586,0.0034903345951970586,0.5821536349999971,True,target_entry_bar,0.004424975369986539,0.026532998089354498,0.03261733922308596,0.0053534847447135325,0,mean_strength|hold12|tp0.01000,False,1,-1,mid,high,0.9
btcusdt_clarity_hold12_v1,BTCUSDT,2,438,1710828000000,1710831600000,-1,1,-0.003413586155949458,0.003413586155949458,0.5809023549999957,True,target,0.0036166587920974935,0.01219814365368721,0.020139402958888608,0.0032965460139032787,0,mean_strength|hold12|tp0.01000,False,1,-1,mid,mid,0.9
btcusdt_clarity_hold12_v1,BTCUSDT,2,439,1710835200000,1710835200000,-1,1,-0.01151061379432526,0.01151061379432526,0.5762752349999986,True,target_entry_bar,-0.010235432255383703,0.006250177069987428,0.009535022082594824,-0.004414945021736338,0,mean_strength|hold12|tp0.01000,False,1,-1,high,high,0.9
btcusdt_clarity_hold12_v1,BTCUSDT,2,440,1710838800000,1710842400000,-1,1,-0.0060507688407543505,0.0060507688407543505,0.5654966100000001,True,target,0.01372761336459738,0.00803932413588948,0.0015657985962342913,0.002893221883788044,0,mean_strength|hold12|tp0.01000,False,1,-1,high,high,0.9
btcusdt_clarity_hold12_v1,BTCUSDT,2,441,1710846000000,1710846000000,-1,1,-0.01151061379432526,0.01151061379432526,0.5634490050000044,True,target_entry_bar,-0.008416604500365077,0.0033055050041892464,-0.02818311262316464,0.01842023152789718,0,mean_strength|hold12|tp0.01000,False,1,-1,high,high,0.9
btcusdt_clarity_hold12_v1,BTCUSDT,2,442,1710849600000,1710856800000,-1,1,-0.008428695494604697,0.008428695494604697,0.5620310549999985,True,target,0.0009690820421400792,-0.0065259900892906675,-0.01718903382363335,0.006046946292122435,0,mean_strength|hold12|tp0.01000,False,1,-1,high,high,0.9
btcusdt_clarity_hold12_v1,BTCUSDT,2,443,1710889200000,1710892800000,1,1,0.0064638495216927635,0.0064638495216927635,0.5577696949999985,True,target,0.02112818096591962,0.015424185264489632,-0.0060944814043285556,0.02352434323370578,0,mean_strength|hold12|tp0.01000,False,1,1,high,high,0.9
btcusdt_clarity_hold12_v1,BTCUSDT,2,444,1710896400000,1710896400000,1,1,-0.00022134607146203708,0.00022134607146203708,-1.3352502549999958,False,stop_entry_bar,0.008007355426308704,-0.011782777858757254,0.009050121656060117,0.01938808363273492,0,mean_strength|hold12|tp0.01000,True,-1,0,low,high,0.9
btcusdt_clarity_hold12_v1,BTCUSDT,2,445,1710914400000,1710918000000,1,1,0.004875682621281532,0.004875682621281532,0.5481715549999956,True,target,0.01932664193124034,0.023598438205392425,0.03723744229434289,0.05913687061797046,0,mean_strength|hold12|tp0.01000,False,1,1,mid,high,0.9
btcusdt_clarity_hold12_v1,BTCUSDT,2,446,1710928800000,1710950400000,-1,1,-0.0005697042105124707,0.0005697042105124707,0.5630975150000029,True,target,-0.005451107261115862,-0.0087560094534469,-0.0008194889368993152,-0.07333237171510953,0,mean_strength|hold12|tp0.01000,False,1,0,low,high,0.9
btcusdt_clarity_hold12_v1,BTCUSDT,2,447,1710961200000,1710964800000,1,1,0.0033812267907321106,0.0033812267907321106,0.5825026749999942,True,target,0.01930369362033124,0.02875803687543299,0.030594819937527884,0.018386061718341562,0,mean_strength|hold12|tp0.01000,False,1,1,mid,high,0.9
btcusdt_clarity_hold12_v1,BTCUSDT,2,448,1711044000000,1711083600000,1,1,0.005143106600269756,0.005143106600269756,0.5854387399999972,True,target,0.001250105453680872,0.007649418279149334,0.009959429092945005,0.01982222426738467,0,mean_strength|hold12|tp0.01000,False,1,1,mid,high,0.9
btcusdt_clarity_hold12_v1,BTCUSDT,2,449,1711098000000,1711101600000,-1,1,-0.006232020000200202,0.006232020000200202,0.5866084750000043,True,target,0.012821921319820073,0.018839969360445075,0.02466117962286485,0.03853748004919422,0,mean_strength|hold12|tp0.01000,False,1,-1,high,mid,0.9
btcusdt_clarity_hold12_v1,BTCUSDT,2,450,1711112400000,1711112400000,1,1,0.007480766956321966,0.007480766956321966,-1.356759384999997,False,stop_entry_bar,-0.004868678800327042,0.0034042715049162897,0.012837336680550093,0.016642576849686064,0,mean_strength|hold12|tp0.01000,True,-1,1,high,mid,0.9
btcusdt_clarity_hold12_v1,BTCUSDT,2,451,1711116000000,1711119600000,1,1,0.0056524322307008185,0.0056524322307008185,0.561511215000003,True,target,0.01799649625736577,0.013285555024685314,0.011942984551680302,0.01756330625895841,0,mean_strength|hold12|tp0.01000,False,1,1,mid,high,0.8
btcusdt_clarity_hold12_v1,BTCUSDT,2,452,1711123200000,1711141200000,1,1,-0.005986416162073228,0.005986416162073228,-1.3486437500000001,False,stop,0.0049311346980034365,0.009401061410159173,-0.003956595905989402,0.009606393732625618,0,mean_strength|hold12|tp0.01000,True,-1,-1,high,high,0.8
btcusdt_clarity_hold12_v1,BTCUSDT,2,453,1711238400000,1711242000000,1,1,0.004113734199183557,0.004113734199183557,0.569689975,True,target,-0.000758972134880187,-0.008571738355973468,-0.0046126918728025545,0.017394402193274594,0,mean_strength|hold12|tp0.01000,False,1,1,mid,mid,0.7
btcusdt_clarity_hold12_v1,BTCUSDT,2,454,1711245600000,1711267200000,1,1,0.004678448486859983,0.004678448486859983,0.5740460800000013,True,target,-0.004790432196182248,0.00043068799686563075,0.015231117751964174,0.02140223926661755,0,mean_strength|hold12|tp0.01000,False,1,1,mid,mid,0.7
btcusdt_clarity_hold12_v1,BTCUSDT,2,455,1711310400000,1711314000000,1,1,0.006350914141806841,0.006350914141806841,0.5863256599999971,True,target,0.005552249446436619,0.01591211858493158,0.008076136504378884,0.011763035551917156,0,mean_strength|hold12|tp0.01000,False,1,1,high,mid,0.8
btcusdt_clarity_hold12_v1,BTCUSDT,2,456,1711317600000,1711321200000,1,1,0.004462907284022137,0.004462907284022137,0.5924646250000059,True,target,0.004000423925520469,-0.005666272097490821,0.008151610095995299,0.0009717447669828072,0,mean_strength|hold12|tp0.01000,False,1,1,mid,mid,0.8
btcusdt_clarity_hold12_v1,BTCUSDT,2,457,1711324800000,1711368000000,1,1,0.001386657324985499,0.001386657324985499,-0.513282335,False,max_hold,-0.00030465110694910535,0.011618762906401514,0.008354643903375925,0.007377659319022012,0,mean_strength|hold12|tp0.01000,True,-1,0,low,mid,0.8
btcusdt_clarity_hold12_v1,BTCUSDT,2,458,1711371600000,1711371600000,1,1,0.021555952220187607,0.021555952220187607,0.5973559399999913,True,target_entry_bar,0.020399255804110616,0.03186198869598167,0.043690647291708906,0.03358580737318251,0,mean_strength|hold12|tp0.01000,False,1,1,high,mid,0.7
btcusdt_clarity_hold12_v1,BTCUSDT,2,459,1711375200000,1711375200000,1,1,0.008012949248085557,0.008012949248085557,0.6055367900000029,True,target_entry_bar,0.005903388363455386,0.016866206666119377,0.021823382256998425,0.01661417130051701,0,mean_strength|hold12|tp0.01000,False,1,1,high,mid,0.7
btcusdt_clarity_hold12_v1,BTCUSDT,2,460,1711378800000,1711382400000,1,1,0.008012949248085557,0.008012949248085557,0.6179015750000116,True,target,0.005298906429415995,0.015110688585803222,0.000859049948027435,0.00900857045498138,0,mean_strength|hold12|tp0.01000,False,1,1,high,high,0.7
btcusdt_clarity_hold12_v1,BTCUSDT,2,461,1711386000000,1711389600000,1,1,0.004345850334389728,0.004345850334389728,0.624838735,True,target,0.004166796495471914,0.004874953615708666,-0.00970600148996259,-0.0037064943673181805,0,mean_strength|hold12|tp0.01000,False,1,1,mid,high,0.8
btcusdt_clarity_hold12_v1,BTCUSDT,2,462,1711393200000,1711436400000,1,1,0.004500281748099656,0.004500281748099656,-0.356675710000003,False,max_hold,-0.0009800111518510901,-0.009217173850599059,-0.009681834310528492,-0.006823468450962933,0,mean_strength|hold12|tp0.01000,True,-1,1,mid,high,0.8
btcusdt_clarity_hold12_v1,BTCUSDT,2,463,1711440000000,1711443600000,1,1,0.004055286143048722,0.004055286143048722,0.6276845349999971,True,target,0.00624598053696479,-0.0002162559452717483,-0.005256574251408019,-0.01215838981194206,0,mean_strength|hold12|tp0.01000,False,1,1,mid,high,0.8
btcusdt_clarity_hold12_v1,BTCUSDT,2,464,1711472400000,1711497600000,1,1,0.0017547424420753259,0.0017547424420753259,0.6211011749999884,True,target,-0.0020377780376296117,-0.0033668257150759606,-0.001159351675712239,0.005768238042135998,0,mean_strength|hold12|tp0.01000,False,1,1,low,mid,0.8
btcusdt_clarity_hold12_v1,BTCUSDT,2,465,1711540800000,1711544400000,1,1,0.00912814370808074,0.00912814370808074,0.6255552450000029,True,target,-0.004114992036188148,-0.018977927643893056,-0.024536227160086188,-0.007233617961918792,0,mean_strength|hold12|tp0.01000,False,1,1,high,mid,0.8
btcusdt_clarity_hold12_v1,BTCUSDT,2,466,1711548000000,1711548000000,1,1,0.006677108220397962,0.006677108220397962,-1.4762314300000001,False,stop_entry_bar,-0.017194322365738035,-0.019900809664640917,-0.01669951146335702,-0.013113201897107962,0,mean_strength|hold12|tp0.01000,True,-1,1,high,mid,0.8
btcusdt_clarity_hold12_v1,BTCUSDT,2,467,1711551600000,1711555200000,1,1,0.003281479007037662,0.003281479007037662,-1.4797073749999885,False,stop,0.005555555555555536,-0.005665825135660607,0.0008821566408403481,0.006199762049853508,0,mean_strength|hold12|tp0.01000,True,-1,1,mid,mid,0.7
btcusdt_clarity_hold12_v1,BTCUSDT,2,468,1711562400000,1711576800000,1,1,0.0034071230550443295,0.0034071230550443295,0.6116783949999971,True,target,0.002572539635058435,0.006585292894508488,0.017737828589772686,0.027556671019896006,0,mean_strength|hold12|tp0.01000,False,1,1,mid,mid,0.7
btcusdt_clarity_hold12_v1,BTCUSDT,2,469,1711594800000,1711602000000,1,1,0.00217043076525653,0.00217043076525653,0.6158519900000088,True,target,0.00622500876000176,0.015439232984327145,0.018365001521284174,0.028634751900884492,0,mean_strength|hold12|tp0.01000,False,1,1,low,mid,0.7
btcusdt_clarity_hold12_v1,BTCUSDT,2,470,1711605600000,1711609200000,1,1,0.0025140782734494123,0.0025140782734494123,0.6207440749999942,True,target,0.0005225788128373487,0.00288128372621399,0.006856006816245319,0.0027037773359839257,0,mean_strength|hold12|tp0.01000,False,1,1,low,mid,0.7
btcusdt_clarity_hold12_v1,BTCUSDT,2,471,1711677600000,1711692000000,-1,1,-0.001380911209707035,0.001380911209707035,0.6306036250000058,True,target,0.0026020258731076495,0.006205810483659757,0.00957613437150251,0.007844280283039184,0,mean_strength|hold12|tp0.01000,False,1,0,low,low,0.7
btcusdt_clarity_hold12_v1,BTCUSDT,2,472,1711699200000,1711717200000,1,1,0.0035612961375924646,0.0035612961375924646,0.6216359449999942,True,target,-0.0028086155639587274,0.0026286127353429833,0.0017485989065544327,-0.004732931517495098,0,mean_strength|hold12|tp0.01000,False,1,1,mid,low,0.7
btcusdt_clarity_hold12_v1,BTCUSDT,2,473,1711875600000,1711908000000,1,1,0.005649237185116036,0.005649237185116036,0.625997990000003,True,target,0.00047374014286183375,0.00402607989278958,0.0021979835457102137,0.009079308083315585,0,mean_strength|hold12|tp0.01000,False,1,1,mid,low,0.8
btcusdt_clarity_hold12_v1,BTCUSDT,2,474,1711911600000,1711926000000,1,1,0.00461938435749785,0.00461938435749785,0.2743946849999971,True,end_of_data,-0.002807334213349111,-0.001290502157162976,-0.0035144394258249667,-0.021059926815313434,0,mean_strength|hold12|tp0.01000,False,1,1,mid,low,0.8
btcusdt_clarity_hold12_v1,BTCUSDT,3,1,1711936800000,1711947600000,-1,1,-0.003168342716972854,0.003168342716972854,0.630955225,True,target,0.0039475483609919815,0.02421961903338654,0.020867022603943908,0.027914806267015035,0,mean_strength|hold12|tp0.01000,False,1,-1,mid,low,0.8
btcusdt_clarity_hold12_v1,BTCUSDT,3,2,1711962000000,1711980000000,-1,1,-0.005272974812018258,0.005272974812018258,0.6182252000000117,True,target,-0.0023283473773334507,-0.006388916087339824,0.016809602525040046,-0.002601931793965173,0,mean_strength|hold12|tp0.01000,False,1,-1,mid,mid,0.8
btcusdt_clarity_hold12_v1,BTCUSDT,3,3,1712005200000,1712023200000,-1,1,-0.005526998687219216,0.005526998687219216,0.6209761150000029,True,target,-0.0018225138627383508,0.0032285351957730413,0.04157744391353613,0.05039272373188797,0,mean_strength|hold12|tp0.01000,False,1,-1,mid,mid,0.9
btcusdt_clarity_hold12_v1,BTCUSDT,3,4,1712048400000,1712052000000,-1,1,-0.00828053303330365,0.00828053303330365,0.5899887149999999,True,target,0.0012673868690856738,0.010893779973775164,0.01802774639558502,0.006010257061749735,0,mean_strength|hold12|tp0.01000,False,1,-1,high,high,1.0
btcusdt_clarity_hold12_v1,BTCUSDT,3,5,1712055600000,1712055600000,-1,1,-0.004139153946859286,0.004139153946859286,0.5877612400000072,True,target_entry_bar,0.004326763513904375,-0.0008784456535970708,0.000516105851939952,0.002723638256993177,0,mean_strength|hold12|tp0.01000,False,1,-1,mid,high,1.0
btcusdt_clarity_hold12_v1,BTCUSDT,3,6,1712214000000,1712224800000,1,1,0.013567351151334386,0.013567351151334386,0.585434559999997,True,target,0.0019938037782429863,0.0029528869310548878,0.017044148080018307,0.03599133497113671,0,mean_strength|hold12|tp0.01000,False,1,1,high,mid,1.0
btcusdt_clarity_hold12_v1,BTCUSDT,3,7,1712228400000,1712235600000,1,1,0.009174273407148891,0.009174273407148891,0.5899686650000029,True,target,0.005325376912818314,0.019928723732887343,0.037459973026528814,0.0320728133028938,0,mean_strength|hold12|tp0.01000,False,1,1,high,mid,1.0
btcusdt_clarity_hold12_v1,BTCUSDT,3,8,1712239200000,1712246400000,1,1,0.006455799251359147,0.006455799251359147,0.5983382949999971,True,target,-0.0007712310147154344,0.017188700431416404,0.0038605874357307,-0.0009234087819869341,0,mean_strength|hold12|tp0.01000,False,1,1,high,mid,1.0
btcusdt_clarity_hold12_v1,BTCUSDT,3,9,1712318400000,1712322000000,1,1,0.005139597309928317,0.005139597309928317,0.5918443199999942,True,target,0.00891994917407879,0.01953060766873449,0.010988863143732708,0.015107257642574368,0,mean_strength|hold12|tp0.01000,False,1,1,mid,mid,1.0
btcusdt_clarity_hold12_v1,BTCUSDT,3,10,1712498400000,1712505600000,1,1,0.004096173380627744,0.004096173380627744,0.6172807200000001,True,target,-0.0003937047473034916,0.0033206265365619547,-0.0038580191478447823,-0.004914124948092735,0,mean_strength|hold12|tp0.01000,False,1,1,mid,low,1.0
btcusdt_clarity_hold12_v1,BTCUSDT,3,11,1712548800000,1712559600000,1,1,0.02791995160740427,0.02791995160740427,0.6183458599999971,True,target,0.0046769773412982385,0.019330353669395395,0.04296018373633714,0.03432376901552936,0,mean_strength|hold12|tp0.01000,False,1,1,high,low,1.0
btcusdt_clarity_hold12_v1,BTCUSDT,3,12,1712563200000,1712563200000,1,1,0.002053313083626287,0.002053313083626287,0.6295518300000029,True,target_entry_bar,0.0028574481697203336,0.005763468794973026,-0.003834448418133962,-0.004125883151325449,0,mean_strength|hold12|tp0.01000,False,1,1,low,mid,1.0
btcusdt_clarity_hold12_v1,BTCUSDT,3,13,1712595600000,1712624400000,-1,1,-0.004806551717946738,0.004806551717946738,0.638969625,True,target,-0.002923055478115444,-0.00027878449958174123,0.000858656258712065,0.008774742124337931,0,mean_strength|hold12|tp0.01000,False,1,-1,mid,mid,1.0
btcusdt_clarity_hold12_v1,BTCUSDT,3,14,1712628000000,1712646000000,-1,1,-0.010480596189718994,0.010480596189718994,0.6347809600000028,True,target,0.0026186172079361025,0.005813246316389908,0.013725021425685324,0.029503832855886647,0,mean_strength|hold12|tp0.01000,False,1,-1,high,mid,1.0
btcusdt_clarity_hold12_v1,BTCUSDT,3,15,1712649600000,1712649600000,-1,1,-0.005182606362015933,0.005182606362015933,0.6270375750000058,True,target_entry_bar,0.0014458938033528046,-0.004446832216781882,0.01599838967121514,0.018773938756474706,0,mean_strength|hold12|tp0.01000,False,1,-1,mid,mid,1.0
btcusdt_clarity_hold12_v1,BTCUSDT,3,16,1712653200000,1712671200000,-1,1,-0.0027449696181568108,0.0027449696181568108,0.6279275750000058,True,target,-0.0024771941978292134,-0.004113987842583766,0.015896630731971895,0.016822207016776725,0,mean_strength|hold12|tp0.01000,False,1,-1,low,low,1.0
btcusdt_clarity_hold12_v1,BTCUSDT,3,17,1712682000000,1712700000000,1,1,0.0046296282285970694,0.0046296282285970694,0.6110553400000001,True,target,0.0006591335732732961,0.004963827504453455,0.00451521016052947,0.006123844519972277,0,mean_strength|hold12|tp0.01000,False,1,1,mid,low,1.0
btcusdt_clarity_hold12_v1,BTCUSDT,3,18,1712725200000,1712750400000,-1,1,-0.004961272642680962,0.004961272642680962,0.6157242900000088,True,target,-0.0016190452827629098,0.0033780615035188255,0.002963920686983257,-0.001378064389517375,0,mean_strength|hold12|tp0.01000,False,1,-1,mid,mid,1.0
btcusdt_clarity_hold12_v1,BTCUSDT,3,19,1712761200000,1712764800000,1,1,0.010268446681110212,0.010268446681110212,0.6117668999999885,True,target,0.012434504476043218,0.009728059818396195,0.019830275783653484,0.032212369281926057,0,mean_strength|hold12|tp0.01000,False,1,1,high,mid,1.0
btcusdt_clarity_hold12_v1,BTCUSDT,3,20,1712768400000,1712786400000,1,1,0.009445120088752167,0.009445120088752167,0.618882830000003,True,target,-0.0005692003527600908,0.006591195983606912,0.018532875283159056,0.01791900351030895,0,mean_strength|hold12|tp0.01000,False,1,1,high,mid,1.0
btcusdt_clarity_hold12_v1,BTCUSDT,3,21,1712847600000,1712854800000,1,1,0.0030385665486851606,0.0030385665486851606,0.619684654999997,True,target,0.0002298492845407285,0.0015032999790138835,0.0018059586642473757,0.014110747381359978,0,mean_strength|hold12|tp0.01000,False,1,1,mid,mid,1.0
btcusdt_clarity_hold12_v1,BTCUSDT,3,22,1713027600000,1713027600000,-1,1,-0.010654494312081573,0.010654494312081573,0.6004123299999972,True,target_entry_bar,-0.006382994659616115,0.07380964864318296,0.04218079409187259,0.0357318872602258,0,mean_strength|hold12|tp0.01000,False,1,-1,high,high,1.0
btcusdt_clarity_hold12_v1,BTCUSDT,3,23,1713031200000,1713034800000,-1,1,-0.013979410533675359,0.013979410533675359,0.5941727599999971,True,target,0.03576127987425137,0.06339831144241881,0.05208122462102727,0.03792556295176075,0,mean_strength|hold12|tp0.01000,False,1,-1,high,high,1.0
btcusdt_clarity_hold12_v1,BTCUSDT,3,24,1713038400000,1713038400000,-1,1,0.000795565504307273,0.000795565504307273,0.5766347549999999,True,target_entry_bar,-0.017695780087759072,-0.03414941054500931,-0.02032726114093375,-0.043405689627565414,0,mean_strength|hold12|tp0.01000,False,1,0,low,high,1.0
btcusdt_clarity_hold12_v1,BTCUSDT,3,25,1713121200000,1713124800000,-1,1,0.0014552191260652487,0.0014552191260652487,0.573073655,True,target,0.0050042091478813555,-0.017973061453559147,-0.017302715679855307,-0.03240732079942643,0,mean_strength|hold12|tp0.01000,False,1,0,low,high,1.0
btcusdt_clarity_hold12_v1,BTCUSDT,3,26,1713128400000,1713132000000,1,1,0.008093571431334816,0.008093571431334816,0.5680060699999986,True,target,0.025862217942051124,0.028298878130857075,0.022861559682464394,0.045631999899454545,0,mean_strength|hold12|tp0.01000,False,1,1,high,high,1.0
btcusdt_clarity_hold12_v1,BTCUSDT,3,27,1713139200000,1713146400000,-1,1,-0.004520311028796012,0.004520311028796012,0.5840193900000029,True,target,0.003026552999052745,0.005287682952913486,-0.014891374094784027,-0.008361597457756664,0,mean_strength|hold12|tp0.01000,False,1,-1,mid,high,1.0
btcusdt_clarity_hold12_v1,BTCUSDT,3,28,1713157200000,1713160800000,1,1,0.0023625283585280276,0.0023625283585280276,0.5773454049999985,True,target,0.015293123291062916,0.012707078457115495,0.0064269022025704725,-0.023543401076907333,0,mean_strength|hold12|tp0.01000,False,1,1,low,high,1.0
btcusdt_clarity_hold12_v1,BTCUSDT,3,29,1713171600000,1713189600000,-1,1,-0.02917425084665892,0.02917425084665892,0.5898148950000028,True,target,0.0018014552873990564,0.008353704251825134,0.030116906785581765,0.049863801566469856,0,mean_strength|hold12|tp0.01000,False,1,-1,high,high,1.0
btcusdt_clarity_hold12_v1,BTCUSDT,3,30,1713193200000,1713200400000,-1,1,-0.004978771036906261,0.004978771036906261,0.5716449249999941,True,target,0.006481515906358815,0.021737244550197765,0.02036007733204448,0.02502137784883074,0,mean_strength|hold12|tp0.01000,False,1,-1,mid,high,1.0
btcusdt_clarity_hold12_v1,BTCUSDT,3,31,1713207600000,1713229200000,1,1,0.0032640301232676893,0.0032640301232676893,0.5619531900000029,True,target,-0.00281808569319697,0.002544653934967389,-0.002478271658403197,0.003445556259769722,0,mean_strength|hold12|tp0.01000,False,1,1,mid,high,1.0
btcusdt_clarity_hold12_v1,BTCUSDT,3,32,1713261600000,1713261600000,-1,1,0.0027646160970914166,0.0027646160970914166,0.5627404150000015,True,target_entry_bar,-0.008481758781594628,-0.002091655446139873,-0.003001557547710032,-0.01946774724870548,0,mean_strength|hold12|tp0.01000,False,1,1,low,high,1.0
btcusdt_clarity_hold12_v1,BTCUSDT,3,33,1713279600000,1713283200000,1,1,0.0032725922553074045,0.0032725922553074045,0.55235296,True,target,0.015752430800723083,0.01992252531206895,0.03608305856594107,0.033308933557034015,0,mean_strength|hold12|tp0.01000,False,1,1,mid,mid,1.0
btcusdt_clarity_hold12_v1,BTCUSDT,3,34,1713297600000,1713301200000,1,1,0.0032826087433208196,0.0032826087433208196,0.5578605099999971,True,target,0.015544937934537595,0.01217498968221209,0.013132162925807211,0.004860471761008345,0,mean_strength|hold12|tp0.01000,False,1,1,mid,mid,1.0
btcusdt_clarity_hold12_v1,BTCUSDT,3,35,1713380400000,1713380400000,-1,1,-0.002464754979251117,0.002464754979251117,0.5467101850000015,True,target_entry_bar,0.0029919406136674764,-0.010879187897149478,-0.010188992281612963,-0.002582085735082895,0,mean_strength|hold12|tp0.01000,False,1,-1,low,high,1.0
btcusdt_clarity_hold12_v1,BTCUSDT,3,36,1713387600000,1713387600000,1,1,0.0014926569864741987,0.0014926569864741987,0.541235605,True,target_entry_bar,0.0061697673242204765,0.0034740636427572635,0.010945992914803027,0.005314713614119615,0,mean_strength|hold12|tp0.01000,False,1,0,low,high,1.0
btcusdt_clarity_hold12_v1,BTCUSDT,3,37,1713420000000,1713434400000,1,1,0.0022394120133733255,0.0022394120133733255,0.5432738600000029,True,target,0.00044824489221673147,0.007870460498009768,0.01774820742941352,0.03184829037107795,0,mean_strength|hold12|tp0.01000,False,1,1,low,high,1.0
btcusdt_clarity_hold12_v1,BTCUSDT,3,38,1713481200000,1713484800000,-1,1,-0.016024690100257023,0.016024690100257023,0.5649648100000015,True,target,0.011866971392544778,0.03327133737883203,0.02205689967688551,-0.02198439593348578,0,mean_strength|hold12|tp0.01000,False,1,-1,high,mid,1.0
btcusdt_clarity_hold12_v1,BTCUSDT,3,39,1713488400000,1713488400000,-1,1,-0.0035828987128733894,0.0035828987128733894,0.5580178599999986,True,target_entry_bar,-0.005477049180327764,-0.023052459016393412,-0.057698360655737746,-0.06345737704918042,0,mean_strength|hold12|tp0.01000,False,1,-1,mid,high,1.0
btcusdt_clarity_hold12_v1,BTCUSDT,3,40,1713492000000,1713492000000,-1,1,-0.003929744705200482,0.003929744705200482,0.5429688849999972,True,target_entry_bar,-0.00689665292227315,-0.011600398473279983,-0.053216726095271616,-0.05041241332309432,0,mean_strength|hold12|tp0.01000,False,1,-1,mid,high,1.0
btcusdt_clarity_hold12_v1,BTCUSDT,3,41,1713495600000,1713499200000,-1,1,-0.0015678113793374604,0.0015678113793374604,-1.2942080949999986,False,stop,-0.01051053239222699,-0.0459688035869561,-0.04837824314937067,-0.04308168615430441,0,mean_strength|hold12|tp0.01000,True,-1,0,low,high,1.0
btcusdt_clarity_hold12_v1,BTCUSDT,3,42,1713506400000,1713506400000,1,1,-0.004863783420935093,0.004863783420935093,0.5521741900000029,True,target_entry_bar,-0.0011827357731128973,0.0023035482073194835,0.005077713790327509,-0.006288315065948291,0,mean_strength|hold12|tp0.01000,False,1,-1,mid,high,0.9
btcusdt_clarity_hold12_v1,BTCUSDT,3,43,1713510000000,1713535200000,-1,1,-0.005104389740637419,0.005104389740637419,0.5749351199999985,True,target,-0.00121668454237156,-0.003637654294198933,-0.0054448570666898455,0.003292022889168633,0,mean_strength|hold12|tp0.01000,False,1,-1,mid,high,0.9
btcusdt_clarity_hold12_v1,BTCUSDT,3,44,1713546000000,1713546000000,1,1,0.0034294977585894292,0.0034294977585894292,0.569428199999997,True,target_entry_bar,-0.0064144436429828255,-0.008949882515378205,-0.01264314084842777,-0.0075289222682115575,0,mean_strength|hold12|tp0.01000,False,1,1,mid,high,0.9
btcusdt_clarity_hold12_v1,BTCUSDT,3,45,1713549600000,1713567600000,1,1,-0.0011829828000633747,0.0011829828000633747,-1.363089384999997,False,stop,0.0018289510171396461,0.002945950914319706,-0.012188852434498965,-0.0026873428488638496,0,mean_strength|hold12|tp0.01000,True,-1,0,low,high,0.9
btcusdt_clarity_hold12_v1,BTCUSDT,3,46,1713614400000,1713625200000,1,1,0.009335187680215708,0.009335187680215708,0.5667568800000045,True,target,0.0008731666635313218,0.015365852129147095,0.017899132790308192,0.01475604632642935,0,mean_strength|hold12|tp0.01000,False,1,1,high,mid,0.8
btcusdt_clarity_hold12_v1,BTCUSDT,3,47,1713762000000,1713769200000,1,1,0.004711468767504098,0.004711468767504098,0.5847228900000088,True,target,-0.001115418704064397,-0.006134802872353906,-0.007334631640509737,0.0024780383101103975,0,mean_strength|hold12|tp0.01000,False,1,1,mid,low,0.8
btcusdt_clarity_hold12_v1,BTCUSDT,3,48,1713772800000,1713805200000,1,1,0.004511926369967827,0.004511926369967827,0.5868626300000029,True,target,-0.00033669114502288267,-0.001207234916388411,0.0009721577655839031,0.008308081497456765,0,mean_strength|hold12|tp0.01000,False,1,1,mid,mid,0.8
btcusdt_clarity_hold12_v1,BTCUSDT,3,49,1713920400000,1713963600000,-1,1,-0.003555229248942855,0.003555229248942855,0.2974465899999913,True,max_hold,0.003083731479996188,-0.004100148564798012,0.0017390026819619209,0.00995429121398883,0,mean_strength|hold12|tp0.01000,False,1,-1,mid,low,0.8
btcusdt_clarity_hold12_v1,BTCUSDT,3,50,1713970800000,1713970800000,-1,1,-0.004238461390268957,0.004238461390268957,0.5804603799999957,True,target_entry_bar,-0.0027463851131683814,0.007646221011239462,0.0035901167291080283,0.005170758894014971,0,mean_strength|hold12|tp0.01000,False,1,-1,mid,low,0.8
btcusdt_clarity_hold12_v1,BTCUSDT,3,51,1713974400000,1713985200000,-1,1,-0.000543090364497949,0.000543090364497949,0.5749377599999985,True,target,-0.001213498550286074,0.012513238867771892,0.010966259799849998,0.007038600369916326,0,mean_strength|hold12|tp0.01000,False,1,0,low,mid,0.8
btcusdt_clarity_hold12_v1,BTCUSDT,3,52,1714057200000,1714057200000,1,1,0.0004966525733318308,0.0004966525733318308,0.5638226850000014,True,target_entry_bar,0.004835259479776699,0.009321019726423296,0.00906669662374382,0.00418150868209155,0,mean_strength|hold12|tp0.01000,False,1,0,low,mid,0.9
btcusdt_clarity_hold12_v1,BTCUSDT,3,53,1714125600000,1714136400000,-1,1,-0.002728985693596472,0.002728985693596472,0.5736903300000044,True,target,-0.0022553773972164848,-0.006185509083161733,0.006713064488185427,0.0042048350921115585,0,mean_strength|hold12|tp0.01000,False,1,-1,low,low,0.9
btcusdt_clarity_hold12_v1,BTCUSDT,3,54,1714140000000,1714140000000,-1,1,-3.2576357803324534e-05,3.2576357803324534e-05,0.5737779549999956,True,target_entry_bar,0.0054177614210890734,-0.0024582034903670724,-0.0019114138038545114,0.014706919161296628,0,mean_strength|hold12|tp0.01000,False,1,0,low,low,0.9
btcusdt_clarity_hold12_v1,BTCUSDT,3,55,1714150800000,1714179600000,1,1,-0.0038042706175370022,0.0038042706175370022,-1.3427376200000014,False,stop,0.0007517504376093331,-0.0005454488622155251,-0.003675918979744841,-0.01604151037759438,0,mean_strength|hold12|tp0.01000,True,-1,-1,mid,low,0.9
btcusdt_clarity_hold12_v1,BTCUSDT,3,56,1714183200000,1714226400000,-1,1,-0.0069170920613367765,0.0069170920613367765,-0.7269488600000029,False,max_hold,-0.0025251079690371547,-0.0011003619109406504,-0.0017729819807785763,-0.003393312598189757,0,mean_strength|hold12|tp0.01000,True,-1,-1,high,mid,0.9
btcusdt_clarity_hold12_v1,BTCUSDT,3,57,1714262400000,1714273200000,1,1,0.003853305898794111,0.003853305898794111,0.5643530550000001,True,target,-0.00022018360166897732,0.00639318814846046,0.0055423358020108004,-0.0005598954442440629,0,mean_strength|hold12|tp0.01000,False,1,1,mid,low,0.8
btcusdt_clarity_hold12_v1,BTCUSDT,3,58,1714338000000,1714341600000,-1,1,-0.004858808743782673,0.004858808743782673,0.5665648300000045,True,target,0.008059295294842284,0.006467549119432925,0.021698344458272123,0.017790474035524473,0,mean_strength|hold12|tp0.01000,False,1,-1,mid,low,0.8
btcusdt_clarity_hold12_v1,BTCUSDT,3,59,1714363200000,1714399200000,1,1,-0.0016728015663855444,0.0016728015663855444,0.5540371950000015,True,target,-0.0014940247009950225,-0.002458582404100018,-0.002357807718700977,0.003938210721466939,0,mean_strength|hold12|tp0.01000,False,1,-1,low,low,0.8
btcusdt_clarity_hold12_v1,BTCUSDT,3,60,1714413600000,1714435200000,-1,1,-0.003236768987564454,0.003236768987564454,-1.3293580200000015,False,stop,-0.00175835297225313,-0.0035564876859597305,-0.027417576209882055,-0.008506927592456748,0,mean_strength|hold12|tp0.01000,True,-1,-1,mid,mid,0.8
btcusdt_clarity_hold12_v1,BTCUSDT,3,61,1714453200000,1714464000000,-1,1,-0.02561889157284103,0.02561889157284103,0.564160125,True,target,-0.001289183027652685,0.021976146954226117,0.033392368226062064,0.046503801984014714,0,mean_strength|hold12|tp0.01000,False,1,-1,high,mid,0.7
btcusdt_clarity_hold12_v1,BTCUSDT,3,62,1714467600000,1714474800000,-1,1,-0.003231876152384051,0.003231876152384051,0.5509788849999971,True,target,-0.0016218232537017485,0.007369564864821099,0.014500721711347864,0.024486287484389968,0,mean_strength|hold12|tp0.01000,False,1,-1,mid,high,0.7
btcusdt_clarity_hold12_v1,BTCUSDT,3,63,1714478400000,1714485600000,-1,1,-0.0012529119008076372,0.0012529119008076372,0.544569455,True,target,0.006610614234877743,0.007184100541462568,0.01334213441473353,0.016132774333955324,0,mean_strength|hold12|tp0.01000,False,1,0,low,high,0.7
btcusdt_clarity_hold12_v1,BTCUSDT,3,64,1714496400000,1714503600000,-1,1,-0.005854356544249457,0.005854356544249457,0.5369177650000014,True,target,-0.0005898688370304939,0.006969068338624429,-0.004950921587210999,0.005340301297048766,0,mean_strength|hold12|tp0.01000,False,1,-1,high,high,0.7
btcusdt_clarity_hold12_v1,BTCUSDT,3,65,1714510800000,1714546800000,-1,1,0.0017438975353876287,0.0017438975353876287,0.53343736,True,target,-0.006846308845337878,-0.0011305221017070544,-0.0010773210616268347,0.05086019431679889,0,mean_strength|hold12|tp0.01000,False,1,1,low,high,0.7
btcusdt_clarity_hold12_v1,BTCUSDT,3,66,1714550400000,1714564800000,1,1,0.0020279461777610664,0.0020279461777610664,0.5115218149999985,True,target,-0.0011040520986612679,0.012405276354213512,0.005396032761127545,0.003168682013749091,0,mean_strength|hold12|tp0.01000,False,1,1,low,high,0.8
btcusdt_clarity_hold12_v1,BTCUSDT,3,67,1714579200000,1714582800000,1,1,0.0036521772784745186,0.0036521772784745186,0.5060039249999941,True,target,0.006609764352869307,-0.0015081977562927396,0.014664592602465554,0.00616081246262401,0,mean_strength|hold12|tp0.01000,False,1,1,mid,high,0.9
btcusdt_clarity_hold12_v1,BTCUSDT,3,68,1714590000000,1714590000000,-1,1,0.008787453090041322,0.008787453090041322,0.524083285,True,target_entry_bar,-0.0069991235727320245,-0.016197218968064142,-0.002825994938149501,-0.012457913049281899,0,mean_strength|hold12|tp0.01000,False,1,1,high,high,0.9
btcusdt_clarity_hold12_v1,BTCUSDT,3,69,1714593600000,1714597200000,1,1,0.003155952905412014,0.003155952905412014,0.5066261000000059,True,target,0.009659156315078965,0.01697765033784382,0.001829623505691158,0.008204527140868834,0,mean_strength|hold12|tp0.01000,False,1,1,mid,high,0.9
btcusdt_clarity_hold12_v1,BTCUSDT,3,70,1714611600000,1714647600000,1,1,0.006674747386561742,0.006674747386561742,0.5138404349999971,True,target,0.0059986058714529555,0.004840918723706844,0.009604775065415572,0.02334464749214482,0,mean_strength|hold12|tp0.01000,False,1,1,high,high,0.9
btcusdt_clarity_hold12_v1,BTCUSDT,3,71,1714654800000,1714658400000,1,1,0.010519491439863174,0.010519491439863174,0.5208595000000058,True,target,0.01003431485807682,0.009579065369376805,0.015315893512694911,0.014638153672374532,0,mean_strength|hold12|tp0.01000,False,1,1,high,high,1.0
btcusdt_clarity_hold12_v1,BTCUSDT,3,72,1714662000000,1714683600000,1,1,0.014249556507303446,0.014249556507303446,0.525225285,True,target,-0.004077277492921749,0.002081690744833331,-0.0024581846913847016,0.007718970061133978,0,mean_strength|hold12|tp0.01000,False,1,1,high,high,1.0
btcusdt_clarity_hold12_v1,BTCUSDT,3,73,1714687200000,1714701600000,1,1,0.004137857859208906,0.004137857859208906,0.5257487250000058,True,target,-0.00445356555054921,-0.00026981086258537346,0.004556430941909717,-0.004920675606399971,0,mean_strength|hold12|tp0.01000,False,1,1,mid,mid,1.0
btcusdt_clarity_hold12_v1,BTCUSDT,3,74,1714705200000,1714737600000,1,1,0.004172347726873824,0.004172347726873824,0.529671435,True,target,-0.001958520906247374,-0.007834083624989274,-0.004064475379431998,0.03307538043724101,0,mean_strength|hold12|tp0.01000,False,1,1,mid,mid,1.0
btcusdt_clarity_hold12_v1,BTCUSDT,3,75,1714741200000,1714741200000,1,1,0.014697940485409164,0.014697940485409164,0.5393678700000015,True,target_entry_bar,-0.0009082932035339164,-6.487808596666866e-05,0.0061277352195556745,0.019106596317195468,0,mean_strength|hold12|tp0.01000,False,1,1,high,mid,1.0
btcusdt_clarity_hold12_v1,BTCUSDT,3,76,1714744800000,1714766400000,1,1,0.015271072753155212,0.015271072753155212,0.5486073699999957,True,target,0.001038993085825668,0.002803657905032786,0.020810706823749525,0.017417745027849874,0,mean_strength|hold12|tp0.01000,False,1,1,high,high,1.0
btcusdt_clarity_hold12_v1,BTCUSDT,3,77,1714770000000,1714784400000,1,1,0.00829518916096773,0.00829518916096773,0.5595513449999986,True,target,0.0006521690600791441,0.005276350659663365,-0.00025034362452924785,0.007035134212884486,0,mean_strength|hold12|tp0.01000,False,1,1,high,high,1.0
btcusdt_clarity_hold12_v1,BTCUSDT,3,78,1714816800000,1714816800000,1,1,0.007361631418004479,0.007361631418004479,0.5620473050000014,True,target_entry_bar,-0.008441832728718346,-0.010695162252149282,-0.011331871490334433,-0.012614607662873256,0,mean_strength|hold12|tp0.01000,False,1,1,high,high,1.0
btcusdt_clarity_hold12_v1,BTCUSDT,3,79,1714820400000,1714863600000,1,1,,,-0.9149039050000001,False,max_hold,0.003036805011746413,-0.0009350039154267797,-0.00644792482380574,0.00022239624119024803,0,mean_strength|hold12|tp0.01000,True,-1,0,na,high,1.0
btcusdt_clarity_hold12_v1,BTCUSDT,3,80,1714874400000,1714914000000,1,1,0.00908607441327658,0.00908607441327658,0.5632023800000044,True,target,0.001425860031242232,0.001029787800341575,0.008236718113808994,0.01502539615144527,0,mean_strength|hold12|tp0.01000,False,1,1,high,mid,0.9
btcusdt_clarity_hold12_v1,BTCUSDT,3,81,1714975200000,1714982400000,1,1,0.005967706950746308,0.005967706950746308,0.5708511000000029,True,target,0.004836516399762569,0.014557836480573627,-0.009643437369059704,-0.012944106693084434,0,mean_strength|hold12|tp0.01000,False,1,1,high,low,0.9
btcusdt_clarity_hold12_v1,BTCUSDT,3,82,1715007600000,1715043600000,1,1,0.0031485525401920857,0.0031485525401920857,0.5626626599999986,True,target,-0.006803480514089744,-0.003643093217274296,-0.0013490608461033116,-0.006221717678357552,0,mean_strength|hold12|tp0.01000,False,1,1,mid,mid,0.9
btcusdt_clarity_hold12_v1,BTCUSDT,3,83,1715115600000,1715122800000,-1,1,-0.005840899292239501,0.005840899292239501,0.5604274049999957,True,target,0.003496176255506467,0.007523758611554854,0.0027966237470317123,0.011971706987435105,0,mean_strength|hold12|tp0.01000,False,1,-1,high,mid,0.9
btcusdt_clarity_hold12_v1,BTCUSDT,3,84,1715130000000,1715173200000,-1,1,-0.0046475802220162475,0.0046475802220162475,0.25879201000000146,True,max_hold,-0.0036703941273694696,-5.279991552020746e-05,0.005014391976972843,0.0013231978828833757,0,mean_strength|hold12|tp0.01000,False,1,-1,mid,mid,0.9
btcusdt_clarity_hold12_v1,BTCUSDT,3,85,1715176800000,1715198400000,-1,1,-0.007330943301090392,0.007330943301090392,0.5556184350000014,True,target,0.004449064449064455,-0.0007148568687029844,0.01576843115304649,0.014399488245642078,0,mean_strength|hold12|tp0.01000,False,1,-1,high,mid,0.9
btcusdt_clarity_hold12_v1,BTCUSDT,3,86,1715266800000,1715266800000,1,1,0.009158283656182568,0.009158283656182568,0.5473717100000015,True,target_entry_bar,-0.004671415348706187,0.0017095255342267635,0.006084751901485053,0.012193649643848836,0,mean_strength|hold12|tp0.01000,False,1,1,high,mid,0.9
btcusdt_clarity_hold12_v1,BTCUSDT,3,87,1715270400000,1715288400000,1,1,0.014958973183881714,0.014958973183881714,0.552789215,True,target,0.001353661435851361,0.009514444715787551,0.022971812466946684,0.017372797065611234,0,mean_strength|hold12|tp0.01000,False,1,1,high,mid,0.9
btcusdt_clarity_hold12_v1,BTCUSDT,3,88,1715292000000,1715292000000,1,1,0.001500284349767287,0.001500284349767287,0.5561711049999957,True,target_entry_bar,-0.0032030253254010654,-0.006353878964850401,-0.005473284144392188,-0.0038844191631345337,0,mean_strength|hold12|tp0.01000,False,1,0,low,mid,0.9
btcusdt_clarity_hold12_v1,BTCUSDT,3,89,1715349600000,1715349600000,-1,1,-0.0017513001455246398,0.0017513001455246398,0.560605625,True,target_entry_bar,0.0023101574839271555,0.010918361328291382,0.008858880507513822,0.0028164260389155205,0,mean_strength|hold12|tp0.01000,False,1,-1,low,mid,0.9
btcusdt_clarity_hold12_v1,BTCUSDT,3,90,1715580000000,1715580000000,1,1,0.008517180659531493,0.008517180659531493,0.5414100849999971,True,target_entry_bar,0.013297201813299075,0.025198807399587908,0.021776506162256792,0.021000632735352243,0,mean_strength|hold12|tp0.01000,False,1,1,high,low,1.0
btcusdt_clarity_hold12_v1,BTCUSDT,3,91,1715583600000,1715583600000,1,1,0.001320890790066849,0.001320890790066849,0.5471008049999986,True,target_entry_bar,0.007270059682229935,0.005544443838026547,0.007485159703739974,0.01354648568300676,0,mean_strength|hold12|tp0.01000,False,1,0,low,low,1.0
btcusdt_clarity_hold12_v1,BTCUSDT,3,92,1715742000000,1715763600000,1,1,0.005391753062889218,0.005391753062889218,0.5494143649999972,True,target,-0.0007767686424473563,0.00016633507312291407,0.011351157562916603,0.04460848276574869,0,mean_strength|hold12|tp0.01000,False,1,1,mid,low,1.0
btcusdt_clarity_hold12_v1,BTCUSDT,3,93,1715767200000,1715774400000,1,1,0.003610262698553769,0.003610262698553769,0.5573321199999985,True,target,-0.0031224558210813935,0.02336573918873608,0.03329661733952727,0.05484411666107958,0,mean_strength|hold12|tp0.01000,False,1,1,mid,low,1.0
btcusdt_clarity_hold12_v1,BTCUSDT,3,94,1715778000000,1715778000000,1,1,0.004064178141081715,0.004064178141081715,0.5672055649999972,True,target_entry_bar,0.005600038685503961,0.009704133889281596,0.028903375154235134,0.029003208712973905,0,mean_strength|hold12|tp0.01000,False,1,1,mid,mid,1.0
btcusdt_clarity_hold12_v1,BTCUSDT,3,95,1715781600000,1715785200000,1,1,0.004064178141081715,0.004064178141081715,0.5704946600000014,True,target,0.0034095650865499927,0.00835638176580722,0.0222645530879213,0.02213890487499559,0,mean_strength|hold12|tp0.01000,False,1,1,mid,mid,1.0
btcusdt_clarity_hold12_v1,BTCUSDT,3,96,1715788800000,1715796000000,1,1,-5.964593386238941e-05,5.964593386238941e-05,0.5756544599999971,True,target,0.004257764704428402,0.019014719877396224,0.020853159644547814,0.016393012074995772,0,mean_strength|hold12|tp0.01000,False,1,0,low,mid,1.0
btcusdt_clarity_hold12_v1,BTCUSDT,3,97,1715857200000,1715871600000,-1,1,-0.011672438917387604,0.011672438917387604,0.58865597,True,target,0.007625917892779888,0.013634900532159766,0.022670184315577657,0.019043736970510206,0,mean_strength|hold12|tp0.01000,False,1,-1,high,mid,1.0
btcusdt_clarity_hold12_v1,BTCUSDT,3,98,1716181200000,1716220800000,1,1,0.004091046688485881,0.004091046688485881,0.5970838249999884,True,target,-0.010952576090600852,-0.005556755951272141,-0.0019893454531907384,0.01769101814253249,0,mean_strength|hold12|tp0.01000,False,1,1,mid,low,1.0
btcusdt_clarity_hold12_v1,BTCUSDT,3,99,1716224400000,1716231600000,1,1,0.0067601998769165,0.0067601998769165,0.6066065500000001,True,target,0.005668082589132206,0.017502090206121368,0.04644284256318576,0.04307947761685771,0,mean_strength|hold12|tp0.01000,False,1,1,high,mid,1.0
btcusdt_clarity_hold12_v1,BTCUSDT,3,100,1716235200000,1716246000000,1,1,0.0017131535299043895,0.0017131535299043895,0.622880185000003,True,target,0.0029198445819540453,0.028442941430421698,0.02616059864728726,0.021305223773204762,0,mean_strength|hold12|tp0.01000,False,1,1,low,mid,1.0
btcusdt_clarity_hold12_v1,BTCUSDT,3,101,1716433200000,1716469200000,-1,1,-0.011409716897423853,0.011409716897423853,0.6190167950000058,True,target,-0.0015284270154511947,-0.0015629677389643604,-0.0029417182858590962,0.019863794413613634,0,mean_strength|hold12|tp0.01000,False,1,-1,high,low,1.0
btcusdt_clarity_hold12_v1,BTCUSDT,3,102,1716548400000,1716562800000,1,1,0.004712385251685661,0.004712385251685661,0.5995727450000058,True,target,0.002111796080340289,0.007445453924854073,0.022919591472083667,0.01781892869757251,0,mean_strength|hold12|tp0.01000,False,1,1,mid,mid,1.0
btcusdt_clarity_hold12_v1,BTCUSDT,3,103,1716570000000,1716613200000,-1,1,-0.005348652364015635,0.005348652364015635,-0.516745095000003,False,max_hold,-0.0007863300439010512,0.0011272665020499728,0.004986377049608359,0.0026651075473176356,0,mean_strength|hold12|tp0.01000,True,-1,-1,mid,mid,1.0
btcusdt_clarity_hold12_v1,BTCUSDT,3,104,1716627600000,1716670800000,1,1,0.0022795245300284775,0.0022795245300284775,0.10987019000000289,True,max_hold,0.0040467085950239845,0.0003356583461016083,-0.0024422038285305536,0.0007118271822497135,0,mean_strength|hold12|tp0.01000,False,1,1,low,low,0.9
btcusdt_clarity_hold12_v1,BTCUSDT,3,105,1716818400000,1716822000000,1,1,0.0026391273654811447,0.0026391273654811447,0.6136357350000088,True,target,0.012550935604742408,0.009919682064053026,0.0021668301015405067,-0.012200101799317298,0,mean_strength|hold12|tp0.01000,False,1,1,low,low,0.9
btcusdt_clarity_hold12_v1,BTCUSDT,3,106,1716843600000,1716865200000,1,1,-0.0005770224895123594,0.0005770224895123594,-1.4706405349999971,False,stop,-0.0029283017138798106,-0.00613583024155262,-0.02528363000585654,-0.021173984079775776,0,mean_strength|hold12|tp0.01000,True,-1,0,low,mid,0.9
btcusdt_clarity_hold12_v1,BTCUSDT,3,107,1716958800000,1716966000000,-1,1,-0.007808230134614776,0.007808230134614776,0.613144115,True,target,0.0011292437709456982,0.010438583709747817,0.011847588518140828,0.01415415998834324,0,mean_strength|hold12|tp0.01000,False,1,-1,high,low,0.8
btcusdt_clarity_hold12_v1,BTCUSDT,3,108,1717167600000,1717171200000,-1,1,-0.004876225324526834,0.004876225324526834,0.60111608,True,target,0.00015910141897645946,-0.0030244138897026485,-0.005198304305998214,-0.00739301173038398,0,mean_strength|hold12|tp0.01000,False,1,-1,mid,mid,0.8
btcusdt_clarity_hold12_v1,BTCUSDT,3,109,1717178400000,1717221600000,-1,1,0.00018006682498389724,0.00018006682498389724,-0.45799262500001164,False,max_hold,-0.003910691546057166,-0.00216733549671555,-0.0034674403056209613,-0.004131575943465471,0,mean_strength|hold12|tp0.01000,True,-1,0,low,low,0.8
btcusdt_clarity_hold12_v1,BTCUSDT,3,110,1717329600000,1717351200000,-1,1,-3.8079844959776327e-06,3.8079844959776327e-06,0.6078005949999999,True,target,-0.0032451007216893757,-0.0030950552667428077,0.003356899295963167,0.0017034572238058265,0,mean_strength|hold12|tp0.01000,False,1,0,low,low,0.7
btcusdt_clarity_hold12_v1,BTCUSDT,3,111,1717362000000,1717376400000,1,1,0.0026399094676350437,0.0026399094676350437,0.6040276950000059,True,target,0.0019027630595722655,0.00021960627101202945,0.008654550492492863,0.01770557136687967,0,mean_strength|hold12|tp0.01000,False,1,1,low,low,0.7
btcusdt_clarity_hold12_v1,BTCUSDT,3,112,1717390800000,1717401600000,1,1,0.005086574704657575,0.005086574704657575,0.6100761749999941,True,target,0.0051580582659847,0.006263564267718458,0.00550862003758712,0.008190926704952028,0,mean_strength|hold12|tp0.01000,False,1,1,mid,low,0.7
btcusdt_clarity_hold12_v1,BTCUSDT,3,113,1717405200000,1717419600000,1,1,0.0026715347618103827,0.0026715347618103827,0.6155861450000057,True,target,-0.0013323678493845081,0.010755973931933394,0.00868935553946426,0.0011455467052861046,0,mean_strength|hold12|tp0.01000,False,1,1,low,low,0.7
btcusdt_clarity_hold12_v1,BTCUSDT,3,114,1717426800000,1717426800000,1,1,0.0002603327708540982,0.0002603327708540982,0.612381375,True,target_entry_bar,-0.007577889447236252,-0.0044723618090452,-0.007478822684852782,-0.006473797559224614,0,mean_strength|hold12|tp0.01000,False,1,0,low,mid,0.8
btcusdt_clarity_hold12_v1,BTCUSDT,3,115,1717502400000,1717506000000,1,1,0.006633712970823655,0.006633712970823655,0.6139903050000028,True,target,0.008365041056972444,0.021778676465259217,0.025383572862537118,0.026534472637140594,0,mean_strength|hold12|tp0.01000,False,1,1,high,mid,0.8
btcusdt_clarity_hold12_v1,BTCUSDT,3,116,1717603200000,1717628400000,-1,1,-0.0014374885508625986,0.0014374885508625986,0.6375455150000088,True,target,-0.00426314329038413,0.0005745853875929186,0.0024637100277763446,0.0036731421972706624,0,mean_strength|hold12|tp0.01000,False,1,0,low,low,0.8
btcusdt_clarity_hold12_v1,BTCUSDT,3,117,1717639200000,1717682400000,-1,1,-0.004755822396451264,0.004755822396451264,-0.109762525,False,max_hold,0.001519748300466306,0.0035156469464576734,0.0034594640148323252,-0.004472161357379489,0,mean_strength|hold12|tp0.01000,True,-1,-1,mid,low,0.9
btcusdt_clarity_hold12_v1,BTCUSDT,3,118,1717686000000,1717700400000,-1,1,-0.005332425560565968,0.005332425560565968,0.6365666800000028,True,target,0.00500039952729614,0.0030097722974781194,0.007705970339654256,0.004225176387796736,0,mean_strength|hold12|tp0.01000,False,1,-1,mid,low,0.8
btcusdt_clarity_hold12_v1,BTCUSDT,3,119,1717758000000,1717779600000,1,1,-3.123992797128956e-05,3.123992797128956e-05,-1.506598930000003,False,stop,-0.0066341463414634205,-0.0039581881533100605,-0.026703832752613232,-0.033073170731707346,0,mean_strength|hold12|tp0.01000,True,-1,0,low,low,0.8
btcusdt_clarity_hold12_v1,BTCUSDT,3,120,1717783200000,1717783200000,-1,1,-0.014639343839097433,0.014639343839097433,0.6216050000000001,True,target_entry_bar,-0.0014554862581572792,-0.0013485289760286623,-0.0035324810476031754,-0.0025452942409285306,0,mean_strength|hold12|tp0.01000,False,1,-1,high,mid,0.8
btcusdt_clarity_hold12_v1,BTCUSDT,3,121,1717786800000,1717830000000,-1,1,-0.014639343839097433,0.014639343839097433,-0.286682975,False,max_hold,-0.0007346234225080739,-0.003618272927755628,-0.0030409657194978568,-0.004694950871156678,0,mean_strength|hold12|tp0.01000,True,-1,-1,high,mid,0.8
btcusdt_clarity_hold12_v1,BTCUSDT,3,122,1718060400000,1718067600000,-1,1,-0.025089945329912256,0.025089945329912256,0.6189306000000001,True,target,0.0014965777106241696,0.018299651948641804,0.023409005631215063,0.03794061706156082,0,mean_strength|hold12|tp0.01000,False,1,-1,high,low,0.7
btcusdt_clarity_hold12_v1,BTCUSDT,3,123,1718071200000,1718071200000,-1,1,-0.00851879877562109,0.00851879877562109,0.6119002050000057,True,target_entry_bar,-0.002731168119872729,0.005204595977494675,0.010959818878888528,0.020890141142082208,0,mean_strength|hold12|tp0.01000,False,1,-1,high,low,0.7
btcusdt_clarity_hold12_v1,BTCUSDT,3,124,1718074800000,1718085600000,-1,1,-0.012990769512578042,0.012990769512578042,0.607798505,True,target,0.006313501956265566,0.010986924639598827,0.019970119303718614,0.032221788956994346,0,mean_strength|hold12|tp0.01000,False,1,-1,high,low,0.7
btcusdt_clarity_hold12_v1,BTCUSDT,3,125,1718089200000,1718096400000,-1,1,-0.004865668727317153,0.004865668727317153,0.6028176949999942,True,target,0.0006599390370217728,0.008882542688881667,0.011084312390873374,0.0023882098783698513,0,mean_strength|hold12|tp0.01000,False,1,-1,mid,low,0.7
btcusdt_clarity_hold12_v1,BTCUSDT,3,126,1718100000000,1718118000000,-1,1,-0.004508228695511873,0.004508228695511873,0.5972904549999971,True,target,0.0009271188996395896,0.0022215022909243265,0.007091489167936893,-0.005768739819980828,0,mean_strength|hold12|tp0.01000,False,1,-1,mid,low,0.7
btcusdt_clarity_hold12_v1,BTCUSDT,3,127,1718121600000,1718132400000,-1,1,-0.010291289533836718,0.010291289533836718,-1.3982846649999972,False,stop,-0.004187548021477472,-0.013741472663656662,-0.012952078512390663,-0.014784976551234674,0,mean_strength|hold12|tp0.01000,True,-1,-1,high,low,0.7
btcusdt_clarity_hold12_v1,BTCUSDT,3,128,1718136000000,1718179200000,-1,1,-0.0022741366661078273,0.0022741366661078273,-0.1369599100000029,False,max_hold,-0.0016582466567609533,-0.00030757800891523246,-0.0016641901931648828,-0.0014784546805348686,0,mean_strength|hold12|tp0.01000,True,-1,-1,low,mid,0.7
btcusdt_clarity_hold12_v1,BTCUSDT,3,129,1718182800000,1718193600000,1,1,0.002145437047626675,0.002145437047626675,0.5997526150000029,True,target,0.003509439921133284,0.02331755708743044,0.029189744407106755,0.011387232309279183,0,mean_strength|hold12|tp0.01000,False,1,1,low,low,0.6
btcusdt_clarity_hold12_v1,BTCUSDT,3,130,1718215200000,1718215200000,-1,1,-0.003635711590003914,0.003635711590003914,0.6213378349999971,True,target_entry_bar,0.01908851609304274,0.004438007356487472,0.007353582074808296,0.019243955303237192,0,mean_strength|hold12|tp0.01000,False,1,-1,mid,mid,0.7
btcusdt_clarity_hold12_v1,BTCUSDT,3,131,1718218800000,1718218800000,-1,1,0.00024822445507435804,0.00024822445507435804,0.61269554,True,target_entry_bar,-0.00856742571442104,-0.012232832567176999,-0.006768044168522724,-0.002987121463437603,0,mean_strength|hold12|tp0.01000,False,1,0,low,mid,0.7
btcusdt_clarity_hold12_v1,BTCUSDT,3,132,1718294400000,1718337600000,1,1,0.0027143308995967183,0.0027143308995967183,0.17891392999999708,True,max_hold,-0.0009509762061871152,-0.005419220766812227,-0.0013197220820557742,-0.003942744365055484,0,mean_strength|hold12|tp0.01000,False,1,1,low,mid,0.8
btcusdt_clarity_hold12_v1,BTCUSDT,3,133,1718474400000,1718517600000,-1,1,-0.005536317584511071,0.005536317584511071,-0.11855206499999708,False,max_hold,-6.501370579647947e-05,0.00037949860825292614,-0.0002630787164783488,-0.0024690088736150084,0,mean_strength|hold12|tp0.01000,True,-1,-1,mid,low,0.8
btcusdt_clarity_hold12_v1,BTCUSDT,3,134,1718586000000,1718614800000,-1,1,-0.003323925075812201,0.003323925075812201,0.5924804950000029,True,target,0.0019216849429891658,0.00038223020792438334,0.004586762495090491,0.019132578202946338,0,mean_strength|hold12|tp0.01000,False,1,-1,mid,low,0.7
btcusdt_clarity_hold12_v1,BTCUSDT,3,135,1718632800000,1718643600000,-1,1,-0.0006316030058636294,0.0006316030058636294,-1.37537945,False,stop,0.001572317433929049,-0.01745593232770193,-0.014228785174681624,0.00018794464953675316,0,mean_strength|hold12|tp0.01000,True,-1,0,low,low,0.7
btcusdt_clarity_hold12_v1,BTCUSDT,3,136,1718665200000,1718668800000,-1,1,-0.01702459195008484,0.01702459195008484,0.5931074000000001,True,target,0.0111625779838459,0.015639644301895128,0.013560576542639868,0.017043240697977136,0,mean_strength|hold12|tp0.01000,False,1,-1,high,mid,0.6
btcusdt_clarity_hold12_v1,BTCUSDT,3,137,1718672400000,1718672400000,-1,1,-0.002370503302200416,0.002370503302200416,0.58509443,True,target_entry_bar,-0.005048860435181934,-0.006632485354157502,-0.0083343829392446,0.004349976499067765,0,mean_strength|hold12|tp0.01000,False,1,-1,low,mid,0.6
btcusdt_clarity_hold12_v1,BTCUSDT,3,138,1718679600000,1718715600000,-1,1,-0.0029452774700327437,0.0029452774700327437,0.58242003,True,target,-0.000927072817217045,7.636514145115125e-05,0.0002978240516594566,0.012189403878432814,0,mean_strength|hold12|tp0.01000,False,1,-1,low,mid,0.7
btcusdt_clarity_hold12_v1,BTCUSDT,3,139,1718769600000,1718812800000,-1,1,-0.003148849959066623,0.003148849959066623,0.3776683850000029,True,max_hold,0.0006053564877094297,0.0018497003791121402,-0.0011296930414577133,0.007887978476213808,0,mean_strength|hold12|tp0.01000,False,1,-1,mid,low,0.8
btcusdt_clarity_hold12_v1,BTCUSDT,3,140,1718859600000,1718899200000,-1,1,-0.004935302252202771,0.004935302252202771,0.5810884949999999,True,target,0.0007634974903837355,-0.002750117960362175,-0.010107179777700148,0.00824729989112527,0,mean_strength|hold12|tp0.01000,False,1,-1,mid,low,0.8
btcusdt_clarity_hold12_v1,BTCUSDT,3,141,1719075600000,1719118800000,-1,1,-0.004880231611494836,0.004880231611494836,-0.16113924000000146,False,max_hold,-0.00015102118344545445,-0.00042192516199746066,-0.00016503345819818271,-0.0017842296518415512,0,mean_strength|hold12|tp0.01000,True,-1,-1,mid,low,0.8
btcusdt_clarity_hold12_v1,BTCUSDT,3,142,1719122400000,1719165600000,-1,1,-0.004476385234834315,0.004476385234834315,0.14657637000000434,True,max_hold,-0.0005842827928717043,-0.0005516499773123851,3.729464635349178e-05,0.0040713322269254615,0,mean_strength|hold12|tp0.01000,False,1,-1,mid,low,0.7
btcusdt_clarity_hold12_v1,BTCUSDT,3,143,1719169200000,1719183600000,-1,1,-0.008624121824198793,0.008624121824198793,0.5704882000000058,True,target,0.006302950161160226,0.007762515067356701,0.013067472130263047,0.026432782825786205,0,mean_strength|hold12|tp0.01000,False,1,-1,high,low,0.7
btcusdt_clarity_hold12_v1,BTCUSDT,3,144,1719187200000,1719205200000,-1,1,-0.004480345043921806,0.004480345043921806,0.5624677500000058,True,target,-0.003720496510250415,0.0034255210836064975,0.010628630695523444,0.0295181592264665,0,mean_strength|hold12|tp0.01000,False,1,-1,mid,low,0.8
btcusdt_clarity_hold12_v1,BTCUSDT,3,145,1719248400000,1719255600000,-1,1,-0.011690766318126542,0.011690766318126542,0.5353047649999985,True,target,-0.0025916370313554538,0.01229076806093743,-0.0006873399942224356,-0.012729071825369198,0,mean_strength|hold12|tp0.01000,False,1,-1,high,mid,0.8
btcusdt_clarity_hold12_v1,BTCUSDT,3,146,1719259200000,1719259200000,-1,1,-0.001032263803728255,0.001032263803728255,0.5277365199999986,True,target_entry_bar,-0.009912273771723434,-0.013139603878847383,-0.01936566154384045,-0.022685441211324653,0,mean_strength|hold12|tp0.01000,False,1,0,low,high,0.9
btcusdt_clarity_hold12_v1,BTCUSDT,3,147,1719266400000,1719284400000,-1,1,-0.002232648443861738,0.002232648443861738,-1.26771709,False,stop,-0.0040880786030566,-0.007364871843567045,-0.021969674253101035,-0.021065099403280385,0,mean_strength|hold12|tp0.01000,True,-1,-1,low,high,0.9
btcusdt_clarity_hold12_v1,BTCUSDT,3,148,1719288000000,1719298800000,-1,1,-0.011043068886054584,0.011043068886054584,0.5453723800000014,True,target,0.005674279100852497,0.011185551045690856,0.0008851288571568583,-0.00018908830097630336,0,mean_strength|hold12|tp0.01000,False,1,-1,high,high,0.8
btcusdt_clarity_hold12_v1,BTCUSDT,3,149,1719478800000,1719489600000,1,1,0.006564203211989183,0.006564203211989183,0.5415841249999942,True,target,-0.0027775783172641066,0.0010852465223152308,0.004799563943051366,0.004140256281374155,0,mean_strength|hold12|tp0.01000,False,1,1,high,low,0.8
btcusdt_clarity_hold12_v1,BTCUSDT,3,150,1719493200000,1719493200000,1,1,0.0013916172337468968,0.0013916172337468968,0.5458515050000043,True,target_entry_bar,-0.0042206210250171905,-0.004522324439267256,-0.008639688680797786,0.0012858696318571727,0,mean_strength|hold12|tp0.01000,False,1,0,low,low,0.8
btcusdt_clarity_hold12_v1,BTCUSDT,3,151,1719723600000,1719730800000,1,1,0.005421400761876369,0.005421400761876369,0.54078505,True,target,0.004216244137479563,0.012531934389121702,0.01261583156080004,0.014953437069718634,0,mean_strength|hold12|tp0.01000,False,1,1,mid,low,0.8
btcusdt_clarity_hold12_v1,BTCUSDT,3,152,1719766800000,1719777600000,1,1,0.0022064943568549894,0.0022064943568549894,0.5481671549999956,True,target,0.005830039045215729,0.004601468126040453,0.017315070091753926,0.02775954371070566,0,mean_strength|hold12|tp0.01000,False,1,1,low,low,0.9
btcusdt_clarity_hold12_v1,BTCUSDT,3,153,1719842400000,1719849600000,1,1,0.002339394584478196,0.002339394584478196,0.5577769549999986,True,target,0.004940327593234262,0.013913478194416129,0.00740810321989005,0.002773461381699649,0,mean_strength|hold12|tp0.01000,False,1,1,low,mid,0.9
btcusdt_clarity_hold12_v1,BTCUSDT,3,154,1719896400000,1719928800000,-1,1,-0.0039017801160206914,0.0039017801160206914,0.5609607450000015,True,target,0.002393263312923888,0.005461020596665311,0.0029661864269593385,0.013743806558303207,0,mean_strength|hold12|tp0.01000,False,1,-1,mid,low,0.9
btcusdt_clarity_hold12_v1,BTCUSDT,3,155,1719975600000,1719975600000,-1,1,-0.0040165244694641555,0.0040165244694641555,0.5461782750000029,True,target_entry_bar,0.0019005140734789094,-0.0003377962891601971,0.006270548591012393,0.013239646789705461,0,mean_strength|hold12|tp0.01000,False,1,-1,mid,low,0.9
btcusdt_clarity_hold12_v1,BTCUSDT,3,156,1719979200000,1719993600000,-1,1,-0.0013345924427434854,0.0013345924427434854,0.542787035,True,target,-0.004048130696790997,0.0001265040842747256,0.008014115884312778,0.0061083400692649725,0,mean_strength|hold12|tp0.01000,False,1,0,low,low,0.9
btcusdt_clarity_hold12_v1,BTCUSDT,3,157,1719997200000,1720000800000,-1,1,-0.004580381553176369,0.004580381553176369,0.5385202050000043,True,target,0.0036517488956470112,0.009385968241500509,0.007013074020108534,0.00603289379235683,0,mean_strength|hold12|tp0.01000,False,1,-1,mid,low,0.9
btcusdt_clarity_hold12_v1,BTCUSDT,3,158,1720026000000,1720033200000,-1,1,-0.0023779323612202006,0.0023779323612202006,0.5385205349999971,True,target,0.0020804243005485556,0.01286020244383601,0.00272144675621111,0.024628844685393836,0,mean_strength|hold12|tp0.01000,False,1,-1,low,mid,1.0
btcusdt_clarity_hold12_v1,BTCUSDT,3,159,1720036800000,1720040400000,1,1,0.0011764326160817675,0.0011764326160817675,0.5309114950000015,True,target,0.010732281918722553,0.010270840779315282,-0.010775909080993906,-0.03224718478955768,0,mean_strength|hold12|tp0.01000,False,1,0,low,mid,1.0
btcusdt_clarity_hold12_v1,BTCUSDT,3,160,1720065600000,1720076400000,-1,1,-0.0044822239537788125,0.0044822239537788125,0.5259557500000058,True,target,0.001148370484334138,0.01253708456383118,0.01736125835621871,0.011275064415611658,0,mean_strength|hold12|tp0.01000,False,1,-1,mid,high,1.0
btcusdt_clarity_hold12_v1,BTCUSDT,3,161,1720080000000,1720080000000,-1,1,-0.00109276359358524,0.00109276359358524,0.5181167100000028,True,target_entry_bar,-0.0008981501228455535,-0.001288273245703131,0.0041647810715728095,-0.011651677269346239,0,mean_strength|hold12|tp0.01000,False,1,0,low,high,1.0
btcusdt_clarity_hold12_v1,BTCUSDT,3,162,1720112400000,1720134000000,-1,1,-0.0029288181635224128,0.0029288181635224128,0.5188352000000058,True,target,0.0013446584601858325,-0.0019869346595591253,0.020341608506896702,0.05939337528163979,0,mean_strength|hold12|tp0.01000,False,1,-1,low,high,1.0
btcusdt_clarity_hold12_v1,BTCUSDT,3,163,1720144800000,1720144800000,-1,1,0.0008571909801947316,0.0008571909801947316,0.5086797399999972,True,target_entry_bar,0.009717270125043975,0.017657165814148668,0.030319389343644865,0.0004627271488116813,0,mean_strength|hold12|tp0.01000,False,1,0,low,mid,1.0
btcusdt_clarity_hold12_v1,BTCUSDT,3,164,1720170000000,1720173600000,-1,1,-0.0034054441352116224,0.0034054441352116224,-1.1408371199999958,False,stop,-0.00841207228694607,-0.009764241812677765,-0.03912485093110729,-0.036449866984680224,0,mean_strength|hold12|tp0.01000,True,-1,-1,mid,high,1.0
btcusdt_clarity_hold12_v1,BTCUSDT,3,165,1720342800000,1720357200000,-1,1,-0.004306450096541517,0.004306450096541517,0.5129614200000001,True,target,0.0038953387627794767,0.006712874718419748,0.015661063940391684,0.019826719805926096,0,mean_strength|hold12|tp0.01000,False,1,-1,mid,low,0.9
btcusdt_clarity_hold12_v1,BTCUSDT,3,166,1720375200000,1720386000000,-1,1,-0.0029243650540040646,0.0029243650540040646,0.5093055450000015,True,target,0.00019074351472048168,0.010132155506712759,0.036327014881494035,0.026837087539023807,0,mean_strength|hold12|tp0.01000,False,1,-1,low,low,0.9
btcusdt_clarity_hold12_v1,BTCUSDT,3,167,1720389600000,1720393200000,-1,1,-0.006368832471141099,0.006368832471141099,0.5035194999999942,True,target,0.009493311570805019,0.02547635099173262,0.01577369336124612,-0.007699677110314829,0,mean_strength|hold12|tp0.01000,False,1,-1,high,mid,0.9
btcusdt_clarity_hold12_v1,BTCUSDT,3,168,1720411200000,1720418400000,1,1,0.008834934201082265,0.008834934201082265,0.4906160000000059,True,target,-0.0003785359311713199,0.006335970466987195,0.02384956621584844,0.0056401853744532104,0,mean_strength|hold12|tp0.01000,False,1,1,high,mid,0.9
btcusdt_clarity_hold12_v1,BTCUSDT,3,169,1720422000000,1720425600000,1,1,0.00503761316348473,0.00503761316348473,0.49489097000000143,True,target,0.03473859182781536,0.017403328771736115,0.02488876629099157,0.011354436093457876,0,mean_strength|hold12|tp0.01000,False,1,1,mid,mid,0.9
btcusdt_clarity_hold12_v1,BTCUSDT,3,170,1720429200000,1720432800000,-1,1,-0.0046892250241301605,0.0046892250241301605,0.5142046700000015,True,target,0.012149861040094856,0.006375807410962997,0.030640746035555555,0.01524037106990428,0,mean_strength|hold12|tp0.01000,False,1,-1,mid,high,0.9
btcusdt_clarity_hold12_v1,BTCUSDT,3,171,1720476000000,1720504800000,-1,1,-0.0035928794200740374,0.0035928794200740374,-1.1947758350000015,False,stop,-0.0004041402313659237,0.0022765978098776563,-0.010534118083069366,-0.013168971207214497,0,mean_strength|hold12|tp0.01000,True,-1,-1,mid,high,0.9
btcusdt_clarity_hold12_v1,BTCUSDT,3,172,1720551600000,1720584000000,-1,1,-0.0035651433876805996,0.0035651433876805996,-1.2214813599999972,False,stop,-0.0012829002536409728,-0.0013382274882991485,0.0010771520997548967,-0.01919855042645202,0,mean_strength|hold12|tp0.01000,True,-1,-1,mid,mid,0.8
btcusdt_clarity_hold12_v1,BTCUSDT,3,173,1720598400000,1720605600000,-1,1,-0.005112403182854285,0.005112403182854285,0.524713709999997,True,target,0.004436862392568686,0.004525395333632942,0.01786322341628188,0.022884062708563135,0,mean_strength|hold12|tp0.01000,False,1,-1,mid,mid,0.7
btcusdt_clarity_hold12_v1,BTCUSDT,3,174,1720609200000,1720612800000,-1,1,-0.0017620522632907515,0.0017620522632907515,0.52185812,True,target,0.005842372249415861,0.013398461417425178,0.014727361662681626,0.013039299188977505,0,mean_strength|hold12|tp0.01000,False,1,-1,low,mid,0.7
btcusdt_clarity_hold12_v1,BTCUSDT,3,175,1720616400000,1720659600000,1,1,0.004081491838536189,0.004081491838536189,-0.61267075,False,max_hold,-0.0005665408264565741,-0.0007536552278550879,-0.005970335437215257,0.00939383596650667,0,mean_strength|hold12|tp0.01000,True,-1,1,mid,mid,0.8
btcusdt_clarity_hold12_v1,BTCUSDT,3,176,1720677600000,1720695600000,1,1,0.013564527410911789,0.013564527410911789,0.5158852899999999,True,target,0.003301326222430845,0.00498476111955326,0.014172934989401087,-0.002794225956289309,0,mean_strength|hold12|tp0.01000,False,1,1,high,mid,0.7
btcusdt_clarity_hold12_v1,BTCUSDT,3,177,1720706400000,1720710000000,1,1,0.00063899204566608,0.00063899204566608,-1.235286635,False,stop,-0.006613023848433652,0.00023370634019337366,-0.004092457690496709,-0.00793043514389391,0,mean_strength|hold12|tp0.01000,True,-1,0,low,low,0.7
btcusdt_clarity_hold12_v1,BTCUSDT,3,178,1720717200000,1720760400000,1,1,0.00299828631443225,0.00299828631443225,-0.7222495800000044,False,max_hold,0.0006299943058205582,-0.004325153214961297,-0.00800992760257746,-0.013408148041738954,0,mean_strength|hold12|tp0.01000,True,-1,1,low,mid,0.6
btcusdt_clarity_hold12_v1,BTCUSDT,3,179,1720778400000,1720789200000,1,1,0.005070497794905282,0.005070497794905282,0.5066283000000059,True,target,0.000642146132863175,0.011619870485948924,0.016407096152197376,0.01062253180548045,0,mean_strength|hold12|tp0.01000,False,1,1,mid,mid,0.5
btcusdt_clarity_hold12_v1,BTCUSDT,3,180,1720900800000,1720908000000,1,1,0.0070881310304721674,0.0070881310304721674,0.5214889350000029,True,target,0.0016663565012660086,0.010296922191736835,0.01299621484389002,0.02728488037574972,0,mean_strength|hold12|tp0.01000,False,1,1,high,low,0.5
btcusdt_clarity_hold12_v1,BTCUSDT,3,181,1720998000000,1721005200000,1,1,0.003084375237749789,0.003084375237749789,0.5413169599999986,True,target,0.006924925122601566,0.027739196261066912,0.03296415758812499,0.027415001810222828,0,mean_strength|hold12|tp0.01000,False,1,1,mid,mid,0.5
btcusdt_clarity_hold12_v1,BTCUSDT,3,182,1721012400000,1721030400000,1,1,0.004736487939919428,0.004736487939919428,0.5557251699999957,True,target,-0.0006755321612398335,0.003538958083468824,-0.0001277602196197991,0.005886552118983035,0,mean_strength|hold12|tp0.01000,False,1,1,mid,high,0.6
btcusdt_clarity_hold12_v1,BTCUSDT,3,183,1721048400000,1721055600000,1,1,0.0012303000146821031,0.0012303000146821031,0.5569763399999971,True,target,0.004822059331050621,0.007823123301265777,0.006873661091293171,0.030761303291946263,0,mean_strength|hold12|tp0.01000,False,1,0,low,mid,0.7
btcusdt_clarity_hold12_v1,BTCUSDT,3,184,1721077200000,1721088000000,-1,1,-0.0023010531846057373,0.0023010531846057373,-1.3440293949999957,False,stop,-0.012752916572177364,-0.017030135812734715,-0.019305755033134364,0.005464635774938942,0,mean_strength|hold12|tp0.01000,True,-1,-1,low,high,0.7
btcusdt_clarity_hold12_v1,BTCUSDT,3,185,1721091600000,1721106000000,-1,1,-0.005213500975241761,0.005213500975241761,0.574851895,True,target,0.0004366482081222811,0.005344697501539097,0.029780024964551233,0.021921900144880824,0,mean_strength|hold12|tp0.01000,False,1,-1,mid,mid,0.6
btcusdt_clarity_hold12_v1,BTCUSDT,3,186,1721178000000,1721203200000,-1,1,-0.004932562476879202,0.004932562476879202,0.5827782300000014,True,target,0.000745053166932963,-0.0025962588884540505,0.006196587382242713,0.00808740738257785,0,mean_strength|hold12|tp0.01000,False,1,-1,mid,mid,0.7
btcusdt_clarity_hold12_v1,BTCUSDT,3,187,1721260800000,1721268000000,1,1,0.0003667544273880651,0.0003667544273880651,0.5700508150000014,True,target,0.0036191718291489483,0.006533451332929596,0.008669865076777361,0.006275715372552559,0,mean_strength|hold12|tp0.01000,False,1,0,low,low,0.7
btcusdt_clarity_hold12_v1,BTCUSDT,3,188,1721365200000,1721394000000,1,1,0.0033099733001928323,0.0033099733001928323,0.5704898200000014,True,target,0.000650107883610529,-0.005601529078686385,-0.0007483256214220191,0.0400338617343694,0,mean_strength|hold12|tp0.01000,False,1,1,mid,mid,0.8
btcusdt_clarity_hold12_v1,BTCUSDT,3,189,1721397600000,1721397600000,1,1,0.005335884081884815,0.005335884081884815,0.5793902600000087,True,target_entry_bar,0.0013820248490503673,0.015378831580181274,0.01813983717068468,0.012696972787200167,0,mean_strength|hold12|tp0.01000,False,1,1,mid,mid,0.9
btcusdt_clarity_hold12_v1,BTCUSDT,3,190,1721401200000,1721404800000,1,1,0.005335884081884815,0.005335884081884815,0.5846314150000029,True,target,0.008853727305198955,0.014514032967784418,0.01626197913104277,0.011813076157254354,0,mean_strength|hold12|tp0.01000,False,1,1,mid,mid,0.9
btcusdt_clarity_hold12_v1,BTCUSDT,3,191,1721408400000,1721415600000,1,1,0.004488005393768992,0.004488005393768992,0.5906867149999913,True,target,0.0005291473233088873,0.00271918766142365,-0.0012471687620202454,-0.0030729518775736153,0,mean_strength|hold12|tp0.01000,False,1,1,mid,mid,0.9
btcusdt_clarity_hold12_v1,BTCUSDT,3,192,1721419200000,1721462400000,1,1,0.0017801392596152295,0.0017801392596152295,-0.68851729,False,max_hold,-0.00046492506633788455,-0.003955600403632742,-0.0053458907949323065,-0.006311619389318679,0,mean_strength|hold12|tp0.01000,True,-1,1,low,mid,0.9
btcusdt_clarity_hold12_v1,BTCUSDT,3,193,1721473200000,1721494800000,1,1,0.005827922479989473,0.005827922479989473,0.5917532850000029,True,target,-2.106977255167397e-05,0.0015546482175725629,0.013889495062900936,0.009777879447791626,0,mean_strength|hold12|tp0.01000,False,1,1,high,low,0.8
btcusdt_clarity_hold12_v1,BTCUSDT,3,194,1721584800000,1721584800000,1,1,0.006042390698498322,0.006042390698498322,0.592813695,True,target_entry_bar,0.008400418973514734,0.020047882687415974,0.019956606314529335,0.008259763579230972,0,mean_strength|hold12|tp0.01000,False,1,1,high,low,0.8
btcusdt_clarity_hold12_v1,BTCUSDT,3,195,1721588400000,1721588400000,1,1,-0.004991496231465048,0.004991496231465048,0.5946823099999913,True,target_entry_bar,0.0047023804224279875,0.00884385841516866,0.006198120234926385,-0.002687286508367359,0,mean_strength|hold12|tp0.01000,False,1,-1,mid,low,0.9
btcusdt_clarity_hold12_v1,BTCUSDT,3,196,1721592000000,1721635200000,-1,1,-0.001061557993535901,0.001061557993535901,0.07338749000000874,True,max_hold,-0.0068160033555708655,-0.006346341585891091,-0.0048945254865355725,0.009573420097683694,0,mean_strength|hold12|tp0.01000,False,1,0,low,mid,0.9
btcusdt_clarity_hold12_v1,BTCUSDT,3,197,1721682000000,1721689200000,-1,1,-0.0017217610269200637,0.0017217610269200637,0.6062020049999971,True,target,0.0031287690461234696,0.005368448679045956,0.005675132921078907,0.013641550996576268,0,mean_strength|hold12|tp0.01000,False,1,-1,low,mid,0.9
btcusdt_clarity_hold12_v1,BTCUSDT,3,198,1721714400000,1721757600000,-1,1,-0.00519527083818971,0.00519527083818971,0.3730417100000029,True,max_hold,-0.0008105738532033779,-0.006028925004624153,0.0002691887193385645,0.009863736369501552,0,mean_strength|hold12|tp0.01000,False,1,-1,mid,mid,0.9
btcusdt_clarity_hold12_v1,BTCUSDT,3,199,1721836800000,1721869200000,1,1,-0.004758501125766952,0.004758501125766952,-1.3958796999999956,False,stop,0.0029291577767331933,-0.011080774840583785,-0.016583493050784104,-0.03259592087657748,0,mean_strength|hold12|tp0.01000,True,-1,-1,mid,low,0.9
btcusdt_clarity_hold12_v1,BTCUSDT,3,200,1721872800000,1721912400000,-1,1,-0.004984613644153055,0.004984613644153055,0.5738752600000014,True,target,0.0017760329033463806,-0.0008880164516731348,-0.0022994952327537455,-0.009613946532061934,0,mean_strength|hold12|tp0.01000,False,1,-1,mid,mid,0.8
btcusdt_clarity_hold12_v1,BTCUSDT,3,201,1721919600000,1721944800000,-1,1,-0.006962441438664828,0.006962441438664828,-1.3673622199999942,False,stop,-0.0012289014146260602,0.0034582150361337494,-0.01608224376402001,-0.03459295728332501,0,mean_strength|hold12|tp0.01000,True,-1,-1,high,mid,0.8
btcusdt_clarity_hold12_v1,BTCUSDT,3,202,1722002400000,1722002400000,-1,1,-0.0003286443358484682,0.0003286443358484682,0.604061495000003,True,target_entry_bar,-0.003526490287662387,-0.00073710037196828,-0.001664420194766869,-0.01047990286919287,0,mean_strength|hold12|tp0.01000,False,1,0,low,mid,0.7
btcusdt_clarity_hold12_v1,BTCUSDT,3,203,1722060000000,1722085200000,-1,1,-0.008355931672584315,0.008355931672584315,-1.431855665,False,stop,0.0006171424541110415,-0.0020262843909979456,-0.004634445953014765,-0.006697465013900228,0,mean_strength|hold12|tp0.01000,True,-1,-1,high,low,0.8
btcusdt_clarity_hold12_v1,BTCUSDT,3,204,1722088800000,1722099600000,-1,1,-0.01694261851785671,0.01694261851785671,0.6159921149999971,True,target,0.0018926072296145957,0.006352198977557011,0.01731191762445161,0.012115586817011637,0,mean_strength|hold12|tp0.01000,False,1,-1,high,mid,0.7
btcusdt_clarity_hold12_v1,BTCUSDT,3,205,1722103200000,1722106800000,-1,1,-0.0162087787111516,0.0162087787111516,0.6098485300000029,True,target,0.004410944747881285,-0.0046313460241653726,0.008494936609089843,0.015347810729309241,0,mean_strength|hold12|tp0.01000,False,1,-1,high,mid,0.7
btcusdt_clarity_hold12_v1,BTCUSDT,3,206,1722110400000,1722110400000,-1,1,-0.004713453321677863,0.004713453321677863,0.6071823800000029,True,target_entry_bar,-0.015789830988742315,-0.0016971965265029088,-0.005287874047356311,0.005949042781159153,0,mean_strength|hold12|tp0.01000,False,1,-1,mid,low,0.7
btcusdt_clarity_hold12_v1,BTCUSDT,3,207,1722114000000,1722114000000,-1,1,-0.016447233319817522,0.016447233319817522,-1.429742255,False,stop_entry_bar,0.0033241947036628527,0.013065770528863707,0.013334553754465794,0.020642551726242186,0,mean_strength|hold12|tp0.01000,True,-1,-1,high,low,0.7
btcusdt_clarity_hold12_v1,BTCUSDT,3,208,1722117600000,1722121200000,-1,1,-0.00349565945349386,0.00349565945349386,0.6126046150000087,True,target,0.010584563534349,0.008016046670621835,0.018725974819205127,0.015593317191424427,0,mean_strength|hold12|tp0.01000,False,1,-1,mid,mid,0.6
btcusdt_clarity_hold12_v1,BTCUSDT,3,209,1722211200000,1722211200000,1,1,-0.0003494930027413732,0.0003494930027413732,0.607049955,True,target_entry_bar,-0.002592902638762551,0.009253503184713407,0.012602001819836284,0.015847133757961762,0,mean_strength|hold12|tp0.01000,False,1,0,low,low,0.6
btcusdt_clarity_hold12_v1,BTCUSDT,3,210,1722265200000,1722268800000,1,1,-0.004329834524967105,0.004329834524967105,-1.4390069250000115,False,stop,-0.016839241220440893,-0.009953398993935436,-0.008922065253161637,-0.021766724648582425,0,mean_strength|hold12|tp0.01000,True,-1,-1,mid,mid,0.7
btcusdt_clarity_hold12_v1,BTCUSDT,3,211,1722290400000,1722294000000,-1,1,-0.004446030857868579,0.004446030857868579,0.6005020450000029,True,target,0.006626951587387797,0.015161774707457276,0.0062072793781708935,0.009667342805226076,0,mean_strength|hold12|tp0.01000,False,1,-1,mid,mid,0.6
btcusdt_clarity_hold12_v1,BTCUSDT,3,212,1722333600000,1722348000000,-1,1,-0.004162555668084879,0.004162555668084879,0.592664545,True,target,0.00019835992408223646,0.0028311370982647688,0.005943284088979484,0.005315144329385624,0,mean_strength|hold12|tp0.01000,False,1,-1,mid,mid,0.7
btcusdt_clarity_hold12_v1,BTCUSDT,3,213,1722355200000,1722366000000,-1,1,-0.004737498170338969,0.004737498170338969,0.5891824899999913,True,target,0.0046923516482186844,0.003791371757001505,-0.0006318952928336952,0.0056855459242752815,0,mean_strength|hold12|tp0.01000,False,1,-1,mid,mid,0.7
btcusdt_clarity_hold12_v1,BTCUSDT,3,214,1722517200000,1722520800000,-1,1,-0.0026092207749693636,0.0026092207749693636,0.5772507700000044,True,target,0.012462012183911186,0.02834466594669416,0.020420334122830952,0.001486295031108642,0,mean_strength|hold12|tp0.01000,False,1,-1,low,mid,0.8
btcusdt_clarity_hold12_v1,BTCUSDT,3,215,1722524400000,1722524400000,1,1,-0.00797956300193369,0.00797956300193369,-1.3486416600000002,False,stop_entry_bar,-3.97503044873293e-05,0.0008331663820544399,0.031595132018711336,0.027149457964847912,0,mean_strength|hold12|tp0.01000,True,-1,-1,high,mid,0.8
btcusdt_clarity_hold12_v1,BTCUSDT,3,216,1722528000000,1722542400000,-1,1,-0.010027707813544569,0.010027707813544569,-1.3270386700000043,False,stop,-0.0049658054288355125,-0.00815549665209625,-0.03622032720571289,-0.025888017350902626,0,mean_strength|hold12|tp0.01000,True,-1,-1,high,high,0.7
btcusdt_clarity_hold12_v1,BTCUSDT,3,217,1722549600000,1722564000000,-1,1,-0.004549327754959928,0.004549327754959928,0.577524645,True,target,-0.002469003191750474,0.008278602995335116,0.009971151485391627,0.0065845200098207934,0,mean_strength|hold12|tp0.01000,False,1,-1,mid,high,0.6
btcusdt_clarity_hold12_v1,BTCUSDT,3,218,1722589200000,1722607200000,-1,1,-0.002940746706099925,0.002940746706099925,0.5747637200000014,True,target,-0.003932679230770342,-0.0053190417040782645,0.01693099047379798,0.039058514110967946,0,mean_strength|hold12|tp0.01000,False,1,-1,low,high,0.7
btcusdt_clarity_hold12_v1,BTCUSDT,3,219,1722621600000,1722628800000,-1,1,-0.0044748995247170615,0.0044748995247170615,0.5613985400000014,True,target,0.004068357309285897,0.014455551049295856,0.027960016222534967,0.01704161398318904,0,mean_strength|hold12|tp0.01000,False,1,-1,mid,high,0.7
btcusdt_clarity_hold12_v1,BTCUSDT,3,220,1722697200000,1722697200000,-1,1,-0.0005266873751612544,0.0005266873751612544,0.5515187150000029,True,target_entry_bar,-0.0005751121057810948,0.010398026872523891,0.003720153735681686,0.0025042024263157714,0,mean_strength|hold12|tp0.01000,False,1,0,low,low,0.7
btcusdt_clarity_hold12_v1,BTCUSDT,3,221,1722758400000,1722769200000,1,1,0.0006950767344034846,0.0006950767344034846,0.5369556849999971,True,target,0.002216547801125124,0.00554136950281281,-0.016196324692871022,-0.023415795958681707,0,mean_strength|hold12|tp0.01000,False,1,0,low,mid,0.8
btcusdt_clarity_hold12_v1,BTCUSDT,3,222,1722776400000,1722780000000,-1,1,-0.0013016107326734973,0.0013016107326734973,0.54323396,True,target,0.0203305586668443,0.035409481234405904,0.025758181318780715,0.10543732658334437,0,mean_strength|hold12|tp0.01000,False,1,0,low,mid,0.8
btcusdt_clarity_hold12_v1,BTCUSDT,3,223,1722787200000,1722790800000,-1,1,-0.001935901063599872,0.001935901063599872,0.5257803900000014,True,target,0.013688633046419874,-0.010005592764872118,-0.0007996971722434854,0.0876785251469806,0,mean_strength|hold12|tp0.01000,False,1,-1,low,mid,0.8
btcusdt_clarity_hold12_v1,BTCUSDT,3,224,1722794400000,1722798000000,-1,1,-0.0007717625592764973,0.0007717625592764973,-1.220530375000003,False,stop,-0.008502654312790181,0.004949382476427844,0.044108583356318065,0.12211711665696201,0,mean_strength|hold12|tp0.01000,True,-1,0,low,mid,0.8
btcusdt_clarity_hold12_v1,BTCUSDT,3,225,1722812400000,1722812400000,-1,1,-0.03147348877320601,0.03147348877320601,0.5223915699999986,True,target_entry_bar,0.03440738160961054,0.059768335784123994,0.09369931807823606,0.11742641178443358,0,mean_strength|hold12|tp0.01000,False,1,-1,high,high,0.7
btcusdt_clarity_hold12_v1,BTCUSDT,3,226,1722816000000,1722816000000,-1,1,-0.013782630407549894,0.013782630407549894,0.5175927200000043,True,target_entry_bar,0.031248274523145048,0.04060637041602033,0.0816081533345564,0.11317168917727483,0,mean_strength|hold12|tp0.01000,False,1,-1,high,high,0.8
btcusdt_clarity_hold12_v1,BTCUSDT,3,227,1722819600000,1722819600000,-1,1,-0.004962976074316058,0.004962976074316058,0.4996834250000058,True,target_entry_bar,-0.0051443752930253606,0.016260491455152182,0.0320631739582089,0.045262412781878925,0,mean_strength|hold12|tp0.01000,False,1,-1,mid,high,0.9
btcusdt_clarity_hold12_v1,BTCUSDT,3,228,1722823200000,1722823200000,-1,1,-0.010995933604419333,0.010995933604419333,0.4841003399999985,True,target_entry_bar,0.014728558807228231,0.03608789576599669,0.03551536236973962,0.011725044952102914,0,mean_strength|hold12|tp0.01000,False,1,-1,high,high,0.9
btcusdt_clarity_hold12_v1,BTCUSDT,3,229,1722826800000,1722826800000,-1,1,-0.010886855648827146,0.010886855648827146,0.48659443000000147,True,target_entry_bar,0.006664921534008772,0.04273718487823985,0.02276655508956793,-0.00790322311149727,0,mean_strength|hold12|tp0.01000,False,1,-1,high,high,0.9
btcusdt_clarity_hold12_v1,BTCUSDT,3,230,1722830400000,1722834000000,-1,1,-0.014525782942886832,0.014525782942886832,0.47947542000000143,True,target,0.015114447034020984,0.01606388923672697,0.040014877086483325,-0.009550491448478748,0,mean_strength|hold12|tp0.01000,False,1,-1,high,high,0.9
btcusdt_clarity_hold12_v1,BTCUSDT,3,231,1722837600000,1722837600000,-1,1,0.0012786916922968396,0.0012786916922968396,0.4690525749999971,True,target_entry_bar,-0.02101349634712313,-0.020862222446331735,0.03436826661443193,-0.02948871360941463,0,mean_strength|hold12|tp0.01000,False,1,0,low,high,0.9
btcusdt_clarity_hold12_v1,BTCUSDT,3,232,1722844800000,1722848400000,-1,1,-0.0032181490837417705,0.0032181490837417705,0.4686082899999971,True,target,0.0017049861837324931,0.02675823144191747,-0.024666351841631684,-0.031154402714322904,0,mean_strength|hold12|tp0.01000,False,1,-1,mid,high,0.9
btcusdt_clarity_hold12_v1,BTCUSDT,3,233,1722852000000,1722852000000,-1,1,0.0013642521224778294,0.0013642521224778294,0.46851692500000575,True,target_entry_bar,0.0009208766434143367,-0.010972644317723823,-0.05163139235380343,-0.06441269291197549,0,mean_strength|hold12|tp0.01000,False,1,0,low,high,0.9
btcusdt_clarity_hold12_v1,BTCUSDT,3,234,1722862800000,1722862800000,1,1,-0.004212577644862415,0.004212577644862415,0.44303141499999854,True,target_entry_bar,0.04045239823832003,0.04021745619390038,0.029323463199795174,0.07245266014092677,0,mean_strength|hold12|tp0.01000,False,1,-1,mid,high,0.9
btcusdt_clarity_hold12_v1,BTCUSDT,3,235,1722866400000,1722866400000,-1,1,-0.009729322447091994,0.009729322447091994,-1.0956627700000001,False,stop_entry_bar,-0.00484005604470239,-0.011991863523375557,-0.006331866817945286,-0.032966056677704136,0,mean_strength|hold12|tp0.01000,True,-1,-1,high,high,1.0
btcusdt_clarity_hold12_v1,BTCUSDT,3,236,1722870000000,1722873600000,-1,1,-0.009729322447091994,0.009729322447091994,-1.1399953200000001,False,stop,0.0050414626688624065,0.022236221168617343,-0.0010149236136438589,-0.024835236084862933,0,mean_strength|hold12|tp0.01000,True,-1,-1,high,high,0.9
btcusdt_clarity_hold12_v1,BTCUSDT,3,237,1722877200000,1722880800000,-1,1,-0.0067721459869332845,0.0067721459869332845,0.4808089350000015,True,target,0.029146136710305415,0.005592927087105459,0.012310658019394127,-0.022565576978648805,0,mean_strength|hold12|tp0.01000,False,1,-1,high,high,0.8
btcusdt_clarity_hold12_v1,BTCUSDT,3,238,1722884400000,1722888000000,1,1,0.007903660841777831,0.007903660841777831,0.4723877750000058,True,target,0.017212219178902366,0.022866059000493877,0.04190052834029312,0.0473092811279241,0,mean_strength|hold12|tp0.01000,False,1,1,high,high,0.8
btcusdt_clarity_hold12_v1,BTCUSDT,3,239,1722902400000,1722902400000,1,1,-0.004992895764228807,0.004992895764228807,0.4805691750000029,True,target_entry_bar,-0.0057150406801630416,-0.006641659272166978,-0.0044795492241578305,-0.02245130788911287,0,mean_strength|hold12|tp0.01000,False,1,-1,mid,high,0.8
btcusdt_clarity_hold12_v1,BTCUSDT,3,240,1722906000000,1722906000000,-1,1,-0.004208904377646802,0.004208904377646802,0.49852769000000297,True,target_entry_bar,-0.002144011492188902,0.003950439935356487,-0.005191237205961485,0.009156042377446605,0,mean_strength|hold12|tp0.01000,False,1,-1,mid,high,0.8
btcusdt_clarity_hold12_v1,BTCUSDT,3,241,1722909600000,1722931200000,-1,1,-0.004526271955391395,0.004526271955391395,0.49567792999999855,True,target,0.003069375409877284,-0.0018025637258238802,0.015042268865101627,-0.00512816837306973,0,mean_strength|hold12|tp0.01000,False,1,-1,mid,high,0.8
btcusdt_clarity_hold12_v1,BTCUSDT,3,242,1722934800000,1722952800000,1,1,-0.0007155598253206947,0.0007155598253206947,0.48920025000000006,True,target,-0.002629337682341193,-0.00783546253510925,0.02147322642022287,0.022542357524689693,0,mean_strength|hold12|tp0.01000,False,1,0,low,high,0.8
btcusdt_clarity_hold12_v1,BTCUSDT,3,243,1722963600000,1722978000000,-1,1,-0.003634797869409126,0.003634797869409126,0.5051251300000044,True,target,-0.004213901091115302,-0.0009919229134192076,0.0082329601813802,-0.005489230551225743,0,mean_strength|hold12|tp0.01000,False,1,-1,mid,high,0.8
btcusdt_clarity_hold12_v1,BTCUSDT,3,244,1723035600000,1723039200000,-1,1,-0.0015745876534093753,0.0015745876534093753,0.5096592350000029,True,target,0.013042046868975699,0.012358959101000155,0.036284636334987685,-0.0007253406196028322,0,mean_strength|hold12|tp0.01000,False,1,0,low,mid,0.8
btcusdt_clarity_hold12_v1,BTCUSDT,3,245,1723050000000,1723050000000,-1,1,0.00043461231221441276,0.00043461231221441276,0.4993305050000044,True,target_entry_bar,0.013680700832112147,0.007586586828072228,0.007966456268205802,-0.025015572846716294,0,mean_strength|hold12|tp0.01000,False,1,0,low,mid,0.8
btcusdt_clarity_hold12_v1,BTCUSDT,3,246,1723078800000,1723078800000,1,1,0.001246157161912292,0.001246157161912292,0.49186772,True,target_entry_bar,0.008653797097573745,-0.0017117594177554762,0.005705278306044281,0.007139074735099671,0,mean_strength|hold12|tp0.01000,False,1,0,low,mid,0.9
btcusdt_clarity_hold12_v1,BTCUSDT,3,247,1723100400000,1723118400000,1,1,0.010372786944696568,0.010372786944696568,0.5089427399999972,True,target,0.0007609364941643104,0.0032309188614290107,0.0014256626269977257,0.03888123093285567,0,mean_strength|hold12|tp0.01000,False,1,1,high,high,1.0
btcusdt_clarity_hold12_v1,BTCUSDT,3,248,1723125600000,1723125600000,1,1,-0.0011315820698900097,0.0011315820698900097,0.509480700000003,True,target_entry_bar,0.008670058830722471,0.009486963492343792,0.009979483974402514,0.039454287305878966,0,mean_strength|hold12|tp0.01000,False,1,0,low,high,1.0
btcusdt_clarity_hold12_v1,BTCUSDT,3,249,1723359600000,1723366800000,1,1,0.004848129581494252,0.004848129581494252,0.5436299700000045,True,target,1.9599868680941768e-05,-0.003612909126842201,-0.013064945798196503,-0.02657252196410287,0,mean_strength|hold12|tp0.01000,False,1,1,mid,low,1.0
btcusdt_clarity_hold12_v1,BTCUSDT,3,250,1723370400000,1723402800000,1,1,0.005755960976198197,0.005755960976198197,-1.2887480200000043,False,stop,-0.00600127533247985,-0.009486309846779784,-0.013918827874374817,-0.03348485419736835,0,mean_strength|hold12|tp0.01000,True,-1,1,high,low,1.0
btcusdt_clarity_hold12_v1,BTCUSDT,3,251,1723406400000,1723406400000,-1,1,-0.0048555021472979935,0.0048555021472979935,0.5305025050000043,True,target_entry_bar,-0.008488372093023333,-0.0036439808481532054,-0.003621751025991937,0.0032301641586867103,0,mean_strength|hold12|tp0.01000,False,1,-1,mid,low,0.9
btcusdt_clarity_hold12_v1,BTCUSDT,3,252,1723410000000,1723446000000,-1,1,-0.010255734148286713,0.010255734148286713,0.5205258150000001,True,target,0.0002611213977116167,0.009205377066080711,0.00827110505219042,0.012020062262192988,0,mean_strength|hold12|tp0.01000,False,1,-1,high,mid,0.9
btcusdt_clarity_hold12_v1,BTCUSDT,3,253,1723449600000,1723460400000,-1,1,-0.00032959315628248325,0.00032959315628248325,-1.2373164800000043,False,stop,0.0004048645505059234,-0.02604342686962502,-0.03386794896648038,-0.00903225363734772,0,mean_strength|hold12|tp0.01000,True,-1,0,low,mid,0.9
btcusdt_clarity_hold12_v1,BTCUSDT,3,254,1723474800000,1723474800000,-1,1,-0.008085947929979805,0.008085947929979805,0.536372765000003,True,target_entry_bar,0.009797045762756973,0.027587949052038208,0.0202754806286064,0.019231791953625565,0,mean_strength|hold12|tp0.01000,False,1,-1,high,high,0.8
btcusdt_clarity_hold12_v1,BTCUSDT,3,255,1723478400000,1723478400000,-1,1,0.00025991157538094237,0.00025991157538094237,0.5355754499999942,True,target_entry_bar,0.005115664709130385,0.009328367602804088,0.009259554527648595,0.006473464167689014,0,mean_strength|hold12|tp0.01000,False,1,0,low,high,0.8
btcusdt_clarity_hold12_v1,BTCUSDT,3,256,1723554000000,1723557600000,1,1,0.00831603099443204,0.00831603099443204,0.5259372850000029,True,target,0.004112058219062575,0.029631750951787383,0.02409116943499212,0.018968363599609184,0,mean_strength|hold12|tp0.01000,False,1,1,high,high,0.8
btcusdt_clarity_hold12_v1,BTCUSDT,3,257,1723561200000,1723564800000,1,1,0.006978870293684861,0.006978870293684861,0.5304722700000015,True,target,0.028308299012086424,0.02247873428625269,0.02637015801232878,0.02492664674688405,0,mean_strength|hold12|tp0.01000,False,1,1,high,mid,0.8
btcusdt_clarity_hold12_v1,BTCUSDT,3,258,1723604400000,1723640400000,-1,1,-0.004684921575194883,0.004684921575194883,0.5410140750000001,True,target,0.00010998030203546172,0.0015052527905449198,0.0016431385423506528,0.025001641497045313,0,mean_strength|hold12|tp0.01000,False,1,-1,mid,high,0.8
btcusdt_clarity_hold12_v1,BTCUSDT,3,259,1723644000000,1723672800000,1,1,-0.004022811328705006,0.004022811328705006,-1.2572182049999956,False,stop,-0.0012039987556436982,-0.005705541589244745,-0.005967865340474443,-0.018102020397353202,0,mean_strength|hold12|tp0.01000,True,-1,-1,mid,high,0.8
btcusdt_clarity_hold12_v1,BTCUSDT,3,260,1723716000000,1723723200000,1,1,0.009970293008624218,0.009970293008624218,0.5194374799999999,True,target,0.006619689332373113,0.018760072694852914,0.02017967973116619,-0.01271988478551589,0,mean_strength|hold12|tp0.01000,False,1,1,high,mid,0.7
btcusdt_clarity_hold12_v1,BTCUSDT,3,261,1723726800000,1723726800000,1,1,0.0011056109278671069,0.0011056109278671069,0.5230014399999999,True,target_entry_bar,-0.0005772447753457088,0.001393465521825954,-0.040689866409066244,-0.03205812164886679,0,mean_strength|hold12|tp0.01000,False,1,0,low,mid,0.8
btcusdt_clarity_hold12_v1,BTCUSDT,3,262,1723755600000,1723755600000,1,1,0.003277725217558805,0.003277725217558805,0.5039587399999985,True,target_entry_bar,2.0839520065818462e-05,-0.0025111621679352325,0.0047791966017689536,0.018446448511624025,0,mean_strength|hold12|tp0.01000,False,1,1,mid,high,0.8
btcusdt_clarity_hold12_v1,BTCUSDT,3,263,1723802400000,1723809600000,-1,1,-0.0014110892963752535,0.0014110892963752535,0.522045139999997,True,target,0.0006232268425854226,0.0016368265426148776,-0.002126504776075011,-0.00914465540178444,0,mean_strength|hold12|tp0.01000,False,1,0,low,high,0.8
btcusdt_clarity_hold12_v1,BTCUSDT,3,264,1723831200000,1723874400000,-1,1,-0.0049514497391411815,0.0049514497391411815,-0.043558235,False,max_hold,-0.0036596631090815013,0.007374852141197263,0.0047180208541904856,0.005069685033407989,0,mean_strength|hold12|tp0.01000,True,-1,-1,mid,high,0.9
btcusdt_clarity_hold12_v1,BTCUSDT,3,265,1723928400000,1723946400000,1,1,0.005913565922706841,0.005913565922706841,0.5282395150000014,True,target,0.0001282070746688735,0.006202860704700441,0.0004959589467452563,0.009630713016897996,0,mean_strength|hold12|tp0.01000,False,1,1,high,low,0.8
btcusdt_clarity_hold12_v1,BTCUSDT,3,266,1723953600000,1723971600000,1,1,0.004606113355425512,0.004606113355425512,0.5278016100000015,True,target,0.0004358112314779561,0.0019518958629902716,0.006777790117349358,0.006372266925124492,0,mean_strength|hold12|tp0.01000,False,1,1,mid,low,0.8
btcusdt_clarity_hold12_v1,BTCUSDT,3,267,1724022000000,1724022000000,-1,1,0.00039247668497164256,0.00039247668497164256,0.5280121550000014,True,target_entry_bar,0.0014077753039903884,-0.004134269566706594,-0.0009761945538619976,0.0004983730090768468,0,mean_strength|hold12|tp0.01000,False,1,0,low,mid,0.8
btcusdt_clarity_hold12_v1,BTCUSDT,3,268,1724068800000,1724108400000,-1,1,-0.0008892224637666397,0.0008892224637666397,-1.2314063899999985,False,stop,0.003516494810044235,-0.002106813743962155,-0.010165804528793121,-0.03550066801411389,0,mean_strength|hold12|tp0.01000,True,-1,0,low,mid,0.8
btcusdt_clarity_hold12_v1,BTCUSDT,3,269,1724158800000,1724162400000,-1,1,-0.004346045477926221,0.004346045477926221,0.5399368350000029,True,target,0.02319309778142975,0.03436154478225151,0.022473294987674586,0.026269515201314708,0,mean_strength|hold12|tp0.01000,False,1,-1,mid,mid,0.7
btcusdt_clarity_hold12_v1,BTCUSDT,3,270,1724234400000,1724245200000,1,1,0.0008744239970346448,0.0008744239970346448,0.5272622199999957,True,target,-0.0017783206394551554,0.00783840667854463,0.006995512979048879,0.02873241237522728,0,mean_strength|hold12|tp0.01000,False,1,0,low,mid,0.8
btcusdt_clarity_hold12_v1,BTCUSDT,3,271,1724277600000,1724292000000,-1,1,-0.0020538317881176587,0.0020538317881176587,0.5448432199999956,True,target,0.0004235770509551928,0.003367355783462256,0.005735462230501254,-0.002806402391656748,0,mean_strength|hold12|tp0.01000,False,1,-1,low,mid,0.8
btcusdt_clarity_hold12_v1,BTCUSDT,3,272,1724382000000,1724392800000,1,1,0.003918935934593981,0.003918935934593981,0.539274525000003,True,target,0.0019499678857954894,0.009881928701512832,0.0070997983987477475,0.015419771452536146,0,mean_strength|hold12|tp0.01000,False,1,1,mid,low,0.8
btcusdt_clarity_hold12_v1,BTCUSDT,3,273,1724421600000,1724421600000,1,1,0.008696538786747426,0.008696538786747426,0.543628759999997,True,target_entry_bar,0.008980896317734022,0.033054095380597115,0.043134224532251686,0.048523746710504634,0,mean_strength|hold12|tp0.01000,False,1,1,high,low,0.8
btcusdt_clarity_hold12_v1,BTCUSDT,3,274,1724425200000,1724425200000,1,1,0.006251538115164746,0.006251538115164746,0.5423843000000029,True,target_entry_bar,0.0032358249727637567,0.02631750109757891,0.04636010341631569,0.037416868566968464,0,mean_strength|hold12|tp0.01000,False,1,1,high,low,0.8
btcusdt_clarity_hold12_v1,BTCUSDT,3,275,1724428800000,1724432400000,1,1,0.014479833096189545,0.014479833096189545,0.5472792449999956,True,target,0.020556582061006967,0.030458037537683502,0.03842588090375698,0.035030308924114184,0,mean_strength|hold12|tp0.01000,False,1,1,high,low,0.9
btcusdt_clarity_hold12_v1,BTCUSDT,3,276,1724436000000,1724439600000,1,1,0.006872653073283912,0.006872653073283912,0.56035625,True,target,0.007283241573256216,0.019528656870123173,0.013048679050976286,0.0142923911751891,0,mean_strength|hold12|tp0.01000,False,1,1,high,mid,0.9
btcusdt_clarity_hold12_v1,BTCUSDT,3,277,1724443200000,1724446800000,1,1,-0.00012997198746108872,0.00012997198746108872,0.5657800250000059,True,target,0.012101156483020903,0.006907756599093817,0.00516666221038764,0.012615463497570811,0,mean_strength|hold12|tp0.01000,False,1,0,low,mid,0.9
btcusdt_clarity_hold12_v1,BTCUSDT,3,278,1724472000000,1724490000000,1,1,0.006829430637715211,0.006829430637715211,0.5677338449999956,True,target,0.0015549810286050736,0.006420364770675535,0.0037676579605476768,0.006249677024333211,0,mean_strength|hold12|tp0.01000,False,1,1,high,mid,0.9
btcusdt_clarity_hold12_v1,BTCUSDT,3,279,1724612400000,1724626800000,1,1,0.003554900544519409,0.003554900544519409,0.5707596249999971,True,target,0.0004645203126316666,0.004561028304563397,-0.004034156272115341,-0.008557773544788816,0,mean_strength|hold12|tp0.01000,False,1,1,mid,low,1.0
btcusdt_clarity_hold12_v1,BTCUSDT,3,280,1724630400000,1724673600000,1,1,0.006141760890673949,0.006141760890673949,-0.47602133999999857,False,max_hold,-0.002725229443716004,0.0003355809452456615,-0.005665855029031608,-0.007114316039208424,0,mean_strength|hold12|tp0.01000,True,-1,1,high,low,1.0
btcusdt_clarity_hold12_v1,BTCUSDT,3,281,1724677200000,1724706000000,-1,1,-0.004679022394043027,0.004679022394043027,0.5662114699999957,True,target,0.0042942831277192894,0.0010072816105209936,0.006760710996471353,0.012139155483801178,0,mean_strength|hold12|tp0.01000,False,1,-1,mid,low,0.9
btcusdt_clarity_hold12_v1,BTCUSDT,3,282,1724731200000,1724752800000,-1,1,-0.007846222305260723,0.007846222305260723,0.5603388999999971,True,target,-0.0016251027591833722,0.0020535966507647663,0.011242410103568634,0.02347829122984102,0,mean_strength|hold12|tp0.01000,False,1,-1,high,low,0.9
btcusdt_clarity_hold12_v1,BTCUSDT,3,283,1724770800000,1724792400000,-1,1,-0.00488262605356256,0.00488262605356256,0.5501772799999957,True,target,0.002291104902769958,-0.006297700950005813,0.020976662510357014,0.033661244006725766,0,mean_strength|hold12|tp0.01000,False,1,-1,mid,low,0.9
btcusdt_clarity_hold12_v1,BTCUSDT,3,284,1724796000000,1724796000000,-1,1,-0.005252064141140046,0.005252064141140046,0.537447585,True,target_entry_bar,0.0013973995923830529,0.0020784427150246643,0.002709038198951963,-0.004449481734591476,0,mean_strength|hold12|tp0.01000,False,1,-1,mid,mid,0.9
btcusdt_clarity_hold12_v1,BTCUSDT,3,285,1724799600000,1724828400000,-1,1,-0.005252064141140046,0.005252064141140046,0.5293452300000014,True,target,0.005632782965251826,0.0013235777012520211,0.0019803147285907263,-0.008682400289637737,0,mean_strength|hold12|tp0.01000,False,1,-1,mid,high,0.9
btcusdt_clarity_hold12_v1,BTCUSDT,3,286,1724832000000,1724832000000,1,1,-0.0005580066658133425,0.0005580066658133425,0.5213085149999985,True,target_entry_bar,0.016225456990291764,0.0118755817430245,-0.0005912451792402518,0.0014764236761597438,0,mean_strength|hold12|tp0.01000,False,1,0,low,high,0.9
btcusdt_clarity_hold12_v1,BTCUSDT,3,287,1724846400000,1724850000000,-1,1,-0.006480341507436783,0.006480341507436783,0.5331720649999971,True,target,0.010042208317825763,0.015916991977248496,0.007662253346707337,0.012291983423763808,0,mean_strength|hold12|tp0.01000,False,1,-1,high,high,0.9
btcusdt_clarity_hold12_v1,BTCUSDT,3,288,1724932800000,1724954400000,-1,1,0.0005600799950345578,0.0005600799950345578,0.5344191649999985,True,target,-0.0051398831045623705,-0.007591237486151092,0.019292391181758406,0.018463110267824545,0,mean_strength|hold12|tp0.01000,False,1,0,low,mid,0.9
btcusdt_clarity_hold12_v1,BTCUSDT,3,289,1725087600000,1725130800000,-1,1,-0.004926874651190653,0.004926874651190653,0.1443068200000044,True,max_hold,0.001925134776366133,-0.0007314496247934343,0.0022807005661962254,0.0038367241893101367,0,mean_strength|hold12|tp0.01000,False,1,-1,mid,mid,0.9
btcusdt_clarity_hold12_v1,BTCUSDT,3,290,1725148800000,1725156000000,-1,1,-0.0044715602345319246,0.0044715602345319246,0.5246203649999985,True,target,0.0017197065124759936,0.006855059128704766,0.01260495642165238,0.01563523887453444,0,mean_strength|hold12|tp0.01000,False,1,-1,mid,low,0.9
btcusdt_clarity_hold12_v1,BTCUSDT,3,291,1725192000000,1725199200000,-1,1,-0.0013407083907936278,0.0013407083907936278,0.5181232000000029,True,target,-0.002623119321748524,-0.0034440297735252035,-0.008935161871123976,0.009324921875539016,0,mean_strength|hold12|tp0.01000,False,1,0,low,low,1.0
btcusdt_clarity_hold12_v1,BTCUSDT,3,292,1725217200000,1725228000000,-1,1,-0.004452240039429441,0.004452240039429441,0.5207010649999971,True,target,0.0015235769688514145,0.02065293224442899,0.018642015841096593,0.01637460499856369,0,mean_strength|hold12|tp0.01000,False,1,-1,mid,low,1.0
btcusdt_clarity_hold12_v1,BTCUSDT,3,293,1725307200000,1725307200000,1,1,0.000771288007756851,0.000771288007756851,0.519885615,True,target_entry_bar,0.0009328025969224107,0.0025440070825157868,0.0053932950149333525,-0.0034954657313766013,0,mean_strength|hold12|tp0.01000,False,1,0,low,mid,1.0
btcusdt_clarity_hold12_v1,BTCUSDT,3,294,1725328800000,1725350400000,-1,1,-0.0027318683364214976,0.0027318683364214976,0.528274039999997,True,target,0.003242234746567485,0.0019146391453456202,0.008841078203309372,0.027471276195553007,0,mean_strength|hold12|tp0.01000,False,1,-1,low,low,1.0
btcusdt_clarity_hold12_v1,BTCUSDT,3,295,1725368400000,1725368400000,-1,1,-0.0027980954472536204,0.0027980954472536204,0.5261420000000029,True,target_entry_bar,0.012331381464210311,0.011877392010470889,0.006004652963608859,0.027761883388097597,0,mean_strength|hold12|tp0.01000,False,1,-1,low,low,1.0
btcusdt_clarity_hold12_v1,BTCUSDT,3,296,1725375600000,1725411600000,-1,1,-0.005518519526399642,0.005518519526399642,0.5131319399999971,True,target,0.00029465240549020333,-0.0035063636253338526,-0.006927798027908771,0.018410575594807854,0,mean_strength|hold12|tp0.01000,False,1,-1,mid,mid,1.0
btcusdt_clarity_hold12_v1,BTCUSDT,3,297,1725465600000,1725505200000,-1,1,-0.0025626822914242638,0.0025626822914242638,0.5171457950000043,True,target,0.008880589983640164,0.005904975631482845,0.004568775749685172,0.02047298049662094,0,mean_strength|hold12|tp0.01000,False,1,-1,low,mid,1.0
btcusdt_clarity_hold12_v1,BTCUSDT,3,298,1725508800000,1725516000000,-1,1,-0.011136459127905812,0.011136459127905812,0.508330890000003,True,target,0.00025183894899216686,0.0009164139532769067,0.007581401693616985,0.015253745229925508,0,mean_strength|hold12|tp0.01000,False,1,-1,high,mid,1.0
btcusdt_clarity_hold12_v1,BTCUSDT,3,299,1725519600000,1725537600000,-1,1,-0.012955570273579261,0.012955570273579261,0.506272945,True,target,0.0025031946365116076,0.0066711012305914474,0.002093580968718811,0.01927284821537978,0,mean_strength|hold12|tp0.01000,False,1,-1,high,mid,1.0
btcusdt_clarity_hold12_v1,BTCUSDT,3,300,1725541200000,1725548400000,-1,1,-0.009151758605736334,0.009151758605736334,0.5041398049999986,True,target,0.00839364714054669,0.012282615941088482,0.017215308889723113,0.00843048446342054,0,mean_strength|hold12|tp0.01000,False,1,-1,high,mid,1.0
btcusdt_clarity_hold12_v1,BTCUSDT,3,301,1725552000000,1725595200000,-1,1,-0.0027802027798747705,0.0027802027798747705,-0.6965599849999972,False,max_hold,-0.004791571948170148,0.004994032734712328,0.004136238349624843,-0.004596215048874752,0,mean_strength|hold12|tp0.01000,True,-1,-1,low,mid,1.0
btcusdt_clarity_hold12_v1,BTCUSDT,3,302,1725598800000,1725606000000,-1,1,-0.0065365949841830855,0.0065365949841830855,0.5035194999999942,True,target,0.0011493866100887873,0.012517510878439553,0.008727545785080726,0.045088187528889656,0,mean_strength|hold12|tp0.01000,False,1,-1,high,mid,0.9
btcusdt_clarity_hold12_v1,BTCUSDT,3,303,1725620400000,1725631200000,-1,1,-0.004046503920343573,0.004046503920343573,0.49977379999999716,True,target,-0.015352291588130562,0.02256124033223683,0.03668077488605925,0.03652534030347265,0,mean_strength|hold12|tp0.01000,False,1,-1,mid,mid,0.9
btcusdt_clarity_hold12_v1,BTCUSDT,3,304,1725638400000,1725645600000,-1,1,-0.010051428575915546,0.010051428575915546,0.48080244500000147,True,target,0.0024236817761331686,0.009892691951896349,0.008105457909343139,0.0004717853839038,0,mean_strength|hold12|tp0.01000,False,1,-1,high,high,0.9
btcusdt_clarity_hold12_v1,BTCUSDT,3,305,1725649200000,1725652800000,-1,1,-0.009778250268368946,0.009778250268368946,0.47475616499999856,True,target,0.012078788682862718,-0.0018050912542768582,-0.00512189971839816,-0.013880142688165842,0,mean_strength|hold12|tp0.01000,False,1,-1,high,high,0.9
btcusdt_clarity_hold12_v1,BTCUSDT,3,306,1725656400000,1725663600000,-1,1,-0.011616381060470716,0.011616381060470716,-1.1156080450000014,False,stop,0.0023836992928917278,-0.0027186453293635005,-0.0009155191663565709,-0.008903982136211352,0,mean_strength|hold12|tp0.01000,True,-1,-1,high,high,0.9
btcusdt_clarity_hold12_v1,BTCUSDT,3,307,1725667200000,1725710400000,-1,1,-0.005130073744374382,0.005130073744374382,-0.45780983500000294,False,max_hold,0.0017945258610290171,0.0017982373933166373,-0.0073376993324809625,-0.012214652758318012,0,mean_strength|hold12|tp0.01000,True,-1,-1,mid,high,0.8
btcusdt_clarity_hold12_v1,BTCUSDT,3,308,1725728400000,1725771600000,1,1,0.01651809452455782,0.01651809452455782,-0.06221232500000291,False,max_hold,0.0029310500958228403,0.0005193096323619084,0.0004546269379397394,0.0037977982010819478,0,mean_strength|hold12|tp0.01000,True,-1,1,high,mid,0.7
btcusdt_clarity_hold12_v1,BTCUSDT,3,309,1725796800000,1725807600000,-1,1,-0.005161951375085494,0.005161951375085494,0.48534821000000006,True,target,-0.00355379148013113,0.009302626113444457,-0.003941477823418138,-0.015498223104259967,0,mean_strength|hold12|tp0.01000,False,1,-1,mid,low,0.6
btcusdt_clarity_hold12_v1,BTCUSDT,3,310,1725818400000,1725861600000,-1,1,-0.0010608301478206357,0.0010608301478206357,-0.2621982899999971,False,max_hold,0.0014655854066677465,-0.0009175998970227806,-0.011511373457641527,-0.009041760909141106,0,mean_strength|hold12|tp0.01000,True,-1,0,low,low,0.6
btcusdt_clarity_hold12_v1,BTCUSDT,3,311,1726048800000,1726059600000,-1,1,-0.0030392806282382562,0.0030392806282382562,0.5042277599999971,True,target,-0.005026113127378995,0.013649641497742726,-0.014070992298840457,-0.01697087722404178,0,mean_strength|hold12|tp0.01000,False,1,-1,mid,mid,0.5
btcusdt_clarity_hold12_v1,BTCUSDT,3,312,1726070400000,1726074000000,-1,1,-0.0011346766406073261,0.0011346766406073261,-1.19593551,False,stop,-0.006653305353719885,-0.0049074892021270244,-0.002859646856308684,-0.01505417267518383,0,mean_strength|hold12|tp0.01000,True,-1,0,low,high,0.6
btcusdt_clarity_hold12_v1,BTCUSDT,3,313,1726142400000,1726146000000,-1,1,0.001435367476835066,0.001435367476835066,0.51651614,True,target,0.0012173572249805087,0.003360738321954604,-0.008259647382595103,-0.005824932932634308,0,mean_strength|hold12|tp0.01000,False,1,0,low,mid,0.5
btcusdt_clarity_hold12_v1,BTCUSDT,3,314,1726156800000,1726156800000,1,1,0.0015587252252479008,0.0015587252252479008,0.51143265,True,target_entry_bar,0.005603659955025986,0.00573461879776338,0.001316480998044156,-0.003785744440710892,0,mean_strength|hold12|tp0.01000,False,1,0,low,low,0.5
btcusdt_clarity_hold12_v1,BTCUSDT,3,315,1726239600000,1726239600000,1,1,0.001101286362988683,0.001101286362988683,0.519883305,True,target_entry_bar,-0.0034080521941851627,0.0016218437361106286,0.010304661752496891,0.011186864239771221,0,mean_strength|hold12|tp0.01000,False,1,0,low,mid,0.5
btcusdt_clarity_hold12_v1,BTCUSDT,3,316,1726405200000,1726434000000,-1,1,-0.004731089713146145,0.004731089713146145,0.5347723050000001,True,target,-0.0014445846362023396,0.0038882433418611084,0.005120046811856516,0.02622694108787693,0,mean_strength|hold12|tp0.01000,False,1,-1,mid,low,0.5
btcusdt_clarity_hold12_v1,BTCUSDT,3,317,1726437600000,1726441200000,-1,1,-0.0064111177498169785,0.0064111177498169785,0.5307689,True,target,0.005043762552588316,0.013840044040329902,0.01804205716825391,0.011535334115599039,0,mean_strength|hold12|tp0.01000,False,1,-1,high,low,0.6
btcusdt_clarity_hold12_v1,BTCUSDT,3,318,1726444800000,1726448400000,-1,1,-0.0039232925885884255,0.0039232925885884255,0.5260468950000043,True,target,0.0010862577312731325,0.0016234181478367304,-0.000646297771040194,0.002245842122585051,0,mean_strength|hold12|tp0.01000,False,1,-1,mid,low,0.7
btcusdt_clarity_hold12_v1,BTCUSDT,3,319,1726452000000,1726495200000,-1,1,0.0017900696569887182,0.0017900696569887182,0.012438669999995641,True,max_hold,-0.0052264598975655385,-0.006764865964654421,-0.01119808523387733,0.011206670089162207,0,mean_strength|hold12|tp0.01000,False,1,1,low,low,0.8
btcusdt_clarity_hold12_v1,BTCUSDT,3,320,1726498800000,1726506000000,1,1,0.0033057380074318437,0.0033057380074318437,0.5125030700000044,True,target,-0.001285846870155316,0.00010715390584636886,0.0020583919655310368,0.003015863962931631,0,mean_strength|hold12|tp0.01000,False,1,1,mid,mid,0.8
btcusdt_clarity_hold12_v1,BTCUSDT,3,321,1726513200000,1726549200000,1,1,0.0029027488412492843,0.0029027488412492843,0.51499595,True,target,-0.004190595247550832,0.0005732499473369845,-0.0008391550433908268,0.012996543233751323,0,mean_strength|hold12|tp0.01000,False,1,1,low,mid,0.9
btcusdt_clarity_hold12_v1,BTCUSDT,3,322,1726689600000,1726696800000,1,1,-0.0006930225460322121,0.0006930225460322121,0.534109555,True,target,-0.0004833879013489417,0.025501618768075218,0.03277237081001538,0.028340484484244977,0,mean_strength|hold12|tp0.01000,False,1,0,low,mid,0.9
btcusdt_clarity_hold12_v1,BTCUSDT,3,323,1726700400000,1726700400000,1,1,-0.00460667038368106,0.00460667038368106,0.5398123749999942,True,target_entry_bar,0.0076342060377125875,0.007089946918537704,0.0036996661553436727,0.01407946507103719,0,mean_strength|hold12|tp0.01000,False,1,-1,mid,mid,1.0
btcusdt_clarity_hold12_v1,BTCUSDT,3,324,1726704000000,1726747200000,-1,1,-0.0063578064249585065,0.0063578064249585065,-0.9684698949999986,False,max_hold,0.003687711593303611,0.0019306633058228106,0.0034208588799258255,-0.01108403288397053,0,mean_strength|hold12|tp0.01000,True,-1,-1,high,mid,1.0
btcusdt_clarity_hold12_v1,BTCUSDT,3,325,1726923600000,1726966800000,1,1,0.0026376893744629103,0.0026376893744629103,-0.02609612999999856,False,max_hold,0.0019775737750600264,0.0005367474057209609,0.0002533321088948881,-0.0023037388652621393,0,mean_strength|hold12|tp0.01000,True,-1,1,low,low,0.9
btcusdt_clarity_hold12_v1,BTCUSDT,3,326,1727024400000,1727042400000,1,1,0.0026565688060886006,0.0026565688060886006,0.5583946199999957,True,target,-0.001607087047639899,0.0023717622272672045,0.008330517361458067,0.010971978303531582,0,mean_strength|hold12|tp0.01000,False,1,1,low,low,0.8
btcusdt_clarity_hold12_v1,BTCUSDT,3,327,1727082000000,1727125200000,1,1,0.0035495555771966293,0.0035495555771966293,-0.28182465499999854,False,max_hold,-0.002153790041629411,-0.004980442957578268,-0.0003018450277321172,-0.00408276842197941,0,mean_strength|hold12|tp0.01000,True,-1,1,mid,mid,0.8
btcusdt_clarity_hold12_v1,BTCUSDT,3,328,1727182800000,1727204400000,1,1,0.0028720195473829627,0.0028720195473829627,0.5642650999999942,True,target,-0.005102273890818632,-0.003944456258910045,0.012420941534147634,0.013759914305742527,0,mean_strength|hold12|tp0.01000,False,1,1,low,low,0.7
btcusdt_clarity_hold12_v1,BTCUSDT,3,329,1727254800000,1727298000000,1,1,0.0032155771154125426,0.0032155771154125426,-0.4246147799999985,False,max_hold,0.0003066616342706219,-0.00028149965402279875,-0.0018541234195131873,-0.0028511668868340667,0,mean_strength|hold12|tp0.01000,True,-1,1,mid,low,0.7
btcusdt_clarity_hold12_v1,BTCUSDT,3,330,1727323200000,1727344800000,1,1,0.009560216586759828,0.009560216586759828,0.5648844149999985,True,target,0.002588168866583862,0.006616312245776745,0.015297166262643103,0.03011802113119222,0,mean_strength|hold12|tp0.01000,False,1,1,high,low,0.6
btcusdt_clarity_hold12_v1,BTCUSDT,3,331,1727614800000,1727658000000,-1,1,-0.004506467990960315,0.004506467990960315,0.059647525000004364,True,max_hold,0.0018119466874211287,0.0006764398287770756,-0.002138765930537856,0.015927497811071167,0,mean_strength|hold12|tp0.01000,False,1,-1,mid,low,0.6
btcusdt_clarity_hold12_v1,BTCUSDT,3,332,1727661600000,1727683200000,-1,1,-0.007719224612731606,0.007719224612731606,0.5762798549999986,True,target,-0.002940138957307381,-0.0024164461303450846,0.0010318458074269898,0.009740375784567878,0,mean_strength|hold12|tp0.01000,False,1,-1,high,low,0.6
btcusdt_clarity_hold12_v1,BTCUSDT,3,333,1727686800000,1727686800000,-1,1,-0.005389443087869407,0.005389443087869407,0.572176175,True,target_entry_bar,-0.001714633904405627,-0.00788196264963692,-0.00037000823465138666,-0.00262312220820915,0,mean_strength|hold12|tp0.01000,False,1,-1,mid,low,0.6
btcusdt_clarity_hold12_v1,BTCUSDT,3,334,1727690400000,1727733600000,-1,1,-0.005337555329404019,0.005337555329404019,-0.268437505,False,max_hold,-0.0027255151600886762,-0.0036450228698070575,0.002442589710944576,0.0025573316986529093,0,mean_strength|hold12|tp0.01000,True,-1,-1,mid,low,0.6
btcusdt_clarity_hold12_v1,BTCUSDT,3,335,1727776800000,1727787600000,-1,1,-0.024195375871784476,0.024195375871784476,0.56816848,True,target,0.0028911506059362546,0.016368577090566383,0.022656477460921698,0.04917773610541498,0,mean_strength|hold12|tp0.01000,False,1,-1,high,low,0.6
btcusdt_clarity_hold12_v1,BTCUSDT,3,336,1727791200000,1727794800000,-1,1,-0.021727433399512247,0.021727433399512247,0.5593573149999985,True,target,-0.0004074243908207542,0.007256947384734924,0.028912752063884217,0.013325174193898892,0,mean_strength|hold12|tp0.01000,False,1,-1,high,low,0.7
btcusdt_clarity_hold12_v1,BTCUSDT,3,337,1727798400000,1727798400000,-1,1,-0.020510326669364587,0.020510326669364587,0.5573035500000029,True,target_entry_bar,0.004854477779272615,0.011171224846725947,0.027136066319437657,0.015442716841882698,0,mean_strength|hold12|tp0.01000,False,1,-1,high,low,0.7
btcusdt_clarity_hold12_v1,BTCUSDT,3,338,1727802000000,1727802000000,-1,1,-0.018738786734065628,0.018738786734065628,0.5557967649999985,True,target_entry_bar,0.0026104828105660838,0.021814108516901354,0.021844687538726704,0.010741283771713128,0,mean_strength|hold12|tp0.01000,False,1,-1,high,low,0.8
btcusdt_clarity_hold12_v1,BTCUSDT,3,339,1727805600000,1727812800000,-1,1,-0.0177653036789713,0.0177653036789713,0.55302825,True,target,0.003746859463724772,0.013843370947155154,0.01540859647679027,0.0048247673542363145,0,mean_strength|hold12|tp0.01000,False,1,-1,high,low,0.8
btcusdt_clarity_hold12_v1,BTCUSDT,3,340,1727834400000,1727870400000,-1,1,-0.007377371223731406,0.007377371223731406,0.5474253749999971,True,target,0.0005878133182628531,0.004657165573895394,-0.0003076708828373409,0.01138706130585243,0,mean_strength|hold12|tp0.01000,False,1,-1,high,mid,0.9
btcusdt_clarity_hold12_v1,BTCUSDT,3,341,1727877600000,1727895600000,-1,1,-0.0008557577741979213,0.0008557577741979213,0.5458180950000014,True,target,-0.012822045794424808,-0.008962983467947438,0.0025568744871099502,-0.0017116808706150177,0,mean_strength|hold12|tp0.01000,False,1,0,low,mid,0.9
btcusdt_clarity_hold12_v1,BTCUSDT,3,342,1728061200000,1728104400000,-1,1,-0.003047704324705326,0.003047704324705326,0.19035082999999856,True,max_hold,-0.005851228677315579,-0.0068875014527187695,-0.0016399581616972636,-0.0025551710334317246,0,mean_strength|hold12|tp0.01000,False,1,-1,mid,mid,0.9
btcusdt_clarity_hold12_v1,BTCUSDT,3,343,1728216000000,1728223200000,1,1,0.01279674238919346,0.01279674238919346,0.55235054,True,target,0.00044700786122819913,0.008025238256798017,0.0079882555920201,0.023421282398020216,0,mean_strength|hold12|tp0.01000,False,1,1,high,low,0.9
btcusdt_clarity_hold12_v1,BTCUSDT,3,344,1728226800000,1728259200000,1,1,0.006537830580168267,0.006537830580168267,0.5577728849999986,True,target,-0.0019843548613504014,-3.6688232967097e-05,-0.006630999323660514,0.012828120413970856,0,mean_strength|hold12|tp0.01000,False,1,1,high,low,0.9
btcusdt_clarity_hold12_v1,BTCUSDT,3,345,1728291600000,1728298800000,-1,1,-0.0037779014516172897,0.0037779014516172897,0.5654119550000014,True,target,0.004997958402046088,0.005157804443403413,-0.006871797144295089,-0.002538545052844121,0,mean_strength|hold12|tp0.01000,False,1,-1,mid,low,1.0
btcusdt_clarity_hold12_v1,BTCUSDT,3,346,1728334800000,1728342000000,-1,1,-0.004443088758594272,0.004443088758594272,0.5606855500000059,True,target,0.014457062933530329,0.013014198168161517,0.011741825081851731,0.013164167700667084,0,mean_strength|hold12|tp0.01000,False,1,-1,mid,mid,1.0
btcusdt_clarity_hold12_v1,BTCUSDT,3,347,1728450000000,1728482400000,-1,1,-0.004302624677278663,0.004302624677278663,0.5547274450000015,True,target,0.0015199999999999658,0.005988800000000016,0.005155199999999915,0.012363199999999908,0,mean_strength|hold12|tp0.01000,False,1,-1,mid,low,1.0
btcusdt_clarity_hold12_v1,BTCUSDT,3,348,1728489600000,1728496800000,-1,1,-0.0028383545404271657,0.0028383545404271657,0.5543627550000001,True,target,0.0009257985417053805,0.01247562090815657,0.01651708761906301,0.015332324450307189,0,mean_strength|hold12|tp0.01000,False,1,-1,low,low,1.0
btcusdt_clarity_hold12_v1,BTCUSDT,3,349,1728500400000,1728504000000,-1,1,-0.010393451435640633,0.010393451435640633,0.5444783100000015,True,target,0.010245240003474598,0.004092523482430943,0.003925347913665278,0.002338818986555413,0,mean_strength|hold12|tp0.01000,False,1,-1,high,low,1.0
btcusdt_clarity_hold12_v1,BTCUSDT,3,350,1728507600000,1728550800000,-1,1,-0.006166205432197083,0.006166205432197083,-0.5049351949999956,False,max_hold,0.001687293709039528,0.007411277430844798,0.0004600216538763746,-0.0006604596602084456,0,mean_strength|hold12|tp0.01000,True,-1,-1,high,low,1.0
btcusdt_clarity_hold12_v1,BTCUSDT,3,351,1728568800000,1728576000000,-1,1,-0.005306829546272707,0.005306829546272707,0.5421671699999957,True,target,-0.0032390294797908226,0.016256230014015882,0.01324502217959267,0.0008766180702185489,0,mean_strength|hold12|tp0.01000,False,1,-1,mid,mid,0.9
btcusdt_clarity_hold12_v1,BTCUSDT,3,352,1728608400000,1728648000000,-1,1,-0.004934886745375796,0.004934886745375796,-1.2694043199999985,False,stop,0.0003815425882461865,-0.002190153558504049,-0.0016450927181523856,-0.018271100048394828,0,mean_strength|hold12|tp0.01000,True,-1,-1,mid,mid,0.9
btcusdt_clarity_hold12_v1,BTCUSDT,3,353,1728651600000,1728658800000,1,1,0.012001410336961952,0.012001410336961952,0.5459437500000028,True,target,0.0011030026001663806,0.009394986853182186,0.02258722236370203,0.017145202181998664,0,mean_strength|hold12|tp0.01000,False,1,1,high,mid,0.8
btcusdt_clarity_hold12_v1,BTCUSDT,3,354,1728662400000,1728666000000,1,1,0.004579184783986902,0.004579184783986902,0.5536835050000001,True,target,0.010459736682677523,0.013069448216348922,0.0031576866771334533,0.005335124563909721,0,mean_strength|hold12|tp0.01000,False,1,1,mid,mid,0.8
btcusdt_clarity_hold12_v1,BTCUSDT,3,355,1728669600000,1728712800000,1,1,0.004579184783986902,0.004579184783986902,-0.23651047000000147,False,max_hold,0.0024328424185950936,-0.001141686834347344,-0.0013754305177025028,-0.0036492636278927515,0,mean_strength|hold12|tp0.01000,True,-1,1,mid,low,0.8
btcusdt_clarity_hold12_v1,BTCUSDT,3,356,1728720000000,1728745200000,1,1,0.009941641815200809,0.009941641815200809,0.5583128249999971,True,target,0.0019747493679367345,0.003330595056746155,0.008111147444230804,0.005019819273745174,0,mean_strength|hold12|tp0.01000,False,1,1,high,low,0.7
btcusdt_clarity_hold12_v1,BTCUSDT,3,357,1728867600000,1728874800000,1,1,0.0049775430027736295,0.0049775430027736295,0.5559901349999985,True,target,-0.00026358627498279663,0.02424674231326507,0.031973813901699843,0.04028716526539955,0,mean_strength|hold12|tp0.01000,False,1,1,mid,low,0.7
btcusdt_clarity_hold12_v1,BTCUSDT,3,358,1728878400000,1728900000000,1,1,0.0016797726725787812,0.0016797726725787812,0.5720019949999986,True,target,-0.0032410057411657034,0.00754415051492674,0.011263976642299278,0.024457271909152034,0,mean_strength|hold12|tp0.01000,False,1,1,low,mid,0.7
btcusdt_clarity_hold12_v1,BTCUSDT,3,359,1728921600000,1728964800000,1,1,0.001256504919796648,0.001256504919796648,-0.5738963549999971,False,max_hold,-0.0009941538274161887,0.003303696486206764,0.011386334571585,-0.001470677790634034,0,mean_strength|hold12|tp0.01000,True,-1,0,low,high,0.7
btcusdt_clarity_hold12_v1,BTCUSDT,3,360,1729004400000,1729004400000,1,1,0.002881126546985804,0.002881126546985804,0.5815248300000029,True,target_entry_bar,0.012931361050752654,0.013351092362102301,0.006168686528897682,0.016211932491446257,0,mean_strength|hold12|tp0.01000,False,1,1,low,high,0.6
btcusdt_clarity_hold12_v1,BTCUSDT,3,361,1729072800000,1729076400000,1,1,0.002109163730333496,0.002109163730333496,0.5997531650000029,True,target,0.002401428451167309,-0.005166172645869049,0.0011918528659851102,0.0007384466332003292,0,mean_strength|hold12|tp0.01000,False,1,1,low,high,0.7
btcusdt_clarity_hold12_v1,BTCUSDT,3,362,1729198800000,1729213200000,1,1,0.002335400721268028,0.002335400721268028,0.5955785800000059,True,target,0.005483157594926569,0.0019445301886822364,0.007044448321575247,0.010782897081564435,0,mean_strength|hold12|tp0.01000,False,1,1,low,low,0.7
btcusdt_clarity_hold12_v1,BTCUSDT,3,363,1729425600000,1729461600000,1,1,0.0037168253198326517,0.0037168253198326517,0.6086499749999883,True,target,0.0029235438333741204,0.005362028514444006,0.0049942042025756805,0.013405804003862709,0,mean_strength|hold12|tp0.01000,False,1,1,mid,low,0.8
btcusdt_clarity_hold12_v1,BTCUSDT,3,364,1729472400000,1729497600000,-1,1,-0.0043958322246395705,0.0043958322246395705,0.6155489299999971,True,target,0.007160101073581671,0.002627970914617639,0.01007846349663144,0.02725923871193292,0,mean_strength|hold12|tp0.01000,False,1,-1,mid,low,0.8
btcusdt_clarity_hold12_v1,BTCUSDT,3,365,1729504800000,1729515600000,-1,1,-0.0025057555171559835,0.0025057555171559835,0.6087799800000059,True,target,0.0006281682963901192,0.01411109061144633,0.013821166782343464,0.007671267377126645,0,mean_strength|hold12|tp0.01000,False,1,-1,low,low,0.8
btcusdt_clarity_hold12_v1,BTCUSDT,3,366,1729519200000,1729555200000,-1,1,-0.004951852770900039,0.004951852770900039,0.5993441100000001,True,target,-0.0008053479861098722,-0.003528969496330525,-0.006387806258831619,-0.00017681994528984113,0,mean_strength|hold12|tp0.01000,False,1,-1,mid,low,0.9
btcusdt_clarity_hold12_v1,BTCUSDT,3,367,1729558800000,1729602000000,-1,1,-0.00511521853336937,0.00511521853336937,0.0599647449999971,True,max_hold,0.002785185185185224,9.333333333338967e-05,0.0016696296296295765,0.007853333333333379,0,mean_strength|hold12|tp0.01000,False,1,-1,mid,low,0.9
btcusdt_clarity_hold12_v1,BTCUSDT,3,368,1729605600000,1729648800000,-1,1,-0.0071912714096090255,0.0071912714096090255,-0.47184905,False,max_hold,0.004173285348200495,0.003481932294774004,0.0006617447856138714,0.006903167640532004,0,mean_strength|hold12|tp0.01000,True,-1,-1,high,low,0.9
btcusdt_clarity_hold12_v1,BTCUSDT,3,369,1729663200000,1729674000000,-1,1,-0.0042926860907139,0.0042926860907139,0.5970262600000088,True,target,0.0009416899597913808,0.006098563549124858,0.007523056456555266,0.012913110416884588,0,mean_strength|hold12|tp0.01000,False,1,-1,mid,low,0.8
btcusdt_clarity_hold12_v1,BTCUSDT,3,370,1729677600000,1729699200000,-1,1,-0.010915155783722104,0.010915155783722104,0.5918597500000058,True,target,-0.00023045361706741652,-0.00587129542044984,0.007882116196822442,-0.0010468317899468005,0,mean_strength|hold12|tp0.01000,False,1,-1,high,low,0.9
btcusdt_clarity_hold12_v1,BTCUSDT,3,371,1729702800000,1729728000000,-1,1,-0.012107177573183633,0.012107177573183633,-1.3898420250000119,False,stop,-0.004922877456112529,-0.014316671130481184,-0.014207104769788703,-0.024733084171312925,0,mean_strength|hold12|tp0.01000,True,-1,-1,high,low,0.9
btcusdt_clarity_hold12_v1,BTCUSDT,3,372,1729731600000,1729760400000,-1,1,-0.01179590896119855,0.01179590896119855,0.6001419749999941,True,target,-0.0028715078315879605,-0.0017116030627435386,0.002119056789234852,-0.009454710923477494,0,mean_strength|hold12|tp0.01000,False,1,-1,high,low,0.8
btcusdt_clarity_hold12_v1,BTCUSDT,3,373,1729771200000,1729803600000,-1,1,-0.004993901402146265,0.004993901402146265,-1.4196065549999943,False,stop,-0.005662180280145979,-0.002551092214131634,-0.0045125591662285025,-0.006839949333708573,0,mean_strength|hold12|tp0.01000,True,-1,-1,mid,low,0.8
btcusdt_clarity_hold12_v1,BTCUSDT,3,374,1729814400000,1729839600000,-1,1,-0.0028710024413266745,0.0028710024413266745,0.6068210999999942,True,target,0.00022071092460218544,-0.0003075238882792597,0.005127850481591256,-0.0011050260291751712,0,mean_strength|hold12|tp0.01000,False,1,-1,low,low,0.7
btcusdt_clarity_hold12_v1,BTCUSDT,3,375,1729857600000,1729872000000,-1,1,-0.0039427290806567095,0.0039427290806567095,0.606022025,True,target,-0.00407276596807904,0.005536668856641835,0.015347463817641183,0.019411411093620656,0,mean_strength|hold12|tp0.01000,False,1,-1,mid,low,0.7
btcusdt_clarity_hold12_v1,BTCUSDT,3,376,1729875600000,1729875600000,-1,1,-0.005324727679155167,0.005324727679155167,0.6020990950000058,True,target_entry_bar,-0.002775129214147576,-0.0015716751212808688,0.0021689116673675457,-0.004435117508909903,0,mean_strength|hold12|tp0.01000,False,1,-1,mid,low,0.7
btcusdt_clarity_hold12_v1,BTCUSDT,3,377,1729879200000,1729879200000,-1,1,-0.005701147231051653,0.005701147231051653,0.594615614999997,True,target_entry_bar,0.0024972721071274684,-0.004069075770489761,0.004127290720984722,-0.002147982404157922,0,mean_strength|hold12|tp0.01000,False,1,-1,mid,low,0.7
btcusdt_clarity_hold12_v1,BTCUSDT,3,378,1729882800000,1729897200000,-1,1,-0.005324727679155167,0.005324727679155167,0.5963127200000058,True,target,-0.0013003959548556487,0.0033789344833882184,0.0021802956343208724,-0.0023374205770825274,0,mean_strength|hold12|tp0.01000,False,1,-1,mid,low,0.7
btcusdt_clarity_hold12_v1,BTCUSDT,3,379,1729900800000,1729944000000,-1,1,-0.008515577203683351,0.008515577203683351,-0.5544567249999941,False,max_hold,0.0005470902294181235,-0.002534601583413787,-0.006301280341024507,-0.004486139881228812,0,mean_strength|hold12|tp0.01000,True,-1,-1,high,mid,0.8
btcusdt_clarity_hold12_v1,BTCUSDT,3,380,1729962000000,1730005200000,-1,1,-0.00512393370287574,0.00512393370287574,-0.2800259050000029,False,max_hold,0.0003162409099384256,-0.0030072720492262395,-0.0005116539250420438,-0.0017527503263099486,0,mean_strength|hold12|tp0.01000,True,-1,-1,mid,low,0.7
btcusdt_clarity_hold12_v1,BTCUSDT,3,381,1730066400000,1730109600000,-1,1,-0.0057958205660301005,0.0057958205660301005,-0.7572279199999972,False,max_hold,0.0013717944951971983,0.005375554445847919,0.005307992832593977,-0.007562494492259653,0,mean_strength|hold12|tp0.01000,True,-1,-1,high,low,0.6
btcusdt_clarity_hold12_v1,BTCUSDT,3,382,1730152800000,1730167200000,1,1,0.006295686238595633,0.006295686238595633,0.6209305450000058,True,target,-1.715726924900185e-05,0.004944153088594527,0.016033468113215266,0.01723447696064717,0,mean_strength|hold12|tp0.01000,False,1,1,high,low,0.6
btcusdt_clarity_hold12_v1,BTCUSDT,3,383,1730178000000,1730206800000,1,1,0.004985557713735295,0.004985557713735295,0.63240104,True,target,0.0030375618390980907,0.0015659567756500792,0.006044142518965456,0.02379775499254344,0,mean_strength|hold12|tp0.01000,False,1,1,mid,low,0.6
btcusdt_clarity_hold12_v1,BTCUSDT,3,384,1730210400000,1730217600000,1,1,0.005236019937599744,0.005236019937599744,0.6388058500000116,True,target,0.00735176424247741,0.011887811131200188,0.006698985478804209,0.007034421901075616,0,mean_strength|hold12|tp0.01000,False,1,1,mid,mid,0.7
btcusdt_clarity_hold12_v1,BTCUSDT,3,385,1730221200000,1730228400000,1,1,0.004793753529823076,0.004793753529823076,0.6471678899999913,True,target,0.006431841190193133,-0.0051278665434218995,0.0005323187640300375,-0.0025377987587481554,0,mean_strength|hold12|tp0.01000,False,1,1,mid,mid,0.7
btcusdt_clarity_hold12_v1,BTCUSDT,3,386,1730278800000,1730322000000,1,1,0.0019112546772457255,0.0019112546772457255,0.48555616999999424,True,max_hold,-0.002939774571363407,-0.009754706532250856,-0.007326017418233244,-0.0027055844696146636,0,mean_strength|hold12|tp0.01000,False,1,1,low,mid,0.7
btcusdt_clarity_hold12_v1,BTCUSDT,3,387,1730332800000,1730376000000,1,1,0.0010768688183186445,0.0010768688183186445,-0.25132923000000296,False,max_hold,0.002755843871538266,0.002577108899477487,0.0005459037131152478,-0.0009393977601319659,0,mean_strength|hold12|tp0.01000,True,-1,0,low,mid,0.7
btcusdt_clarity_hold12_v1,BTCUSDT,3,388,1730379600000,1730379600000,-1,1,-0.003345153255340326,0.003345153255340326,0.6418193849999971,True,target_entry_bar,0.007816640541093767,0.012520645745644376,0.016742332681829675,0.026601815423528796,0,mean_strength|hold12|tp0.01000,False,1,-1,mid,mid,0.6
btcusdt_clarity_hold12_v1,BTCUSDT,3,389,1730458800000,1730469600000,-1,1,-0.006552577851679531,0.006552577851679531,-1.4770311150000028,False,stop,-0.004796871965360827,-0.017830825650340998,0.006294912659514984,0.007558750614068188,0,mean_strength|hold12|tp0.01000,True,-1,-1,high,mid,0.6
btcusdt_clarity_hold12_v1,BTCUSDT,3,390,1730476800000,1730476800000,1,1,0.0011668487889135058,0.0011668487889135058,0.6174608099999972,True,target_entry_bar,-0.0049620340049477685,-0.009329195921694122,-0.007004046846176948,-0.005162231342323187,0,mean_strength|hold12|tp0.01000,False,1,0,low,high,0.6
btcusdt_clarity_hold12_v1,BTCUSDT,3,391,1730797200000,1730815200000,1,1,0.008532373356529486,0.008532373356529486,0.614161705,True,target,2.7636323437940646e-05,0.0013454525884326607,0.012584708967696034,0.0057512643617971815,0,mean_strength|hold12|tp0.01000,False,1,1,high,mid,0.7
btcusdt_clarity_hold12_v1,BTCUSDT,3,392,1730818800000,1730851200000,1,1,0.005151070989306563,0.005151070989306563,0.622434470000003,True,target,0.007904871486584142,0.008411943926119658,-0.006748516489909595,0.06825798351799106,0,mean_strength|hold12|tp0.01000,False,1,1,mid,mid,0.8
btcusdt_clarity_hold12_v1,BTCUSDT,3,393,1730854800000,1730858400000,1,1,0.008949249104978022,0.008949249104978022,0.6323053850000088,True,target,0.027984442146871125,0.04482799850892194,0.03300628081502888,0.040941348581717385,0,mean_strength|hold12|tp0.01000,False,1,1,high,high,0.8
btcusdt_clarity_hold12_v1,BTCUSDT,3,394,1730862000000,1730862000000,1,1,,,0.6503706799999971,True,target_entry_bar,-0.0012209700257237444,-0.0010622977096054198,-0.007625683938193184,-0.0010421274999293795,0,mean_strength|hold12|tp0.01000,False,1,0,na,high,0.8
btcusdt_clarity_hold12_v1,BTCUSDT,3,395,1730883600000,1730890800000,1,1,0.004072846563834548,0.004072846563834548,0.6539245199999971,True,target,0.0008116531165311969,0.005256097560975448,0.0066341463414634205,0.02826558265582646,0,mean_strength|hold12|tp0.01000,False,1,1,mid,high,0.8
btcusdt_clarity_hold12_v1,BTCUSDT,3,396,1730901600000,1730916000000,1,1,0.00523230057013674,0.00523230057013674,0.6585519699999942,True,target,0.00862953811062539,0.010914546392592372,0.03327178428870137,0.022225541043256358,0,mean_strength|hold12|tp0.01000,False,1,1,mid,high,0.8
btcusdt_clarity_hold12_v1,BTCUSDT,3,397,1730919600000,1730923200000,1,1,,,0.6695833499999884,True,target,0.003781428923776753,-0.0024018074887327545,-0.005575200579282735,-0.013425589471615429,0,mean_strength|hold12|tp0.01000,False,1,0,na,high,0.8
btcusdt_clarity_hold12_v1,BTCUSDT,3,398,1730941200000,1730984400000,1,1,0.004282504825804076,0.004282504825804076,-0.46432935000000586,False,max_hold,-0.0013820508467382586,-0.008337400789440008,-0.00789440176562961,-0.00927114723483724,0,mean_strength|hold12|tp0.01000,True,-1,1,mid,high,0.9
btcusdt_clarity_hold12_v1,BTCUSDT,3,399,1730988000000,1730991600000,1,1,0.004501324487238514,0.004501324487238514,0.664681915000003,True,target,0.01658190875006338,0.01916740378885251,0.021051407925644527,0.011758323690617134,0,mean_strength|hold12|tp0.01000,False,1,1,mid,mid,0.8
btcusdt_clarity_hold12_v1,BTCUSDT,3,400,1731189600000,1731204000000,1,1,0.027525182052678187,0.027525182052678187,0.6801631849999972,True,target,0.002150028884886579,0.0025212192820340817,0.03611395022389052,0.04031598236061407,0,mean_strength|hold12|tp0.01000,False,1,1,high,low,0.9
btcusdt_clarity_hold12_v1,BTCUSDT,3,401,1731207600000,1731211200000,1,1,,,0.685501204999997,True,target,0.02680819646650434,0.02316848867934307,0.028634526708460672,0.03278457074762975,0,mean_strength|hold12|tp0.01000,False,1,0,na,low,0.9
btcusdt_clarity_hold12_v1,BTCUSDT,3,402,1731225600000,1731232800000,1,1,0.005176214974642498,0.005176214974642498,0.70177858,True,target,0.0030895502216112813,0.009556638175270527,0.004755583231548233,-0.0019527574172573114,0,mean_strength|hold12|tp0.01000,False,1,1,mid,mid,0.9
btcusdt_clarity_hold12_v1,BTCUSDT,3,403,1731236400000,1731258000000,1,1,,,0.7082636450000028,True,target,-0.0027487685591923716,-0.00475560732521163,0.006239466911557745,0.006046790371678101,0,mean_strength|hold12|tp0.01000,False,1,0,na,mid,0.9
btcusdt_clarity_hold12_v1,BTCUSDT,3,404,1731268800000,1731276000000,1,1,0.0026187604380064782,0.0026187604380064782,0.7100443050000029,True,target,0.011597724497092177,0.017648436066341366,0.031160974745461312,0.02854376672931247,0,mean_strength|hold12|tp0.01000,False,1,1,low,mid,0.9
btcusdt_clarity_hold12_v1,BTCUSDT,3,405,1731312000000,1731319200000,1,1,0.00853754078180842,0.00853754078180842,0.7221462150000088,True,target,0.00550258456593955,0.011047004524374682,0.015288375051832892,0.06958333179526743,0,mean_strength|hold12|tp0.01000,False,1,1,high,mid,0.9
btcusdt_clarity_hold12_v1,BTCUSDT,3,406,1731333600000,1731337200000,1,1,,,0.7283691749999942,True,target,0.01940048525451621,0.025757028555361883,0.05347737458400714,0.06380781788170165,0,mean_strength|hold12|tp0.01000,False,1,0,na,mid,0.9
btcusdt_clarity_hold12_v1,BTCUSDT,3,407,1731409200000,1731409200000,1,1,0.003597419418156225,0.003597419418156225,0.7740042299999971,True,target_entry_bar,-0.008894926601665687,-0.0021563805822572,-0.0024670552966599146,0.008512028614172884,0,mean_strength|hold12|tp0.01000,False,1,1,mid,high,0.9
btcusdt_clarity_hold12_v1,BTCUSDT,3,408,1731416400000,1731423600000,1,1,0.004915954262665839,0.004915954262665839,0.76937777,True,target,0.0072079473723796195,0.0077691697958190975,0.02712729334575359,0.021870317119598193,0,mean_strength|hold12|tp0.01000,False,1,1,mid,high,0.9
btcusdt_clarity_hold12_v1,BTCUSDT,3,409,1731427200000,1731427200000,1,1,0.006809785984482581,0.006809785984482581,0.77114941,True,target_entry_bar,-0.0008680685131110533,0.019208886449519458,0.017702397178088525,0.0015076375102049955,0,mean_strength|hold12|tp0.01000,False,1,1,high,high,1.0
btcusdt_clarity_hold12_v1,BTCUSDT,3,410,1731430800000,1731434400000,1,1,0.0068746000170579686,0.0068746000170579686,0.774974045000003,True,target,0.020937937787237182,0.028604493744131654,0.011006236905887867,-0.004721063089630162,0,mean_strength|hold12|tp0.01000,False,1,1,high,high,1.0
btcusdt_clarity_hold12_v1,BTCUSDT,3,411,1731456000000,1731470400000,1,1,0.0038547887231814883,0.0038547887231814883,-1.856149435000003,False,stop,0.0024804177545691974,-0.01012373708707004,-0.01748212055851972,-0.00465546600068123,0,mean_strength|hold12|tp0.01000,True,-1,1,mid,high,1.0
btcusdt_clarity_hold12_v1,BTCUSDT,3,412,1731477600000,1731481200000,1,1,0.006963067294588739,0.006963067294588739,0.7707118350000001,True,target,0.009854419410745274,0.01030733679953788,0.013054881571346044,0.07299942229924916,0,mean_strength|hold12|tp0.01000,False,1,1,high,high,0.9
btcusdt_clarity_hold12_v1,BTCUSDT,3,413,1731535200000,1731535200000,1,1,0.0033637287472291903,0.0033637287472291903,0.788317335000003,True,target_entry_bar,0.007264831575335418,0.007340588138304849,0.004545393778158102,0.015362985343333246,0,mean_strength|hold12|tp0.01000,False,1,1,mid,high,0.9
btcusdt_clarity_hold12_v1,BTCUSDT,3,414,1731571200000,1731592800000,-1,1,-0.0024144682415949306,0.0024144682415949306,0.8083484949999971,True,target,-0.003857828798498719,-0.010394613389259844,0.020153430100999015,0.032298691980793715,0,mean_strength|hold12|tp0.01000,False,1,-1,low,high,0.9
btcusdt_clarity_hold12_v1,BTCUSDT,3,415,1731600000000,1731600000000,1,1,0.002006003312873942,0.002006003312873942,0.7830674900000087,True,target_entry_bar,0.00044830032535392306,0.0031022382514493962,-0.01745345241684293,-0.019283638495100508,0,mean_strength|hold12|tp0.01000,False,1,1,low,high,0.9
btcusdt_clarity_hold12_v1,BTCUSDT,3,416,1731654000000,1731661200000,1,1,0.009417209949930151,0.009417209949930151,0.7851202649999971,True,target,0.005112100157479649,0.019519031540392362,0.028634830928947252,0.03106829551428314,0,mean_strength|hold12|tp0.01000,False,1,1,high,high,0.9
btcusdt_clarity_hold12_v1,BTCUSDT,3,417,1731920400000,1731927600000,-1,1,-0.003123438243799654,0.003123438243799654,0.8178768299999942,True,target,-0.0006568498656889243,0.013400608702661576,-0.006601177754684606,0.00490404327583982,0,mean_strength|hold12|tp0.01000,False,1,-1,mid,mid,0.9
btcusdt_clarity_hold12_v1,BTCUSDT,3,418,1732104000000,1732107600000,1,1,0.0034421211330887638,0.0034421211330887638,0.8319003850000029,True,target,0.009160682278980259,0.012555190144811768,0.0011617852802767725,0.012238825431875267,0,mean_strength|hold12|tp0.01000,False,1,1,mid,mid,0.9
btcusdt_clarity_hold12_v1,BTCUSDT,3,419,1732125600000,1732147200000,1,1,0.008072214069599983,0.008072214069599983,0.835637615,True,target,0.0035047976120829993,0.007293566032821053,0.011064185943231442,0.03597461770696753,0,mean_strength|hold12|tp0.01000,False,1,1,high,mid,0.9
btcusdt_clarity_hold12_v1,BTCUSDT,3,420,1732158000000,1732158000000,1,1,,,0.8399053249999884,True,target_entry_bar,0.018801505790780215,0.013061878981357244,0.019319304062419773,0.009330808370793697,0,mean_strength|hold12|tp0.01000,False,1,0,na,low,0.9
btcusdt_clarity_hold12_v1,BTCUSDT,3,421,1732287600000,1732287600000,1,1,0.0021321380398728967,0.0021321380398728967,0.866503179999997,True,target_entry_bar,0.002181435005293997,0.004520930326809891,0.0060062920164343225,6.180563647140147e-05,0,mean_strength|hold12|tp0.01000,False,1,1,low,low,0.9
btcusdt_clarity_hold12_v1,BTCUSDT,3,422,1732464000000,1732482000000,1,1,0.004963272796950443,0.004963272796950443,0.8541341050000029,True,target,-0.00525389689926814,-0.0010673597250978606,0.016395888903396605,0.014088112099714278,0,mean_strength|hold12|tp0.01000,False,1,1,mid,low,1.0
btcusdt_clarity_hold12_v1,BTCUSDT,3,423,1732525200000,1732543200000,-1,1,-0.003130881567587227,0.003130881567587227,0.8747841850000029,True,target,0.0018056730595608084,0.006053062441797485,0.025744028598615132,0.04806539376860197,0,mean_strength|hold12|tp0.01000,False,1,-1,mid,mid,1.0
btcusdt_clarity_hold12_v1,BTCUSDT,3,424,1732557600000,1732568400000,-1,1,-0.013230676524466434,0.013230676524466434,0.8481557499999942,True,target,0.005111841891055846,0.014392350407466448,0.013727506372734899,0.006898413301922202,0,mean_strength|hold12|tp0.01000,False,1,-1,high,mid,1.0
btcusdt_clarity_hold12_v1,BTCUSDT,3,425,1732586400000,1732604400000,-1,1,-0.004085033037209461,0.004085033037209461,0.8447736399999913,True,target,0.0011347643620595038,-0.0007248122461573914,0.015041438974189858,0.013808412893627886,0,mean_strength|hold12|tp0.01000,False,1,-1,mid,high,1.0
btcusdt_clarity_hold12_v1,BTCUSDT,3,426,1732629600000,1732629600000,1,1,0.0005653795616894106,0.0005653795616894106,0.8208684549999942,True,target_entry_bar,-0.004937951516151506,0.0031959013609632603,-0.023721237691280095,-0.003601951181883556,0,mean_strength|hold12|tp0.01000,False,1,0,low,high,1.0
btcusdt_clarity_hold12_v1,BTCUSDT,3,427,1732662000000,1732669200000,1,1,0.003331500794418633,0.003331500794418633,0.8176669850000029,True,target,-9.997674453987582e-05,0.010657303627199965,0.008794693408272547,0.01523993331985829,0,mean_strength|hold12|tp0.01000,False,1,1,mid,high,1.0
btcusdt_clarity_hold12_v1,BTCUSDT,3,428,1732870800000,1732878000000,1,1,0.008126830994912421,0.008126830994912421,0.8548555649999913,True,target,0.005095845237292673,0.005780268895537288,0.017055630162343238,0.010458200899083891,0,mean_strength|hold12|tp0.01000,False,1,1,high,low,1.0
btcusdt_clarity_hold12_v1,BTCUSDT,3,429,1732881600000,1732892400000,1,1,0.004766307156741593,0.004766307156741593,0.865878585,True,target,0.003001374384079103,0.011210561208550684,0.002520907031629438,0.00035261767068206495,0,mean_strength|hold12|tp0.01000,False,1,1,mid,low,1.0
btcusdt_clarity_hold12_v1,BTCUSDT,3,430,1732932000000,1732975200000,1,1,0.003007682718134795,0.003007682718134795,-0.1908565449999971,False,max_hold,0.00038170623722488806,0.00500045515106895,0.0034632858596976845,-0.0015982009119572815,0,mean_strength|hold12|tp0.01000,True,-1,1,mid,mid,1.0
btcusdt_clarity_hold12_v1,BTCUSDT,3,431,1733036400000,1733058000000,1,1,0.00290054089905638,0.00290054089905638,0.8577854699999942,True,target,0.005952837284279644,0.0035451808539515017,0.006310256160554584,0.007423952659092903,0,mean_strength|hold12|tp0.01000,False,1,1,low,low,0.9
btcusdt_clarity_hold12_v1,BTCUSDT,3,432,1733112000000,1733155200000,1,1,0.004166977041660416,0.004166977041660416,0.40186236000000874,True,max_hold,-0.0034655813218187337,-0.007508759530606923,-0.018087358687666755,-0.005741871021271883,0,mean_strength|hold12|tp0.01000,False,1,1,mid,low,0.9
btcusdt_clarity_hold12_v1,BTCUSDT,3,433,1733162400000,1733162400000,1,1,0.001117119484562843,0.001117119484562843,0.84231102,True,target_entry_bar,0.0018715750490099214,-0.0023491349582214216,0.0017461763857595791,6.896926478749954e-05,0,mean_strength|hold12|tp0.01000,False,1,0,low,mid,0.9
btcusdt_clarity_hold12_v1,BTCUSDT,3,434,1733180400000,1733223600000,1,1,0.001411532358710179,0.001411532358710179,-0.8437238050000059,False,max_hold,-0.00029825686590434497,0.0023923120642816986,0.003388239710920171,-0.008809006105922834,0,mean_strength|hold12|tp0.01000,True,-1,0,low,high,0.9
btcusdt_clarity_hold12_v1,BTCUSDT,3,435,1733230800000,1733238000000,1,1,0.00341426002073751,0.00341426002073751,0.8442623099999972,True,target,0.0162463169860656,0.014931469014695775,0.018529439051517826,0.026913327738386617,0,mean_strength|hold12|tp0.01000,False,1,1,mid,mid,0.8
btcusdt_clarity_hold12_v1,BTCUSDT,3,436,1733274000000,1733299200000,1,1,0.0021548824973117975,0.0021548824973117975,0.8527136250000117,True,target,-0.004507839653412393,-0.002310514450320822,0.003667746983610609,-0.0058910330232223584,0,mean_strength|hold12|tp0.01000,False,1,1,low,mid,0.8
btcusdt_clarity_hold12_v1,BTCUSDT,3,437,1733302800000,1733328000000,1,1,0.006281840249231782,0.006281840249231782,-2.041310085000009,False,stop,-0.0030434378773336324,-0.008865083542318186,-0.011187136856662283,0.009138569821563136,0,mean_strength|hold12|tp0.01000,True,-1,1,high,mid,0.8
btcusdt_clarity_hold12_v1,BTCUSDT,3,438,1733331600000,1733335200000,1,1,0.0038924790976902013,0.0038924790976902013,0.8444408600000088,True,target,0.006050641305223259,0.0334045604159412,0.03200616673831225,0.07302606325508809,0,mean_strength|hold12|tp0.01000,False,1,1,mid,low,0.7
btcusdt_clarity_hold12_v1,BTCUSDT,3,439,1733338800000,1733338800000,1,1,0.005424319873395039,0.005424319873395039,0.8560106400000088,True,target_entry_bar,0.015625481839656175,0.009768367470709416,0.009978064089043004,0.051485659423910146,0,mean_strength|hold12|tp0.01000,False,1,1,mid,low,0.7
btcusdt_clarity_hold12_v1,BTCUSDT,3,440,1733342400000,1733342400000,1,1,0.007014938311344085,0.007014938311344085,0.8656993749999884,True,target_entry_bar,-0.010333642026851275,-0.0013531909294710598,0.0277024599330995,0.04092769992965839,0,mean_strength|hold12|tp0.01000,False,1,1,high,mid,0.7
btcusdt_clarity_hold12_v1,BTCUSDT,3,441,1733346000000,1733364000000,1,1,0.008041510802113877,0.008041510802113877,0.879218025,True,target,0.0046143226037378415,0.0060736839414003985,0.054225449339094345,0.05131286273106128,0,mean_strength|hold12|tp0.01000,False,1,1,high,mid,0.8
btcusdt_clarity_hold12_v1,BTCUSDT,3,442,1733382000000,1733389200000,1,1,0.0030425366295521697,0.0030425366295521697,0.9073259649999913,True,target,0.005427594115283485,0.0009375113034144622,0.005803967266289289,-0.03109233264347877,0,mean_strength|hold12|tp0.01000,False,1,1,mid,high,0.8
btcusdt_clarity_hold12_v1,BTCUSDT,3,443,1733446800000,1733446800000,1,1,0.003946739934419784,0.003946739934419784,0.8686330200000058,True,target_entry_bar,-0.005277305548963107,-0.0024008124259614627,0.0003514129346442463,0.004836256851278975,0,mean_strength|hold12|tp0.01000,False,1,1,mid,high,0.8
btcusdt_clarity_hold12_v1,BTCUSDT,3,444,1733450400000,1733493600000,1,1,0.003946739934419784,0.003946739934419784,0.31751929999998835,True,max_hold,0.001491956541773698,0.0026521396315677404,0.007610309552822603,0.019127149103494778,0,mean_strength|hold12|tp0.01000,False,1,1,mid,high,0.8
btcusdt_clarity_hold12_v1,BTCUSDT,3,445,1733508000000,1733526000000,-1,1,0.0011041956698864452,0.0011041956698864452,0.8982036700000059,True,target,-0.0008497097974893286,0.009692803293167462,0.010913152167055573,0.02024911677496688,0,mean_strength|hold12|tp0.01000,False,1,0,low,high,0.9
btcusdt_clarity_hold12_v1,BTCUSDT,3,446,1733608800000,1733648400000,-1,1,0.0002830469940707266,0.0002830469940707266,0.8894813400000029,True,target,-0.0024504540665295504,-0.0026090010536350405,-0.0016597260548893988,0.0035452310471125736,0,mean_strength|hold12|tp0.01000,False,1,0,low,low,0.9
btcusdt_clarity_hold12_v1,BTCUSDT,3,447,1733652000000,1733659200000,1,1,0.0019714693891135617,0.0019714693891135617,0.8804650150000087,True,target,0.004567897629144335,0.011865859295460135,0.0060210449569344515,0.010053201506117215,0,mean_strength|hold12|tp0.01000,False,1,1,low,low,0.9
btcusdt_clarity_hold12_v1,BTCUSDT,3,448,1733695200000,1733713200000,-1,1,-0.0035376746076485467,0.0035376746076485467,0.8910898300000059,True,target,-0.008973080757726848,0.006976071784645987,0.007824526420737832,0.01522532402791632,0,mean_strength|hold12|tp0.01000,False,1,-1,mid,low,1.0
btcusdt_clarity_hold12_v1,BTCUSDT,3,449,1733716800000,1733742000000,-1,1,-0.003854885329503357,0.003854885329503357,0.882801885000003,True,target,0.00015274048587554656,-0.0012249385018570091,0.007459162017460663,0.016385436596620284,0,mean_strength|hold12|tp0.01000,False,1,-1,mid,mid,1.0
btcusdt_clarity_hold12_v1,BTCUSDT,3,450,1733745600000,1733752800000,-1,1,-0.006472218235836431,0.006472218235836431,-2.071198450000012,False,stop,-0.0041549421409861065,0.008084854480728598,0.008311911577479125,0.007512143500085222,0,mean_strength|hold12|tp0.01000,True,-1,-1,high,mid,1.0
btcusdt_clarity_hold12_v1,BTCUSDT,3,451,1733756400000,1733756400000,-1,1,-0.0029330669050469807,0.0029330669050469807,0.8919779599999914,True,target_entry_bar,-0.00029226618705036067,0.00022890778286455138,0.009229888816219667,0.009176749509483328,0,mean_strength|hold12|tp0.01000,False,1,-1,low,mid,0.9
btcusdt_clarity_hold12_v1,BTCUSDT,3,452,1733760000000,1733774400000,-1,1,0.00043706502509049017,0.00043706502509049017,0.8710501450000059,True,target,0.004887387801554177,0.007741769389669084,0.008627506267584462,0.00832510936347508,0,mean_strength|hold12|tp0.01000,False,1,0,low,high,0.9
btcusdt_clarity_hold12_v1,BTCUSDT,3,453,1733846400000,1733860800000,1,1,0.0005451114622711283,0.0005451114622711283,0.8513785699999972,True,target,-0.019226218892048452,-0.005138130720853562,0.005102845638141007,0.01237779945619466,0,mean_strength|hold12|tp0.01000,False,1,0,low,high,0.9
btcusdt_clarity_hold12_v1,BTCUSDT,3,454,1733904000000,1733904000000,1,1,0.001496781973242843,0.001496781973242843,0.8662390949999942,True,target_entry_bar,-0.0011456049640165,0.0017897529509010024,0.014125390744041733,0.03195157474817578,0,mean_strength|hold12|tp0.01000,False,1,0,low,high,0.9
btcusdt_clarity_hold12_v1,BTCUSDT,3,455,1733914800000,1733925600000,1,1,0.004715468392178053,0.004715468392178053,0.873882095,True,target,-0.0006897976084981883,0.012313599492113747,0.014991397877905932,0.02874767142437107,0,mean_strength|hold12|tp0.01000,False,1,1,mid,high,0.9
btcusdt_clarity_hold12_v1,BTCUSDT,3,456,1733929200000,1733929200000,1,1,0.002837936632089254,0.002837936632089254,0.8854476950000001,True,target_entry_bar,0.0021504154845859436,0.0001763779150933953,0.011344986233554177,0.006450249968361632,0,mean_strength|hold12|tp0.01000,False,1,1,low,high,0.9
btcusdt_clarity_hold12_v1,BTCUSDT,3,457,1734012000000,1734019200000,1,1,0.0023180682115200727,0.0023180682115200727,0.8978053299999943,True,target,0.0009520222112289201,-0.0007690923235340597,-0.016576791704818072,-0.02194568555925902,0,mean_strength|hold12|tp0.01000,False,1,1,low,mid,0.9
btcusdt_clarity_hold12_v1,BTCUSDT,3,458,1734033600000,1734076800000,1,1,0.002852950524695813,0.002852950524695813,0.48521736,True,max_hold,-0.0026491907417335314,-0.00010400748853922615,-0.005459393076301611,0.002556184045251264,0,mean_strength|hold12|tp0.01000,False,1,1,low,mid,0.9
btcusdt_clarity_hold12_v1,BTCUSDT,3,459,1734210000000,1734224400000,1,1,0.0017800852492390988,0.0017800852492390988,0.8963875999999885,True,target,0.0004393833986306994,0.0036179858229581363,0.006426477006097109,0.011444750011627924,0,mean_strength|hold12|tp0.01000,False,1,1,low,low,0.9
btcusdt_clarity_hold12_v1,BTCUSDT,3,460,1734253200000,1734264000000,1,1,0.003479455776467148,0.003479455776467148,0.9073267349999914,True,target,0.00022992509333974454,0.007036686260850411,0.004513380662027666,0.006110137054923692,0,mean_strength|hold12|tp0.01000,False,1,1,mid,low,0.9
btcusdt_clarity_hold12_v1,BTCUSDT,3,461,1734274800000,1734303600000,1,1,0.003491731510403532,0.003491731510403532,0.9163143599999971,True,target,0.004194080949853296,0.005014196175068264,0.001589582004217327,0.01842337230991009,0,mean_strength|hold12|tp0.01000,False,1,1,mid,low,1.0
btcusdt_clarity_hold12_v1,BTCUSDT,3,462,1734325200000,1734357600000,1,1,0.0011294655354558618,0.0011294655354558618,0.93125547,True,target,0.0012056752448017516,-0.004733180068454912,-0.012243413070433862,0.01927080456442365,0,mean_strength|hold12|tp0.01000,False,1,0,low,mid,1.0
btcusdt_clarity_hold12_v1,BTCUSDT,3,463,1734361200000,1734364800000,1,1,0.003732210945731754,0.003732210945731754,0.9384623250000059,True,target,0.004590651968551462,0.007134846049912991,-0.00253478507958127,0.005110969766995543,0,mean_strength|hold12|tp0.01000,False,1,1,mid,mid,1.0
btcusdt_clarity_hold12_v1,BTCUSDT,3,464,1734451200000,1734454800000,1,1,0.0010335198335971033,0.0010335198335971033,0.9470828400000029,True,target,0.003985727619522761,-0.00543202540550991,-0.010504344966313695,-0.029855585110607263,0,mean_strength|hold12|tp0.01000,False,1,0,low,mid,1.0
btcusdt_clarity_hold12_v1,BTCUSDT,3,465,1734552000000,1734552000000,1,1,0.0016284172700668795,0.0016284172700668795,-2.168685334999997,False,stop_entry_bar,0.00144987757360715,-0.006495689539758098,-0.0030723123960566534,0.007703590281654904,0,mean_strength|hold12|tp0.01000,True,-1,1,low,mid,1.0
btcusdt_clarity_hold12_v1,BTCUSDT,3,466,1734566400000,1734577200000,1,1,-0.00021526898996323504,0.00021526898996323504,0.8914943050000028,True,target,-0.010507583850876134,0.003475745663501506,0.003441027884328429,0.011609625355485376,0,mean_strength|hold12|tp0.01000,False,1,0,low,high,0.9
btcusdt_clarity_hold12_v1,BTCUSDT,3,467,1734613200000,1734616800000,-1,1,-0.01668262212080029,0.01668262212080029,0.907735085000003,True,target,0.009973048731073075,0.012203126425684885,0.04662854048135523,0.05511225443881618,0,mean_strength|hold12|tp0.01000,False,1,-1,high,high,0.9
btcusdt_clarity_hold12_v1,BTCUSDT,3,468,1734620400000,1734620400000,-1,1,-0.010670300679432334,0.010670300679432334,0.898211370000006,True,target_entry_bar,-0.0004948768323111974,0.0173654069169471,0.032175937657443976,0.03525649625215277,0,mean_strength|hold12|tp0.01000,False,1,-1,high,high,0.9
btcusdt_clarity_hold12_v1,BTCUSDT,3,469,1734624000000,1734627600000,-1,1,-0.007294308396517885,0.007294308396517885,0.8957144200000029,True,target,0.01852387096261554,0.03485070157298942,0.02333113827945521,0.033803829723413226,0,mean_strength|hold12|tp0.01000,False,1,-1,high,high,0.9
btcusdt_clarity_hold12_v1,BTCUSDT,3,470,1734631200000,1734631200000,-1,1,-0.0038960205696074927,0.0038960205696074927,0.8795057500000059,True,target_entry_bar,0.01730822906933005,0.015072266786403499,0.016920904983232954,0.016298961607384976,0,mean_strength|hold12|tp0.01000,False,1,-1,mid,high,0.9
btcusdt_clarity_hold12_v1,BTCUSDT,3,471,1734634800000,1734634800000,-1,1,-0.0025268062852626238,0.0025268062852626238,0.880126165000003,True,target_entry_bar,0.007869542800865825,-0.011935524703078126,0.008898644775609532,-0.006730326914824225,0,mean_strength|hold12|tp0.01000,False,1,-1,low,high,0.9
btcusdt_clarity_hold12_v1,BTCUSDT,3,472,1734660000000,1734660000000,1,1,0.0006457978628203137,0.0006457978628203137,0.8570788599999912,True,target_entry_bar,-0.005236986176446856,-0.009006673545483679,-0.021783034460004402,-0.02037209140287899,0,mean_strength|hold12|tp0.01000,False,1,0,low,high,0.9
btcusdt_clarity_hold12_v1,BTCUSDT,3,473,1734678000000,1734681600000,-1,1,-0.013596350022427435,0.013596350022427435,0.8657893000000116,True,target,0.02410093011987613,0.03525439529941399,0.026967240848812413,0.007630887871437175,0,mean_strength|hold12|tp0.01000,False,1,-1,high,high,0.9
btcusdt_clarity_hold12_v1,BTCUSDT,3,474,1734699600000,1734699600000,1,1,-0.002789815655159414,0.002789815655159414,0.8358145149999971,True,target_entry_bar,0.004392360381560767,0.015753036096987083,0.01987225280497551,0.022251754422826453,0,mean_strength|hold12|tp0.01000,False,1,-1,low,high,0.9
btcusdt_clarity_hold12_v1,BTCUSDT,3,475,1734757200000,1734757200000,1,1,-0.0005469984779058416,0.0005469984779058416,0.8679222300000029,True,target_entry_bar,0.00030209612130871477,-0.0004298280383723263,-0.004245565624299896,-0.01095554625162587,0,mean_strength|hold12|tp0.01000,False,1,0,low,high,0.9
btcusdt_clarity_hold12_v1,BTCUSDT,3,476,1734822000000,1734865200000,1,1,0.0011805755980188396,0.0011805755980188396,-0.30607661500000294,False,max_hold,-0.0004523872681772012,-0.005864584040188525,-0.011582142218219293,-0.0021282764661973985,0,mean_strength|hold12|tp0.01000,True,-1,0,low,mid,1.0
btcusdt_clarity_hold12_v1,BTCUSDT,3,477,1734966000000,1734966000000,-1,1,-0.0011299348633888146,0.0011299348633888146,0.8400528450000029,True,target_entry_bar,-0.007856885395032709,0.005474288117265469,-0.007707771922898621,-0.011934441564683151,0,mean_strength|hold12|tp0.01000,False,1,0,low,mid,0.9
btcusdt_clarity_hold12_v1,BTCUSDT,3,478,1734973200000,1734976800000,-1,1,-0.001120178096797625,0.001120178096797625,0.83622315,True,target,0.006791213312020816,0.0017559234293108572,-0.016283270410065498,-0.013156033991420735,0,mean_strength|hold12|tp0.01000,False,1,0,low,high,0.9
btcusdt_clarity_hold12_v1,BTCUSDT,3,479,1734991200000,1735034400000,-1,1,-0.00013719585454328206,0.00013719585454328206,-0.25135941,False,max_hold,0.0031640714485372534,0.011115758147667854,0.008010533594221214,0.012805504706700721,0,mean_strength|hold12|tp0.01000,True,-1,0,low,high,0.9
btcusdt_clarity_hold12_v1,BTCUSDT,3,480,1735038000000,1735045200000,1,1,0.00339788052306449,0.00339788052306449,0.8359933949999941,True,target,-0.0009325096165053726,0.032226684610412226,0.04634678761033806,0.04512286873867466,0,mean_strength|hold12|tp0.01000,False,1,1,mid,mid,0.8
btcusdt_clarity_hold12_v1,BTCUSDT,3,481,1735048800000,1735048800000,1,1,0.004448489855415377,0.004448489855415377,0.8549424199999971,True,target_entry_bar,0.008554545622532439,0.013679265621054038,-0.0014782846149581363,0.00708242052680319,0,mean_strength|hold12|tp0.01000,False,1,1,mid,high,0.8
btcusdt_clarity_hold12_v1,BTCUSDT,3,482,1735052400000,1735056000000,1,1,0.004448489855415377,0.004448489855415377,0.8668590700000058,True,target,0.002001150203321478,0.003293856591021438,0.0011369708937487566,-0.002478535475629484,0,mean_strength|hold12|tp0.01000,False,1,1,mid,high,0.8
btcusdt_clarity_hold12_v1,BTCUSDT,3,483,1735153200000,1735171200000,1,1,0.0030473787242417862,0.0030473787242417862,0.8785075649999972,True,target,0.0012285148810935453,-0.0021499010419140374,0.00022630537283307994,-0.013251998104692464,0,mean_strength|hold12|tp0.01000,False,1,1,mid,low,0.8
btcusdt_clarity_hold12_v1,BTCUSDT,3,484,1735174800000,1735196400000,-1,1,-0.006475405472158694,0.006475405472158694,0.8811113799999941,True,target,0.0031483671822365444,0.007612846792594552,0.013475253955155142,0.03383004877595486,0,mean_strength|hold12|tp0.01000,False,1,-1,high,low,0.8
btcusdt_clarity_hold12_v1,BTCUSDT,3,485,1735286400000,1735286400000,1,1,0.001633552711711168,0.001633552711711168,0.846136315000003,True,target_entry_bar,0.010930263663874618,0.012567713296885108,-0.0005078497266389759,-0.012011795489124122,0,mean_strength|hold12|tp0.01000,False,1,1,low,mid,0.8
btcusdt_clarity_hold12_v1,BTCUSDT,3,486,1735300800000,1735308000000,-1,1,-0.0046431301327466805,0.0046431301327466805,0.862495695,True,target,0.0027872473604435566,0.021877926014826077,0.021984491151472496,0.023674014143159394,0,mean_strength|hold12|tp0.01000,False,1,-1,mid,mid,0.8
btcusdt_clarity_hold12_v1,BTCUSDT,3,487,1735318800000,1735362000000,1,1,0.004566001094588,0.004566001094588,0.18532814500000583,True,max_hold,0.002769748113102599,0.0029659960644330408,-0.00010183677474451258,0.0033744039631478095,0,mean_strength|hold12|tp0.01000,False,1,1,mid,mid,0.9
btcusdt_clarity_hold12_v1,BTCUSDT,3,488,1735549200000,1735563600000,-1,1,-0.003917876708603188,0.003917876708603188,0.8349748399999913,True,target,0.0010942364530969195,0.0014319900613070091,0.018900350965421198,0.01939366301779122,0,mean_strength|hold12|tp0.01000,False,1,-1,mid,low,0.9
btcusdt_clarity_hold12_v1,BTCUSDT,3,489,1735578000000,1735578000000,1,1,0.000248749323872919,0.000248749323872919,0.8194485249999883,True,target_entry_bar,0.008213219616204581,0.00553411513859281,-0.011094882729211109,-0.01322707889125796,0,mean_strength|hold12|tp0.01000,False,1,0,low,low,0.9
btcusdt_clarity_hold12_v1,BTCUSDT,3,490,1735596000000,1735632000000,1,1,0.001470996114246312,0.001470996114246312,0.8190042400000029,True,target,-9.378233873746922e-05,-0.00385693342531912,-0.0036596671265953784,0.014177302518109558,0,mean_strength|hold12|tp0.01000,False,1,0,low,high,1.0
btcusdt_clarity_hold12_v1,BTCUSDT,4,1,1735704000000,1735747200000,1,1,0.0023859933151709526,0.0023859933151709526,0.4493532049999942,True,max_hold,0.002298359078518386,0.0012368378855096562,-0.0025367470201507203,0.005613341172697739,0,mean_strength|hold12|tp0.01000,False,1,1,low,mid,1.0
btcusdt_clarity_hold12_v1,BTCUSDT,4,2,1735790400000,1735790400000,1,1,0.006447405266569353,0.006447405266569353,0.845424975,True,target_entry_bar,-0.0012455759587119974,0.001218407355585871,0.01039930531971689,0.01564075583053892,0,mean_strength|hold12|tp0.01000,False,1,1,high,low,1.0
btcusdt_clarity_hold12_v1,BTCUSDT,4,3,1735794000000,1735808400000,1,1,0.00687539373309304,0.00687539373309304,0.851652115,True,target,-0.00010985619301207006,0.005710429537714612,0.01188434758499457,0.012083134981873744,0,mean_strength|hold12|tp0.01000,False,1,1,high,low,1.0
btcusdt_clarity_hold12_v1,BTCUSDT,4,4,1735894800000,1735912800000,1,1,0.0029618486648440917,0.0029618486648440917,0.8551186600000088,True,target,-0.0007035409141681326,0.0010734438690398473,0.010026753205307548,0.01772736598011848,0,mean_strength|hold12|tp0.01000,False,1,1,low,low,1.0
btcusdt_clarity_hold12_v1,BTCUSDT,4,5,1735916400000,1735920000000,1,1,0.004378205409059442,0.004378205409059442,0.8629456000000116,True,target,0.0035166368313337415,0.010301653168101943,0.00762416713257652,0.006872214157848555,0,mean_strength|hold12|tp0.01000,False,1,1,mid,low,1.0
btcusdt_clarity_hold12_v1,BTCUSDT,4,6,1735981200000,1736024400000,1,1,0.002443154670317906,0.002443154670317906,0.5503269799999942,True,max_hold,0.00098008793139992,0.001955055236199099,-0.0002119939412745797,0.007081826588956064,0,mean_strength|hold12|tp0.01000,False,1,1,low,low,1.0
btcusdt_clarity_hold12_v1,BTCUSDT,4,7,1736060400000,1736085600000,-1,1,-0.0028532223429913297,0.0028532223429913297,0.8759410200000057,True,target,0.004065144112565755,0.00541102954126893,0.005810112058705852,0.001784672584354552,0,mean_strength|hold12|tp0.01000,False,1,-1,low,low,1.0
btcusdt_clarity_hold12_v1,BTCUSDT,4,8,1736136000000,1736172000000,1,1,0.004332543335350288,0.004332543335350288,0.8809951650000001,True,target,0.0013779507759774656,-0.0014382989851442485,-0.00685455075787289,0.02709232270199058,0,mean_strength|hold12|tp0.01000,False,1,1,mid,low,1.0
btcusdt_clarity_hold12_v1,BTCUSDT,4,9,1736175600000,1736175600000,1,1,0.004386936129755847,0.004386936129755847,0.8961182350000001,True,target_entry_bar,0.00011850604038032841,-0.003945957328031491,-0.005269111547483218,-0.004340650999711038,0,mean_strength|hold12|tp0.01000,False,1,1,mid,low,1.0
btcusdt_clarity_hold12_v1,BTCUSDT,4,10,1736179200000,1736222400000,1,1,0.0018722040525452873,0.0018722040525452873,-0.6062993500000117,False,max_hold,-0.00314640322924975,-0.0033775115896926833,-0.0014747847068939945,-0.004954140658815609,0,mean_strength|hold12|tp0.01000,True,-1,1,low,mid,1.0
btcusdt_clarity_hold12_v1,BTCUSDT,4,11,1736244000000,1736247600000,-1,1,-0.0026809228060420535,0.0026809228060420535,0.9050639850000028,True,target,0.0057208023526417184,0.007664237537105212,0.03611237987942806,0.04180950586434029,0,mean_strength|hold12|tp0.01000,False,1,-1,low,mid,0.9
btcusdt_clarity_hold12_v1,BTCUSDT,4,12,1736251200000,1736258400000,-1,1,-0.008341027333809174,0.008341027333809174,0.8971438100000088,True,target,0.0012143501836419102,0.027772178770616884,0.03954929040444921,0.03459656864156613,0,mean_strength|hold12|tp0.01000,False,1,-1,high,mid,0.9
btcusdt_clarity_hold12_v1,BTCUSDT,4,13,1736262000000,1736262000000,-1,1,-0.010488756513161203,0.010488756513161203,0.88966462,True,target_entry_bar,0.0021344978772469547,0.012113530776089232,0.014702503081745255,0.014412456480243585,0,mean_strength|hold12|tp0.01000,False,1,-1,high,low,0.9
btcusdt_clarity_hold12_v1,BTCUSDT,4,14,1736265600000,1736269200000,-1,1,-0.0038506162361215774,0.0038506162361215774,0.8715852449999971,True,target,0.004660907229114275,0.013028842561840892,0.005910570761557876,0.014916131303713387,0,mean_strength|hold12|tp0.01000,False,1,-1,mid,mid,0.9
btcusdt_clarity_hold12_v1,BTCUSDT,4,15,1736272800000,1736280000000,-1,1,-0.0038506162361215774,0.0038506162361215774,0.86561229,True,target,0.003059055590245663,0.0026207184593690647,-0.005156664171728886,0.015107123805428002,0,mean_strength|hold12|tp0.01000,False,1,-1,mid,mid,0.9
btcusdt_clarity_hold12_v1,BTCUSDT,4,16,1736283600000,1736316000000,-1,1,-0.002985224377188753,0.002985224377188753,0.8590284899999913,True,target,-0.006769580319189172,-0.007797818518030963,-0.00029437464563630833,0.011139592664266673,0,mean_strength|hold12|tp0.01000,False,1,-1,low,mid,0.9
btcusdt_clarity_hold12_v1,BTCUSDT,4,17,1736319600000,1736355600000,1,1,0.0015238674148141868,0.0015238674148141868,-2.010098585000003,False,stop,0.002954143329805703,0.0029761033333195464,-0.0029781947622252725,-0.014757122361139574,0,mean_strength|hold12|tp0.01000,True,-1,0,low,mid,0.9
btcusdt_clarity_hold12_v1,BTCUSDT,4,18,1736362800000,1736406000000,-1,1,0.0012334519864622905,0.0012334519864622905,-0.0055208900000000005,False,max_hold,0.002851920880688419,-0.010938554743719964,-0.007813859889701735,0.011046815231189222,0,mean_strength|hold12|tp0.01000,True,-1,0,low,mid,0.8
btcusdt_clarity_hold12_v1,BTCUSDT,4,19,1736438400000,1736442000000,-1,1,-0.0025844581012111245,0.0025844581012111245,0.838455025,True,target,0.016492888781799886,0.02496542310129568,0.019048872575504028,0.004430513436428973,0,mean_strength|hold12|tp0.01000,False,1,-1,low,high,0.7
btcusdt_clarity_hold12_v1,BTCUSDT,4,20,1736481600000,1736521200000,-1,1,-0.0037119356172328113,0.0037119356172328113,0.8336459450000058,True,target,-0.0014073559938971858,-0.007080493299599588,-0.014575730145885313,0.0018988644129778187,0,mean_strength|hold12|tp0.01000,False,1,-1,mid,high,0.7
btcusdt_clarity_hold12_v1,BTCUSDT,4,21,1736524800000,1736528400000,-1,1,-0.00020437428084594484,0.00020437428084594484,-1.9771530149999914,False,stop,-0.022906634421053118,-0.017743989198289123,-0.0119062370479881,-0.004349739571093414,0,mean_strength|hold12|tp0.01000,True,-1,0,low,mid,0.8
btcusdt_clarity_hold12_v1,BTCUSDT,4,22,1736532000000,1736532000000,-1,1,-0.00029905982952187915,0.00029905982952187915,0.8523439750000058,True,target_entry_bar,-0.0047985201574758385,0.002511049779109764,0.002788414790410032,0.006948889959913829,0,mean_strength|hold12|tp0.01000,False,1,0,low,high,0.7
btcusdt_clarity_hold12_v1,BTCUSDT,4,23,1736571600000,1736614800000,1,1,0.0015201121136033387,0.0015201121136033387,0.23723638500000874,True,max_hold,-0.0016518621087430185,-0.00298353015019448,0.002678179516485635,-0.0021353339454484033,0,mean_strength|hold12|tp0.01000,False,1,0,low,high,0.7
btcusdt_clarity_hold12_v1,BTCUSDT,4,24,1736661600000,1736704800000,-1,1,-0.003555689542448294,0.003555689542448294,-0.7220570100000029,False,max_hold,0.00034667740977900596,0.00492875620202704,0.00033819600525841764,-0.006707730800220579,0,mean_strength|hold12|tp0.01000,True,-1,-1,mid,low,0.7
btcusdt_clarity_hold12_v1,BTCUSDT,4,25,1736730000000,1736730000000,-1,1,0.0001804215722644423,0.0001804215722644423,0.8480740650000029,True,target_entry_bar,0.00013379105447519635,-0.002958268871175118,0.006570627342007085,0.032774561011375325,0,mean_strength|hold12|tp0.01000,False,1,0,low,low,0.6
btcusdt_clarity_hold12_v1,BTCUSDT,4,26,1736744400000,1736748000000,-1,1,-0.003280637273448104,0.003280637273448104,0.8407704550000058,True,target,0.005578508665226911,0.01188899075843719,0.03507523178273253,0.023230860594651515,0,mean_strength|hold12|tp0.01000,False,1,-1,mid,low,0.6
btcusdt_clarity_hold12_v1,BTCUSDT,4,27,1736751600000,1736758800000,-1,1,-0.004243520209940324,0.004243520209940324,0.8332018800000058,True,target,0.005856266547239697,0.02084912123936078,0.02637724874115377,0.01371450192875201,0,mean_strength|hold12|tp0.01000,False,1,-1,mid,low,0.6
btcusdt_clarity_hold12_v1,BTCUSDT,4,28,1736762400000,1736762400000,-1,1,-0.00366065047580426,0.00366065047580426,0.8260784700000059,True,target_entry_bar,0.008512422044968049,0.005645838268347525,0.003104556077954568,-0.030050006931761963,0,mean_strength|hold12|tp0.01000,False,1,-1,mid,low,0.7
btcusdt_clarity_hold12_v1,BTCUSDT,4,29,1736766000000,1736769600000,-1,1,-0.00366065047580426,0.00366065047580426,0.8153860399999913,True,target,0.00125072252346492,-0.010707109630893719,-0.012274916737772035,-0.04027194406980272,0,mean_strength|hold12|tp0.01000,False,1,-1,mid,mid,0.8
btcusdt_clarity_hold12_v1,BTCUSDT,4,30,1736798400000,1736798400000,1,1,0.0025711087684832734,0.0025711087684832734,0.8211390299999971,True,target_entry_bar,0.006615217351796376,0.01008532005443552,0.013967003022175017,0.020418657307580856,0,mean_strength|hold12|tp0.01000,False,1,1,low,mid,0.8
btcusdt_clarity_hold12_v1,BTCUSDT,4,31,1736830800000,1736845200000,1,1,0.003981260547024448,0.003981260547024448,0.8460400000000117,True,target,0.0011866834305900298,0.005960818368931919,0.01709519709378471,0.016809592111822313,0,mean_strength|hold12|tp0.01000,False,1,1,mid,mid,0.8
btcusdt_clarity_hold12_v1,BTCUSDT,4,32,1736935200000,1736946000000,1,1,0.002107676520986115,0.002107676520986115,0.861259385000003,True,target,-0.0016895605388016488,0.020920825975264457,0.021250068377144604,0.028745235532170232,0,mean_strength|hold12|tp0.01000,False,1,1,low,low,0.9
btcusdt_clarity_hold12_v1,BTCUSDT,4,33,1737039600000,1737039600000,1,1,-0.0051221173820176135,0.0051221173820176135,0.8684639299999941,True,target_entry_bar,0.0004805643457523878,0.0026818915899224915,0.008491985053139084,0.017598528284284543,0,mean_strength|hold12|tp0.01000,False,1,-1,mid,mid,0.9
btcusdt_clarity_hold12_v1,BTCUSDT,4,34,1737043200000,1737075600000,-1,1,-0.005225401609911008,0.005225401609911008,-2.0944206599999973,False,stop,-0.00472579703139786,-0.010835196262058755,-0.004779167421908204,-0.021337079330554065,0,mean_strength|hold12|tp0.01000,True,-1,-1,mid,mid,0.9
btcusdt_clarity_hold12_v1,BTCUSDT,4,35,1737079200000,1737115200000,1,1,0.0059394835066466254,0.0059394835066466254,0.9044847850000088,True,target,-0.000521483744945983,0.0023867529275325428,0.010232757887070454,0.022404999910942136,0,mean_strength|hold12|tp0.01000,False,1,1,high,mid,0.9
btcusdt_clarity_hold12_v1,BTCUSDT,4,36,1737118800000,1737126000000,1,1,0.009334715895680551,0.009334715895680551,0.9139061350000001,True,target,0.008810813555217845,0.02445137454159152,0.032721276005764466,0.01765482388136652,0,mean_strength|hold12|tp0.01000,False,1,1,high,high,0.9
btcusdt_clarity_hold12_v1,BTCUSDT,4,37,1737129600000,1737133200000,1,1,0.0018611101250135705,0.0018611101250135705,0.92502987,True,target,-0.008048690527134417,0.008072517319695605,-0.005270486514511896,-0.012985601945791236,0,mean_strength|hold12|tp0.01000,False,1,1,low,mid,0.9
btcusdt_clarity_hold12_v1,BTCUSDT,4,38,1737180000000,1737201600000,1,1,0.003068907817674874,0.003068907817674874,0.9146214350000028,True,target,-0.005986460348162526,-0.0026160541586073283,7.253384912964123e-05,0.0062350096711798475,0,mean_strength|hold12|tp0.01000,False,1,1,mid,mid,0.9
btcusdt_clarity_hold12_v1,BTCUSDT,4,39,1737205200000,1737208800000,1,1,0.0006611076996821873,0.0006611076996821873,0.9202257399999914,True,target,-0.0036442967044132413,-0.010720098459273353,0.00021566721685761792,0.0011991097257288974,0,mean_strength|hold12|tp0.01000,False,1,0,low,mid,0.9
btcusdt_clarity_hold12_v1,BTCUSDT,4,40,1737219600000,1737223200000,1,1,0.0019769669998847346,0.0019769669998847346,0.9184453000000057,True,target,0.0025119478917752236,0.0020812456640715293,0.007133084097741493,0.012633932012641624,0,mean_strength|hold12|tp0.01000,False,1,1,low,mid,0.9
btcusdt_clarity_hold12_v1,BTCUSDT,4,41,1737324000000,1737324000000,1,1,-0.0033712538041764874,0.0033712538041764874,-2.187772090000003,False,stop_entry_bar,-0.020166987921277912,-0.026407999481608213,-0.011619326342136582,0.044450161368786434,0,mean_strength|hold12|tp0.01000,True,-1,-1,mid,high,0.9
btcusdt_clarity_hold12_v1,BTCUSDT,4,42,1737327600000,1737327600000,-1,1,-0.0021813155993899757,0.0021813155993899757,0.920388815,True,target_entry_bar,0.015221371710023135,-0.005981551946225183,-0.010054139954496888,-0.06865953026063187,0,mean_strength|hold12|tp0.01000,False,1,-1,low,high,0.8
btcusdt_clarity_hold12_v1,BTCUSDT,4,43,1737342000000,1737352800000,1,1,0.01843016516742872,0.01843016516742872,0.9069734849999972,True,target,0.0031489725102946675,0.05574996687100309,0.06169060952446381,0.030765304369591906,0,mean_strength|hold12|tp0.01000,False,1,1,high,high,0.8
btcusdt_clarity_hold12_v1,BTCUSDT,4,44,1737385200000,1737385200000,-1,1,-0.017204380848419257,0.017204380848419257,0.9605423899999913,True,target_entry_bar,-0.015965343823892697,0.010491511655700836,0.02307142170124954,0.019865020707808045,0,mean_strength|hold12|tp0.01000,False,1,-1,high,high,0.8
btcusdt_clarity_hold12_v1,BTCUSDT,4,45,1737388800000,1737388800000,-1,1,-0.026162835248614964,0.026162835248614964,0.9346336550000001,True,target_entry_bar,0.035092027760176725,0.028223221215313843,0.029057451267842205,0.040755418745992866,0,mean_strength|hold12|tp0.01000,False,1,-1,high,high,0.9
btcusdt_clarity_hold12_v1,BTCUSDT,4,46,1737392400000,1737392400000,-1,1,-0.0018469527432479163,0.0018469527432479163,0.9495915950000029,True,target_entry_bar,-0.00938009391751038,-0.006716442558581948,0.006739756793670892,0.015271795409815603,0,mean_strength|hold12|tp0.01000,False,1,-1,low,high,0.9
btcusdt_clarity_hold12_v1,BTCUSDT,4,47,1737450000000,1737457200000,1,1,0.009696407862205254,0.009696407862205254,0.9115993949999941,True,target,0.0045081017278620905,0.017638958413272787,0.012147235439970983,0.03949287994561845,0,mean_strength|hold12|tp0.01000,False,1,1,high,high,0.9
btcusdt_clarity_hold12_v1,BTCUSDT,4,48,1737471600000,1737475200000,1,1,0.0007378987389236304,0.0007378987389236304,0.9189837000000116,True,target,0.00987596351743636,0.027950785679852874,0.027017457093345243,0.01596376760695506,0,mean_strength|hold12|tp0.01000,False,1,0,low,high,0.9
btcusdt_clarity_hold12_v1,BTCUSDT,4,49,1737554400000,1737597600000,1,1,-0.0007616226203831723,0.0007616226203831723,-1.3102574799999942,False,max_hold,-0.002198960404340422,-0.000635255227920628,-0.0008719189402831562,-0.01669197786667309,0,mean_strength|hold12|tp0.01000,True,-1,0,low,mid,0.9
btcusdt_clarity_hold12_v1,BTCUSDT,4,50,1737626400000,1737640800000,1,1,0.0032077237560356325,0.0032077237560356325,0.9044853350000088,True,target,0.002630807404040425,0.0081767540519746,0.03402438760431248,0.022577325470426457,0,mean_strength|hold12|tp0.01000,False,1,1,mid,mid,0.8
btcusdt_clarity_hold12_v1,BTCUSDT,4,51,1737673200000,1737694800000,1,1,0.0021235125559381303,0.0021235125559381303,0.9249401549999943,True,target,-0.004306589090937174,-0.008625694537381157,0.012669440162674128,0.014537265522928555,0,mean_strength|hold12|tp0.01000,False,1,1,low,high,0.8
btcusdt_clarity_hold12_v1,BTCUSDT,4,52,1737741600000,1737748800000,-1,1,-0.0030701905394353336,0.0030701905394353336,0.9471881000000059,True,target,0.005112449421285414,0.01124682412722311,0.017870518490637144,0.018866095793732884,0,mean_strength|hold12|tp0.01000,False,1,-1,mid,mid,0.9
btcusdt_clarity_hold12_v1,BTCUSDT,4,53,1737914400000,1737932400000,-1,1,-0.005331944133345148,0.005331944133345148,0.933738705,True,target,0.0008911604868759859,0.006123042918365185,0.03303285595536776,0.05921319183822549,0,mean_strength|hold12|tp0.01000,False,1,-1,mid,low,0.9
btcusdt_clarity_hold12_v1,BTCUSDT,4,54,1737972000000,1737972000000,-1,1,-0.000499880304976069,0.000499880304976069,0.8844984399999971,True,target_entry_bar,-0.003480154578645145,-0.021170686179119658,-0.013728462540299358,-0.03281288602722521,0,mean_strength|hold12|tp0.01000,False,1,0,low,mid,0.9
btcusdt_clarity_hold12_v1,BTCUSDT,4,55,1738087200000,1738094400000,-1,1,-0.001000167182374964,0.001000167182374964,0.9125421849999971,True,target,-0.0020320846192924957,0.018230030804288644,0.004987221163436972,-0.005894611549797313,0,mean_strength|hold12|tp0.01000,False,1,0,low,mid,0.9
btcusdt_clarity_hold12_v1,BTCUSDT,4,56,1738101600000,1738101600000,1,1,0.0026461385204040013,0.0026461385204040013,0.8925642850000001,True,target_entry_bar,0.0005848623400026565,0.00578638298208678,0.007272249467498604,0.012740514757894728,0,mean_strength|hold12|tp0.01000,False,1,1,low,mid,0.9
btcusdt_clarity_hold12_v1,BTCUSDT,4,57,1738126800000,1738170000000,1,1,0.004454161398036926,0.004454161398036926,-0.0624356399999971,False,max_hold,0.0053317263151511085,0.004761378344190881,0.0036823152018767846,0.0014136411973197927,0,mean_strength|hold12|tp0.01000,True,-1,1,mid,low,0.9
btcusdt_clarity_hold12_v1,BTCUSDT,4,58,1738173600000,1738177200000,1,1,0.005867610279510125,0.005867610279510125,0.9108804649999913,True,target,0.007225139751205534,0.008501308754110815,0.01138630666769136,0.022687016633968105,0,mean_strength|hold12|tp0.01000,False,1,1,high,mid,0.8
btcusdt_clarity_hold12_v1,BTCUSDT,4,59,1738180800000,1738180800000,1,1,0.0012589291737942578,0.0012589291737942578,0.9214675600000001,True,target_entry_bar,-0.004548967649331992,-0.004390550667031534,0.004691062881940988,0.008204079477319937,0,mean_strength|hold12|tp0.01000,False,1,0,low,mid,0.8
btcusdt_clarity_hold12_v1,BTCUSDT,4,60,1738213200000,1738256400000,-1,1,-0.002772216790512051,0.002772216790512051,-0.39397029499999425,False,max_hold,0.0019270365121208943,0.0031620485822042577,0.0008657425118494544,0.000977757442110594,0,mean_strength|hold12|tp0.01000,True,-1,-1,low,low,0.9
btcusdt_clarity_hold12_v1,BTCUSDT,4,61,1738324800000,1738335600000,1,1,0.0033844467957109673,0.0033844467957109673,0.9316050900000088,True,target,-0.00032197872647377057,0.0070863982618880605,-0.01973146783126778,-0.021163652136859112,0,mean_strength|hold12|tp0.01000,False,1,1,mid,low,0.8
btcusdt_clarity_hold12_v1,BTCUSDT,4,62,1738346400000,1738346400000,-1,1,-0.0003821690635170415,0.0003821690635170415,0.9305394350000088,True,target_entry_bar,0.0031608156327332937,0.0048752389130226614,0.0014610122212357357,0.002273876926045859,0,mean_strength|hold12|tp0.01000,False,1,0,low,low,0.8
btcusdt_clarity_hold12_v1,BTCUSDT,4,63,1738396800000,1738440000000,-1,1,-0.004166826078517141,0.004166826078517141,0.3437671999999884,True,max_hold,0.003303721761710343,-4.118620183790611e-05,0.001927906495554299,0.006672164697737348,0,mean_strength|hold12|tp0.01000,False,1,-1,mid,mid,0.8
btcusdt_clarity_hold12_v1,BTCUSDT,4,64,1738476000000,1738494000000,-1,1,-0.0007450139282507351,0.0007450139282507351,0.8919729000000058,True,target,0.006400426229475453,0.005864646200601231,0.02098521666166142,0.03169981951097345,0,mean_strength|hold12|tp0.01000,False,1,0,low,mid,0.8
btcusdt_clarity_hold12_v1,BTCUSDT,4,65,1738501200000,1738504800000,1,1,0.001478749468940867,0.001478749468940867,0.8731691049999971,True,target,0.0041336708860759686,-0.005344810126582278,-0.005245569620253132,-0.054092151898734286,0,mean_strength|hold12|tp0.01000,False,1,0,low,mid,0.8
btcusdt_clarity_hold12_v1,BTCUSDT,4,66,1738515600000,1738515600000,-1,1,0.0005825100311729811,0.0005825100311729811,0.8742495250000116,True,target_entry_bar,0.0015719630917880867,-0.005717912869213304,-0.004744694881757994,0.031186184008156204,0,mean_strength|hold12|tp0.01000,False,1,0,low,mid,0.8
btcusdt_clarity_hold12_v1,BTCUSDT,4,67,1738526400000,1738530000000,-1,1,-0.00045825350699675826,0.00045825350699675826,0.8743389100000029,True,target,0.0077772810919904956,0.0009676848497992552,0.04316733685150542,0.025343932176135064,0,mean_strength|hold12|tp0.01000,False,1,0,low,mid,0.8
btcusdt_clarity_hold12_v1,BTCUSDT,4,68,1738533600000,1738540800000,-1,1,-0.01617669386190898,0.01617669386190898,0.863387675,True,target,0.0031345818584161966,0.04657676306194869,0.053141930926921765,0.02350272936238673,0,mean_strength|hold12|tp0.01000,False,1,-1,high,mid,0.9
btcusdt_clarity_hold12_v1,BTCUSDT,4,69,1738544400000,1738544400000,-1,1,-0.0009549515605878319,0.0009549515605878319,0.858672489999997,True,target_entry_bar,-0.001399231760741193,0.006885890348191315,-0.01994146136750019,-0.012922820645680844,0,mean_strength|hold12|tp0.01000,False,1,0,low,high,0.9
btcusdt_clarity_hold12_v1,BTCUSDT,4,70,1738569600000,1738591200000,-1,1,-0.0036924373263639665,0.0036924373263639665,0.8479779699999972,True,target,0.000569890272508311,0.0022113421808011013,-0.01321137891405999,-0.06037898227882632,0,mean_strength|hold12|tp0.01000,False,1,-1,mid,high,0.9
btcusdt_clarity_hold12_v1,BTCUSDT,4,71,1738605600000,1738609200000,-1,1,-0.0034565791469059817,0.0034565791469059817,-2.09210054,False,stop,-0.020635843364437134,-0.01973279344111134,-0.012562516913393384,0.004551331522556268,0,mean_strength|hold12|tp0.01000,True,-1,-1,mid,high,1.0
btcusdt_clarity_hold12_v1,BTCUSDT,4,72,1738612800000,1738630800000,-1,1,-0.007274489313616826,0.007274489313616826,0.9064007999999882,True,target,-0.007000579010140173,-0.002565460313061374,0.0022081566197685865,0.027609380954030538,0,mean_strength|hold12|tp0.01000,False,1,-1,high,high,0.9
btcusdt_clarity_hold12_v1,BTCUSDT,4,73,1738634400000,1738641600000,-1,1,-0.0036338864129363733,0.0036338864129363733,0.9020385350000087,True,target,0.0021257516511028474,0.019770581501695195,0.02545743834526648,0.0086150971021135,0,mean_strength|hold12|tp0.01000,False,1,-1,mid,high,0.9
btcusdt_clarity_hold12_v1,BTCUSDT,4,74,1738645200000,1738645200000,-1,1,-0.0007319222916657344,0.0007319222916657344,0.8901954300000058,True,target_entry_bar,-0.0050658633066951175,0.005801556999057933,-0.0010696399351131092,-0.0032939243034944,0,mean_strength|hold12|tp0.01000,False,1,0,low,high,0.9
btcusdt_clarity_hold12_v1,BTCUSDT,4,75,1738652400000,1738652400000,-1,1,0.0006753774247583136,0.0006753774247583136,0.8840497549999972,True,target_entry_bar,0.0016269481967906563,-0.003423603044964141,-0.00571616714987333,-0.004132915875294962,0,mean_strength|hold12|tp0.01000,False,1,0,low,high,0.9
btcusdt_clarity_hold12_v1,BTCUSDT,4,76,1738706400000,1738706400000,1,1,0.002426000771218342,0.002426000771218342,0.85831397,True,target_entry_bar,0.0007189698452576554,0.0017339258518820344,0.0036900973681812665,0.0005335944293152206,0,mean_strength|hold12|tp0.01000,False,1,1,low,high,0.9
btcusdt_clarity_hold12_v1,BTCUSDT,4,77,1738832400000,1738854000000,-1,1,-0.007304286458915043,0.007304286458915043,0.8730942299999942,True,target,-0.004197170638270409,0.002559695798973971,0.012994286085319051,0.018123823128368244,0,mean_strength|hold12|tp0.01000,False,1,-1,high,low,0.9
btcusdt_clarity_hold12_v1,BTCUSDT,4,78,1738886400000,1738890000000,1,1,0.002894223968680325,0.002894223968680325,0.8588492899999912,True,target,0.009226536347888059,0.009841293207921487,0.0026259344459775846,0.015098345547263303,0,mean_strength|hold12|tp0.01000,False,1,1,low,mid,0.9
btcusdt_clarity_hold12_v1,BTCUSDT,4,79,1738918800000,1738933200000,1,1,0.008261572098812885,0.008261572098812885,0.863035095000003,True,target,-0.0002036203283017901,0.006967311738609094,0.010461765655626731,-0.01309854606858507,0,mean_strength|hold12|tp0.01000,False,1,1,high,mid,0.9
btcusdt_clarity_hold12_v1,BTCUSDT,4,80,1738962000000,1738972800000,1,1,0.0015996330921981515,0.0015996330921981515,0.8518312149999971,True,target,0.0005022606941409435,0.006741964089402419,0.007230678333286278,0.0016370364118161174,0,mean_strength|hold12|tp0.01000,False,1,0,low,mid,0.9
btcusdt_clarity_hold12_v1,BTCUSDT,4,81,1739098800000,1739109600000,-1,1,-0.0019438229020787004,0.0019438229020787004,0.8609807700000028,True,target,0.00018650685101828657,0.004466839081888829,0.0039487644957267864,0.0009076666749557871,0,mean_strength|hold12|tp0.01000,False,1,-1,low,low,0.9
btcusdt_clarity_hold12_v1,BTCUSDT,4,82,1739124000000,1739134800000,-1,1,-0.005186132892845872,0.005186132892845872,0.8556383499999883,True,target,0.0016117895647543845,0.01087178058032745,-0.0053168258352189746,-0.009873510914415018,0,mean_strength|hold12|tp0.01000,False,1,-1,mid,low,1.0
btcusdt_clarity_hold12_v1,BTCUSDT,4,83,1739242800000,1739278800000,-1,1,-0.006663868014732773,0.006663868014732773,0.8697990849999971,True,target,-0.0046481594416059036,-0.008337988325791468,-0.004047537295457815,0.006172263761268004,0,mean_strength|hold12|tp0.01000,False,1,-1,high,low,1.0
btcusdt_clarity_hold12_v1,BTCUSDT,4,84,1739282400000,1739296800000,-1,1,-0.003951742165259007,0.003951742165259007,0.8609799999999883,True,target,-0.0006016201434395629,0.008100717197255025,0.016975388266859293,0.014120014447138951,0,mean_strength|hold12|tp0.01000,False,1,-1,mid,low,1.0
btcusdt_clarity_hold12_v1,BTCUSDT,4,85,1739376000000,1739376000000,1,1,0.0003975205212450705,0.0003975205212450705,0.8521821550000058,True,target_entry_bar,0.003875421247045985,0.0021899173030286434,0.008526545655598072,-0.0004053874234999366,0,mean_strength|hold12|tp0.01000,False,1,0,low,mid,1.0
btcusdt_clarity_hold12_v1,BTCUSDT,4,86,1739408400000,1739419200000,-1,1,-0.003690842783173562,0.003690842783173562,0.8703341850000029,True,target,0.005169496803651863,0.010566684262491521,0.019618153581941522,0.01952013428643473,0,mean_strength|hold12|tp0.01000,False,1,-1,mid,mid,1.0
btcusdt_clarity_hold12_v1,BTCUSDT,4,87,1739430000000,1739473200000,1,1,0.002725623482867198,0.002725623482867198,-0.22859626,False,max_hold,-0.0013570301556471431,0.001010221988470894,9.998073287964537e-05,-0.004485593922004538,0,mean_strength|hold12|tp0.01000,True,-1,1,low,mid,1.0
btcusdt_clarity_hold12_v1,BTCUSDT,4,88,1739700000000,1739743200000,-1,1,-0.0011279402355392674,0.0011279402355392674,0.03297598500000873,True,max_hold,-0.0015750447034745818,0.0034373034411124825,0.0013609209790808041,0.0032262680396665244,0,mean_strength|hold12|tp0.01000,False,1,0,low,low,0.9
btcusdt_clarity_hold12_v1,BTCUSDT,4,89,1739800800000,1739844000000,1,1,0.0008574651843899351,0.0008574651843899351,-0.27905931499999126,False,max_hold,-0.011963238052522196,-0.013735607891851354,-0.008611753860717553,-0.007548331957120125,0,mean_strength|hold12|tp0.01000,True,-1,0,low,low,0.9
btcusdt_clarity_hold12_v1,BTCUSDT,4,90,1739898000000,1739901600000,-1,1,-0.0009181127094200275,0.0009181127094200275,0.842017555,True,target,0.00196120950819878,-0.0009534986064250184,-0.01644864820047065,-0.012463512999258075,0,mean_strength|hold12|tp0.01000,False,1,0,low,low,0.8
btcusdt_clarity_hold12_v1,BTCUSDT,4,91,1739926800000,1739970000000,-1,1,-0.003670405169021706,0.003670405169021706,-0.99325493,False,max_hold,-0.0037440703168469813,0.002618648676686375,-0.002195305713348583,-0.00855592894963797,0,mean_strength|hold12|tp0.01000,True,-1,-1,mid,mid,0.8
btcusdt_clarity_hold12_v1,BTCUSDT,4,92,1740042000000,1740074400000,1,1,0.003503542213568601,0.003503542213568601,0.864105625,True,target,0.001985793699814664,0.0024861025324274255,-0.002774346304303066,0.00926291949763236,0,mean_strength|hold12|tp0.01000,False,1,1,mid,low,0.7
btcusdt_clarity_hold12_v1,BTCUSDT,4,93,1740124800000,1740142800000,1,1,0.0020774805352233505,0.0020774805352233505,0.8732631100000029,True,target,0.00120407061436123,0.004204060427638545,0.005838010736805677,-0.03191194596962321,0,mean_strength|hold12|tp0.01000,False,1,1,low,low,0.7
btcusdt_clarity_hold12_v1,BTCUSDT,4,94,1740146400000,1740150000000,-1,1,-0.006962762642330117,0.006962762642330117,0.883690565000003,True,target,0.0069120853634946355,0.01833702821852523,0.03753085119419575,0.02475184853975232,0,mean_strength|hold12|tp0.01000,False,1,-1,high,low,0.7
btcusdt_clarity_hold12_v1,BTCUSDT,4,95,1740153600000,1740157200000,-1,1,-0.0035489451640735186,0.0035489451640735186,0.8728297050000059,True,target,0.012767981455056976,0.029899239278450174,0.024409496135281983,0.018670219212878814,0,mean_strength|hold12|tp0.01000,False,1,-1,mid,low,0.7
btcusdt_clarity_hold12_v1,BTCUSDT,4,96,1740402000000,1740405600000,-1,1,-0.004524507254908446,0.004524507254908446,0.8522569000000001,True,target,0.009498032886742669,0.011996303355134463,0.01705982766434211,0.037302412134037954,0,mean_strength|hold12|tp0.01000,False,1,-1,mid,low,0.7
btcusdt_clarity_hold12_v1,BTCUSDT,4,97,1740412800000,1740434400000,-1,1,-0.002207046601785492,0.002207046601785492,0.839344805,True,target,-0.0022891973402514587,0.005125005429031049,0.021395149782997613,0.02689409628611883,0,mean_strength|hold12|tp0.01000,False,1,-1,low,low,0.7
btcusdt_clarity_hold12_v1,BTCUSDT,4,98,1740445200000,1740466800000,-1,1,-0.0033979993805420884,0.0033979993805420884,0.817347560000003,True,target,-0.0037920462699223556,0.0013143875975734076,0.029561218499271624,0.03472309799743423,0,mean_strength|hold12|tp0.01000,False,1,-1,mid,mid,0.8
btcusdt_clarity_hold12_v1,BTCUSDT,4,99,1740470400000,1740474000000,-1,1,-0.00245948536072875,0.00245948536072875,0.7945508000000117,True,target,0.012265606728459,0.0019795509809911183,0.024973227384273433,0.013692360544605875,0,mean_strength|hold12|tp0.01000,False,1,-1,low,high,0.8
btcusdt_clarity_hold12_v1,BTCUSDT,4,100,1740488400000,1740492000000,-1,1,-0.008114772510835323,0.008114772510835323,0.7953553750000059,True,target,0.01865227434757588,0.015307231487102557,0.009841408927547701,0.0015170951963158208,0,mean_strength|hold12|tp0.01000,False,1,-1,high,high,0.9
btcusdt_clarity_hold12_v1,BTCUSDT,4,101,1740495600000,1740510000000,1,1,0.0029459521353290526,0.0029459521353290526,0.7754273499999884,True,target,0.0025468168229807464,-0.0019975483591321286,0.017989402214733108,0.01886203958631727,0,mean_strength|hold12|tp0.01000,False,1,1,low,high,0.9
btcusdt_clarity_hold12_v1,BTCUSDT,4,102,1740513600000,1740556800000,-1,1,-0.00429912930564758,0.00429912930564758,-0.9092038750000058,False,max_hold,-0.007211246640291824,-0.0056614412736086805,-0.009476957707104772,-0.003337867780953241,0,mean_strength|hold12|tp0.01000,True,-1,-1,mid,high,1.0
btcusdt_clarity_hold12_v1,BTCUSDT,4,103,1740564000000,1740571200000,-1,1,-0.003235719124174856,0.003235719124174856,0.7928518249999883,True,target,0.007306502103183177,0.023221877140029434,0.027324009015723627,0.05414701995810434,0,mean_strength|hold12|tp0.01000,False,1,-1,mid,mid,0.9
btcusdt_clarity_hold12_v1,BTCUSDT,4,104,1740574800000,1740578400000,-1,1,-0.000187606097449788,0.000187606097449788,0.7824415200000058,True,target,-0.005038439472174527,0.004199655765920851,0.038072289156626526,0.02795180722891566,0,mean_strength|hold12|tp0.01000,False,1,0,low,mid,0.9
btcusdt_clarity_hold12_v1,BTCUSDT,4,105,1740582000000,1740585600000,-1,1,-0.004063065816258881,0.004063065816258881,0.7796816950000001,True,target,0.00859528150575073,0.03805845339767233,0.03370940545875756,0.026987630288657027,0,mean_strength|hold12|tp0.01000,False,1,-1,mid,mid,0.9
btcusdt_clarity_hold12_v1,BTCUSDT,4,106,1740592800000,1740592800000,-1,1,-0.010855212549687495,0.010855212549687495,0.7656092449999972,True,target_entry_bar,0.004428483378045578,-0.004521114566967244,-0.005762134982643774,-0.02389172126562711,0,mean_strength|hold12|tp0.01000,False,1,-1,high,mid,0.9
btcusdt_clarity_hold12_v1,BTCUSDT,4,107,1740596400000,1740600000000,-1,1,-0.00909427076089608,0.00909427076089608,0.7494862200000058,True,target,-0.006109838725069094,-0.006665712377135202,-0.010521042084168375,-0.028579778604828743,0,mean_strength|hold12|tp0.01000,False,1,-1,high,high,0.9
btcusdt_clarity_hold12_v1,BTCUSDT,4,108,1740603600000,1740603600000,-1,1,-0.011301061019146843,0.011301061019146843,0.75073145,True,target_entry_bar,0.002302992471531873,-0.001235434873075425,-0.006956266787727428,-0.018337636666288182,0,mean_strength|hold12|tp0.01000,False,1,-1,high,high,0.9
btcusdt_clarity_hold12_v1,BTCUSDT,4,109,1740607200000,1740636000000,-1,1,0.009963516497294012,0.009963516497294012,-1.7848276249999944,False,stop,0.002160188077373393,-0.0038298013527540142,-0.008587428961450705,-0.030681069500466895,0,mean_strength|hold12|tp0.01000,True,-1,1,high,high,0.9
btcusdt_clarity_hold12_v1,BTCUSDT,4,110,1740639600000,1740672000000,1,1,0.006065374056319205,0.006065374056319205,-1.8191369199999972,False,stop,-0.002206942300577719,0.008722234914685378,-0.0017291387126439073,-0.024863182334255995,0,mean_strength|hold12|tp0.01000,True,-1,1,high,high,0.8
btcusdt_clarity_hold12_v1,BTCUSDT,4,111,1740679200000,1740686400000,1,1,0.012024823170431095,0.012024823170431095,-1.7843409500000118,False,stop,-0.0060687444294977855,-0.002571001000030715,-0.004267270625338382,-0.06238253185086062,0,mean_strength|hold12|tp0.01000,True,-1,1,high,high,0.7
btcusdt_clarity_hold12_v1,BTCUSDT,4,112,1740690000000,1740704400000,-1,1,-0.002098302412365686,0.002098302412365686,0.743166835,True,target,-0.0034960932639171993,0.0017006419775326131,0.046820392060194393,0.04835274751451468,0,mean_strength|hold12|tp0.01000,False,1,-1,low,mid,0.6
btcusdt_clarity_hold12_v1,BTCUSDT,4,113,1740708000000,1740708000000,-1,1,-0.006173898274992341,0.006173898274992341,0.7264270250000117,True,target_entry_bar,0.004244044966077443,0.010320408062199804,0.0224867528351409,-0.015896597830931558,0,mean_strength|hold12|tp0.01000,False,1,-1,high,high,0.7
btcusdt_clarity_hold12_v1,BTCUSDT,4,114,1740711600000,1740715200000,-1,1,-0.005456718102113497,0.005456718102113497,0.7189392550000029,True,target,0.0007161578133313418,0.013791011224778993,0.00160762509138479,-0.04375152307868291,0,mean_strength|hold12|tp0.01000,False,1,-1,mid,high,0.7
btcusdt_clarity_hold12_v1,BTCUSDT,4,115,1740754800000,1740754800000,-1,1,-0.0073500524242090465,0.0073500524242090465,-1.731418665000003,False,stop_entry_bar,-0.004314570550137509,-0.005279452423580633,-0.0030018547173789045,-0.015857416665773227,0,mean_strength|hold12|tp0.01000,True,-1,-1,high,high,0.7
btcusdt_clarity_hold12_v1,BTCUSDT,4,116,1740758400000,1740794400000,-1,1,-0.016851753341484192,0.016851753341484192,-1.7713196649999912,False,stop,0.008765239834278793,-0.0009844586011436007,0.002404213957250767,-0.021583365259048914,0,mean_strength|hold12|tp0.01000,True,-1,-1,high,high,0.6
btcusdt_clarity_hold12_v1,BTCUSDT,4,117,1740798000000,1740801600000,1,1,0.0032069741826824746,0.0032069741826824746,0.7580782350000029,True,target,0.00997545711561898,-0.0029948651079454436,0.0006519753328180222,-0.0061468609615698,0,mean_strength|hold12|tp0.01000,False,1,1,mid,high,0.5
btcusdt_clarity_hold12_v1,BTCUSDT,4,118,1740877200000,1740920400000,1,1,0.0031509573355297344,0.0031509573355297344,-0.16947871500000875,False,max_hold,-0.006564318151005999,-0.006960610614844209,-0.0012572436352765726,-0.007212059341899502,0,mean_strength|hold12|tp0.01000,True,-1,1,mid,mid,0.5
btcusdt_clarity_hold12_v1,BTCUSDT,4,119,1740931200000,1740931200000,-1,1,0.005864254564437555,0.005864254564437555,-1.8439418350000087,False,stop_entry_bar,-0.03153060261897611,-0.02524971096490569,-0.03312440904114933,-0.018159301664885996,0,mean_strength|hold12|tp0.01000,True,-1,1,high,mid,0.4
btcusdt_clarity_hold12_v1,BTCUSDT,4,120,1740934800000,1740934800000,1,1,0.005511565361604345,0.005511565361604345,0.8112661349999912,True,target_entry_bar,-0.013712264687648523,0.002446833737594467,0.001944919124754696,-0.007965767721998751,0,mean_strength|hold12|tp0.01000,False,1,1,mid,high,0.4
btcusdt_clarity_hold12_v1,BTCUSDT,4,121,1740938400000,1740981600000,1,1,0.005511565361604345,0.005511565361604345,-0.8990577900000001,False,max_hold,0.007729346719798524,0.01611529438147996,0.0056107574738222254,-0.012315849850782157,0,mean_strength|hold12|tp0.01000,True,-1,1,mid,high,0.5
btcusdt_clarity_hold12_v1,BTCUSDT,4,122,1740985200000,1741006800000,-1,1,-0.007282864826419966,0.007282864826419966,-1.9329255799999971,False,stop,0.009504105374899763,-0.002025607140536012,-0.013129617192746856,0.07329014926666522,0,mean_strength|hold12|tp0.01000,True,-1,-1,high,high,0.5
btcusdt_clarity_hold12_v1,BTCUSDT,4,123,1741010400000,1741010400000,-1,1,-0.005825368622196841,0.005825368622196841,0.832482620000003,True,target_entry_bar,-0.008638638436730295,-0.011417704894518765,0.03593176047136548,0.06006033263632571,0,mean_strength|hold12|tp0.01000,False,1,-1,high,high,0.4
btcusdt_clarity_hold12_v1,BTCUSDT,4,124,1741014000000,1741014000000,-1,1,-0.007021793477361204,0.007021793477361204,-1.8829958650000087,False,stop_entry_bar,-0.0011543225992811657,0.032371027502652416,0.052046728400890974,0.06755398041317862,0,mean_strength|hold12|tp0.01000,True,-1,-1,high,high,0.4
btcusdt_clarity_hold12_v1,BTCUSDT,4,125,1741017600000,1741024800000,-1,1,-0.0036239091993432713,0.0036239091993432713,0.8011339399999913,True,target,-0.0015990962498364514,0.05061844298406226,0.03906300283864539,0.07481462246458337,0,mean_strength|hold12|tp0.01000,False,1,-1,mid,high,0.3
btcusdt_clarity_hold12_v1,BTCUSDT,4,126,1741028400000,1741028400000,-1,1,-0.007563087916890694,0.007563087916890694,0.7753167899999913,True,target_entry_bar,-0.0056117916588742656,-0.012171544791471867,0.02569314568917158,0.027966616794464216,0,mean_strength|hold12|tp0.01000,False,1,-1,high,high,0.4
btcusdt_clarity_hold12_v1,BTCUSDT,4,127,1741032000000,1741050000000,-1,1,-0.0012151770676151047,0.0012151770676151047,0.7615101849999913,True,target,0.008221349937988287,-0.001866745087008015,0.02502786750526853,0.025252202375624866,0,mean_strength|hold12|tp0.01000,False,1,0,low,high,0.5
btcusdt_clarity_hold12_v1,BTCUSDT,4,128,1741053600000,1741053600000,1,1,-0.001535548218878474,0.001535548218878474,0.74180581,True,target_entry_bar,0.0005972896640276115,0.0041977183773274085,-0.00023009362306836145,-0.00860526306377396,0,mean_strength|hold12|tp0.01000,False,1,0,low,high,0.5
btcusdt_clarity_hold12_v1,BTCUSDT,4,129,1741064400000,1741064400000,1,1,-5.03506656292144e-05,5.03506656292144e-05,0.7418866149999913,True,target_entry_bar,-0.00478683620044873,-0.004409302988210961,-0.004047203523643295,0.013751469174057007,0,mean_strength|hold12|tp0.01000,False,1,0,low,high,0.6
btcusdt_clarity_hold12_v1,BTCUSDT,4,130,1741075200000,1741078800000,1,1,0.0010517901386850811,0.0010517901386850811,0.7400213000000001,True,target,-0.0018757542368434965,0.0003637031419181369,-0.008377096957295271,0.03504905818773274,0,mean_strength|hold12|tp0.01000,False,1,0,low,high,0.7
btcusdt_clarity_hold12_v1,BTCUSDT,4,131,1741096800000,1741096800000,-1,1,-0.0022132770633470304,0.0022132770633470304,-1.7467253499999886,False,stop_entry_bar,0.0025505939961831814,-0.02684316793154151,-0.04379301346487541,-0.05126321143955237,0,mean_strength|hold12|tp0.01000,True,-1,-1,low,high,0.7
btcusdt_clarity_hold12_v1,BTCUSDT,4,132,1741107600000,1741107600000,-1,1,0.01219437445964384,0.01219437445964384,-1.7620302749999885,False,stop_entry_bar,-0.01545392689716385,-0.016506752016938853,-0.021742771049768406,-0.02006925926316283,0,mean_strength|hold12|tp0.01000,True,-1,1,high,high,0.7
btcusdt_clarity_hold12_v1,BTCUSDT,4,133,1741111200000,1741111200000,1,1,0.009780640991221676,0.009780640991221676,0.7598548249999884,True,target_entry_bar,0.016796430354900194,0.009064813415923911,0.0006723646592219357,0.008534302707103869,0,mean_strength|hold12|tp0.01000,False,1,1,high,high,0.7
btcusdt_clarity_hold12_v1,BTCUSDT,4,134,1741114800000,1741114800000,1,1,0.0019709749431083322,0.0019709749431083322,0.771595345,True,target_entry_bar,-0.015499295074139163,-0.00805418911975575,-0.006617115804063656,-0.006707854450674011,0,mean_strength|hold12|tp0.01000,False,1,1,low,high,0.7
btcusdt_clarity_hold12_v1,BTCUSDT,4,135,1741125600000,1741132800000,-1,1,-0.006751009079442743,0.006751009079442743,0.778784765,True,target,0.0023932253313696528,-0.001448741755778915,0.006419286674777425,-0.027729626140012398,0,mean_strength|hold12|tp0.01000,False,1,-1,high,high,0.8
btcusdt_clarity_hold12_v1,BTCUSDT,4,136,1741158000000,1741165200000,1,1,0.0057772522463648895,0.0057772522463648895,0.7781777150000088,True,target,0.0015895146841697905,0.026336613991154945,0.021109029060028206,0.02440567337985411,0,mean_strength|hold12|tp0.01000,False,1,1,high,high,0.8
btcusdt_clarity_hold12_v1,BTCUSDT,4,137,1741237200000,1741244400000,-1,1,-0.004571296671455523,0.004571296671455523,0.8210025549999942,True,target,0.008963627734391855,0.017137679596151423,0.014980368468740624,0.044472968891573594,0,mean_strength|hold12|tp0.01000,False,1,-1,mid,high,0.8
btcusdt_clarity_hold12_v1,BTCUSDT,4,138,1741276800000,1741276800000,-1,1,0.0031759462580481144,0.0031759462580481144,0.8079932650000029,True,target_entry_bar,0.007783386854151919,0.008864257240431384,-0.01104503925295619,0.01888106953524815,0,mean_strength|hold12|tp0.01000,False,1,1,mid,high,0.8
btcusdt_clarity_hold12_v1,BTCUSDT,4,139,1741284000000,1741294800000,1,1,0.004922283316974696,0.004922283316974696,0.7883204150000029,True,target,0.0012944969170831655,0.01641657453937273,-0.03277204520328936,-0.002351367651834635,0,mean_strength|hold12|tp0.01000,False,1,1,mid,high,0.8
btcusdt_clarity_hold12_v1,BTCUSDT,4,140,1741309200000,1741309200000,1,1,0.003868847790831046,0.003868847790831046,0.760656979999997,True,target_entry_bar,-0.01137286021992967,-0.006981067906133176,0.0011200544155991476,0.010143974606053874,0,mean_strength|hold12|tp0.01000,False,1,1,mid,high,0.8
btcusdt_clarity_hold12_v1,BTCUSDT,4,141,1741316400000,1741323600000,1,1,0.007887868599672198,0.007887868599672198,0.776044575,True,target,0.007310383688771127,0.01388938401651374,0.022196795022913163,0.016863216361827638,0,mean_strength|hold12|tp0.01000,False,1,1,high,high,0.8
btcusdt_clarity_hold12_v1,BTCUSDT,4,142,1741327200000,1741338000000,1,1,0.007346850124929378,0.007346850124929378,0.784675869999997,True,target,0.0016162638105490235,0.00819360685431958,0.009477544141015315,0.004473364539512303,0,mean_strength|hold12|tp0.01000,False,1,1,high,high,0.9
btcusdt_clarity_hold12_v1,BTCUSDT,4,143,1741363200000,1741363200000,1,1,0.0027087809473188883,0.0027087809473188883,-1.8657430600000087,False,stop_entry_bar,0.004958725063058944,0.006503095620270516,-0.005961935335932145,-0.009421004356798823,0,mean_strength|hold12|tp0.01000,True,-1,1,low,high,1.0
btcusdt_clarity_hold12_v1,BTCUSDT,4,144,1741572000000,1741597200000,-1,1,-0.006448530922783108,0.006448530922783108,-1.724240265,False,stop,0.0019389138674331674,-0.0014374496405769044,0.010339656813462605,0.028550597983919013,0,mean_strength|hold12|tp0.01000,True,-1,-1,high,high,0.9
btcusdt_clarity_hold12_v1,BTCUSDT,4,145,1741608000000,1741608000000,-1,1,-0.030415789109154902,0.030415789109154902,0.7436109,True,target_entry_bar,0.02046678204018848,0.03843740986443611,0.06714859148158836,0.06702841072973753,0,mean_strength|hold12|tp0.01000,False,1,-1,high,high,0.8
btcusdt_clarity_hold12_v1,BTCUSDT,4,146,1741611600000,1741611600000,-1,1,-0.020559857839937853,0.020559857839937853,0.7406745049999971,True,target_entry_bar,0.02075087417949828,0.030963744555548733,0.03027912398012389,0.02970124532237295,0,mean_strength|hold12|tp0.01000,False,1,-1,high,high,0.8
btcusdt_clarity_hold12_v1,BTCUSDT,4,147,1741615200000,1741615200000,-1,1,-0.01157746554783398,0.01157746554783398,0.7254374099999913,True,target_entry_bar,-0.0024557187550509063,0.017455649844575483,0.006808354956605145,0.006249553648057904,0,mean_strength|hold12|tp0.01000,False,1,-1,high,high,0.8
btcusdt_clarity_hold12_v1,BTCUSDT,4,148,1741618800000,1741622400000,-1,1,-0.01157746554783398,0.01157746554783398,0.7103876649999971,True,target,0.012853441520215614,0.02985887961084721,0.006020520011948527,0.0065379572726805835,0,mean_strength|hold12|tp0.01000,False,1,-1,high,high,0.8
btcusdt_clarity_hold12_v1,BTCUSDT,4,149,1741654800000,1741654800000,1,1,-0.0025730643748703443,0.0025730643748703443,0.690836364999997,True,target_entry_bar,0.0029171440060087317,0.00803194569838217,0.01646093657140124,0.022506391921521818,0,mean_strength|hold12|tp0.01000,False,1,-1,low,high,0.8
btcusdt_clarity_hold12_v1,BTCUSDT,4,150,1741672800000,1741683600000,-1,1,-0.004614093323466201,0.004614093323466201,-1.6926797599999912,False,stop,-0.0040368310875962266,-0.016950443901537104,-0.014222585270562638,-0.03951398152450314,0,mean_strength|hold12|tp0.01000,True,-1,-1,mid,high,0.8
btcusdt_clarity_hold12_v1,BTCUSDT,4,151,1741687200000,1741698000000,-1,1,-0.004206511942353667,0.004206511942353667,0.724730580000003,True,target,0.0009503157323117462,0.010985503098616345,0.0050438894209190455,-0.016320480221324374,0,mean_strength|hold12|tp0.01000,False,1,-1,mid,high,0.7
btcusdt_clarity_hold12_v1,BTCUSDT,4,152,1741701600000,1741701600000,-1,1,-0.0030961490827739933,0.0030961490827739933,0.7197385500000116,True,target_entry_bar,-0.018167339670437155,-0.019195655990569493,-0.03786085124526606,-0.03322214140603452,0,mean_strength|hold12|tp0.01000,False,1,-1,mid,high,0.7
btcusdt_clarity_hold12_v1,BTCUSDT,4,153,1741719600000,1741744800000,-1,1,-0.006073392192945844,0.006073392192945844,0.740754320000003,True,target,0.003599803034188498,-0.0004406447861247109,-0.002459664748778234,0.007912342990196386,0,mean_strength|hold12|tp0.01000,False,1,-1,high,high,0.7
btcusdt_clarity_hold12_v1,BTCUSDT,4,154,1741766400000,1741780800000,-1,1,0.0005465921810581139,0.0005465921810581139,-1.738703609999997,False,stop,0.00017788146801822613,-0.004025929551678242,0.013775528108297297,-0.005256578891640995,0,mean_strength|hold12|tp0.01000,True,-1,0,low,high,0.8
btcusdt_clarity_hold12_v1,BTCUSDT,4,155,1741784400000,1741784400000,-1,1,0.0012870417964795792,0.0012870417964795792,0.7478846600000029,True,target_entry_bar,0.0139020131905786,0.008807028199671052,-0.002751364490459318,-0.014892939979358921,0,mean_strength|hold12|tp0.01000,False,1,0,low,high,0.8
btcusdt_clarity_hold12_v1,BTCUSDT,4,156,1741827600000,1741852800000,-1,1,-0.0032338070677864384,0.0032338070677864384,0.7424508750000116,True,target,0.0015986971988822818,0.007441512241180281,0.009087896157404352,0.025633994907058533,0,mean_strength|hold12|tp0.01000,False,1,-1,mid,high,0.8
btcusdt_clarity_hold12_v1,BTCUSDT,4,157,1741874400000,1741885200000,1,1,-0.0041357790164285296,0.0041357790164285296,-1.7244490699999941,False,stop,-0.011596200886947683,-0.023569385053649916,-0.0197458717890846,0.002796264327499687,0,mean_strength|hold12|tp0.01000,True,-1,-1,mid,mid,0.8
btcusdt_clarity_hold12_v1,BTCUSDT,4,158,1741892400000,1741910400000,1,1,0.002256856229790941,0.002256856229790941,0.7189479350000029,True,target,0.002121532242675528,0.014568852514221575,0.01721920878446559,0.024278510661915664,0,mean_strength|hold12|tp0.01000,False,1,1,low,mid,0.7
btcusdt_clarity_hold12_v1,BTCUSDT,4,159,1741928400000,1741942800000,1,1,0.0013106214906494632,0.0013106214906494632,0.728900095,True,target,-0.0014199995859348613,0.005475401490877774,0.013275656506240852,0.026881347221562546,0,mean_strength|hold12|tp0.01000,False,1,0,low,mid,0.7
btcusdt_clarity_hold12_v1,BTCUSDT,4,160,1742101200000,1742122800000,-1,1,-0.007289521683314345,0.007289521683314345,0.7509078000000116,True,target,0.0019241188235252782,0.0015328931847308214,0.02350199110139517,0.005697667939533191,0,mean_strength|hold12|tp0.01000,False,1,-1,high,low,0.7
btcusdt_clarity_hold12_v1,BTCUSDT,4,161,1742126400000,1742140800000,-1,1,-0.0006662584076792075,0.0006662584076792075,-1.737964945,False,stop,0.001819575488806846,-0.0068720711484240304,-0.011477229312454318,-0.003775770266806422,0,mean_strength|hold12|tp0.01000,True,-1,0,low,low,0.8
btcusdt_clarity_hold12_v1,BTCUSDT,4,162,1742148000000,1742151600000,-1,1,-0.002165181803087824,0.002165181803087824,0.7465504850000029,True,target,0.0071311688016743036,0.01114021006228716,0.007614070611241308,0.0056788774684469745,0,mean_strength|hold12|tp0.01000,False,1,-1,low,mid,0.7
btcusdt_clarity_hold12_v1,BTCUSDT,4,163,1742166000000,1742169600000,1,1,0.0023173182336448297,0.0023173182336448297,0.7301481850000087,True,target,0.005843114259960869,0.007654322184207585,0.006630595966155006,0.011308237300948765,0,mean_strength|hold12|tp0.01000,False,1,1,low,mid,0.7
btcusdt_clarity_hold12_v1,BTCUSDT,4,164,1742238000000,1742259600000,-1,1,-0.004285720948780739,0.004285720948780739,0.7518026399999971,True,target,0.006073224517446296,0.00502628019735607,0.015502829355181769,0.015531253182876514,0,mean_strength|hold12|tp0.01000,False,1,-1,mid,mid,0.7
btcusdt_clarity_hold12_v1,BTCUSDT,4,165,1742295600000,1742302800000,-1,1,-0.001300401415166343,0.001300401415166343,0.7368413999999942,True,target,0.0022059357964870907,0.008971532404603355,0.013580860084797197,-0.0014064203513022289,0,mean_strength|hold12|tp0.01000,False,1,0,low,mid,0.8
btcusdt_clarity_hold12_v1,BTCUSDT,4,166,1742335200000,1742342400000,1,1,0.003992162902110918,0.003992162902110918,0.729791415,True,target,0.0038384942319369397,0.0025780206435943587,0.006956891317547065,0.01308925318761367,0,mean_strength|hold12|tp0.01000,False,1,1,mid,mid,0.8
btcusdt_clarity_hold12_v1,BTCUSDT,4,167,1742346000000,1742382000000,1,1,0.0040761387974355134,0.0040761387974355134,0.7392202450000058,True,target,0.003223020676507149,0.004367610882933137,0.007148541162249611,0.018020331313444604,0,mean_strength|hold12|tp0.01000,False,1,1,mid,mid,0.8
btcusdt_clarity_hold12_v1,BTCUSDT,4,168,1742486400000,1742529600000,1,1,0.00404974766535212,0.00404974766535212,-0.3674019199999942,False,max_hold,0.0034475554945416764,0.004295119345346432,0.004003843881126068,0.01016718495395108,0,mean_strength|hold12|tp0.01000,True,-1,1,mid,mid,0.9
btcusdt_clarity_hold12_v1,BTCUSDT,4,169,1742536800000,1742558400000,-1,1,-0.002018192646966148,0.002018192646966148,0.7515301949999942,True,target,0.0032721440028514737,0.0008281352105982132,0.008749480187726366,0.001125170795461261,0,mean_strength|hold12|tp0.01000,False,1,-1,low,mid,0.8
btcusdt_clarity_hold12_v1,BTCUSDT,4,170,1742569200000,1742612400000,-1,1,-0.0013423170329843943,0.0013423170329843943,-0.07296291000000873,False,max_hold,-0.006477032872438393,-0.006517738809159956,-0.009941826427491529,-0.008239360485789549,0,mean_strength|hold12|tp0.01000,True,-1,0,low,mid,0.8
btcusdt_clarity_hold12_v1,BTCUSDT,4,171,1742706000000,1742727600000,1,1,0.013159133407231061,0.013159133407231061,0.7481196950000059,True,target,9.265550682568957e-05,0.0013755779090265374,0.005567645647329256,0.00938909135832966,0,mean_strength|hold12|tp0.01000,False,1,1,high,low,0.7
btcusdt_clarity_hold12_v1,BTCUSDT,4,172,1742731200000,1742767200000,1,1,0.005383423858284922,0.005383423858284922,0.7532710249999942,True,target,0.004136437491734313,0.0054506981050086445,0.0029213663587071004,0.01544994237563535,0,mean_strength|hold12|tp0.01000,False,1,1,mid,low,0.8
btcusdt_clarity_hold12_v1,BTCUSDT,4,173,1742770800000,1742774400000,1,1,0.0003058331553605696,0.0003058331553605696,0.7594168100000029,True,target,-0.0005741235318591498,-0.002415037852638524,0.009484660209520213,0.018586958795595798,0,mean_strength|hold12|tp0.01000,False,1,0,low,low,0.8
btcusdt_clarity_hold12_v1,BTCUSDT,4,174,1742785200000,1742788800000,1,1,0.004282027344249641,0.004282027344249641,0.7638603200000029,True,target,0.0033790891834464265,0.006574368862901192,0.007037938744037575,0.02058897651631275,0,mean_strength|hold12|tp0.01000,False,1,1,mid,low,0.8
btcusdt_clarity_hold12_v1,BTCUSDT,4,175,1742835600000,1742857200000,-1,1,-0.008629463895920125,0.008629463895920125,0.7833240399999912,True,target,0.0001345952866765865,0.006966154375138478,0.010742739771889331,0.02038722724661024,0,mean_strength|hold12|tp0.01000,False,1,-1,high,low,0.8
btcusdt_clarity_hold12_v1,BTCUSDT,4,176,1742860800000,1742871600000,-1,1,-0.0005402157040601553,0.0005402157040601553,0.7785192500000117,True,target,0.005859073855167818,0.01232461324973022,0.012074489044217152,0.005853363256868471,0,mean_strength|hold12|tp0.01000,False,1,0,low,low,0.8
btcusdt_clarity_hold12_v1,BTCUSDT,4,177,1742875200000,1742900400000,1,1,0.003652792886364861,0.003652792886364861,0.7695514799999971,True,target,0.0011628700001502512,-0.0012218226542335398,0.006653558370641077,0.014303532188727042,0,mean_strength|hold12|tp0.01000,False,1,1,mid,low,0.8
btcusdt_clarity_hold12_v1,BTCUSDT,4,178,1742983200000,1742994000000,-1,1,-0.008416348659240321,0.008416348659240321,0.7824408599999912,True,target,0.002923807482361318,0.015657907719736297,0.01942891620649012,0.015613676341996952,0,mean_strength|hold12|tp0.01000,False,1,-1,high,low,0.8
btcusdt_clarity_hold12_v1,BTCUSDT,4,179,1743073200000,1743080400000,-1,1,0.00018047426782425544,0.00018047426782425544,0.7756659699999999,True,target,0.0021139070226131595,-0.0039044564658283765,0.0005212846386738468,-0.0033428959720691598,0,mean_strength|hold12|tp0.01000,False,1,0,low,low,0.9
btcusdt_clarity_hold12_v1,BTCUSDT,4,180,1743098400000,1743141600000,1,1,0.0021294412686751747,0.0021294412686751747,-0.9866984099999913,False,max_hold,-0.001506475089235404,0.004188987472047545,0.0017244722460934003,-0.01694641056207702,0,mean_strength|hold12|tp0.01000,True,-1,1,low,low,0.9
btcusdt_clarity_hold12_v1,BTCUSDT,4,181,1743152400000,1743170400000,-1,1,-0.003185701453516661,0.003185701453516661,0.7582170199999941,True,target,0.0023801999320949285,0.0014262402357172466,0.013014735857723614,0.012916050371891474,0,mean_strength|hold12|tp0.01000,False,1,-1,mid,low,0.9
btcusdt_clarity_hold12_v1,BTCUSDT,4,182,1743174000000,1743217200000,-1,1,-0.005155904292933056,0.005155904292933056,0.17744741000000291,True,max_hold,0.0030281712773669867,0.0019497423554745152,-9.998678746026002e-05,-0.0013641054574931033,0,mean_strength|hold12|tp0.01000,False,1,-1,mid,low,0.9
btcusdt_clarity_hold12_v1,BTCUSDT,4,183,1743228000000,1743238800000,-1,1,-0.01597574579254578,0.01597574579254578,0.7474337749999884,True,target,0.0007330695556451161,0.0029633202558818628,0.015999780317918044,0.01731190318706166,0,mean_strength|hold12|tp0.01000,False,1,-1,high,low,0.9
btcusdt_clarity_hold12_v1,BTCUSDT,4,184,1743242400000,1743246000000,-1,1,-0.003455395421253303,0.003455395421253303,0.7433449449999971,True,target,0.007655957254037449,0.0009772022338119246,0.0087501824714048,0.006443502630604225,0,mean_strength|hold12|tp0.01000,False,1,-1,mid,low,0.9
btcusdt_clarity_hold12_v1,BTCUSDT,4,185,1743249600000,1743292800000,-1,1,-0.0022154139115621455,0.0022154139115621455,-0.48155028500000874,False,max_hold,-0.004749002939916647,0.0004853349964145659,0.00133345790264916,-0.004199361056477224,0,mean_strength|hold12|tp0.01000,True,-1,-1,low,low,0.9
btcusdt_clarity_hold12_v1,BTCUSDT,4,186,1743519600000,1743562800000,-1,1,-0.00625149358997696,0.00625149358997696,-0.661528614999997,False,max_hold,0.0020927815459836907,0.002007146426669215,0.0007531198164357766,0.008632723877182724,0,mean_strength|hold12|tp0.01000,True,-1,-1,high,low,0.8
btcusdt_clarity_hold12_v1,BTCUSDT,4,187,1743616800000,1743624000000,-1,1,-0.01332048738541217,0.01332048738541217,-1.826628395,False,stop,-0.00705659187251273,0.016614180897344455,0.03552297160666762,0.03735494912204229,0,mean_strength|hold12|tp0.01000,True,-1,-1,high,low,0.7
btcusdt_clarity_hold12_v1,BTCUSDT,4,188,1743627600000,1743627600000,-1,1,-0.002895588912421251,0.002895588912421251,0.7621323600000028,True,target_entry_bar,0.02391622952694583,0.01922825237258108,0.016078959872754872,0.01618035978102339,0,mean_strength|hold12|tp0.01000,False,1,-1,low,mid,0.6
btcusdt_clarity_hold12_v1,BTCUSDT,4,189,1743631200000,1743631200000,-1,1,0.0006247171149735975,0.0006247171149735975,0.7549189049999971,True,target_entry_bar,0.0036142118735074114,-0.011206231133197964,-0.00891231791535363,-0.004846329557657736,0,mean_strength|hold12|tp0.01000,False,1,0,low,mid,0.6
btcusdt_clarity_hold12_v1,BTCUSDT,4,190,1743652800000,1743685200000,1,1,0.004726807765237944,0.004726807765237944,-1.7607217100000028,False,stop,-0.002576563568205459,-0.0011781312969861846,-0.004030071082982922,-0.020595746514994406,0,mean_strength|hold12|tp0.01000,True,-1,1,mid,high,0.6
btcusdt_clarity_hold12_v1,BTCUSDT,4,191,1743724800000,1743764400000,-1,1,-0.0035438025310444484,0.0035438025310444484,0.7404031600000088,True,target,0.004096119047676372,0.002620311449616497,-0.00016264002101062935,0.0019613181792990098,0,mean_strength|hold12|tp0.01000,False,1,-1,mid,mid,0.6
btcusdt_clarity_hold12_v1,BTCUSDT,4,192,1743789600000,1743796800000,-1,1,-0.0029099738594829394,0.0029099738594829394,0.7515333850000088,True,target,-0.0002608695652173143,-0.002368076235854666,0.002263251935676003,0.006064324002382437,0,mean_strength|hold12|tp0.01000,False,1,-1,low,high,0.6
btcusdt_clarity_hold12_v1,BTCUSDT,4,193,1743858000000,1743865200000,-1,1,0.0018311988266992247,0.0018311988266992247,0.7409359500000001,True,target,-0.0018545810206480606,0.0001341971924980756,-0.0012645969671434276,-0.008250104879337306,0,mean_strength|hold12|tp0.01000,False,1,1,low,mid,0.6
btcusdt_clarity_hold12_v1,BTCUSDT,4,194,1743933600000,1743944400000,-1,1,0.00075184266991752,0.00075184266991752,0.73915936,True,target,0.00022093871184269975,0.006908258520024524,0.010816338357374944,0.05787869861062145,0,mean_strength|hold12|tp0.01000,False,1,0,low,low,0.6
btcusdt_clarity_hold12_v1,BTCUSDT,4,195,1743948000000,1743958800000,-1,1,-0.0039423923064920135,0.0039423923064920135,0.7321157649999913,True,target,0.0016047440396951274,0.022559603049739918,0.04582234055427814,0.051120658356529125,0,mean_strength|hold12|tp0.01000,False,1,-1,mid,low,0.6
btcusdt_clarity_hold12_v1,BTCUSDT,4,196,1743962400000,1743962400000,-1,1,-0.00628954524337395,0.00628954524337395,0.718945965000003,True,target_entry_bar,-0.006399668127882174,0.0018465445586378637,0.00975000822091765,0.054197347552569775,0,mean_strength|hold12|tp0.01000,False,1,-1,high,low,0.7
btcusdt_clarity_hold12_v1,BTCUSDT,4,197,1743966000000,1743976800000,-1,1,-0.006010101985188643,0.006010101985188643,0.7038049650000029,True,target,0.009160188306025052,0.019330774663640637,0.0060158898917468395,0.05640760764383723,0,mean_strength|hold12|tp0.01000,False,1,-1,high,mid,0.8
btcusdt_clarity_hold12_v1,BTCUSDT,4,198,1743998400000,1743998400000,-1,1,-0.013476774931226315,0.013476774931226315,0.6913333050000029,True,target_entry_bar,0.000571726314613219,0.02437373229435058,7.796267926540867e-05,-0.00565099486875642,0,mean_strength|hold12|tp0.01000,False,1,-1,high,high,0.9
btcusdt_clarity_hold12_v1,BTCUSDT,4,199,1744002000000,1744005600000,-1,1,-0.013476774931226315,0.013476774931226315,0.6850095199999972,True,target,0.02775108917662017,0.00900594025422563,0.003380315383425314,-0.027504066129369953,0,mean_strength|hold12|tp0.01000,False,1,-1,high,high,0.9
btcusdt_clarity_hold12_v1,BTCUSDT,4,200,1744016400000,1744030800000,-1,1,0.008774262866303733,0.008774262866303733,-1.6083414250000116,False,stop,-0.009301630146095308,-0.01384096206031371,-0.028853153071623394,-0.038760726975120896,0,mean_strength|hold12|tp0.01000,True,-1,1,high,high,0.9
btcusdt_clarity_hold12_v1,BTCUSDT,4,201,1744034400000,1744034400000,-1,1,-0.008631237200609812,0.008631237200609812,-1.652569850000006,False,stop_entry_bar,0.007020324256448052,-0.00040759906429421733,0.0011531762346959074,-0.011552015716614905,0,mean_strength|hold12|tp0.01000,True,-1,-1,high,high,0.9
btcusdt_clarity_hold12_v1,BTCUSDT,4,202,1744038000000,1744038000000,-1,1,-0.003705068590939564,0.003705068590939564,0.7031785000000058,True,target_entry_bar,0.01338269300882411,2.5495700152200484e-06,-0.00962972594671907,-0.018160587216965673,0,mean_strength|hold12|tp0.01000,False,1,-1,mid,high,0.8
btcusdt_clarity_hold12_v1,BTCUSDT,4,203,1744041600000,1744041600000,-1,1,-0.0032926548335097472,0.0032926548335097472,0.6982854250000058,True,target_entry_bar,-0.02114612351217393,-0.008934708791805024,-0.03262105464449805,-0.03701928294924195,0,mean_strength|hold12|tp0.01000,False,1,-1,mid,high,0.8
btcusdt_clarity_hold12_v1,BTCUSDT,4,204,1744045200000,1744045200000,-1,1,0.0001695673062584629,0.0001695673062584629,-1.6330426149999913,False,stop_entry_bar,0.0074274275794178335,0.0015601393876356617,-0.0013741373681854796,-0.010106109723477141,0,mean_strength|hold12|tp0.01000,True,-1,0,low,high,0.8
btcusdt_clarity_hold12_v1,BTCUSDT,4,205,1744088400000,1744092000000,-1,1,-0.0022465236237973747,0.0022465236237973747,0.7143996500000117,True,target,0.0052048037018618265,0.008772380342752961,-0.0014981817635202344,0.03151067078708403,0,mean_strength|hold12|tp0.01000,False,1,-1,low,high,0.7
btcusdt_clarity_hold12_v1,BTCUSDT,4,206,1744117200000,1744120800000,-1,1,-0.005426134398524659,0.005426134398524659,0.7103016899999913,True,target,0.01772565618112598,0.03083675616108994,0.03789320777399319,0.047811059907834075,0,mean_strength|hold12|tp0.01000,False,1,-1,mid,high,0.7
btcusdt_clarity_hold12_v1,BTCUSDT,4,207,1744128000000,1744128000000,-1,1,0.0010815078306827687,0.0010815078306827687,0.6983686500000117,True,target_entry_bar,0.001019465458985458,0.007280973208344421,0.009021429448209384,0.013055359946248624,0,mean_strength|hold12|tp0.01000,False,1,0,low,high,0.7
btcusdt_clarity_hold12_v1,BTCUSDT,4,208,1744156800000,1744160400000,1,1,0.0029855636438027348,0.0029855636438027348,-1.609830134999997,False,stop,-0.005961251862891204,-0.01900802677334168,0.003988548121421465,0.0031061259706643973,0,mean_strength|hold12|tp0.01000,True,-1,1,low,high,0.7
btcusdt_clarity_hold12_v1,BTCUSDT,4,209,1744164000000,1744171200000,1,1,0.005079369783303697,0.005079369783303697,0.6766978499999884,True,target,-0.0078798455761806,0.014066053202178797,0.02156644983870115,0.015940821830874086,0,mean_strength|hold12|tp0.01000,False,1,1,mid,mid,0.6
btcusdt_clarity_hold12_v1,BTCUSDT,4,210,1744189200000,1744196400000,-1,1,-0.004687010392838488,0.004687010392838488,0.6877735249999883,True,target,0.0034922045316004846,0.009014640395920925,0.0024796718567575704,-0.07500232469236567,0,mean_strength|hold12|tp0.01000,False,1,-1,mid,high,0.6
btcusdt_clarity_hold12_v1,BTCUSDT,4,211,1744203600000,1744203600000,1,1,0.013395456468595827,0.013395456468595827,0.6828308750000117,True,target_entry_bar,-0.010394236614088115,0.007457938821977761,0.05978971986688775,0.058714365193022866,0,mean_strength|hold12|tp0.01000,False,1,1,high,high,0.7
btcusdt_clarity_hold12_v1,BTCUSDT,4,212,1744207200000,1744218000000,1,1,0.02227087282595736,0.02227087282595736,0.6910162350000086,True,target,0.005152150459971638,0.06923584460000232,0.08219495404188093,0.069107008304085,0,mean_strength|hold12|tp0.01000,False,1,1,high,high,0.8
btcusdt_clarity_hold12_v1,BTCUSDT,4,213,1744254000000,1744268400000,-1,1,-0.0008050652873163199,0.0008050652873163199,0.7312295050000058,True,target,-0.0030220795333029127,-0.004699517201383063,-0.003228853396107789,0.03670664294680903,0,mean_strength|hold12|tp0.01000,False,1,0,low,high,0.8
btcusdt_clarity_hold12_v1,BTCUSDT,4,214,1744279200000,1744290000000,-1,1,-0.0014889762066499213,0.0014889762066499213,0.729800445,True,target,-0.001457413781921435,0.010710951161342241,0.028316167013990423,0.02530344431786058,0,mean_strength|hold12|tp0.01000,False,1,0,low,high,0.8
btcusdt_clarity_hold12_v1,BTCUSDT,4,215,1744293600000,1744293600000,1,1,-0.004401352200387428,0.004401352200387428,0.7194811650000087,True,target_entry_bar,-0.030866834155390377,-0.02404378176572175,-0.01655233366117137,-0.012127135511999731,0,mean_strength|hold12|tp0.01000,False,1,-1,mid,high,0.9
btcusdt_clarity_hold12_v1,BTCUSDT,4,216,1744297200000,1744297200000,-1,1,0.0025996041604936415,0.0025996041604936415,0.72312825,True,target_entry_bar,-0.008565800052583672,-0.009136091307567318,-0.012004059356015562,-0.026230857456399415,0,mean_strength|hold12|tp0.01000,False,1,1,low,high,0.9
btcusdt_clarity_hold12_v1,BTCUSDT,4,217,1744318800000,1744329600000,-1,1,-0.00035700659606286366,0.00035700659606286366,0.711099115,True,target,0.0003074922687658077,0.008366299851399694,-0.014058044499779099,-0.03402747098277037,0,mean_strength|hold12|tp0.01000,False,1,0,low,high,0.9
btcusdt_clarity_hold12_v1,BTCUSDT,4,218,1744362000000,1744376400000,-1,1,-0.003113508201501619,0.003113508201501619,-1.72160326,False,stop,-0.003374277807447701,0.003788173034908082,-0.0011979899985434805,-0.01512598922173125,0,mean_strength|hold12|tp0.01000,True,-1,-1,mid,high,0.9
btcusdt_clarity_hold12_v1,BTCUSDT,4,219,1744380000000,1744380000000,-1,1,-0.00023794722141903428,0.00023794722141903428,0.7377359100000088,True,target_entry_bar,-0.0076963767168722885,-0.02481776079416842,-0.023741489700904284,-0.011141421532996132,0,mean_strength|hold12|tp0.01000,False,1,0,low,high,0.9
btcusdt_clarity_hold12_v1,BTCUSDT,4,220,1744394400000,1744423200000,-1,1,-0.0037895200694289576,0.0037895200694289576,0.746730355,True,target,-0.002960672362231076,-0.0008628313553631362,0.0028661318947226233,0.000491849774000519,0,mean_strength|hold12|tp0.01000,False,1,-1,mid,high,0.9
btcusdt_clarity_hold12_v1,BTCUSDT,4,221,1744444800000,1744470000000,-1,1,-0.0008443496197029851,0.0008443496197029851,-1.7658279449999943,False,stop,0.0007395113242159024,0.0010135373650660418,-0.014568851735159205,-0.022812368745714684,0,mean_strength|hold12|tp0.01000,True,-1,0,low,mid,0.9
btcusdt_clarity_hold12_v1,BTCUSDT,4,222,1744567200000,1744570800000,-1,1,-0.0045339488584563966,0.0045339488584563966,0.7540298949999971,True,target,0.008736589294106367,0.01324126400109582,0.004616848782261873,0.0012905922555018767,0,mean_strength|hold12|tp0.01000,False,1,-1,mid,mid,0.8
btcusdt_clarity_hold12_v1,BTCUSDT,4,223,1744585200000,1744588800000,1,1,0.0013391056740955426,0.0013391056740955426,0.7412720299999942,True,target,0.006989298047989756,0.016411889571241067,0.009826348614384584,0.014069381714104212,0,mean_strength|hold12|tp0.01000,False,1,0,low,mid,0.8
btcusdt_clarity_hold12_v1,BTCUSDT,4,224,1744642800000,1744642800000,-1,1,0.0020714966598524348,0.0020714966598524348,0.7599983400000088,True,target_entry_bar,-0.0029207275288385404,-0.010662142612403613,-0.007279809266379944,-0.015436431644268556,0,mean_strength|hold12|tp0.01000,False,1,1,low,mid,0.8
btcusdt_clarity_hold12_v1,BTCUSDT,4,225,1744732800000,1744743600000,-1,1,-0.0036828152889825183,0.0036828152889825183,0.7554542249999884,True,target,0.00448060370239356,0.010086074755335406,0.012063435915576015,0.014822544511260527,0,mean_strength|hold12|tp0.01000,False,1,-1,mid,low,0.8
btcusdt_clarity_hold12_v1,BTCUSDT,4,226,1744826400000,1744826400000,1,1,0.0033844467957109673,0.0033844467957109673,0.740734840000003,True,target_entry_bar,0.0035194498418866793,0.00626857355126309,0.002218110641216242,0.008989122566388508,0,mean_strength|hold12|tp0.01000,False,1,1,mid,mid,0.8
btcusdt_clarity_hold12_v1,BTCUSDT,4,227,1744830000000,1744873200000,1,1,0.0010153286518841114,0.0010153286518841114,0.6200721549999942,True,max_hold,-0.0002515245711031122,0.0015127067365874325,0.00015898251192369983,0.004069477730583859,0,mean_strength|hold12|tp0.01000,False,1,0,low,mid,0.8
btcusdt_clarity_hold12_v1,BTCUSDT,4,228,1745028000000,1745053200000,1,1,0.0015765719468005988,0.0015765719468005988,0.7519366299999941,True,target,0.0011032214065069823,0.0034772122833968133,0.006116684247414073,0.0072092864104360554,0,mean_strength|hold12|tp0.01000,False,1,0,low,low,0.8
btcusdt_clarity_hold12_v1,BTCUSDT,4,229,1745168400000,1745193600000,1,1,0.02323553398120154,0.02323553398120154,0.7525611149999913,True,target,-4.4949136503436016e-05,0.006590962857818683,0.007083037615330134,0.03507215519280815,0,mean_strength|hold12|tp0.01000,False,1,1,high,low,0.9
btcusdt_clarity_hold12_v1,BTCUSDT,4,230,1745197200000,1745200800000,1,1,0.005343340122326399,0.005343340122326399,0.7706159600000088,True,target,0.0007094645319312143,0.0007644795521779546,0.0017387038690459544,-0.0029284036818801873,0,mean_strength|hold12|tp0.01000,False,1,1,mid,mid,0.9
btcusdt_clarity_hold12_v1,BTCUSDT,4,231,1745204400000,1745244000000,1,1,0.005175666313371316,0.005175666313371316,0.7769296250000001,True,target,0.0017093703322144105,0.0035449357896257805,0.0035196967645862998,0.009531173637608692,0,mean_strength|hold12|tp0.01000,False,1,1,mid,mid,0.9
btcusdt_clarity_hold12_v1,BTCUSDT,4,232,1745272800000,1745283600000,1,1,0.012169084535264057,0.012169084535264057,0.7763133900000029,True,target,0.0039438766608816955,0.014091668732725493,0.010187965437132185,0.015403616062000136,0,mean_strength|hold12|tp0.01000,False,1,1,high,mid,1.0
btcusdt_clarity_hold12_v1,BTCUSDT,4,233,1745326800000,1745326800000,1,1,0.013549957426842339,0.013549957426842339,0.7915193549999943,True,target_entry_bar,0.006248572309343725,0.004941195778249252,0.013038280960649962,0.02687052425909786,0,mean_strength|hold12|tp0.01000,False,1,1,high,mid,1.0
btcusdt_clarity_hold12_v1,BTCUSDT,4,234,1745330400000,1745334000000,1,1,0.013549957426842339,0.013549957426842339,0.8025555749999883,True,target,0.0015108420271949807,0.006606490118916897,0.0034150980614717774,0.02298661841375904,0,mean_strength|hold12|tp0.01000,False,1,1,high,mid,1.0
btcusdt_clarity_hold12_v1,BTCUSDT,4,235,1745337600000,1745355600000,1,1,0.013771682120995707,0.013771682120995707,0.8087806249999884,True,target,0.007916033111837528,0.008057272620941802,0.023429207006362418,0.03288121977971059,0,mean_strength|hold12|tp0.01000,False,1,1,high,mid,1.0
btcusdt_clarity_hold12_v1,BTCUSDT,4,236,1745359200000,1745391600000,1,1,0.010671929447713188,0.010671929447713188,0.8273656199999971,True,target,0.007066345371133931,-0.0015708979563231473,0.009235629302583925,0.010060431592623154,0,mean_strength|hold12|tp0.01000,False,1,1,high,mid,1.0
btcusdt_clarity_hold12_v1,BTCUSDT,4,237,1745420400000,1745427600000,1,1,0.0026992395088450832,0.0026992395088450832,0.8266560400000088,True,target,0.004785254073693013,0.004528651936916761,0.0032230946217695067,-0.005447695573237432,0,mean_strength|hold12|tp0.01000,False,1,1,low,mid,1.0
btcusdt_clarity_hold12_v1,BTCUSDT,4,238,1745442000000,1745481600000,1,1,0.0020332317785003466,0.0020332317785003466,-1.9745625200000059,False,stop,0.0032737410437657655,-0.001371996083068927,-0.008642933203482528,-0.010843263895205957,0,mean_strength|hold12|tp0.01000,True,-1,1,low,mid,1.0
btcusdt_clarity_hold12_v1,BTCUSDT,4,239,1745546400000,1745578800000,1,1,0.007959064184982344,0.007959064184982344,0.8330626099999914,True,target,0.0034548502396121172,0.002347705768556141,0.007526215330454056,0.025786029536763788,0,mean_strength|hold12|tp0.01000,False,1,1,high,low,0.9
btcusdt_clarity_hold12_v1,BTCUSDT,4,240,1745593200000,1745600400000,-1,1,-0.003040946598484526,0.003040946598484526,0.8486043249999942,True,target,-0.0017252667900353735,0.0008936860919708245,0.0047347468099933065,0.003313691186718315,0,mean_strength|hold12|tp0.01000,False,1,-1,mid,low,0.9
btcusdt_clarity_hold12_v1,BTCUSDT,4,241,1745798400000,1745802000000,-1,1,3.4432256916881485e-05,3.4432256916881485e-05,0.833999965,True,target,0.0050913748639873635,-0.0045655302997849034,-0.012489611624699082,-0.020424402614871884,0,mean_strength|hold12|tp0.01000,False,1,0,low,low,0.9
btcusdt_clarity_hold12_v1,BTCUSDT,4,242,1745838000000,1745845200000,-1,1,-0.0029177442025156387,0.0029177442025156387,0.8458482400000029,True,target,-4.828073357310281e-05,0.009532296137226615,0.012995913980526241,0.0032232637565979827,0,mean_strength|hold12|tp0.01000,False,1,-1,low,low,0.9
btcusdt_clarity_hold12_v1,BTCUSDT,4,243,1745964000000,1745967600000,-1,1,-0.0006566094401532509,0.0006566094401532509,0.8428211400000087,True,target,-0.0009988725491758554,-0.004032682259704767,-0.009710316334435198,-0.008456412496107957,0,mean_strength|hold12|tp0.01000,False,1,0,low,low,0.9
btcusdt_clarity_hold12_v1,BTCUSDT,4,244,1746061200000,1746090000000,1,1,0.007615079895348767,0.007615079895348767,0.8397340349999913,True,target,0.0021268791220174776,0.002394324657738478,0.004015911423729923,0.012118559768791837,0,mean_strength|hold12|tp0.01000,False,1,1,high,mid,0.9
btcusdt_clarity_hold12_v1,BTCUSDT,4,245,1746093600000,1746104400000,1,1,0.002906283930798756,0.002906283930798756,0.8496959850000029,True,target,0.00012380615493445823,-0.0038796063172350514,0.008700763644686749,0.00219521837741099,0,mean_strength|hold12|tp0.01000,False,1,1,low,mid,0.9
btcusdt_clarity_hold12_v1,BTCUSDT,4,246,1746176400000,1746194400000,1,1,0.0018316732780523416,0.0018316732780523416,0.8594760850000029,True,target,0.003055414868373685,0.006050757173233778,0.007459355214246788,0.0012024870041296154,0,mean_strength|hold12|tp0.01000,False,1,1,low,low,0.9
btcusdt_clarity_hold12_v1,BTCUSDT,4,247,1746241200000,1746284400000,1,1,0.0032877426543859523,0.0032877426543859523,-0.32206497,False,max_hold,0.001851657612618185,-0.0016231861180719953,-0.0008629991453089625,0.0006916455243990427,0,mean_strength|hold12|tp0.01000,True,-1,1,mid,low,0.9
btcusdt_clarity_hold12_v1,BTCUSDT,4,248,1746356400000,1746399600000,1,1,0.0025946280715213894,0.0025946280715213894,-0.5469003099999971,False,max_hold,0.0005661801711123182,0.001956467035732379,-9.016943465867122e-05,-0.012013504445562817,0,mean_strength|hold12|tp0.01000,True,-1,1,low,low,0.8
btcusdt_clarity_hold12_v1,BTCUSDT,4,249,1746540000000,1746540000000,1,1,-0.0004380828893330612,0.0004380828893330612,0.8326117250000058,True,target_entry_bar,0.00440815146697493,0.003957559320881154,0.005599457589076984,0.026396835652891193,0,mean_strength|hold12|tp0.01000,False,1,0,low,low,0.8
btcusdt_clarity_hold12_v1,BTCUSDT,4,250,1746579600000,1746622800000,1,1,0.002454026382827844,0.002454026382827844,-0.614092059999997,False,max_hold,-0.006442845591850932,-0.0070055530066269744,-0.00276313001113071,-0.0024781757992606845,0,mean_strength|hold12|tp0.01000,True,-1,1,low,mid,0.8
btcusdt_clarity_hold12_v1,BTCUSDT,4,251,1746648000000,1746651600000,1,1,-0.0005349935176988531,0.0005349935176988531,0.8553812049999971,True,target,0.0037333107260053566,0.0027356245308807203,0.01966423982515164,0.029891298728958127,0,mean_strength|hold12|tp0.01000,False,1,0,low,mid,0.7
btcusdt_clarity_hold12_v1,BTCUSDT,4,252,1746655200000,1746666000000,1,1,0.0066846621376203215,0.0066846621376203215,0.8639189350000029,True,target,-0.002433530470558054,0.00559732579069161,0.017282591925944946,0.025763949601439906,0,mean_strength|hold12|tp0.01000,False,1,1,high,mid,0.7
btcusdt_clarity_hold12_v1,BTCUSDT,4,253,1746669600000,1746669600000,1,1,0.0008422647725496494,0.0008422647725496494,0.8700621899999971,True,target_entry_bar,0.0047867799297951485,0.0007523386375571928,0.010029829922798994,0.0070498794433100365,0,mean_strength|hold12|tp0.01000,False,1,0,low,low,0.7
btcusdt_clarity_hold12_v1,BTCUSDT,4,254,1746723600000,1746734400000,1,1,0.0023136573251493976,0.0023136573251493976,0.9009276449999941,True,target,0.0034027719320832706,0.01584923224710688,0.02229825751536252,0.019434224794877997,0,mean_strength|hold12|tp0.01000,False,1,1,low,mid,0.7
btcusdt_clarity_hold12_v1,BTCUSDT,4,255,1746738000000,1746738000000,1,1,0.0028649548172684724,0.0028649548172684724,0.9128446249999884,True,target_entry_bar,0.0018657605698060298,-8.754872329541641e-06,-0.0037003927046621587,0.0008317128713160038,0,mean_strength|hold12|tp0.01000,False,1,1,low,mid,0.7
btcusdt_clarity_hold12_v1,BTCUSDT,4,256,1746741600000,1746774000000,1,1,0.0028649548172684724,0.0028649548172684724,0.914797785,True,target,0.002295330594601408,0.0007602554380596871,-0.001847721709613559,0.0032245316855630257,0,mean_strength|hold12|tp0.01000,False,1,1,low,mid,0.7
btcusdt_clarity_hold12_v1,BTCUSDT,4,257,1746810000000,1746853200000,1,1,0.0012593221818066002,0.0012593221818066002,0.5105092200000058,True,max_hold,-0.00029561969156688406,-0.00028689648755353403,-0.0022408941865661447,0.0014228514990823893,0,mean_strength|hold12|tp0.01000,False,1,0,low,mid,0.7
btcusdt_clarity_hold12_v1,BTCUSDT,4,258,1746856800000,1746900000000,1,1,0.0014558663128639241,0.0014558663128639241,-0.34937907000000296,False,max_hold,-0.0017929322092620215,-0.0017784963621665373,-0.0025147245640374516,-0.006843553913077005,0,mean_strength|hold12|tp0.01000,True,-1,0,low,low,0.8
btcusdt_clarity_hold12_v1,BTCUSDT,4,259,1746910800000,1746918000000,1,1,0.0021936600270600526,0.0021936600270600526,0.91791625,True,target,-0.001617832798233687,0.006386486564660121,0.0022059603351363144,0.005727976552030167,0,mean_strength|hold12|tp0.01000,False,1,1,low,low,0.8
btcusdt_clarity_hold12_v1,BTCUSDT,4,260,1747062000000,1747072800000,1,1,0.002100062591195693,0.002100062591195693,-2.168158550000012,False,stop,0.003107871942015006,-0.008762540043734668,-0.00021272090529333987,-0.007810174889760768,0,mean_strength|hold12|tp0.01000,True,-1,1,low,mid,0.8
btcusdt_clarity_hold12_v1,BTCUSDT,4,261,1747119600000,1747134000000,1,1,0.005188243594733285,0.005188243594733285,0.9122230000000058,True,target,0.0005106018085436759,0.00869874493295919,0.01022372934206417,0.020664756782039273,0,mean_strength|hold12|tp0.01000,False,1,1,mid,mid,0.8
btcusdt_clarity_hold12_v1,BTCUSDT,4,262,1747166400000,1747184400000,-1,1,-0.002770164770214828,0.002770164770214828,0.9323142650000088,True,target,0.0019997799285246254,0.0041095955947431095,0.008029738354152438,0.012965080397850937,0,mean_strength|hold12|tp0.01000,False,1,-1,low,low,0.8
btcusdt_clarity_hold12_v1,BTCUSDT,4,263,1747296000000,1747321200000,1,1,0.0011015086857055173,0.0011015086857055173,0.905276820000003,True,target,-0.004260622941228864,0.0011759514983598063,-0.0027696494940572247,0.011396554912141088,0,mean_strength|hold12|tp0.01000,False,1,0,low,low,0.8
btcusdt_clarity_hold12_v1,BTCUSDT,4,264,1747324800000,1747368000000,-1,1,-0.0033489549681023968,0.0033489549681023968,-0.9335262300000059,False,max_hold,-0.0013372010686047986,0.006665773914752426,0.003357453691705814,-0.0007504896487342538,0,mean_strength|hold12|tp0.01000,True,-1,-1,mid,low,0.8
btcusdt_clarity_hold12_v1,BTCUSDT,4,265,1747389600000,1747432800000,-1,1,-0.0006939105199524952,0.0006939105199524952,0.025806340000002925,True,max_hold,0.0013040988994678093,-0.001966268850638775,-0.003375428193596486,0.0027354269598591774,0,mean_strength|hold12|tp0.01000,False,1,0,low,mid,0.7
btcusdt_clarity_hold12_v1,BTCUSDT,4,266,1747486800000,1747530000000,1,1,0.005062134534437117,0.005062134534437117,0.2747508399999971,True,max_hold,0.003980862250672512,0.0022227373760790314,0.004226317911834698,0.005284114927795125,0,mean_strength|hold12|tp0.01000,False,1,1,mid,low,0.7
btcusdt_clarity_hold12_v1,BTCUSDT,4,267,1747533600000,1747573200000,1,1,0.012611848542852758,0.012611848542852758,0.9184455200000057,True,target,-0.0004695394737479486,0.0029537421327936464,0.005581226940529094,0.01878448331779503,0,mean_strength|hold12|tp0.01000,False,1,1,high,low,0.7
btcusdt_clarity_hold12_v1,BTCUSDT,4,268,1747576800000,1747584000000,1,1,0.005767746408207274,0.005767746408207274,0.9317872700000058,True,target,0.0023870838995372345,-0.004065264698336124,-0.011692149800917928,-0.005915444774928003,0,mean_strength|hold12|tp0.01000,False,1,1,high,low,0.7
btcusdt_clarity_hold12_v1,BTCUSDT,4,269,1747602000000,1747605600000,1,1,0.004096634011118494,0.004096634011118494,0.925467665,True,target,0.016977604236190214,0.010505966985911108,-0.005396072074390745,-0.010628888720298324,0,mean_strength|hold12|tp0.01000,False,1,1,mid,low,0.8
btcusdt_clarity_hold12_v1,BTCUSDT,4,270,1747609200000,1747612800000,1,1,0.0028836138769138568,0.0028836138769138568,0.9423697450000001,True,target,-0.011111048458944728,-0.01688883124889584,-0.03211048834857666,-0.032851036956006996,0,mean_strength|hold12|tp0.01000,False,1,1,low,mid,0.8
btcusdt_clarity_hold12_v1,BTCUSDT,4,271,1747620000000,1747627200000,1,1,0.0017673086325559646,0.0017673086325559646,-2.215926895,False,stop,-0.009952155854335953,-0.015483149397048979,-0.013583722475277393,-0.0031956639151902166,0,mean_strength|hold12|tp0.01000,True,-1,1,low,mid,0.9
btcusdt_clarity_hold12_v1,BTCUSDT,4,272,1747630800000,1747663200000,1,1,0.005670721106850194,0.005670721106850194,0.9162206849999913,True,target,-0.008004598468989599,0.0019292985392869166,-0.0007651168842265355,0.022698143911883406,0,mean_strength|hold12|tp0.01000,False,1,1,mid,mid,0.8
btcusdt_clarity_hold12_v1,BTCUSDT,4,273,1747756800000,1747767600000,1,1,0.0033691709311200442,0.0033691709311200442,0.937038655,True,target,0.00945229917192525,0.017236657423573165,0.014822232111951772,0.01985363200316459,0,mean_strength|hold12|tp0.01000,False,1,1,mid,low,0.8
btcusdt_clarity_hold12_v1,BTCUSDT,4,274,1747789200000,1747807200000,1,1,0.004624341999460326,0.004624341999460326,0.9494841350000001,True,target,0.003425397547167419,0.007583600932730361,0.00021984175151867902,0.0072162585188679795,0,mean_strength|hold12|tp0.01000,False,1,1,mid,mid,0.8
btcusdt_clarity_hold12_v1,BTCUSDT,4,275,1747810800000,1747836000000,1,1,0.004624341999460326,0.004624341999460326,0.9584663700000059,True,target,-0.0011647173306181813,-0.0016287256865258337,0.006994879000898013,0.019571947595234507,0,mean_strength|hold12|tp0.01000,False,1,1,mid,mid,0.9
btcusdt_clarity_hold12_v1,BTCUSDT,4,276,1747839600000,1747846800000,1,1,0.005522376342888279,0.005522376342888279,-2.2991200299999943,False,stop,0.001508216705863763,-0.018587875883770977,-0.005257186290007376,0.025880190863309283,0,mean_strength|hold12|tp0.01000,True,-1,1,mid,mid,0.9
btcusdt_clarity_hold12_v1,BTCUSDT,4,277,1747850400000,1747854000000,1,1,0.0022451498704239444,0.0022451498704239444,0.9483313699999971,True,target,0.015298606232994283,0.013583171907284308,0.028188682810206922,0.0342806259745192,0,mean_strength|hold12|tp0.01000,False,1,1,low,high,0.8
btcusdt_clarity_hold12_v1,BTCUSDT,4,278,1747857600000,1747868400000,1,1,0.003698170501062066,0.003698170501062066,0.9659410500000001,True,target,0.0015851390670693633,0.013097962518624273,0.02078149666704876,0.020169623744366705,0,mean_strength|hold12|tp0.01000,False,1,1,mid,high,0.8
btcusdt_clarity_hold12_v1,BTCUSDT,4,279,1747879200000,1747882800000,1,1,0.004436375715066706,0.004436375715066706,0.9779530249999999,True,target,0.011907736995747875,0.003641770070481165,-0.0005994161577966839,0.0037286944679864042,0,mean_strength|hold12|tp0.01000,False,1,1,mid,high,0.8
btcusdt_clarity_hold12_v1,BTCUSDT,4,280,1747897200000,1747929600000,1,1,0.0016123879182229938,0.0016123879182229938,0.9839962249999883,True,target,-0.0056861893702850885,-0.0022602422576117887,-0.0012161526695001479,0.0011738125395250876,0,mean_strength|hold12|tp0.01000,False,1,1,low,high,0.8
btcusdt_clarity_hold12_v1,BTCUSDT,4,281,1748008800000,1748041200000,1,1,0.0023329644646942318,0.0023329644646942318,-2.312617869999997,False,stop,-0.0066075698319690845,-0.0023308492227918087,-0.01301626485745333,-0.01700470822420308,0,mean_strength|hold12|tp0.01000,True,-1,1,low,mid,0.8
btcusdt_clarity_hold12_v1,BTCUSDT,4,282,1748170800000,1748210400000,1,1,0.0007905414365587019,0.0007905414365587019,0.9513591300000059,True,target,0.002448374279478527,0.000941108437330973,0.0010166582722406226,0.016246945361613196,0,mean_strength|hold12|tp0.01000,False,1,0,low,low,0.8
btcusdt_clarity_hold12_v1,BTCUSDT,4,283,1748329200000,1748350800000,1,1,0.001576445050028082,0.001576445050028082,0.9680827699999942,True,target,0.0014914876516147757,0.00146043402016649,0.0027729066199035923,0.0030578693555458614,0,mean_strength|hold12|tp0.01000,False,1,0,low,low,0.8
btcusdt_clarity_hold12_v1,BTCUSDT,4,284,1748462400000,1748476800000,1,1,0.0019191783773135375,0.0019191783773135375,0.9512695250000001,True,target,0.0015025315606194134,0.004077900482450492,0.010229704638833104,0.010706935506722193,0,mean_strength|hold12|tp0.01000,False,1,1,low,low,0.8
btcusdt_clarity_hold12_v1,BTCUSDT,4,285,1748538000000,1748559600000,-1,1,0.00033237354016795877,0.00033237354016795877,0.9496851600000087,True,target,0.004394154428788211,0.0011359486818477427,0.006728166633413357,0.002135432940441384,0,mean_strength|hold12|tp0.01000,False,1,0,low,low,0.8
btcusdt_clarity_hold12_v1,BTCUSDT,4,286,1748872800000,1748894400000,1,1,0.0018898691102593507,0.0018898691102593507,0.9234311699999971,True,target,0.0025660330972172574,0.002074338132481035,0.006718550729091444,0.013678147231910964,0,mean_strength|hold12|tp0.01000,False,1,1,low,low,0.8
btcusdt_clarity_hold12_v1,BTCUSDT,4,287,1748941200000,1748959200000,1,1,0.0023542132804726425,0.0023542132804726425,0.9347201449999941,True,target,0.0008464718766851842,0.0011099243596535135,0.013446538643343331,0.0016140031176794523,0,mean_strength|hold12|tp0.01000,False,1,1,low,low,0.9
btcusdt_clarity_hold12_v1,BTCUSDT,4,288,1749124800000,1749139200000,-1,1,-0.006291482132587626,0.006291482132587626,0.932583629999997,True,target,0.010657126325867128,0.010513187886065145,0.02510210633073462,0.03559351405814537,0,mean_strength|hold12|tp0.01000,False,1,-1,high,low,0.9
btcusdt_clarity_hold12_v1,BTCUSDT,4,289,1749153600000,1749189600000,1,1,0.005956286329478851,0.005956286329478851,0.9065230399999972,True,target,0.010548766887585881,0.010254030716288609,0.01711959119296469,0.03004018767524852,0,mean_strength|hold12|tp0.01000,False,1,1,high,mid,0.9
btcusdt_clarity_hold12_v1,BTCUSDT,4,290,1749211200000,1749254400000,-1,1,-0.0032552579027373004,0.0032552579027373004,-0.5406297000000116,False,max_hold,-0.003189900320436534,-0.012855066859654984,-0.007265026908757077,-0.007407743126237376,0,mean_strength|hold12|tp0.01000,True,-1,-1,mid,mid,0.9
btcusdt_clarity_hold12_v1,BTCUSDT,4,291,1749384000000,1749427200000,-1,1,-0.0002942436467485447,0.0002942436467485447,-0.2263835399999971,False,max_hold,0.0009360415757677654,-0.002458883734928863,-0.0056011062137448775,5.962651089319593e-05,0,mean_strength|hold12|tp0.01000,True,-1,0,low,low,0.8
btcusdt_clarity_hold12_v1,BTCUSDT,4,292,1749546000000,1749582000000,1,1,0.0016495382688911603,0.0016495382688911603,0.970483295000006,True,target,-0.0019502080374147468,0.0015446378413435102,-0.004569058830514616,0.0030865353435243215,0,mean_strength|hold12|tp0.01000,False,1,1,low,low,0.8
btcusdt_clarity_hold12_v1,BTCUSDT,4,293,1749618000000,1749661200000,-1,1,-0.0025192759732686164,0.0025192759732686164,-0.05327668500000875,False,max_hold,-0.0012044911618862564,-0.0008983420425903166,0.0020443450145214426,0.00447982979936723,0,mean_strength|hold12|tp0.01000,True,-1,-1,low,low,0.8
btcusdt_clarity_hold12_v1,BTCUSDT,4,294,1749675600000,1749697200000,-1,1,-0.0028442967056207195,0.0028442967056207195,0.9690119649999912,True,target,0.00042048926138671394,-0.0021107454370921097,0.005759596330309091,0.00908570327290037,0,mean_strength|hold12|tp0.01000,False,1,-1,low,low,0.7
btcusdt_clarity_hold12_v1,BTCUSDT,4,295,1749700800000,1749733200000,-1,1,-0.002185589864617291,0.002185589864617291,0.9597495849999972,True,target,0.00015131753008945648,0.0013321512618303943,0.004061436773873162,0.0003174883146661589,0,mean_strength|hold12|tp0.01000,False,1,-1,low,low,0.7
btcusdt_clarity_hold12_v1,BTCUSDT,4,296,1749740400000,1749758400000,-1,1,0.0007128957052657893,0.0007128957052657893,0.9574345950000059,True,target,-0.0067847412972628085,-0.005234637801208919,0.01059081568353204,0.02549256455180704,0,mean_strength|hold12|tp0.01000,False,1,0,low,low,0.7
btcusdt_clarity_hold12_v1,BTCUSDT,4,297,1749762000000,1749772800000,-1,1,-0.008771972510053253,0.008771972510053253,0.9427357899999913,True,target,-2.6458076233248917e-05,0.019787806228609206,0.0150612598957931,0.009939732282065905,0,mean_strength|hold12|tp0.01000,False,1,-1,high,low,0.7
btcusdt_clarity_hold12_v1,BTCUSDT,4,298,1749776400000,1749776400000,-1,1,-0.0024401525699110937,0.0024401525699110937,0.9233202600000028,True,target_entry_bar,0.0011406268530363972,-0.006158227988456888,-0.010765087754989855,-0.009357382594014974,0,mean_strength|hold12|tp0.01000,False,1,-1,low,mid,0.7
btcusdt_clarity_hold12_v1,BTCUSDT,4,299,1749780000000,1749823200000,-1,1,-0.0024401525699110937,0.0024401525699110937,-1.1367916199999972,False,max_hold,-0.006151746292831994,-0.003419031126504102,-0.01045111519103914,-0.012737869775648836,0,mean_strength|hold12|tp0.01000,True,-1,-1,low,mid,0.7
btcusdt_clarity_hold12_v1,BTCUSDT,4,300,1749834000000,1749837600000,-1,1,-0.0008366177337098436,0.0008366177337098436,0.9411369800000028,True,target,0.001850427715590408,-0.0005107902057401859,-0.006648817492191039,0.0008468863634205626,0,mean_strength|hold12|tp0.01000,False,1,0,low,mid,0.6
btcusdt_clarity_hold12_v1,BTCUSDT,4,301,1749880800000,1749924000000,-1,1,-0.001708034649425099,0.001708034649425099,0.514142615,True,max_hold,0.0002750966169778879,0.0022750204656653006,0.0005130694690349547,0.0020103946541778495,0,mean_strength|hold12|tp0.01000,False,1,-1,low,low,0.7
btcusdt_clarity_hold12_v1,BTCUSDT,4,302,1749967200000,1749978000000,-1,1,-0.0011822078393915368,0.0011822078393915368,0.943807090000003,True,target,0.00016035524855062544,0.004829634409010297,0.0013378751506295528,-0.00043931645017125653,0,mean_strength|hold12|tp0.01000,False,1,0,low,low,0.8
btcusdt_clarity_hold12_v1,BTCUSDT,4,303,1750021200000,1750035600000,1,1,0.003471030434960282,0.003471030434960282,0.9316086100000087,True,target,0.004442225294238877,0.006051851738702041,0.010700292520487986,0.02071129067982369,0,mean_strength|hold12|tp0.01000,False,1,1,mid,low,0.8
btcusdt_clarity_hold12_v1,BTCUSDT,4,304,1750039200000,1750057200000,1,1,0.008230147103534789,0.008230147103534789,0.9411278149999913,True,target,0.0012361103098410542,0.007424227951225104,0.013242552837331889,0.016514887705005643,0,mean_strength|hold12|tp0.01000,False,1,1,high,low,0.9
btcusdt_clarity_hold12_v1,BTCUSDT,4,305,1750060800000,1750096800000,1,1,0.001801393152691288,0.001801393152691288,0.9524259200000028,True,target,-0.0020618826136346025,-0.0027311310672226696,0.0032295671539952497,0.015060423708009862,0,mean_strength|hold12|tp0.01000,False,1,1,low,low,0.9
btcusdt_clarity_hold12_v1,BTCUSDT,4,306,1750111200000,1750114800000,-1,1,-0.00023941938491607286,0.00023941938491607286,0.9655380500000116,True,target,0.008318965196905448,0.0047591355336400465,0.0033322309504523195,0.016172514250466397,0,mean_strength|hold12|tp0.01000,False,1,0,low,low,0.9
btcusdt_clarity_hold12_v1,BTCUSDT,4,307,1750140000000,1750154400000,-1,1,-0.008911512970499417,0.008911512970499417,0.9530628699999971,True,target,0.0007706468751813578,0.006378671341112807,0.012438034560188105,0.022789797871403894,0,mean_strength|hold12|tp0.01000,False,1,-1,high,low,0.9
btcusdt_clarity_hold12_v1,BTCUSDT,4,308,1750158000000,1750168800000,-1,1,-0.004026391971300501,0.004026391971300501,0.942645305,True,target,0.0012103086476457081,0.007588578398736945,0.01745287798706152,0.01027436503780077,0,mean_strength|hold12|tp0.01000,False,1,-1,mid,low,0.9
btcusdt_clarity_hold12_v1,BTCUSDT,4,309,1750201200000,1750219200000,1,1,0.0020628026240617635,0.0020628026240617635,0.9271675199999942,True,target,0.0026725226776898037,0.002796915068702832,0.008152485934091125,0.002709840394993668,0,mean_strength|hold12|tp0.01000,False,1,1,low,low,0.9
btcusdt_clarity_hold12_v1,BTCUSDT,4,310,1750273200000,1750276800000,1,1,0.003122064088895533,0.003122064088895533,0.9216526000000116,True,target,0.009521717050532175,0.009613262756412277,0.007559748027671898,0.007830530589274742,0,mean_strength|hold12|tp0.01000,False,1,1,mid,low,1.0
btcusdt_clarity_hold12_v1,BTCUSDT,4,311,1750392000000,1750402800000,1,1,0.009101088069431126,0.009101088069431126,0.9304566149999913,True,target,0.003164484087385011,0.014817807083531642,0.01628586671170007,-0.005650590294302704,0,mean_strength|hold12|tp0.01000,False,1,1,high,low,1.0
btcusdt_clarity_hold12_v1,BTCUSDT,4,312,1750406400000,1750435200000,1,1,0.0011484881042825156,0.0011484881042825156,-2.231534185000003,False,stop,-0.00011708042953417763,0.00017467644728874632,-0.019237069930063355,-0.021289754234959712,0,mean_strength|hold12|tp0.01000,True,-1,0,low,low,1.0
btcusdt_clarity_hold12_v1,BTCUSDT,4,313,1750510800000,1750528800000,-1,1,-0.0036011665526248945,0.0036011665526248945,0.9234995799999999,True,target,0.0002038088099496349,0.0008248944251045831,0.012758817870265449,0.011284826192619501,0,mean_strength|hold12|tp0.01000,False,1,-1,mid,low,0.9
btcusdt_clarity_hold12_v1,BTCUSDT,4,314,1750586400000,1750600800000,1,1,0.0032510370210170657,0.0032510370210170657,-2.1555058099999975,False,stop,0.0023796997361638095,-0.016006848225327608,-0.02774331648932782,-0.014979028774064096,0,mean_strength|hold12|tp0.01000,True,-1,1,mid,low,0.9
btcusdt_clarity_hold12_v1,BTCUSDT,4,315,1750622400000,1750629600000,1,1,0.002018979547050743,0.002018979547050743,0.8794890400000028,True,target,-0.0035911965931374468,0.014185879853216177,0.017563996771641888,0.023391524856447576,0,mean_strength|hold12|tp0.01000,False,1,1,low,mid,0.8
btcusdt_clarity_hold12_v1,BTCUSDT,4,316,1750701600000,1750716000000,-1,1,0.01826794799746761,0.01826794799746761,-2.161448854999997,False,stop,-0.0022832581481404546,-0.007396045657386718,-0.021453295269310724,-0.02651359408549636,0,mean_strength|hold12|tp0.01000,True,-1,1,high,mid,0.8
btcusdt_clarity_hold12_v1,BTCUSDT,4,317,1750719600000,1750762800000,1,1,0.005265853361955021,0.005265853361955021,-0.4322212450000029,False,max_hold,-0.0019422381231426478,-0.00540407575583457,0.0005024175878447501,-0.001484458770890873,0,mean_strength|hold12|tp0.01000,True,-1,1,mid,mid,0.7
btcusdt_clarity_hold12_v1,BTCUSDT,4,318,1750809600000,1750845600000,1,1,0.003101962301600901,0.003101962301600901,0.9436197049999941,True,target,-0.00015515728717352406,-0.0015675587740505703,8.369090035431626e-05,0.00784437630061774,0,mean_strength|hold12|tp0.01000,False,1,1,mid,low,0.6
btcusdt_clarity_hold12_v1,BTCUSDT,4,319,1750849200000,1750892400000,1,1,0.003462141437771634,0.003462141437771634,-0.017689530000002895,False,max_hold,0.00038829043004096064,0.003948241632387939,0.0019451857120322824,0.0013412820864635577,0,mean_strength|hold12|tp0.01000,True,-1,1,mid,low,0.6
btcusdt_clarity_hold12_v1,BTCUSDT,4,320,1751176800000,1751194800000,1,1,0.002870039012846681,0.002870039012846681,0.9544647250000059,True,target,0.00035777908632161903,0.0048756717675031425,0.007666162297538026,0.0022519584678111215,0,mean_strength|hold12|tp0.01000,False,1,1,low,low,0.5
btcusdt_clarity_hold12_v1,BTCUSDT,4,321,1751342400000,1751378400000,-1,1,-0.0023966597959033417,0.0023966597959033417,0.95378367,True,target,-0.0005129342742120624,-0.002794930187586031,0.003723453545283806,0.007443163044770329,0,mean_strength|hold12|tp0.01000,False,1,-1,low,low,0.5
btcusdt_clarity_hold12_v1,BTCUSDT,4,322,1751428800000,1751443200000,1,1,0.0029251152683190057,0.0029251152683190057,0.9445035449999943,True,target,0.0022596479350034393,0.006413149778078608,0.013548484164597863,0.02842567516738126,0,mean_strength|hold12|tp0.01000,False,1,1,low,low,0.5
btcusdt_clarity_hold12_v1,BTCUSDT,4,323,1751551200000,1751554800000,-1,1,-0.0009208991399354038,0.0009208991399354038,0.9811243250000117,True,target,0.005290416704659351,0.0015063371933983216,-0.0021227318318592925,0.004850916385520154,0,mean_strength|hold12|tp0.01000,False,1,0,low,low,0.6
btcusdt_clarity_hold12_v1,BTCUSDT,4,324,1751806800000,1751835600000,1,1,0.0010233504827019293,0.0010233504827019293,0.9628327050000001,True,target,0.0015168351221379606,0.0007138047633590272,-0.0020181541891876043,0.0023253845899118275,0,mean_strength|hold12|tp0.01000,False,1,0,low,low,0.6
btcusdt_clarity_hold12_v1,BTCUSDT,4,325,1751871600000,1751914800000,1,1,0.0016841444379828224,0.0016841444379828224,-0.9306199799999942,False,max_hold,-0.0005035944166148498,-0.003494890213665336,-0.00493228994196282,-0.009323376412518236,0,mean_strength|hold12|tp0.01000,True,-1,1,low,low,0.7
btcusdt_clarity_hold12_v1,BTCUSDT,4,326,1752037200000,1752066000000,1,1,0.0032804380359195487,0.0032804380359195487,0.9654932450000001,True,target,0.0005509104738290471,-0.0010751491551020953,0.00256784982125291,0.0034884865229269924,0,mean_strength|hold12|tp0.01000,False,1,1,mid,low,0.6
btcusdt_clarity_hold12_v1,BTCUSDT,4,327,1752069600000,1752087600000,1,1,0.004722730739064421,0.004722730739064421,0.9711889150000087,True,target,0.001653803748621785,0.0024660051451672604,0.016866960676221954,0.02148474825431812,0,mean_strength|hold12|tp0.01000,False,1,1,mid,low,0.7
btcusdt_clarity_hold12_v1,BTCUSDT,4,328,1752091200000,1752134400000,1,1,0.0029218264777616143,0.0029218264777616143,-0.7111284950000001,False,max_hold,0.000993893877432983,0.0047354525560239225,0.004541191479980222,0.004602632192403311,0,mean_strength|hold12|tp0.01000,True,-1,1,low,mid,0.8
btcusdt_clarity_hold12_v1,BTCUSDT,4,329,1752163200000,1752163200000,1,1,,,0.9909409750000059,True,target_entry_bar,0.0096441890186445,0.005771059972663473,0.03008358178732351,0.03785470748150699,0,mean_strength|hold12|tp0.01000,False,1,0,na,mid,0.7
btcusdt_clarity_hold12_v1,BTCUSDT,4,330,1752177600000,1752181200000,1,1,0.008499942864233128,0.008499942864233128,1.00774377,True,target,0.02674342743286373,0.02250983019766184,0.02811260204891286,0.03988503517711983,0,mean_strength|hold12|tp0.01000,False,1,1,high,low,0.8
btcusdt_clarity_hold12_v1,BTCUSDT,4,331,1752195600000,1752202800000,1,1,0.0029123609183022746,0.0029123609183022746,1.0282012299999999,True,target,0.005865370764749578,0.007969141249341227,0.013697365844738352,0.01753055815040705,0,mean_strength|hold12|tp0.01000,False,1,1,low,mid,0.8
btcusdt_clarity_hold12_v1,BTCUSDT,4,332,1752253200000,1752296400000,1,1,0.0026375510303675337,0.0026375510303675337,0.018610674999994165,True,max_hold,0.0005755574277939157,-4.7608886198702294e-05,-0.001063548511329726,0.00013007427836386753,0,mean_strength|hold12|tp0.01000,False,1,1,low,high,0.8
btcusdt_clarity_hold12_v1,BTCUSDT,4,333,1752368400000,1752408000000,1,1,0.0023418490837743638,0.0023418490837743638,1.0435899249999885,True,target,0.0005369719208787593,0.002825272230297049,0.0037375288058629774,0.008843442475074514,0,mean_strength|hold12|tp0.01000,False,1,1,low,low,0.8
btcusdt_clarity_hold12_v1,BTCUSDT,4,334,1752411600000,1752415200000,1,1,0.003273052836937608,0.003273052836937608,1.053463149999994,True,target,0.0013774778574442426,-0.0007077182623365097,0.0031463517503163008,0.0042361872627583175,0,mean_strength|hold12|tp0.01000,False,1,1,mid,low,0.8
btcusdt_clarity_hold12_v1,BTCUSDT,4,335,1752418800000,1752458400000,1,1,0.003273052836937608,0.003273052836937608,1.056396794999997,True,target,-0.001218272228620365,0.002777997919241715,-0.00014754161938312915,0.017895533788717,0,mean_strength|hold12|tp0.01000,False,1,1,mid,low,0.8
btcusdt_clarity_hold12_v1,BTCUSDT,4,336,1752462000000,1752462000000,1,1,,,1.0645867749999942,True,target_entry_bar,0.005274439839248801,0.011519615151424745,0.010326074352373649,-0.007206799786636964,0,mean_strength|hold12|tp0.01000,False,1,0,na,low,0.9
btcusdt_clarity_hold12_v1,BTCUSDT,4,337,1752487200000,1752501600000,-1,1,-0.005393074838203737,0.005393074838203737,1.0857596599999972,True,target,0.0035870194681729695,0.0019079367214659415,0.01354175723760953,0.015562070283598461,0,mean_strength|hold12|tp0.01000,False,1,-1,mid,low,0.9
btcusdt_clarity_hold12_v1,BTCUSDT,4,338,1752505200000,1752505200000,-1,1,-0.013232236620729318,0.013232236620729318,1.07845671,True,target_entry_bar,-0.0033187861819024,0.0021482841675211084,-0.0011429706056325095,0.022141092629841985,0,mean_strength|hold12|tp0.01000,False,1,-1,high,low,0.9
btcusdt_clarity_hold12_v1,BTCUSDT,4,339,1752508800000,1752541200000,-1,1,-0.007072178233759252,0.007072178233759252,1.06687549,True,target,0.0031240411472057694,0.0028346702876828056,0.0020480472040371733,0.023108924014372034,0,mean_strength|hold12|tp0.01000,False,1,-1,high,mid,1.0
btcusdt_clarity_hold12_v1,BTCUSDT,4,340,1752591600000,1752595200000,1,1,0.0057218008350987904,0.0057218008350987904,1.032120419999994,True,target,0.006898181162097394,0.0028377995240262965,0.009875164314005147,0.009318429802479544,0,mean_strength|hold12|tp0.01000,False,1,1,mid,mid,1.0
btcusdt_clarity_hold12_v1,BTCUSDT,4,341,1752771600000,1752778800000,1,1,2.8905234958199014e-05,2.8905234958199014e-05,1.0549770849999913,True,target,0.002743693571690242,0.0014548619642062999,-0.0006599287411125365,0.011177700278310443,0,mean_strength|hold12|tp0.01000,False,1,0,low,low,1.0
btcusdt_clarity_hold12_v1,BTCUSDT,4,342,1753048800000,1753048800000,-1,1,-0.00035761956555044187,0.00035761956555044187,1.050132379999997,True,target_entry_bar,0.001895458563027863,0.0014961009412579607,-0.007391947792293019,-0.009496877517272795,0,mean_strength|hold12|tp0.01000,False,1,0,low,low,1.0
btcusdt_clarity_hold12_v1,BTCUSDT,4,343,1753059600000,1753066800000,1,1,0.004004815035262707,0.004004815035262707,1.0440338800000029,True,target,0.007616219622745168,0.008901366075715345,0.017817229490316278,0.013158467000219165,0,mean_strength|hold12|tp0.01000,False,1,1,mid,low,1.0
btcusdt_clarity_hold12_v1,BTCUSDT,4,344,1753084800000,1753095600000,-1,1,-0.002166997985478263,0.002166997985478263,1.0623342350000087,True,target,0.0026060969726917627,0.007943511314377094,0.0016463540694947598,0.017652714257140545,0,mean_strength|hold12|tp0.01000,False,1,-1,low,low,1.0
btcusdt_clarity_hold12_v1,BTCUSDT,4,345,1753128000000,1753167600000,1,1,0.003505647076637577,0.003505647076637577,1.0386962999999885,True,target,0.002412530787571532,0.0037685099713662407,0.0007725231564457147,0.01170505185657933,0,mean_strength|hold12|tp0.01000,False,1,1,mid,low,1.0
btcusdt_clarity_hold12_v1,BTCUSDT,4,346,1753171200000,1753182000000,1,1,0.002521653103620612,0.002521653103620612,1.049730539999997,True,target,0.0008320797172958194,0.007477724532568342,0.006645644815272522,0.012390715546276354,0,mean_strength|hold12|tp0.01000,False,1,1,low,low,1.0
btcusdt_clarity_hold12_v1,BTCUSDT,4,347,1753192800000,1753207200000,1,1,-0.00038562420891035125,0.00038562420891035125,1.051236335000009,True,target,-0.0012096388052128537,0.0012785210149541815,0.005707143085150079,0.0004443742555260144,0,mean_strength|hold12|tp0.01000,False,1,0,low,low,1.0
btcusdt_clarity_hold12_v1,BTCUSDT,4,348,1753228800000,1753239600000,-1,1,-0.0009669959437106573,0.0009669959437106573,1.068032545000003,True,target,0.0005510604778422579,0.008084450227281104,0.009929959293438428,0.013839227478434246,0,mean_strength|hold12|tp0.01000,False,1,0,low,mid,1.0
btcusdt_clarity_hold12_v1,BTCUSDT,4,349,1753246800000,1753290000000,1,1,-0.0038990532648513735,0.0038990532648513735,-1.4951891800000001,False,max_hold,-0.0018420382638135724,-0.0019271851126214656,-0.0011279849871773662,-0.004549876663525021,0,mean_strength|hold12|tp0.01000,True,-1,-1,mid,low,1.0
btcusdt_clarity_hold12_v1,BTCUSDT,4,350,1753326000000,1753333200000,-1,1,-0.0004281127730303687,0.0004281127730303687,1.0585960149999971,True,target,0.004608637290367756,0.008722557333592174,-7.344778242579508e-05,-0.005256159694052132,0,mean_strength|hold12|tp0.01000,False,1,0,low,low,0.9
btcusdt_clarity_hold12_v1,BTCUSDT,4,351,1753380000000,1753401600000,-1,1,-0.009464344561210727,0.009464344561210727,1.060017815000003,True,target,0.0008571140465866156,0.0043578367113711325,0.011629861181136736,0.03150062182783775,0,mean_strength|hold12|tp0.01000,False,1,-1,high,low,0.9
btcusdt_clarity_hold12_v1,BTCUSDT,4,352,1753405200000,1753408800000,-1,1,-0.004181002463322138,0.004181002463322138,1.0469292599999913,True,target,0.00881836319520135,0.01100356501529376,0.01743644463232097,0.009708977821565101,0,mean_strength|hold12|tp0.01000,False,1,-1,mid,low,0.9
btcusdt_clarity_hold12_v1,BTCUSDT,4,353,1753412400000,1753426800000,-1,1,-0.010132236270332181,0.010132236270332181,1.0351733400000087,True,target,-0.005711334094844478,0.0011206001494133977,-0.005552734073697829,-0.0026242670165688153,0,mean_strength|hold12|tp0.01000,False,1,-1,high,low,0.9
btcusdt_clarity_hold12_v1,BTCUSDT,4,354,1753430400000,1753473600000,-1,1,-0.003047730928085926,0.003047730928085926,-1.5459344400000088,False,max_hold,-0.007211275528540284,-0.011372060843129805,0.002258786436169835,-0.015769836433304985,0,mean_strength|hold12|tp0.01000,True,-1,-1,mid,low,0.9
btcusdt_clarity_hold12_v1,BTCUSDT,4,355,1753506000000,1753549200000,1,1,0.00502390900061966,0.00502390900061966,0.39772940500000287,True,max_hold,-0.0009036316453335802,0.000979431095319061,0.0029204080224773943,0.005061529564766243,0,mean_strength|hold12|tp0.01000,False,1,1,mid,low,0.8
btcusdt_clarity_hold12_v1,BTCUSDT,4,356,1753682400000,1753707600000,-1,1,-0.0033436005729303156,0.0033436005729303156,1.0638540000000059,True,target,0.004786307326641759,0.004386960012524588,0.005159701251371884,0.014102736910491798,0,mean_strength|hold12|tp0.01000,False,1,-1,mid,low,0.8
btcusdt_clarity_hold12_v1,BTCUSDT,4,357,1753779600000,1753801200000,-1,1,0.0005311223276951719,0.0005311223276951719,1.058242435000003,True,target,0.004006736842105285,-0.0009524210526317134,0.011825684210526322,0.010062315789473586,0,mean_strength|hold12|tp0.01000,False,1,0,low,low,0.8
btcusdt_clarity_hold12_v1,BTCUSDT,4,358,1753898400000,1753898400000,-1,1,-0.0036796858125774886,0.0036796858125774886,1.0480891749999943,True,target_entry_bar,-0.0033328468281290657,-0.006894064922688514,-0.01623925753582256,-0.018685233994694128,0,mean_strength|hold12|tp0.01000,False,1,-1,mid,low,0.8
btcusdt_clarity_hold12_v1,BTCUSDT,4,359,1753902000000,1753945200000,-1,1,-0.0027639138795836292,0.0027639138795836292,-2.3640895999999882,False,max_hold,-0.002342014560365202,-0.004843186851175574,-0.009925965984741492,-0.01505067376772562,0,mean_strength|hold12|tp0.01000,True,-1,-1,low,low,0.8
btcusdt_clarity_hold12_v1,BTCUSDT,4,360,1753977600000,1753988400000,-1,1,-0.008146714646395919,0.008146714646395919,1.05262988,True,target,0.006581878945413955,0.014963879418019799,0.02158035985551776,0.02399908854606214,0,mean_strength|hold12|tp0.01000,False,1,-1,high,low,0.8
btcusdt_clarity_hold12_v1,BTCUSDT,4,361,1753992000000,1754002800000,-1,1,-0.0005776725716768328,0.0005776725716768328,1.0389150800000058,True,target,-0.0002490339201373093,0.006463718334048907,0.004647488192357163,0.01629626449119792,0,mean_strength|hold12|tp0.01000,False,1,0,low,low,0.8
btcusdt_clarity_hold12_v1,BTCUSDT,4,362,1754010000000,1754035200000,-1,1,-0.0038091043448877718,0.0038091043448877718,1.0268940849999915,True,target,-0.005540026823932065,-0.003280119232897949,0.0022130611380911658,0.008375972280780242,0,mean_strength|hold12|tp0.01000,False,1,-1,mid,low,0.8
btcusdt_clarity_hold12_v1,BTCUSDT,4,363,1754038800000,1754074800000,-1,1,0.0006905023499745583,0.0006905023499745583,1.0195851949999941,True,target,0.0016763817310948559,-0.006829123085238642,-0.003612141320894713,0.00919485805155007,0,mean_strength|hold12|tp0.01000,False,1,0,low,low,0.8
btcusdt_clarity_hold12_v1,BTCUSDT,4,364,1754078400000,1754121600000,1,1,-0.008488522517279733,0.008488522517279733,0.4599096949999942,True,max_hold,-0.0005803336259877501,-0.005752414398595196,-0.002219490781387168,-0.0023371378402107235,0,mean_strength|hold12|tp0.01000,False,1,-1,high,mid,0.8
btcusdt_clarity_hold12_v1,BTCUSDT,4,365,1754200800000,1754244000000,1,1,0.004392854292773219,0.004392854292773219,0.31646714499999706,True,max_hold,0.0012598652737079163,0.0009532686896167597,0.0039892796918528095,0.007261405304825663,0,mean_strength|hold12|tp0.01000,False,1,1,mid,low,0.9
btcusdt_clarity_hold12_v1,BTCUSDT,4,366,1754323200000,1754366400000,1,1,0.0005165999582584785,0.0005165999582584785,-0.7348712850000088,False,max_hold,-0.0008971543547994232,-0.00459249323012878,0.00026723746738710474,-0.008377200479292135,0,mean_strength|hold12|tp0.01000,True,-1,0,low,low,0.9
btcusdt_clarity_hold12_v1,BTCUSDT,4,367,1754492400000,1754535600000,-1,1,0.0003107697266127744,0.0003107697266127744,0.45152429000000294,True,max_hold,0.0024079822270455242,-0.00010835053217439494,0.0030840895478142505,0.007502190847760604,0,mean_strength|hold12|tp0.01000,False,1,0,low,low,0.8
btcusdt_clarity_hold12_v1,BTCUSDT,4,368,1754550000000,1754560800000,1,1,0.005557042623322394,0.005557042623322394,1.0198428200000058,True,target,0.0014134940754380043,0.013422965008614174,0.016031218872847308,0.02315010487916891,0,mean_strength|hold12|tp0.01000,False,1,1,mid,low,0.8
btcusdt_clarity_hold12_v1,BTCUSDT,4,369,1754784000000,1754794800000,1,1,0.0038229869282750666,0.0038229869282750666,1.0360309200000029,True,target,-0.001337718696868273,0.015330204848351903,0.011490155213075282,0.015211944002632594,0,mean_strength|hold12|tp0.01000,False,1,1,mid,low,0.8
btcusdt_clarity_hold12_v1,BTCUSDT,4,370,1754866800000,1754877600000,1,1,0.003647282424205863,0.003647282424205863,1.0594279649999914,True,target,-0.0013601072656728164,0.021652706420595136,0.023370030514367146,0.010814613690125263,0,mean_strength|hold12|tp0.01000,False,1,1,mid,low,0.9
btcusdt_clarity_hold12_v1,BTCUSDT,4,371,1754881200000,1754917200000,1,1,0.006110340414447806,0.006110340414447806,-2.5707474500000003,False,stop,0.0030369736754529697,0.004838122565223868,-0.0023648296098359722,-0.011741157155992554,0,mean_strength|hold12|tp0.01000,True,-1,1,high,mid,0.9
btcusdt_clarity_hold12_v1,BTCUSDT,4,372,1755003600000,1755046800000,1,1,0.0040936484388204705,0.0040936484388204705,0.24837706000000292,True,max_hold,0.005154595788449345,0.006747941612671227,0.0066806052862382614,0.005184897135344313,0,mean_strength|hold12|tp0.01000,False,1,1,mid,low,0.8
btcusdt_clarity_hold12_v1,BTCUSDT,4,373,1755072000000,1755090000000,1,1,0.0026245336277029834,0.0026245336277029834,1.06378209,True,target,0.0005599272094627405,0.004356933598632207,0.007202397021720541,0.024078536456927147,0,mean_strength|hold12|tp0.01000,False,1,1,low,low,0.8
btcusdt_clarity_hold12_v1,BTCUSDT,4,374,1755093600000,1755118800000,1,1,0.0007934086583929695,0.0007934086583929695,1.0837078600000087,True,target,0.00014228987425535244,0.0074007279947054805,0.01675545996029104,0.02334794837855725,0,mean_strength|hold12|tp0.01000,False,1,0,low,low,0.8
btcusdt_clarity_hold12_v1,BTCUSDT,4,375,1755162000000,1755172800000,-1,1,-0.02097322896292909,0.02097322896292909,1.082727610000003,True,target,0.005697680153889162,0.023213258142478987,0.028444009667395576,0.03125709024546641,0,mean_strength|hold12|tp0.01000,False,1,-1,high,mid,0.8
btcusdt_clarity_hold12_v1,BTCUSDT,4,376,1755176400000,1755187200000,-1,1,-0.005315340247217857,0.005315340247217857,1.0576142099999912,True,target,-0.0032729352585696425,0.004642431400578073,0.0040147104668875055,-0.002163651832007396,0,mean_strength|hold12|tp0.01000,False,1,-1,mid,mid,0.8
btcusdt_clarity_hold12_v1,BTCUSDT,4,377,1755478800000,1755482400000,-1,1,-0.006496260605388278,0.006496260605388278,1.043640165000009,True,target,0.007049064656581838,0.006877828833015021,0.009127988022097244,0.012246373070370131,0,mean_strength|hold12|tp0.01000,False,1,-1,high,low,0.9
btcusdt_clarity_hold12_v1,BTCUSDT,4,378,1755486000000,1755529200000,-1,1,-0.005786985424057327,0.005786985424057327,-0.3822111699999971,False,max_hold,-0.0012996150606126022,0.0005621832838963448,0.0022990520097618816,-0.007239844913759619,0,mean_strength|hold12|tp0.01000,True,-1,-1,high,low,0.9
btcusdt_clarity_hold12_v1,BTCUSDT,4,379,1755687600000,1755694800000,-1,1,-0.002977543741460305,0.002977543741460305,1.0124677249999943,True,target,0.00014257112054738563,0.001884226969703695,-0.0045983586719764435,-0.005218807066951214,0,mean_strength|hold12|tp0.01000,False,1,-1,low,low,0.8
btcusdt_clarity_hold12_v1,BTCUSDT,4,380,1755702000000,1755745200000,-1,1,-0.003156968095654346,0.003156968095654346,-0.7656445899999913,False,max_hold,-0.004414944791124142,-0.0012215680909466453,-0.008828124310440666,-0.005429093444663247,0,mean_strength|hold12|tp0.01000,True,-1,-1,mid,low,0.8
btcusdt_clarity_hold12_v1,BTCUSDT,4,381,1755748800000,1755788400000,-1,1,-0.004691577436368432,0.004691577436368432,1.013885675,True,target,-0.001559460359906506,-0.000698856249225388,0.0040489709231847915,0.012364041692269456,0,mean_strength|hold12|tp0.01000,False,1,-1,mid,low,0.7
btcusdt_clarity_hold12_v1,BTCUSDT,4,382,1755853200000,1755864000000,-1,1,-0.004645628307515777,0.004645628307515777,1.005252840000003,True,target,0.0046102155651850385,0.006282635415127302,-0.029284160060313313,-0.03511639245765186,0,mean_strength|hold12|tp0.01000,False,1,-1,mid,low,0.8
btcusdt_clarity_hold12_v1,BTCUSDT,4,383,1755910800000,1755914400000,-1,1,-0.005213962985094548,0.005213962985094548,1.039897984999997,True,target,0.004363402061855592,0.004374570446735393,0.005413230240549849,0.013597938144329969,0,mean_strength|hold12|tp0.01000,False,1,-1,mid,mid,0.8
btcusdt_clarity_hold12_v1,BTCUSDT,4,384,1755918000000,1755957600000,-1,1,-0.0044168830163789944,0.0044168830163789944,1.031519665000003,True,target,-0.0031881235257200657,-0.001970178969464831,-0.001887078274795062,0.006457616481637785,0,mean_strength|hold12|tp0.01000,False,1,-1,mid,high,0.8
btcusdt_clarity_hold12_v1,BTCUSDT,4,385,1756011600000,1756054800000,-1,1,-0.00449021410133771,0.00449021410133771,0.7024650899999912,True,max_hold,0.0011794288815690779,0.0013873075708722427,0.00233885270098777,0.004936031639310445,0,mean_strength|hold12|tp0.01000,False,1,-1,mid,low,0.8
btcusdt_clarity_hold12_v1,BTCUSDT,4,386,1756058400000,1756062000000,-1,1,-0.005857895422939856,0.005857895422939856,1.018348215,True,target,0.01789159291456277,0.0144816760596439,0.01752163264166462,0.02361114383165408,0,mean_strength|hold12|tp0.01000,False,1,-1,high,low,0.8
btcusdt_clarity_hold12_v1,BTCUSDT,4,387,1756065600000,1756105200000,-1,1,-0.0026978855103153678,0.0026978855103153678,1.00186864,True,target,-0.0018378570161432517,-0.006264857193542639,-0.005556146886641855,0.012221926556679086,0,mean_strength|hold12|tp0.01000,False,1,-1,low,low,0.8
btcusdt_clarity_hold12_v1,BTCUSDT,4,388,1756148400000,1756148400000,-1,1,0.002114149866479484,0.002114149866479484,1.00008864,True,target_entry_bar,0.010386767693564503,0.005002241293298515,0.007233593371555713,0.0036710215236456234,0,mean_strength|hold12|tp0.01000,False,1,1,low,mid,0.8
btcusdt_clarity_hold12_v1,BTCUSDT,4,389,1756155600000,1756198800000,1,1,0.003339115792209678,0.003339115792209678,0.3709180750000116,True,max_hold,0.0023434192617408645,-0.007191402000191083,-0.00013201079757285683,0.0024499383190930146,0,mean_strength|hold12|tp0.01000,False,1,1,mid,mid,0.9
btcusdt_clarity_hold12_v1,BTCUSDT,4,390,1756429200000,1756447200000,-1,1,-0.002593803482875908,0.002593803482875908,0.99830149,True,target,0.000492708099618544,-0.00028539376262060046,0.0130670854835091,0.021257347991922915,0,mean_strength|hold12|tp0.01000,False,1,-1,low,low,0.9
btcusdt_clarity_hold12_v1,BTCUSDT,4,391,1756450800000,1756450800000,-1,1,-0.005074415699162681,0.005074415699162681,0.990026304999997,True,target_entry_bar,0.003540088570415323,0.0001745946584946756,0.008298702361574706,0.016491011103129116,0,mean_strength|hold12|tp0.01000,False,1,-1,mid,low,1.0
btcusdt_clarity_hold12_v1,BTCUSDT,4,392,1756454400000,1756472400000,-1,1,-0.002889413863121125,0.002889413863121125,0.9787991050000058,True,target,-0.0011945643216764168,-0.004271776615559331,0.013006058603920234,0.0167649665038323,0,mean_strength|hold12|tp0.01000,False,1,-1,low,low,1.0
btcusdt_clarity_hold12_v1,BTCUSDT,4,393,1756479600000,1756522800000,1,1,0.0022896320506866335,0.0022896320506866335,-0.5890706850000029,False,max_hold,0.0028947407287067684,-0.0022329010914353686,0.0005446100223012174,0.000309227724527128,0,mean_strength|hold12|tp0.01000,True,-1,1,low,mid,1.0
btcusdt_clarity_hold12_v1,BTCUSDT,4,394,1756674000000,1756684800000,-1,1,-0.004950980539370165,0.004950980539370165,0.9708725500000116,True,target,0.0013212657726101584,0.007398170780941404,0.012545602020068491,-0.004577635374689137,0,mean_strength|hold12|tp0.01000,False,1,-1,mid,low,0.9
btcusdt_clarity_hold12_v1,BTCUSDT,4,395,1756756800000,1756760400000,-1,1,-0.00045007285897986015,0.00045007285897986015,0.9717636500000117,True,target,0.010062504766183644,-0.0031992002918053153,-0.012590993911229198,-0.013544690034978046,0,mean_strength|hold12|tp0.01000,False,1,0,low,low,0.9
btcusdt_clarity_hold12_v1,BTCUSDT,4,396,1756767600000,1756782000000,-1,1,-0.0008109254194795427,0.0008109254194795427,-2.2869569399999916,False,stop,0.0018555169574649977,-0.009361843207901455,-0.008945130367009613,-0.004677258194360379,0,mean_strength|hold12|tp0.01000,True,-1,0,low,mid,0.9
btcusdt_clarity_hold12_v1,BTCUSDT,4,397,1756785600000,1756814400000,-1,1,-0.0028280277680787468,0.0028280277680787468,0.981652385000003,True,target,0.000974861274973482,0.0007436151120727708,0.000629352302168984,-0.004294830696069063,0,mean_strength|hold12|tp0.01000,False,1,-1,low,mid,0.8
btcusdt_clarity_hold12_v1,BTCUSDT,4,398,1756821600000,1756864800000,-1,1,-0.003767524609918271,0.003767524609918271,-0.1843977899999971,False,max_hold,0.004659123067869975,0.004085042921250337,-0.0004276402970124771,-0.00017429037315208618,0,mean_strength|hold12|tp0.01000,True,-1,-1,mid,mid,0.8
btcusdt_clarity_hold12_v1,BTCUSDT,4,399,1756872000000,1756908000000,1,1,0.0030957811744257856,0.0030957811744257856,0.987737195,True,target,-0.0028756374660144912,0.0006740760967030024,0.00392279846116006,0.007599577170448457,0,mean_strength|hold12|tp0.01000,False,1,1,mid,mid,0.7
btcusdt_clarity_hold12_v1,BTCUSDT,4,400,1756954800000,1756965600000,-1,1,-0.0009370457040277153,0.0009370457040277153,0.9916232449999999,True,target,0.0021267767766416368,0.006814145990670317,0.0030871114447231784,0.014932439061050129,0,mean_strength|hold12|tp0.01000,False,1,0,low,low,0.7
btcusdt_clarity_hold12_v1,BTCUSDT,4,401,1756990800000,1756994400000,-1,1,-0.0041539194717638275,0.0041539194717638275,0.986992935000003,True,target,0.005626636913925953,0.009384973175440958,0.006043223583876989,-0.0059653399890600145,0,mean_strength|hold12|tp0.01000,False,1,-1,mid,low,0.7
btcusdt_clarity_hold12_v1,BTCUSDT,4,402,1757059200000,1757080800000,-1,1,-0.007948286971382348,0.007948286971382348,1.0048927699999943,True,target,0.002986082121699263,0.002570410963770864,0.018310847418486764,0.008945811757809397,0,mean_strength|hold12|tp0.01000,False,1,-1,high,low,0.7
btcusdt_clarity_hold12_v1,BTCUSDT,4,403,1757318400000,1757340000000,1,1,0.0013452281554574075,0.0013452281554574075,0.9898664850000086,True,target,0.0037611967036903504,0.003421712647796449,0.008475456825510541,0.002502687208885579,0,mean_strength|hold12|tp0.01000,False,1,0,low,low,0.7
btcusdt_clarity_hold12_v1,BTCUSDT,4,404,1757412000000,1757426400000,-1,1,-0.0028985453913966414,0.0028985453913966414,1.005161254999997,True,target,0.0025982738516747705,-0.00020143721459353614,0.01575203522577817,0.010472960381648022,0,mean_strength|hold12|tp0.01000,False,1,-1,low,low,0.8
btcusdt_clarity_hold12_v1,BTCUSDT,4,405,1757437200000,1757480400000,1,1,0.0006166448906417411,0.0006166448906417411,0.38925095999999126,True,max_hold,0.001018156523995506,0.004527642949626376,0.004640270883696784,0.004910577925465454,0,mean_strength|hold12|tp0.01000,False,1,0,low,low,0.8
btcusdt_clarity_hold12_v1,BTCUSDT,4,406,1757484000000,1757491200000,1,1,0.0039804837095914775,0.0039804837095914775,0.9925418749999941,True,target,0.006777170430667612,0.004452188418403669,0.014723096253181467,0.016172854089927968,0,mean_strength|hold12|tp0.01000,False,1,1,mid,low,0.8
btcusdt_clarity_hold12_v1,BTCUSDT,4,407,1757502000000,1757505600000,1,1,0.009912911511408632,0.009912911511408632,0.9987630749999943,True,target,0.009990522542808966,0.014305259632445777,0.012714400746795196,0.01452259981615156,0,mean_strength|hold12|tp0.01000,False,1,1,high,low,0.9
btcusdt_clarity_hold12_v1,BTCUSDT,4,408,1757509200000,1757552400000,1,1,0.0018592779497955748,0.0018592779497955748,0.26369704499999713,True,max_hold,-0.0003414937762979964,-0.0016451396832448673,-0.0033894793580619975,-0.0005170689826207164,0,mean_strength|hold12|tp0.01000,False,1,1,low,low,0.9
btcusdt_clarity_hold12_v1,BTCUSDT,4,409,1757566800000,1757610000000,-1,1,-0.001997468135769256,0.001997468135769256,-0.5082609200000059,False,max_hold,-0.0005647239287975836,0.001834258342373274,0.0022256251581447284,-0.0027929757098668073,0,mean_strength|hold12|tp0.01000,True,-1,-1,low,low,1.0
btcusdt_clarity_hold12_v1,BTCUSDT,4,410,1757624400000,1757635200000,1,1,0.012202655572058182,0.012202655572058182,1.01753047,True,target,0.005338802933588793,0.011961400515964948,0.006221466374892515,0.005100221627176937,0,mean_strength|hold12|tp0.01000,False,1,1,high,low,0.9
btcusdt_clarity_hold12_v1,BTCUSDT,4,411,1757646000000,1757689200000,1,1,0.002692112801104915,0.002692112801104915,-0.303332035,False,max_hold,0.0015303335206442448,0.0011481844008465192,-0.001114312092500902,-0.0006374942134806938,0,mean_strength|hold12|tp0.01000,True,-1,1,low,low,0.9
btcusdt_clarity_hold12_v1,BTCUSDT,4,412,1757692800000,1757700000000,1,1,0.004993151126000445,0.004993151126000445,1.0239322000000117,True,target,0.002697622038376535,0.009755273530558384,0.00465976523584688,0.0018633863213064483,0,mean_strength|hold12|tp0.01000,False,1,1,mid,low,0.8
btcusdt_clarity_hold12_v1,BTCUSDT,4,413,1757768400000,1757811600000,-1,1,-0.002268916542099092,0.002268916542099092,-0.12237564499999418,False,max_hold,-0.0003768158027559476,0.0036281484861683255,-0.00038891539275276443,-0.0017371554209619777,0,mean_strength|hold12|tp0.01000,True,-1,-1,low,low,0.8
btcusdt_clarity_hold12_v1,BTCUSDT,4,414,1758099600000,1758117600000,-1,1,-0.0031833367021077844,0.0031833367021077844,1.039625319999994,True,target,0.001599946439561184,0.003037666550218421,0.005826414394711099,0.004438478025199033,0,mean_strength|hold12|tp0.01000,False,1,-1,mid,low,0.7
btcusdt_clarity_hold12_v1,BTCUSDT,4,415,1758142800000,1758150000000,1,1,0.011177974908194995,0.011177974908194995,1.0283828599999971,True,target,0.004492752623574292,0.0026296095762621263,0.01331530829370231,0.010902964820134642,0,mean_strength|hold12|tp0.01000,False,1,1,high,low,0.7
btcusdt_clarity_hold12_v1,BTCUSDT,4,416,1758153600000,1758164400000,1,1,0.007084464788499643,0.007084464788499643,1.0358524800000057,True,target,0.0025401619030747113,0.0106576731979382,0.00647509110702571,0.006726183617417503,0,mean_strength|hold12|tp0.01000,False,1,1,high,low,0.7
btcusdt_clarity_hold12_v1,BTCUSDT,4,417,1758279600000,1758308400000,-1,1,-0.0026408602683684833,0.0026408602683684833,1.036780069999997,True,target,0.0018823634577384007,0.004240904703416093,0.007324886478012105,0.0066492984972895686,0,mean_strength|hold12|tp0.01000,False,1,-1,low,low,0.7
btcusdt_clarity_hold12_v1,BTCUSDT,4,418,1758416400000,1758459600000,-1,1,-0.0022825674715474193,0.0022825674715474193,-0.22153436999999418,False,max_hold,-0.0017369067120831527,-4.331438184745906e-05,-0.0029263196376143608,-0.0015237999533936897,0,mean_strength|hold12|tp0.01000,True,-1,-1,low,low,0.7
btcusdt_clarity_hold12_v1,BTCUSDT,4,419,1758463200000,1758499200000,-1,1,-0.0018497490128962875,0.0018497490128962875,1.0290271149999999,True,target,-0.00021395210244756768,-0.0011685076364442715,0.00164665160628652,0.011437342351082402,0,mean_strength|hold12|tp0.01000,False,1,-1,low,low,0.6
btcusdt_clarity_hold12_v1,BTCUSDT,4,420,1758502800000,1758520800000,-1,1,-0.004679883185824897,0.004679883185824897,1.0177220800000029,True,target,0.0007512358617935977,-0.0014735780365950912,0.015387201672681927,0.009847493866658286,0,mean_strength|hold12|tp0.01000,False,1,-1,mid,low,0.7
btcusdt_clarity_hold12_v1,BTCUSDT,4,421,1758524400000,1758567600000,-1,1,-0.0029155573799287482,0.0029155573799287482,0.18300709999998835,True,max_hold,-0.001012854988333034,-0.0024738916396336297,-0.005626280519037241,0.003392486198850353,0,mean_strength|hold12|tp0.01000,False,1,-1,low,low,0.7
btcusdt_clarity_hold12_v1,BTCUSDT,4,422,1758610800000,1758650400000,-1,1,-0.003207577606064574,0.003207577606064574,1.0051664250000116,True,target,-0.00035206252913577707,0.0010535338497507096,0.001362251997158781,0.012705211321552556,0,mean_strength|hold12|tp0.01000,False,1,-1,mid,low,0.8
btcusdt_clarity_hold12_v1,BTCUSDT,4,423,1758690000000,1758733200000,-1,1,-0.0047237036728442075,0.0047237036728442075,-1.726654415,False,max_hold,0.00039788304902743654,0.0001918364700668196,-0.003429076902444983,-0.009806751400361913,0,mean_strength|hold12|tp0.01000,True,-1,-1,mid,low,0.8
btcusdt_clarity_hold12_v1,BTCUSDT,4,424,1758736800000,1758762000000,-1,1,-0.00835647158734371,0.00835647158734371,1.0120174999999942,True,target,0.001965755535014768,0.0027351555966371732,0.005219419868832231,0.018668075179365307,0,mean_strength|hold12|tp0.01000,False,1,-1,high,low,0.8
btcusdt_clarity_hold12_v1,BTCUSDT,4,425,1758765600000,1758783600000,-1,1,-0.004605972492274333,0.004605972492274333,1.0024038500000059,True,target,0.0032449579980859955,0.010293127281749581,0.01039680289228373,0.012130932548825024,0,mean_strength|hold12|tp0.01000,False,1,-1,mid,low,0.8
btcusdt_clarity_hold12_v1,BTCUSDT,4,426,1758787200000,1758819600000,-1,1,-0.0005031486311592123,0.0005031486311592123,0.9942962150000001,True,target,0.0015070017827929494,0.0032468142985188075,0.0017523484782684395,0.022850373437369842,0,mean_strength|hold12|tp0.01000,False,1,0,low,low,0.8
btcusdt_clarity_hold12_v1,BTCUSDT,4,427,1759086000000,1759096800000,1,1,0.015697426803823366,0.015697426803823366,0.9809714350000086,True,target,0.004229173316310231,0.014507406493921016,0.013774736674114108,0.013901684415169813,0,mean_strength|hold12|tp0.01000,False,1,1,high,low,0.8
btcusdt_clarity_hold12_v1,BTCUSDT,4,428,1759114800000,1759150800000,1,1,0.0019025964606626602,0.0019025964606626602,0.9939640049999999,True,target,-0.0005830909004729268,-0.0021266720265716854,0.0020756962883403673,0.017296872862037294,0,mean_strength|hold12|tp0.01000,False,1,1,low,low,0.8
btcusdt_clarity_hold12_v1,BTCUSDT,4,429,1759226400000,1759258800000,1,1,0.0027306598019837098,0.0027306598019837098,1.00330015,True,target,0.0011268953236500678,0.004094740712194289,-0.0006901347933360169,0.008920368721567318,0,mean_strength|hold12|tp0.01000,False,1,1,low,low,0.9
btcusdt_clarity_hold12_v1,BTCUSDT,5,1,1759284000000,1759316400000,-1,1,-0.0012521898417044305,0.0012521898417044305,-2.4158365149999974,False,stop,0.000727549707141617,-0.0025599943967289374,-0.016122536530699838,-0.026495591801714236,0,mean_strength|hold12|tp0.01000,True,-1,0,low,low,0.9
btcusdt_clarity_hold12_v1,BTCUSDT,5,2,1759320000000,1759334400000,1,1,0.008876593817945089,0.008876593817945089,1.0388828799999998,True,target,0.0033409610590708905,0.008530277889248206,0.007034235398547972,0.01738623073770107,0,mean_strength|hold12|tp0.01000,False,1,1,high,low,0.8
btcusdt_clarity_hold12_v1,BTCUSDT,5,3,1759392000000,1759410000000,1,1,0.009706655461214448,0.009706655461214448,1.05399451,True,target,0.0014995524101575342,0.0006793924916173033,0.0011177102281443307,0.016549866228798615,0,mean_strength|hold12|tp0.01000,False,1,1,high,low,0.8
btcusdt_clarity_hold12_v1,BTCUSDT,5,4,1759417200000,1759420800000,1,1,0.004808412802640772,0.004808412802640772,1.056936185000003,True,target,-0.0015107390942740162,0.004892592373228366,0.001919497877373999,0.002588527559101106,0,mean_strength|hold12|tp0.01000,False,1,1,mid,low,0.8
btcusdt_clarity_hold12_v1,BTCUSDT,5,5,1759428000000,1759471200000,1,1,0.00556562069018153,0.00556562069018153,-0.16650298000000582,False,max_hold,0.0027087470197970642,-0.002958619178227817,-0.003025860523187429,-0.00480651095452822,0,mean_strength|hold12|tp0.01000,True,-1,1,mid,low,0.9
btcusdt_clarity_hold12_v1,BTCUSDT,5,6,1759510800000,1759554000000,1,1,0.0051993542405884335,0.0051993542405884335,-0.27437035000000587,False,max_hold,0.0038521577737626878,0.0030048633389463397,0.001206206390763409,0.003647299351418276,0,mean_strength|hold12|tp0.01000,True,-1,1,mid,low,0.8
btcusdt_clarity_hold12_v1,BTCUSDT,5,7,1759611600000,1759629600000,1,1,0.006579311389773924,0.006579311389773924,1.0841463150000088,True,target,0.0007450472777528194,-0.00022433291659806898,0.01306534555865868,0.007025550209227349,0,mean_strength|hold12|tp0.01000,False,1,1,high,low,0.7
btcusdt_clarity_hold12_v1,BTCUSDT,5,8,1759647600000,1759654800000,-1,1,-0.0021594990529100037,0.0021594990529100037,1.1124803399999972,True,target,0.0008942004484635557,0.013725776390541844,0.012610231257077387,0.017178272292457275,0,mean_strength|hold12|tp0.01000,False,1,-1,low,low,0.7
btcusdt_clarity_hold12_v1,BTCUSDT,5,9,1759744800000,1759759200000,1,1,0.004046930462195467,0.004046930462195467,1.1027432999999884,True,target,0.001946417043253712,0.00845545513234347,0.0120868302130408,0.008713686249192998,0,mean_strength|hold12|tp0.01000,False,1,1,mid,low,0.7
btcusdt_clarity_hold12_v1,BTCUSDT,5,10,1759762800000,1759770000000,1,1,0.00020489038532792644,0.00020489038532792644,1.1077230100000088,True,target,0.003774424512310137,0.008321981780958554,0.0009267988942440741,-0.005350302770312343,0,mean_strength|hold12|tp0.01000,False,1,0,low,low,0.7
btcusdt_clarity_hold12_v1,BTCUSDT,5,11,1759849200000,1759849200000,-1,1,-0.0009378388617695891,0.0009378388617695891,1.091989439999997,True,target_entry_bar,0.0013695896896500637,0.0078028841850982245,-0.0013613787202875205,0.0037376332537689683,0,mean_strength|hold12|tp0.01000,False,1,0,low,low,0.7
btcusdt_clarity_hold12_v1,BTCUSDT,5,12,1759867200000,1759910400000,1,1,-0.000764394466710758,0.000764394466710758,-0.23756264000000293,False,max_hold,0.0005636442100531713,-0.004913631985455136,0.0008992053190948202,0.003669020243606047,0,mean_strength|hold12|tp0.01000,True,-1,0,low,low,0.8
btcusdt_clarity_hold12_v1,BTCUSDT,5,13,1760029200000,1760032800000,1,1,0.001991470810291911,0.001991470810291911,1.065647845000006,True,target,-0.002610085051060418,0.0010734760444475189,0.005488952624806087,0.005077922120884315,0,mean_strength|hold12|tp0.01000,False,1,1,low,mid,0.7
btcusdt_clarity_hold12_v1,BTCUSDT,5,14,1760097600000,1760108400000,-1,1,-0.009458315537195673,0.009458315537195673,1.0813922249999883,True,target,-0.0006113475317357508,0.02114209263519584,0.03584405454240269,0.07464117273406468,0,mean_strength|hold12|tp0.01000,False,1,-1,high,mid,0.7
btcusdt_clarity_hold12_v1,BTCUSDT,5,15,1760112000000,1760115600000,-1,1,-0.0022053370598521323,0.0022053370598521323,1.0589577349999915,True,target,0.004732966567922103,0.013074058400338484,0.03845704612780365,0.04439018197206934,0,mean_strength|hold12|tp0.01000,False,1,-1,low,mid,0.7
btcusdt_clarity_hold12_v1,BTCUSDT,5,16,1760169600000,1760173200000,1,1,0.0028447510678903986,0.0028447510678903986,0.9818595650000087,True,target,0.002723914096502744,0.008545595230499359,0.005938510178056466,-0.00978578046744194,0,mean_strength|hold12|tp0.01000,False,1,1,low,high,0.8
btcusdt_clarity_hold12_v1,BTCUSDT,5,17,1760216400000,1760238000000,1,1,0.0029307590123182755,0.0029307590123182755,0.9805297900000087,True,target,0.0013182030213105822,-0.011115852992844122,-0.0017088819454907922,0.00847583790704376,0,mean_strength|hold12|tp0.01000,False,1,1,low,high,0.9
btcusdt_clarity_hold12_v1,BTCUSDT,5,18,1760241600000,1760241600000,1,1,0.0004950408082878982,0.0004950408082878982,0.9846225799999999,True,target_entry_bar,0.0014019684965209667,-0.00019823099023108526,0.0009292638275084641,0.022489799176758307,0,mean_strength|hold12|tp0.01000,False,1,0,low,mid,0.9
btcusdt_clarity_hold12_v1,BTCUSDT,5,19,1760259600000,1760277600000,1,1,0.00158382757727421,0.00158382757727421,0.98995818,True,target,-0.0016318920374583934,-0.0005439640124861311,0.012050413296341267,0.027286773711865386,0,mean_strength|hold12|tp0.01000,False,1,0,low,low,0.9
btcusdt_clarity_hold12_v1,BTCUSDT,5,20,1760281200000,1760281200000,1,1,0.0005693050020265511,0.0005693050020265511,0.9990343099999971,True,target_entry_bar,0.007729912746753387,0.0061607687479556805,0.015054942140577676,0.014627074143159113,0,mean_strength|hold12|tp0.01000,False,1,0,low,mid,0.9
btcusdt_clarity_hold12_v1,BTCUSDT,5,21,1760295600000,1760299200000,1,1,0.0042877119790620455,0.0042877119790620455,1.0128134149999972,True,target,0.0050381183791574635,0.007629800671457465,0.011806066566510953,0.009213509297069544,0,mean_strength|hold12|tp0.01000,False,1,1,mid,mid,0.9
btcusdt_clarity_hold12_v1,BTCUSDT,5,22,1760335200000,1760378400000,1,1,-0.0008708355736908879,0.0008708355736908879,0.2364103750000116,True,max_hold,0.0015047530398963893,-0.0009655426314857385,-0.0070192865404051785,-0.0005270542961437474,0,mean_strength|hold12|tp0.01000,False,1,0,low,low,0.9
btcusdt_clarity_hold12_v1,BTCUSDT,5,23,1760389200000,1760403600000,-1,1,-0.02249873445757244,0.02249873445757244,1.0294769,True,target,0.0017959204849071764,0.006458223448132738,0.019109216522122607,0.03816309413666985,0,mean_strength|hold12|tp0.01000,False,1,-1,high,low,1.0
btcusdt_clarity_hold12_v1,BTCUSDT,5,24,1760407200000,1760414400000,-1,1,-0.0075542215006123535,0.0075542215006123535,1.0166530899999913,True,target,0.0011024406909801998,0.009931652199333896,0.016009164698651435,0.01934554471312766,0,mean_strength|hold12|tp0.01000,False,1,-1,high,low,1.0
btcusdt_clarity_hold12_v1,BTCUSDT,5,25,1760418000000,1760421600000,-1,1,-0.005255590923917173,0.005255590923917173,1.005969350000006,True,target,0.004489573392696289,0.0061384777251167755,0.010644949274402182,-0.002243007943022901,0,mean_strength|hold12|tp0.01000,False,1,-1,mid,mid,1.0
btcusdt_clarity_hold12_v1,BTCUSDT,5,26,1760425200000,1760436000000,-1,1,-0.00554947841723376,0.00554947841723376,0.9963501999999884,True,target,-0.0007423978105982609,0.009772964182216182,0.006302769349806447,-0.00786905857867981,0,mean_strength|hold12|tp0.01000,False,1,-1,mid,mid,1.0
btcusdt_clarity_hold12_v1,BTCUSDT,5,27,1760439600000,1760450400000,1,1,0.0017431839105816944,0.0017431839105816944,0.983999415000003,True,target,-0.004497426317899511,0.0011488528551419908,0.013026624979548984,0.015663233292641188,0,mean_strength|hold12|tp0.01000,False,1,1,low,mid,1.0
btcusdt_clarity_hold12_v1,BTCUSDT,5,28,1760526000000,1760533200000,-1,1,-0.0011730526520711637,0.0011730526520711637,0.9988431899999912,True,target,0.0016469809819297243,0.0075160272172102305,0.006322368362228548,0.010210924437370927,0,mean_strength|hold12|tp0.01000,False,1,0,low,low,1.0
btcusdt_clarity_hold12_v1,BTCUSDT,5,29,1760540400000,1760583600000,1,1,0.0031275809968867104,0.0031275809968867104,0.28581388999999713,True,max_hold,-0.0005787418459246574,0.0055562828702344635,0.0003467033835180544,0.004694038778412235,0,mean_strength|hold12|tp0.01000,False,1,1,mid,low,1.0
btcusdt_clarity_hold12_v1,BTCUSDT,5,30,1760619600000,1760623200000,-1,1,-0.00673234793770111,0.00673234793770111,0.9921562550000058,True,target,0.0029586252772019206,0.014547627278200137,0.02385854196996784,0.018236431887084903,0,mean_strength|hold12|tp0.01000,False,1,-1,high,low,1.0
btcusdt_clarity_hold12_v1,BTCUSDT,5,31,1760626800000,1760626800000,-1,1,-0.0033501380407308596,0.0033501380407308596,0.9832544950000058,True,target_entry_bar,-0.006535206593284881,-0.0011615686708335016,0.0009172704979995006,-0.005971937975920438,0,mean_strength|hold12|tp0.01000,False,1,-1,mid,low,1.0
btcusdt_clarity_hold12_v1,BTCUSDT,5,32,1760630400000,1760673600000,-1,1,-0.000749070528972353,0.000749070528972353,-0.8219478249999884,False,max_hold,0.008814567116279148,0.0094483659987048,0.013229177829128913,0.0041508331432852374,0,mean_strength|hold12|tp0.01000,True,-1,0,low,mid,1.0
btcusdt_clarity_hold12_v1,BTCUSDT,5,33,1760680800000,1760680800000,-1,1,-0.0024187965364155504,0.0024187965364155504,0.964194304999997,True,target_entry_bar,0.010504306034446409,0.020727447560476175,0.013264404292069987,0.0009278428777750314,0,mean_strength|hold12|tp0.01000,False,1,-1,low,mid,0.9
btcusdt_clarity_hold12_v1,BTCUSDT,5,34,1760706000000,1760716800000,-1,1,-0.0010832208044456587,0.0010832208044456587,-2.221511739999991,False,stop,0.00623050603243458,-0.005306802786047893,-0.006112324962016524,-0.012535702501373258,0,mean_strength|hold12|tp0.01000,True,-1,0,low,high,0.9
btcusdt_clarity_hold12_v1,BTCUSDT,5,35,1760850000000,1760864400000,1,1,0.0029553414986863446,0.0029553414986863446,0.9520639799999943,True,target,-0.0011174951636045982,-0.004163932983983543,0.008278261911291107,0.0204986424399205,0,mean_strength|hold12|tp0.01000,False,1,1,low,low,0.8
btcusdt_clarity_hold12_v1,BTCUSDT,5,36,1760868000000,1760882400000,1,1,-0.00158848344408426,0.00158848344408426,0.95526644,True,target,-0.0008745660788925802,0.0019513118027469911,0.006835155886998345,0.01172270968950584,0,mean_strength|hold12|tp0.01000,False,1,0,low,low,0.8
btcusdt_clarity_hold12_v1,BTCUSDT,5,37,1760886000000,1760929200000,1,1,0.0052394060200706685,0.0052394060200706685,0.17977882999999706,True,max_hold,0.0012210699117860546,0.008170285761716078,0.002413549818084615,0.015410012957728147,0,mean_strength|hold12|tp0.01000,False,1,1,mid,low,0.8
btcusdt_clarity_hold12_v1,BTCUSDT,5,38,1760932800000,1760940000000,1,1,0.0025235720279673055,0.0025235720279673055,0.9798231800000059,True,target,0.005475254441225985,0.006857885299625943,0.0029247263505340904,0.0024010299965659954,0,mean_strength|hold12|tp0.01000,False,1,1,low,mid,0.8
btcusdt_clarity_hold12_v1,BTCUSDT,5,39,1761001200000,1761008400000,-1,1,-0.008154849126787659,0.008154849126787659,0.9856650300000029,True,target,0.0006418037854655223,0.009148193308765484,0.02690235077609371,0.017656393279979476,0,mean_strength|hold12|tp0.01000,False,1,-1,high,low,0.8
btcusdt_clarity_hold12_v1,BTCUSDT,5,40,1761012000000,1761019200000,-1,1,-0.002902950649074207,0.002902950649074207,0.9773795049999999,True,target,0.004150401107991808,0.017918075485591434,0.016532172232053388,-0.024376183659131634,0,mean_strength|hold12|tp0.01000,False,1,-1,low,low,0.8
btcusdt_clarity_hold12_v1,BTCUSDT,5,41,1761033600000,1761048000000,1,1,0.014255715229876524,0.014255715229876524,0.9612242149999971,True,target,0.0005480739844143656,0.008078982105848898,0.04159602860017264,0.028641974849906715,0,mean_strength|hold12|tp0.01000,False,1,1,high,low,0.8
btcusdt_clarity_hold12_v1,BTCUSDT,5,42,1761051600000,1761055200000,1,1,0.014548520894714537,0.014548520894714537,0.967634744999994,True,target,0.03453541284539119,0.03803868453393666,0.030782105173807306,-0.0006532305387121351,0,mean_strength|hold12|tp0.01000,False,1,1,high,low,0.8
btcusdt_clarity_hold12_v1,BTCUSDT,5,43,1761058800000,1761076800000,-1,1,-0.0031743690459803456,0.0031743690459803456,0.9980377349999972,True,target,0.007480909565683813,0.012533170070715749,0.022783251231527024,0.045706769517410706,0,mean_strength|hold12|tp0.01000,False,1,-1,mid,high,0.9
btcusdt_clarity_hold12_v1,BTCUSDT,5,44,1761080400000,1761084000000,-1,1,-0.00579039863549993,0.00579039863549993,0.9856633800000029,True,target,0.01592993213123106,0.025660677821049638,0.023457967042391337,0.025861088391894826,0,mean_strength|hold12|tp0.01000,False,1,-1,high,high,0.9
btcusdt_clarity_hold12_v1,BTCUSDT,5,45,1761094800000,1761138000000,1,1,0.004953286011624448,0.004953286011624448,-0.12597855000001165,False,max_hold,-0.0014245671826991213,0.002223174190498556,-0.00027235730323804663,0.003825927676672114,0,mean_strength|hold12|tp0.01000,True,-1,1,mid,high,1.0
btcusdt_clarity_hold12_v1,BTCUSDT,5,46,1761177600000,1761192000000,1,1,0.011034376180153523,0.011034376180153523,0.9569637650000087,True,target,0.002708325410863077,0.004697831577404665,0.02193094326707512,0.012236622310108913,0,mean_strength|hold12|tp0.01000,False,1,1,high,low,0.9
btcusdt_clarity_hold12_v1,BTCUSDT,5,47,1761195600000,1761199200000,1,1,0.0034516711404662206,0.0034516711404662206,0.9663026600000086,True,target,0.011810557229454899,0.005190363848913693,0.002979041105073632,0.020947875045571607,0,mean_strength|hold12|tp0.01000,False,1,1,mid,low,0.9
btcusdt_clarity_hold12_v1,BTCUSDT,5,48,1761206400000,1761235200000,1,1,-0.000519666218757275,0.000519666218757275,0.9719873300000028,True,target,-0.0006495565018230787,-0.0021999044393670175,0.0007756307595607748,9.683964724782612e-05,0,mean_strength|hold12|tp0.01000,False,1,0,low,mid,0.9
btcusdt_clarity_hold12_v1,BTCUSDT,5,49,1761282000000,1761314400000,-1,1,-0.003418775380360555,0.003418775380360555,0.9890425200000058,True,target,-0.0019803404890594845,0.001323824341460278,0.0016754651821607736,0.009166943962299778,0,mean_strength|hold12|tp0.01000,False,1,-1,mid,mid,0.9
btcusdt_clarity_hold12_v1,BTCUSDT,5,50,1761364800000,1761408000000,1,1,0.008198978836381057,0.008198978836381057,0.20090265999999707,True,max_hold,0.0015418757809455563,0.0025377080385342587,0.003167412266458447,0.0014402235270092323,0,mean_strength|hold12|tp0.01000,False,1,1,high,low,0.9
btcusdt_clarity_hold12_v1,BTCUSDT,5,51,1761454800000,1761469200000,1,1,0.009250910178697967,0.009250910178697967,0.9911096249999882,True,target,0.00017928488637375395,0.0014513111551952562,0.01506799827527927,0.01651930943047475,0,mean_strength|hold12|tp0.01000,False,1,1,high,low,0.9
btcusdt_clarity_hold12_v1,BTCUSDT,5,52,1761472800000,1761480000000,1,1,0.0035157265366761734,0.0035157265366761734,1.0008933550000028,True,target,0.007204790385073823,0.01106691382359104,0.009233694936722436,0.019627272177412225,0,mean_strength|hold12|tp0.01000,False,1,1,mid,low,0.9
btcusdt_clarity_hold12_v1,BTCUSDT,5,53,1761519600000,1761562800000,-1,1,0.0005102560917354848,0.0005102560917354848,-0.9640924099999912,False,max_hold,-0.0018096417573087997,-0.002910972961925884,-0.008849951702128767,-0.007026335877195811,0,mean_strength|hold12|tp0.01000,True,-1,0,low,low,0.9
btcusdt_clarity_hold12_v1,BTCUSDT,5,54,1761627600000,1761656400000,1,1,0.008788579824632475,0.008788579824632475,1.013704954999997,True,target,0.0043870347361218975,0.007120345820209151,0.0064176453546480605,0.014835961708988599,0,mean_strength|hold12|tp0.01000,False,1,1,high,low,0.8
btcusdt_clarity_hold12_v1,BTCUSDT,5,55,1761667200000,1761681600000,1,1,-0.010526163411826177,0.010526163411826177,-2.417430970000006,False,stop,-0.00042846202083168805,-0.014459292205026952,-0.0184906514617581,-0.022034570119891295,0,mean_strength|hold12|tp0.01000,True,-1,-1,high,low,0.8
btcusdt_clarity_hold12_v1,BTCUSDT,5,56,1761804000000,1761825600000,-1,1,-0.0013233525399918788,0.0013233525399918788,0.9808467100000088,True,target,-0.0053603684971097465,0.005333273121387316,0.021515534682080895,0.035461524566474,0,mean_strength|hold12|tp0.01000,False,1,0,low,high,0.8
btcusdt_clarity_hold12_v1,BTCUSDT,5,57,1761861600000,1761868800000,1,1,0.003277818436211219,0.003277818436211219,0.9597146799999999,True,target,0.003753058399554199,0.016007980811932665,0.02033957390548924,0.017814047452825,0,mean_strength|hold12|tp0.01000,False,1,1,mid,high,0.8
btcusdt_clarity_hold12_v1,BTCUSDT,5,58,1761908400000,1761919200000,1,1,0.0024241817180506832,0.0024241817180506832,0.9769772699999942,True,target,-0.0069308733715844895,0.003395674953816874,-0.01002213349496306,-0.007414675512816604,0,mean_strength|hold12|tp0.01000,False,1,1,low,mid,0.8
btcusdt_clarity_hold12_v1,BTCUSDT,5,59,1761926400000,1761969600000,1,1,0.008120541020411192,0.008120541020411192,-0.14182538999999128,False,max_hold,0.004196193649833813,0.009097266960075512,0.006709682399788974,0.01316847542892452,0,mean_strength|hold12|tp0.01000,True,-1,1,high,mid,0.8
btcusdt_clarity_hold12_v1,BTCUSDT,5,60,1762138800000,1762142400000,-1,1,-0.0037845147987866216,0.0037845147987866216,0.9701682499999942,True,target,0.0003911536251227643,0.004015349535620882,0.00660790093246566,0.020087870530003826,0,mean_strength|hold12|tp0.01000,False,1,-1,mid,low,0.7
btcusdt_clarity_hold12_v1,BTCUSDT,5,61,1762185600000,1762189200000,1,1,-0.000585670382856495,0.000585670382856495,0.9407693949999972,True,target,0.007400322568545725,0.003663591013090217,-0.0018979033044521643,0.0005513671655226204,0,mean_strength|hold12|tp0.01000,False,1,0,low,mid,0.7
btcusdt_clarity_hold12_v1,BTCUSDT,5,62,1762228800000,1762232400000,-1,1,-0.012415273195630228,0.012415273195630228,0.9532408699999942,True,target,0.023790378509280008,0.021179387982321107,0.027326368192774675,0.04194266692158044,0,mean_strength|hold12|tp0.01000,False,1,-1,high,mid,0.7
btcusdt_clarity_hold12_v1,BTCUSDT,5,63,1762264800000,1762272000000,-1,1,-0.007942570945588966,0.007942570945588966,0.9245711000000115,True,target,0.012451846859611093,0.0323918421113093,0.035883184119228195,0.027041386810443213,0,mean_strength|hold12|tp0.01000,False,1,-1,high,high,0.7
btcusdt_clarity_hold12_v1,BTCUSDT,5,64,1762300800000,1762300800000,-1,1,-0.001677024269717503,0.001677024269717503,0.90301836,True,target_entry_bar,-0.0019816380148205415,-0.015637232909118337,-0.01537858537706338,-0.02088877260803268,0,mean_strength|hold12|tp0.01000,False,1,-1,low,high,0.8
btcusdt_clarity_hold12_v1,BTCUSDT,5,65,1762311600000,1762354800000,-1,1,-0.004991761043476926,0.004991761043476926,-1.6923100250000116,False,max_hold,0.0013977205499202672,0.0002546652718845577,0.0014231870771087562,-0.01541214635809074,0,mean_strength|hold12|tp0.01000,True,-1,-1,mid,high,0.8
btcusdt_clarity_hold12_v1,BTCUSDT,5,66,1762358400000,1762401600000,1,1,0.002852443770059307,0.002852443770059307,-0.23582512000000294,False,max_hold,-0.00013864150580078505,0.0008183699995185645,-0.0018591440812594229,0.0011794155875415324,0,mean_strength|hold12|tp0.01000,True,-1,1,low,mid,0.8
btcusdt_clarity_hold12_v1,BTCUSDT,5,67,1762412400000,1762437600000,-1,1,-0.007479456874303216,0.007479456874303216,0.9192289000000116,True,target,-0.0002191226175263239,0.00047121058459209664,-0.0012740138027858006,0.017478422239588398,0,mean_strength|hold12|tp0.01000,False,1,-1,high,low,0.7
btcusdt_clarity_hold12_v1,BTCUSDT,5,68,1762502400000,1762506000000,-1,1,-0.0009848304932821726,0.0009848304932821726,0.907740695000003,True,target,0.004865870702077002,0.010769570419606134,0.00697996684466462,-0.022240882775586446,0,mean_strength|hold12|tp0.01000,False,1,0,low,mid,0.7
btcusdt_clarity_hold12_v1,BTCUSDT,5,69,1762520400000,1762524000000,1,1,0.0025494478312460414,0.0025494478312460414,0.8864271899999913,True,target,0.004571509475537638,0.008308481670590062,0.03045911515118882,0.02652871376567756,0,mean_strength|hold12|tp0.01000,False,1,1,low,mid,0.7
btcusdt_clarity_hold12_v1,BTCUSDT,5,70,1762527600000,1762534800000,1,1,0.008332735194212562,0.008332735194212562,0.89656109,True,target,0.003676134897476979,0.01779809047420544,0.030636773258698957,0.01774350423787685,0,mean_strength|hold12|tp0.01000,False,1,1,high,mid,0.8
btcusdt_clarity_hold12_v1,BTCUSDT,5,71,1762549200000,1762560000000,-1,1,-0.004450522585469892,0.004450522585469892,0.9232370349999971,True,target,0.0024873633659427963,0.011269691626646927,0.012510002898553418,0.014350247340023436,0,mean_strength|hold12|tp0.01000,False,1,-1,mid,mid,0.8
btcusdt_clarity_hold12_v1,BTCUSDT,5,72,1762570800000,1762599600000,-1,1,-0.0031058086708814214,0.0031058086708814214,0.9150363850000001,True,target,0.0003988461740997984,0.003647150834066304,0.0018635575518451963,0.008462560143857711,0,mean_strength|hold12|tp0.01000,False,1,-1,mid,mid,0.8
btcusdt_clarity_hold12_v1,BTCUSDT,5,73,1762693200000,1762696800000,1,1,0.003734980375394137,0.003734980375394137,0.9080401650000087,True,target,0.0011324103621865866,0.009106912174529302,0.018334355580742034,0.027266303064117814,0,mean_strength|hold12|tp0.01000,False,1,1,mid,low,0.8
btcusdt_clarity_hold12_v1,BTCUSDT,5,74,1762700400000,1762700400000,1,1,0.0037293775043562407,0.0037293775043562407,0.916582845,True,target_entry_bar,0.0009545315178594027,0.007366283632773474,0.007402922216287244,0.02193301309925788,0,mean_strength|hold12|tp0.01000,False,1,1,mid,low,0.8
btcusdt_clarity_hold12_v1,BTCUSDT,5,75,1762704000000,1762718400000,1,1,0.002036902314624631,0.002036902314624631,0.9229847949999972,True,target,-0.001995861861699866,0.009144168268878872,0.008303247706492822,0.022165433059640804,0,mean_strength|hold12|tp0.01000,False,1,1,low,low,0.8
btcusdt_clarity_hold12_v1,BTCUSDT,5,76,1762740000000,1762783200000,1,1,0.0025161652292814874,0.0025161652292814874,0.656765085,True,max_hold,0.0002330938537775662,0.0007936515426190116,-0.0003274638350638792,-0.010563775705203171,0,mean_strength|hold12|tp0.01000,False,1,1,low,mid,0.9
btcusdt_clarity_hold12_v1,BTCUSDT,5,77,1762786800000,1762794000000,1,1,0.0036638194809386344,0.0036638194809386344,0.9330340399999999,True,target,0.001526246585463742,0.003874171775578139,0.005280451380524909,0.013124006820979917,0,mean_strength|hold12|tp0.01000,False,1,1,mid,mid,1.0
btcusdt_clarity_hold12_v1,BTCUSDT,5,78,1762819200000,1762822800000,1,1,0.0048584030236304455,0.0048584030236304455,0.9429956599999971,True,target,-0.0004957587181904088,0.002896324222431801,-0.008463713477851131,-0.015080113100848225,0,mean_strength|hold12|tp0.01000,False,1,1,mid,mid,1.0
btcusdt_clarity_hold12_v1,BTCUSDT,5,79,1762826400000,1762869600000,1,1,0.0024947844642918514,0.0024947844642918514,-1.866247885,False,max_hold,-0.0017683623557400718,-0.013062428350835709,-0.013933944864619408,-0.019494201460095062,0,mean_strength|hold12|tp0.01000,True,-1,1,low,mid,1.0
btcusdt_clarity_hold12_v1,BTCUSDT,5,80,1762873200000,1762873200000,-1,1,0.000256758575940083,0.000256758575940083,0.9303625349999971,True,target_entry_bar,0.0004892803131393286,0.000702010884069515,0.007917445067164852,0.0014504357108875432,0,mean_strength|hold12|tp0.01000,False,1,0,low,low,0.9
btcusdt_clarity_hold12_v1,BTCUSDT,5,81,1762891200000,1762934400000,1,1,0.004681730659584175,0.004681730659584175,-0.171905545,False,max_hold,-0.0017163740527834648,0.0022476326881686326,0.003157388776237058,0.012894211421476731,0,mean_strength|hold12|tp0.01000,True,-1,1,mid,low,0.9
btcusdt_clarity_hold12_v1,BTCUSDT,5,82,1762966800000,1762995600000,1,1,0.004168695845469792,0.004168695845469792,0.9022538999999942,True,target,-0.002029498525073725,-0.0020167158308751487,-0.0009262536873155813,0.013741396263520222,0,mean_strength|hold12|tp0.01000,False,1,1,mid,mid,0.8
btcusdt_clarity_hold12_v1,BTCUSDT,5,83,1763024400000,1763024400000,-1,1,0.0010291385390701264,0.0010291385390701264,0.922428060000003,True,target_entry_bar,-0.0015468099719628814,-0.002994390624969645,0.014146987806467726,0.03918682545951924,0,mean_strength|hold12|tp0.01000,False,1,0,low,mid,0.8
btcusdt_clarity_hold12_v1,BTCUSDT,5,84,1763049600000,1763056800000,1,1,-0.004332722019763497,0.004332722019763497,-2.138212280000003,False,stop,-0.00973153761873613,-0.019259257786323647,-0.007552182238651284,-0.02774402914291285,0,mean_strength|hold12|tp0.01000,True,-1,-1,mid,mid,0.8
btcusdt_clarity_hold12_v1,BTCUSDT,5,85,1763060400000,1763074800000,-1,1,-0.004564487436483149,0.004564487436483149,-2.079222720000003,False,stop,0.005185360151901186,-0.011936972783701982,-0.00573481571442902,0.015644277197290113,0,mean_strength|hold12|tp0.01000,True,-1,-1,mid,mid,0.7
btcusdt_clarity_hold12_v1,BTCUSDT,5,86,1763154000000,1763157600000,1,1,0.002573477750350216,0.002573477750350216,0.8394587300000029,True,target,0.0013081002238397588,0.0010176451459800173,0.014367002619357638,0.007901220016564459,0,mean_strength|hold12|tp0.01000,False,1,1,low,high,0.6
btcusdt_clarity_hold12_v1,BTCUSDT,5,87,1763164800000,1763168400000,1,1,0.001652514569931565,0.001652514569931565,0.8413283350000087,True,target,0.0052249789739275965,0.01333578637510513,0.010234440706476056,0.006792472666105942,0,mean_strength|hold12|tp0.01000,False,1,1,low,high,0.6
btcusdt_clarity_hold12_v1,BTCUSDT,5,88,1763294400000,1763305200000,-1,1,-0.003998025514221337,0.003998025514221337,0.8508312499999943,True,target,0.0035721114114279917,0.012353508431917182,0.017842795754421825,0.004798686081511905,0,mean_strength|hold12|tp0.01000,False,1,-1,mid,low,0.6
btcusdt_clarity_hold12_v1,BTCUSDT,5,89,1763341200000,1763384400000,-1,1,-0.0013313555196605524,0.0013313555196605524,-0.1814695549999971,False,max_hold,-0.002212545852796177,-0.0035394400021111494,-0.009029636080542414,0.008645396247327963,0,mean_strength|hold12|tp0.01000,True,-1,0,low,mid,0.6
btcusdt_clarity_hold12_v1,BTCUSDT,5,90,1763398800000,1763398800000,-1,1,0.0017126057098250493,0.0017126057098250493,0.8390764299999971,True,target_entry_bar,0.0023704758207152565,0.009096889694146015,0.005977956084724623,0.02737263275958768,0,mean_strength|hold12|tp0.01000,False,1,1,low,mid,0.6
btcusdt_clarity_hold12_v1,BTCUSDT,5,91,1763409600000,1763434800000,1,1,0.003957195200559939,0.003957195200559939,-1.9338636100000002,False,stop,0.0004919433394463546,0.0031475666762805776,-0.011350613024526335,-0.007625121761418385,0,mean_strength|hold12|tp0.01000,True,-1,1,mid,high,0.6
btcusdt_clarity_hold12_v1,BTCUSDT,5,92,1763438400000,1763438400000,-1,1,-0.000531872593900936,0.000531872593900936,0.8083563049999971,True,target_entry_bar,-0.0015158346418744362,-0.004549724928761378,-0.016512047831523713,-0.03773373281776449,0,mean_strength|hold12|tp0.01000,False,1,0,low,mid,0.6
btcusdt_clarity_hold12_v1,BTCUSDT,5,93,1763449200000,1763452800000,1,1,0.010573965729966382,0.010573965729966382,0.7974799899999913,True,target,0.007968242001080927,0.011908144122592335,0.01082588705834997,0.029670867828665015,0,mean_strength|hold12|tp0.01000,False,1,1,high,mid,0.6
btcusdt_clarity_hold12_v1,BTCUSDT,5,94,1763456400000,1763474400000,1,1,0.004841439584368767,0.004841439584368767,0.8114500749999883,True,target,0.00191108527971795,0.001186492808255668,0.01630551970902472,0.01201050330718445,0,mean_strength|hold12|tp0.01000,False,1,1,mid,high,0.6
btcusdt_clarity_hold12_v1,BTCUSDT,5,95,1763478000000,1763478000000,1,1,-0.0038971014296040763,0.0038971014296040763,0.8125998700000059,True,target_entry_bar,0.006417781530488664,0.0047301386947316,-0.004226107522342093,-0.010868979896910491,0,mean_strength|hold12|tp0.01000,False,1,-1,mid,mid,0.7
btcusdt_clarity_hold12_v1,BTCUSDT,5,96,1763481600000,1763510400000,-1,1,-0.005958908414109542,0.005958908414109542,0.8265249550000058,True,target,0.002478402265234103,0.003255310747340978,0.0035067893882434475,0.024901736058719703,0,mean_strength|hold12|tp0.01000,False,1,-1,high,high,0.8
btcusdt_clarity_hold12_v1,BTCUSDT,5,97,1763521200000,1763524800000,-1,1,-0.0021675967993525346,0.0021675967993525346,0.8235774499999884,True,target,0.00786022111839646,0.009839703317211401,0.003943720860345223,0.021136253269194327,0,mean_strength|hold12|tp0.01000,False,1,-1,low,mid,0.8
btcusdt_clarity_hold12_v1,BTCUSDT,5,98,1763546400000,1763564400000,-1,1,-0.0036537172502548493,0.0036537172502548493,0.8142253550000029,True,target,-0.0011548533423908491,-0.001040901968948349,0.015381244042205866,0.009123779679402144,0,mean_strength|hold12|tp0.01000,False,1,-1,mid,mid,0.8
btcusdt_clarity_hold12_v1,BTCUSDT,5,99,1763568000000,1763593200000,1,1,0.003285789117725604,0.003285789117725604,0.800064675,True,target,-0.0044879327689199,-0.01118922985159665,0.0063552154830899266,0.034201987020270774,0,mean_strength|hold12|tp0.01000,False,1,1,mid,mid,0.8
btcusdt_clarity_hold12_v1,BTCUSDT,5,100,1763604000000,1763629200000,-1,1,-0.003146575035138435,0.003146575035138435,0.8238481349999913,True,target,0.0016346877940789373,-0.0002787504632335569,0.0051169077281943975,0.01611350545994361,0,mean_strength|hold12|tp0.01000,False,1,-1,mid,high,0.9
btcusdt_clarity_hold12_v1,BTCUSDT,5,101,1763658000000,1763658000000,-1,1,-0.005173896861724162,0.005173896861724162,0.7819903050000059,True,target_entry_bar,0.008492179372629471,0.008640138737711633,0.006707491217063266,0.011904420544100569,0,mean_strength|hold12|tp0.01000,False,1,-1,mid,high,0.9
btcusdt_clarity_hold12_v1,BTCUSDT,5,102,1763661600000,1763661600000,-1,1,-0.011601078707675015,0.011601078707675015,0.7760225199999942,True,target_entry_bar,-0.005027433406173065,-0.009130587177846872,-0.0093029497129411,0.010462058841561706,0,mean_strength|hold12|tp0.01000,False,1,-1,high,high,1.0
btcusdt_clarity_hold12_v1,BTCUSDT,5,103,1763665200000,1763676000000,-1,1,-0.005173896861724162,0.005173896861724162,-1.82399304,False,stop,0.005150764902975724,-0.013276887856050301,-0.0015780332250232565,0.03307539223506373,0,mean_strength|hold12|tp0.01000,True,-1,-1,mid,high,1.0
btcusdt_clarity_hold12_v1,BTCUSDT,5,104,1763694000000,1763701200000,1,1,0.003364192172947029,0.003364192172947029,0.7599471799999942,True,target,0.002728994841605381,-0.0028117623058315777,-0.04189432576574481,-0.03354297205140899,0,mean_strength|hold12|tp0.01000,False,1,1,mid,high,0.9
btcusdt_clarity_hold12_v1,BTCUSDT,5,105,1763719200000,1763722800000,1,1,0.0028645099224783063,0.0028645099224783063,0.731394955000003,True,target,-0.004765758148660204,0.016838608930837218,0.02673179063080977,0.01898078093116129,0,mean_strength|hold12|tp0.01000,False,1,1,low,high,0.9
btcusdt_clarity_hold12_v1,BTCUSDT,5,106,1763726400000,1763726400000,1,1,0.0010266942000702567,0.0010266942000702567,-1.7360469199999944,False,stop_entry_bar,0.009912289869906443,-0.00402450261352405,0.015546593528839914,0.017479556127395268,0,mean_strength|hold12|tp0.01000,True,-1,0,low,high,0.9
btcusdt_clarity_hold12_v1,BTCUSDT,5,107,1763737200000,1763737200000,-1,1,0.0016668660719263405,0.0016668660719263405,0.7548318300000058,True,target_entry_bar,-0.0238586045973046,-0.01965017833643512,-0.026986277080661925,-0.018201534043140954,0,mean_strength|hold12|tp0.01000,False,1,1,low,high,0.8
btcusdt_clarity_hold12_v1,BTCUSDT,5,108,1763776800000,1763776800000,-1,1,-0.0022734940349482535,0.0022734940349482535,0.75785706,True,target_entry_bar,0.0009219807792453238,0.00286417649008186,0.0060680301093594124,0.0004793353216873131,0,mean_strength|hold12|tp0.01000,False,1,-1,low,high,0.8
btcusdt_clarity_hold12_v1,BTCUSDT,5,109,1763794800000,1763805600000,-1,1,-0.004358003593952812,0.004358003593952812,0.7530544700000058,True,target,0.006601811742494967,0.010306680830023063,0.007445225426852442,-0.0003465921592100685,0,mean_strength|hold12|tp0.01000,False,1,-1,mid,high,0.8
btcusdt_clarity_hold12_v1,BTCUSDT,5,110,1763845200000,1763859600000,1,1,0.00513425460679597,0.00513425460679597,0.7513195149999972,True,target,0.007711271779068385,0.006626763067441033,0.022413180040298686,0.0234467227687567,0,mean_strength|hold12|tp0.01000,False,1,1,mid,mid,0.8
btcusdt_clarity_hold12_v1,BTCUSDT,5,111,1763863200000,1763870400000,1,1,0.005206382188192026,0.005206382188192026,0.763859110000003,True,target,0.0036370659605065025,0.004268840373991889,0.0017638490070788215,0.006559749803370485,0,mean_strength|hold12|tp0.01000,False,1,1,mid,mid,0.8
btcusdt_clarity_hold12_v1,BTCUSDT,5,112,1763874000000,1763913600000,1,1,0.006054366542301072,0.006054366542301072,0.7697270600000087,True,target,-0.005740581333784411,-0.002494343413044997,-0.00028963578878826723,0.004449964258943506,0,mean_strength|hold12|tp0.01000,False,1,1,high,low,0.8
btcusdt_clarity_hold12_v1,BTCUSDT,5,113,1763935200000,1763938800000,-1,1,-0.004104731799385393,0.004104731799385393,0.78279246,True,target,0.013153003420690368,0.01058492781763587,0.014574027990773564,0.02214069962155263,0,mean_strength|hold12|tp0.01000,False,1,-1,mid,mid,0.8
btcusdt_clarity_hold12_v1,BTCUSDT,5,114,1763960400000,1763960400000,1,1,0.0025018798945378585,0.0025018798945378585,0.771424385000003,True,target_entry_bar,-0.006442071116713355,-0.0058198256111217095,-0.013643647777016543,0.010175544150263116,0,mean_strength|hold12|tp0.01000,False,1,1,low,mid,0.9
btcusdt_clarity_hold12_v1,BTCUSDT,5,115,1763989200000,1764000000000,1,1,0.00925264294082289,0.00925264294082289,0.7650157250000058,True,target,0.00015444517602691832,0.011711124813765794,0.02510953414457706,0.018264012996619616,0,mean_strength|hold12|tp0.01000,False,1,1,high,mid,0.9
btcusdt_clarity_hold12_v1,BTCUSDT,5,116,1764018000000,1764028800000,-1,1,-0.004113451461232705,0.004113451461232705,0.7923179349999971,True,target,0.001449613530327576,0.007387843761871182,0.010575640856556934,0.017122573503634775,0,mean_strength|hold12|tp0.01000,False,1,-1,mid,mid,0.9
btcusdt_clarity_hold12_v1,BTCUSDT,5,117,1764169200000,1764172800000,1,1,0.0135524068797733,0.0135524068797733,0.7729304,True,target,0.009809470562385014,0.03655054517510248,0.03700380322618502,0.04743218960451512,0,mean_strength|hold12|tp0.01000,False,1,1,high,mid,1.0
btcusdt_clarity_hold12_v1,BTCUSDT,5,118,1764176400000,1764176400000,1,1,0.0016969497052041777,0.0016969497052041777,0.781111909999997,True,target_entry_bar,0.0034624272628560604,0.00020603057048185214,0.007189910070440231,0.012690369462928341,0,mean_strength|hold12|tp0.01000,False,1,1,low,mid,1.0
btcusdt_clarity_hold12_v1,BTCUSDT,5,119,1764201600000,1764244800000,-1,1,0.0010806217119378194,0.0010806217119378194,-1.042150179999997,False,max_hold,-0.007389418600279196,-0.006886248073022738,-0.00853731092399812,-0.005838989854755061,0,mean_strength|hold12|tp0.01000,True,-1,0,low,mid,1.0
btcusdt_clarity_hold12_v1,BTCUSDT,5,120,1764295200000,1764320400000,1,1,0.0028289183563857873,0.0028289183563857873,0.80762093,True,target,0.0014532760224834629,0.005941625098725201,0.006746803726450201,0.012812555953323868,0,mean_strength|hold12|tp0.01000,False,1,1,low,low,0.9
btcusdt_clarity_hold12_v1,BTCUSDT,5,121,1764324000000,1764334800000,1,1,0.004306631392033054,0.004306631392033054,0.8148287750000058,True,target,-0.004573934564087501,0.005734029898870174,-0.010050891693935249,-0.007944202137625478,0,mean_strength|hold12|tp0.01000,False,1,1,mid,low,0.9
btcusdt_clarity_hold12_v1,BTCUSDT,5,122,1764493200000,1764536400000,-1,1,-0.003415507122017583,0.003415507122017583,-0.2859978349999971,False,max_hold,0.0018401046484262107,-0.0008636779105342107,-0.0005725013272617208,0.0023469270471300208,0,mean_strength|hold12|tp0.01000,True,-1,-1,mid,low,0.9
btcusdt_clarity_hold12_v1,BTCUSDT,5,123,1764540000000,1764547200000,-1,1,-0.006617853186945262,0.006617853186945262,0.8111982549999941,True,target,0.009413362082674737,0.04436223731587019,0.059347063849201964,0.05022982290858957,0,mean_strength|hold12|tp0.01000,False,1,-1,high,low,0.8
btcusdt_clarity_hold12_v1,BTCUSDT,5,124,1764554400000,1764558000000,-1,1,-0.003392131353852383,0.003392131353852383,0.7755795549999942,True,target,0.004226768921251178,0.008290881069058842,-0.0014466070489216332,0.007709469623559229,0,mean_strength|hold12|tp0.01000,False,1,-1,mid,high,0.8
btcusdt_clarity_hold12_v1,BTCUSDT,5,125,1764604800000,1764619200000,1,1,0.003955453177776883,0.003955453177776883,0.7532725650000087,True,target,0.004287895831928568,0.005260213176437656,0.023395942526818425,0.028206665933288466,0,mean_strength|hold12|tp0.01000,False,1,1,mid,high,0.8
btcusdt_clarity_hold12_v1,BTCUSDT,5,126,1764648000000,1764680400000,1,1,0.0045321549282798445,0.0045321549282798445,0.7736442700000029,True,target,0.0005038832371391244,0.000461317758202906,0.003645675749986532,0.04358935126758845,0,mean_strength|hold12|tp0.01000,False,1,1,mid,mid,0.8
btcusdt_clarity_hold12_v1,BTCUSDT,5,127,1764684000000,1764684000000,1,1,0.010357698345566152,0.010357698345566152,0.7804088199999941,True,target_entry_bar,0.01775397281706592,0.024571561141427667,0.019624522695967928,0.039888999844214235,0,mean_strength|hold12|tp0.01000,False,1,1,high,mid,0.8
btcusdt_clarity_hold12_v1,BTCUSDT,5,128,1764687600000,1764687600000,1,1,0.005150023588893311,0.005150023588893311,0.7940122349999972,True,target_entry_bar,-0.0010494531391093131,0.012067059284742054,0.007609361166049267,0.01960153817014132,0,mean_strength|hold12|tp0.01000,False,1,1,mid,mid,0.8
btcusdt_clarity_hold12_v1,BTCUSDT,5,129,1764691200000,1764694800000,1,1,0.0027792496749109025,0.0027792496749109025,0.808060155,True,target,0.007756253451786321,0.012522887892594259,0.013435647679131968,0.0285325622644379,0,mean_strength|hold12|tp0.01000,False,1,1,low,mid,0.8
btcusdt_clarity_hold12_v1,BTCUSDT,5,130,1764774000000,1764784800000,1,1,0.001904378433775952,0.001904378433775952,0.821411255,True,target,-0.0013050602764561603,0.0027281716484590657,0.014210536006125762,0.012639048486509097,0,mean_strength|hold12|tp0.01000,False,1,1,low,mid,0.9
btcusdt_clarity_hold12_v1,BTCUSDT,5,131,1764849600000,1764856800000,-1,1,-0.0026971336232225313,0.0026971336232225313,0.826877435,True,target,0.005029699433768853,0.00015492550127538252,0.009193322280546368,0.0074019961720490635,0,mean_strength|hold12|tp0.01000,False,1,-1,low,low,0.9
btcusdt_clarity_hold12_v1,BTCUSDT,5,132,1764892800000,1764936000000,1,1,0.0022091108353932375,0.0022091108353932375,-0.873663840000003,False,max_hold,0.0006752662857860692,-0.0016800365055674726,-0.0002633863682920401,-0.01154672831858683,0,mean_strength|hold12|tp0.01000,True,-1,1,low,mid,0.9
btcusdt_clarity_hold12_v1,BTCUSDT,5,133,1765123200000,1765126800000,-1,1,0.0033373304593624638,0.0033373304593624638,-1.8885902799999972,False,stop,-0.011740770378845466,-0.017032965198393146,0.003311099808234408,-0.015563838560790133,0,mean_strength|hold12|tp0.01000,True,-1,1,mid,low,0.9
btcusdt_clarity_hold12_v1,BTCUSDT,5,134,1765141200000,1765141200000,-1,1,-0.002642235618423511,0.002642235618423511,0.813521385,True,target_entry_bar,0.007067365050360763,-0.0012584655368934605,-0.00942684933450999,-0.01858426507830213,0,mean_strength|hold12|tp0.01000,False,1,-1,low,mid,0.8
btcusdt_clarity_hold12_v1,BTCUSDT,5,135,1765152000000,1765184400000,-1,1,0.0006386292865390667,0.0006386292865390667,-1.90632352,False,stop,-0.006272237707178219,-0.008158117088414851,-0.012534508934948896,-0.0158001920208366,0,mean_strength|hold12|tp0.01000,True,-1,0,low,mid,0.8
btcusdt_clarity_hold12_v1,BTCUSDT,5,136,1765188000000,1765202400000,-1,1,-0.0038620492785355056,0.0038620492785355056,0.8177037799999971,True,target,0.001762486724337542,0.007186775811254265,0.023419463152842268,0.014086862469566364,0,mean_strength|hold12|tp0.01000,False,1,-1,mid,mid,0.7
btcusdt_clarity_hold12_v1,BTCUSDT,5,137,1765242000000,1765285200000,1,1,0.003107340413998082,0.003107340413998082,0.02848442999999999,True,max_hold,9.109299372700441e-05,-0.0015830184885450294,0.004799045523168122,0.004078077804525515,0,mean_strength|hold12|tp0.01000,False,1,1,mid,low,0.7
btcusdt_clarity_hold12_v1,BTCUSDT,5,138,1765288800000,1765292400000,1,1,0.007762399506903796,0.007762399506903796,0.8043293050000029,True,target,0.02601434121099855,0.03938352941697443,0.030423870577047207,0.023586498404133405,0,mean_strength|hold12|tp0.01000,False,1,1,high,low,0.7
btcusdt_clarity_hold12_v1,BTCUSDT,5,139,1765317600000,1765360800000,1,1,0.000518815435434573,0.000518815435434573,0.130470875,True,max_hold,-0.0020854877628404545,-0.0060636418476386345,-0.003497716304722509,-0.006479446742502559,0,mean_strength|hold12|tp0.01000,False,1,0,low,high,0.7
btcusdt_clarity_hold12_v1,BTCUSDT,5,140,1765371600000,1765389600000,1,1,0.005849037946906751,0.005849037946906751,0.81829598,True,target,-0.0028309286010694823,0.0007832308217079476,0.00933359115133836,-0.01539955635025303,0,mean_strength|hold12|tp0.01000,False,1,1,high,high,0.7
btcusdt_clarity_hold12_v1,BTCUSDT,5,141,1765393200000,1765396800000,1,1,0.0006499185391778807,0.0006499185391778807,0.8227466400000001,True,target,-0.005431916464507913,-0.004752792373145964,-0.02450443314125572,-0.028869769614416896,0,mean_strength|hold12|tp0.01000,False,1,0,low,low,0.7
btcusdt_clarity_hold12_v1,BTCUSDT,5,142,1765404000000,1765418400000,1,1,-0.00713169383242503,0.00713169383242503,-1.947674045000006,False,stop,-0.005349715914620745,-0.019845964516903458,-0.02255380535988105,-0.023715235497803633,0,mean_strength|hold12|tp0.01000,True,-1,-1,high,low,0.7
btcusdt_clarity_hold12_v1,BTCUSDT,5,143,1765429200000,1765472400000,1,1,0.0012740268056509612,0.0012740268056509612,-0.8266748000000058,False,max_hold,-0.00010968070727435109,-0.0012131350956106068,-0.0007389599166869321,-0.003616139682258268,0,mean_strength|hold12|tp0.01000,True,-1,0,low,low,0.7
btcusdt_clarity_hold12_v1,BTCUSDT,5,144,1765476000000,1765476000000,1,1,0.006679478075629129,0.006679478075629129,0.8003267800000029,True,target_entry_bar,0.0014957328594640273,0.023888706885996758,0.009520405833358225,0.01997399013213408,0,mean_strength|hold12|tp0.01000,False,1,1,high,low,0.7
btcusdt_clarity_hold12_v1,BTCUSDT,5,145,1765479600000,1765483200000,1,1,0.006452297583846226,0.006452297583846226,0.80672752,True,target,0.010434667679954934,0.016872353197090018,0.014712506952590187,0.017578350873135085,0,mean_strength|hold12|tp0.01000,False,1,1,high,low,0.7
btcusdt_clarity_hold12_v1,BTCUSDT,5,146,1765540800000,1765551600000,-1,1,-0.007142259966724948,0.007142259966724948,0.8223391499999942,True,target,0.0013875975620711856,0.02700403399072837,0.022363916402117545,0.02287046527813108,0,mean_strength|hold12|tp0.01000,False,1,-1,high,mid,0.8
btcusdt_clarity_hold12_v1,BTCUSDT,5,147,1765756800000,1765760400000,1,1,0.0014127898177462592,0.0014127898177462592,0.7841359300000058,True,target,0.008756442635800221,0.009331006425387534,0.014453446195155095,0.014057585316502141,0,mean_strength|hold12|tp0.01000,False,1,0,low,low,0.8
btcusdt_clarity_hold12_v1,BTCUSDT,5,148,1765774800000,1765807200000,-1,1,-0.017469385837505635,0.017469385837505635,0.7978477049999941,True,target,-0.0012938603590881836,-0.0016231863348699083,-0.0003248605388219694,0.04289722015385655,0,mean_strength|hold12|tp0.01000,False,1,-1,high,low,0.8
btcusdt_clarity_hold12_v1,BTCUSDT,5,149,1765810800000,1765810800000,-1,1,-0.004525149013503432,0.004525149013503432,0.7833275599999913,True,target_entry_bar,0.0073106305303884955,0.00981532611619318,0.009046330546251258,0.013321210254193971,0,mean_strength|hold12|tp0.01000,False,1,-1,mid,low,0.8
btcusdt_clarity_hold12_v1,BTCUSDT,5,150,1765814400000,1765814400000,-1,1,0.003217498180814736,0.003217498180814736,0.7743299250000001,True,target_entry_bar,0.007252149707158151,0.0029689464871713867,0.001526158919692544,0.006492544053654181,0,mean_strength|hold12|tp0.01000,False,1,1,mid,mid,0.8
btcusdt_clarity_hold12_v1,BTCUSDT,5,151,1765818000000,1765861200000,1,1,0.003864388930960146,0.003864388930960146,-0.6986120350000088,False,max_hold,0.004763554376719714,0.00033708795662867885,0.007646881119925064,0.0029101538124181037,0,mean_strength|hold12|tp0.01000,True,-1,1,mid,mid,0.8
btcusdt_clarity_hold12_v1,BTCUSDT,5,152,1765933200000,1765947600000,-1,1,-0.0017799976194119301,0.0017799976194119301,0.7788799800000058,True,target,0.0007461322242281465,0.00915583080052107,0.005799949724628162,-0.0006969994743939445,0,mean_strength|hold12|tp0.01000,False,1,-1,low,mid,0.7
btcusdt_clarity_hold12_v1,BTCUSDT,5,153,1765976400000,1765980000000,1,1,0.0026713956296628154,0.0026713956296628154,0.7740910850000029,True,target,0.02346338734171427,-0.007220909122049757,-0.018226972219367643,-0.01705089119537795,0,mean_strength|hold12|tp0.01000,False,1,1,low,mid,0.8
btcusdt_clarity_hold12_v1,BTCUSDT,5,154,1765987200000,1765998000000,1,1,0.009530854740657383,0.009530854740657383,-1.8396984750000116,False,stop,-0.006509742761649062,-0.011086114925713098,-0.007292982129260994,-0.002654502878778553,0,mean_strength|hold12|tp0.01000,True,-1,1,high,high,0.9
btcusdt_clarity_hold12_v1,BTCUSDT,5,155,1766001600000,1766044800000,1,1,0.010469620589342005,0.010469620589342005,0.666752740000003,True,max_hold,0.0010634245999345815,0.004040547576312115,0.009258666095158574,0.012581722375129,0,mean_strength|hold12|tp0.01000,False,1,1,high,high,0.8
btcusdt_clarity_hold12_v1,BTCUSDT,5,156,1766048400000,1766062800000,-1,1,-0.013536945895755997,0.013536945895755997,-1.8343363300000028,False,stop,-0.0008047044258743252,0.00024989396700947353,-0.014257711750748081,0.018941504178272894,0,mean_strength|hold12|tp0.01000,True,-1,-1,high,high,0.8
btcusdt_clarity_hold12_v1,BTCUSDT,5,157,1766066400000,1766066400000,-1,1,-0.01578700758109671,0.01578700758109671,0.7904527300000058,True,target_entry_bar,-0.0017594032973529128,0.021305309684416796,0.042644584683454445,0.030847298738528095,0,mean_strength|hold12|tp0.01000,False,1,-1,high,high,0.7
btcusdt_clarity_hold12_v1,BTCUSDT,5,158,1766070000000,1766077200000,-1,1,-0.01578700758109671,0.01578700758109671,0.7861762200000029,True,target,0.005607996311064012,0.02864011175305836,0.03273252502237767,0.018283062540121686,0,mean_strength|hold12|tp0.01000,False,1,-1,high,high,0.7
btcusdt_clarity_hold12_v1,BTCUSDT,5,159,1766080800000,1766084400000,-1,1,-0.00839298867037992,0.00839298867037992,0.76943487,True,target,0.017449186530721916,0.0042130762437648794,0.0043492071248809605,-0.017489909443876295,0,mean_strength|hold12|tp0.01000,False,1,-1,high,mid,0.7
btcusdt_clarity_hold12_v1,BTCUSDT,5,160,1766091600000,1766091600000,1,1,-0.0013610159900126922,0.0013610159900126922,0.7524750299999999,True,target_entry_bar,-0.0004743844102794714,-0.00013670683744515522,0.014938435185769317,0.029020407877118126,0,mean_strength|hold12|tp0.01000,False,1,0,low,high,0.7
btcusdt_clarity_hold12_v1,BTCUSDT,5,161,1766098800000,1766113200000,1,1,0.004394642928657947,0.004394642928657947,0.7612837749999942,True,target,0.0012074454455788253,0.0015338769177850597,0.019071086010597815,0.031592482482095896,0,mean_strength|hold12|tp0.01000,False,1,1,mid,high,0.7
btcusdt_clarity_hold12_v1,BTCUSDT,5,162,1766124000000,1766127600000,1,1,0.0033831575818813074,0.0033831575818813074,0.7750630999999941,True,target,0.005257867647647352,0.007071477497401446,0.004469987958819921,-0.00370154797203881,0,mean_strength|hold12|tp0.01000,False,1,1,mid,high,0.8
btcusdt_clarity_hold12_v1,BTCUSDT,5,163,1766163600000,1766206800000,1,1,0.0017643888492440939,0.0017643888492440939,0.15955826499999998,True,max_hold,0.00245764135464821,0.013256996108734542,0.013662000676541552,0.015387872414356352,0,mean_strength|hold12|tp0.01000,False,1,1,low,high,0.8
btcusdt_clarity_hold12_v1,BTCUSDT,5,164,1766242800000,1766286000000,-1,1,-0.001573972262634052,0.001573972262634052,0.16075555999999128,True,max_hold,0.00021898323700342281,-0.0016168451436779918,-0.0005105826769509214,0.001037050148296026,0,mean_strength|hold12|tp0.01000,False,1,0,low,low,0.8
btcusdt_clarity_hold12_v1,BTCUSDT,5,165,1766289600000,1766332800000,-1,1,0.004228429438459936,0.004228429438459936,-0.12231314500000001,False,max_hold,-0.0007451463258381086,-0.0011620193465431417,-0.006777878241273072,-0.0031055336201843975,0,mean_strength|hold12|tp0.01000,True,-1,1,mid,low,0.9
btcusdt_clarity_hold12_v1,BTCUSDT,5,166,1766361600000,1766361600000,1,1,0.0020307935491436684,0.0020307935491436684,0.7886800449999971,True,target_entry_bar,-1.806242147073256e-05,0.001645938156526805,0.0032241422325378633,0.017943886829898226,0,mean_strength|hold12|tp0.01000,False,1,1,low,low,0.8
btcusdt_clarity_hold12_v1,BTCUSDT,5,167,1766390400000,1766430000000,-1,1,-0.0044811648834893435,0.0044811648834893435,0.793298420000003,True,target,-0.005461512963394366,-0.0068042142230024805,-0.008855781118417339,0.011105561627636207,0,mean_strength|hold12|tp0.01000,False,1,-1,mid,low,0.9
btcusdt_clarity_hold12_v1,BTCUSDT,5,168,1766451600000,1766458800000,-1,1,-0.0047380343830642135,0.0047380343830642135,0.7898318749999942,True,target,0.0034259852674720648,0.006543394494686883,0.010620441297646943,0.010209006577303947,0,mean_strength|hold12|tp0.01000,False,1,-1,mid,low,0.9
btcusdt_clarity_hold12_v1,BTCUSDT,5,169,1766480400000,1766523600000,-1,1,-0.003595739999438311,0.003595739999438311,-0.38778151499999997,False,max_hold,-0.0008674840904103753,-0.0027761776753714162,0.0010183508887424697,-0.0022664307658548655,0,mean_strength|hold12|tp0.01000,True,-1,-1,mid,low,0.9
btcusdt_clarity_hold12_v1,BTCUSDT,5,170,1766527200000,1766552400000,-1,1,-0.001697942203769656,0.001697942203769656,0.7805683950000001,True,target,-0.0009704937844909889,-0.002573868539292423,0.0030625487821904773,0.0038384860296961643,0,mean_strength|hold12|tp0.01000,False,1,-1,low,mid,0.8
btcusdt_clarity_hold12_v1,BTCUSDT,5,171,1766574000000,1766617200000,-1,1,-0.004209127100150176,0.004209127100150176,-1.059028660000003,False,max_hold,-0.0026444828401173126,0.0024391195306244784,-0.0013985356104566637,-0.005331415079403268,0,mean_strength|hold12|tp0.01000,True,-1,-1,mid,mid,0.8
btcusdt_clarity_hold12_v1,BTCUSDT,5,172,1766620800000,1766664000000,-1,1,-0.0037528496097628573,0.0037528496097628573,0.002012215000002912,True,max_hold,-0.001577746575741612,-0.0032183288224938433,-0.0030800903462702145,-4.341373633476309e-05,0,mean_strength|hold12|tp0.01000,False,1,-1,mid,low,0.7
btcusdt_clarity_hold12_v1,BTCUSDT,5,173,1766685600000,1766703600000,-1,1,-0.005583387468167414,0.005583387468167414,0.784127075,True,target,0.0009773408844820919,0.0038152576290979567,0.012630600293655814,-0.010051191346791555,0,mean_strength|hold12|tp0.01000,False,1,-1,mid,low,0.7
btcusdt_clarity_hold12_v1,BTCUSDT,5,174,1766718000000,1766757600000,-1,1,-0.00521989654720087,0.00521989654720087,0.7935721849999913,True,target,-0.0014617742651150678,-0.003252391431164847,0.00014640266137511126,0.01910216878650206,0,mean_strength|hold12|tp0.01000,False,1,-1,mid,mid,0.7
btcusdt_clarity_hold12_v1,BTCUSDT,5,175,1766764800000,1766808000000,-1,1,-0.0021600380943207344,0.0021600380943207344,-0.51299139,False,max_hold,-0.0053776878361055935,-0.007279286169241006,-0.007874759420743782,-0.006983277222169182,0,mean_strength|hold12|tp0.01000,True,-1,-1,low,mid,0.7
btcusdt_clarity_hold12_v1,BTCUSDT,5,176,1766811600000,1766854800000,-1,1,-0.0034942056018230027,0.0034942056018230027,-0.16626106499999127,False,max_hold,0.0004504597204405547,-0.0009077792335783208,0.00037271540320704677,-0.0005464968181996266,0,mean_strength|hold12|tp0.01000,True,-1,-1,mid,mid,0.7
btcusdt_clarity_hold12_v1,BTCUSDT,5,177,1766858400000,1766901600000,-1,1,-0.0037863092098129837,0.0037863092098129837,-0.2459995549999971,False,max_hold,-0.0007958578799076577,-0.001951910058911821,-0.004103928061765849,-0.002780928683815631,0,mean_strength|hold12|tp0.01000,True,-1,-1,mid,low,0.6
btcusdt_clarity_hold12_v1,BTCUSDT,5,178,1766908800000,1766952000000,-1,1,-0.005035841988050114,0.005035841988050114,0.06877162500000583,True,max_hold,3.190119743423647e-05,-0.0009091841268755729,-0.001165533034829247,0.0033359537888368873,0,mean_strength|hold12|tp0.01000,False,1,-1,mid,low,0.5
btcusdt_clarity_hold12_v1,BTCUSDT,5,179,1766962800000,1766977200000,-1,1,0.0018551396409985117,0.0018551396409985117,-1.854073245,False,stop,-0.0038864656138215548,-0.013746509630859771,-0.023092452840918876,0.004452886414431201,0,mean_strength|hold12|tp0.01000,True,-1,1,low,low,0.5
btcusdt_clarity_hold12_v1,BTCUSDT,5,180,1766991600000,1766998800000,-1,1,-0.009654646620098708,0.009654646620098708,0.79882797,True,target,0.0007144212629628388,0.020493843698022984,0.02487860419945742,0.025162140138195954,0,mean_strength|hold12|tp0.01000,False,1,-1,high,low,0.5
btcusdt_clarity_hold12_v1,BTCUSDT,5,181,1767013200000,1767056400000,1,1,0.006346349685442188,0.006346349685442188,-0.26043594000000875,False,max_hold,0.0005220120818321128,0.002663864286016837,-0.0002907698876873921,-0.0008162162595316547,0,mean_strength|hold12|tp0.01000,True,-1,1,high,mid,0.5
btcusdt_clarity_hold12_v1,BTCUSDT,5,182,1767301200000,1767340800000,1,1,0.003884479796283028,0.003884479796283028,0.7850234000000058,True,target,0.0029044595792269146,0.005062995985144925,0.006252624596901679,0.012258494638747841,0,mean_strength|hold12|tp0.01000,False,1,1,mid,low,0.5
btcusdt_clarity_hold12_v1,BTCUSDT,5,183,1767402000000,1767445200000,1,1,0.003578516109391874,0.003578516109391874,-0.25618849500000584,False,max_hold,0.0006461057995477137,-0.0012312582217792745,-0.007724455270749386,-0.0028880818415455423,0,mean_strength|hold12|tp0.01000,True,-1,1,mid,low,0.5
btcusdt_clarity_hold12_v1,BTCUSDT,5,184,1767466800000,1767484800000,1,1,0.00404720419642613,0.00404720419642613,0.801838735,True,target,0.002677269185430875,0.005168061910184818,0.012189788637811727,0.015380978069036155,0,mean_strength|hold12|tp0.01000,False,1,1,mid,low,0.4
btcusdt_clarity_hold12_v1,BTCUSDT,5,185,1767488400000,1767531600000,1,1,0.00463617792968249,0.00463617792968249,-0.35104392500001164,False,max_hold,-0.0009957232152648654,0.001809408926417344,0.0031527579778485304,0.00041013268998790764,0,mean_strength|hold12|tp0.01000,True,-1,1,mid,low,0.4
btcusdt_clarity_hold12_v1,BTCUSDT,5,186,1767564000000,1767571200000,1,1,0.007329210462828027,0.007329210462828027,0.8119758249999942,True,target,0.003467831530507004,0.019040171790364102,0.015089783057635975,0.0204812630715423,0,mean_strength|hold12|tp0.01000,False,1,1,high,low,0.4
btcusdt_clarity_hold12_v1,BTCUSDT,5,187,1767603600000,1767621600000,1,1,0.009075870736188204,0.009075870736188204,0.8225608300000029,True,target,0.004253445333891603,0.001974004444478039,0.013443520700064493,0.015053807540502673,0,mean_strength|hold12|tp0.01000,False,1,1,high,low,0.5
btcusdt_clarity_hold12_v1,BTCUSDT,5,188,1767625200000,1767632400000,1,1,0.006308236987179178,0.006308236987179178,0.8311058199999942,True,target,-0.002697553458523294,0.005330144121559188,0.0015889260797936622,-0.0018541020810457498,0,mean_strength|hold12|tp0.01000,False,1,1,high,low,0.6
btcusdt_clarity_hold12_v1,BTCUSDT,5,189,1767636000000,1767679200000,1,1,0.007217756764884425,0.007217756764884425,-0.8715297099999971,False,max_hold,-0.0016080440337116197,-0.0037213825365145503,-0.006690649615891386,-0.0071281477620857014,0,mean_strength|hold12|tp0.01000,True,-1,1,high,low,0.6
btcusdt_clarity_hold12_v1,BTCUSDT,5,190,1767931200000,1767945600000,-1,1,-0.0025859524335026945,0.0025859524335026945,0.8116423199999943,True,target,-0.0008738309076739004,0.002930356226237496,0.005881596461589256,-0.006718055984532567,0,mean_strength|hold12|tp0.01000,False,1,-1,low,low,0.6
btcusdt_clarity_hold12_v1,BTCUSDT,5,191,1767970800000,1767970800000,1,1,0.001122921323251102,0.001122921323251102,0.8019327399999913,True,target_entry_bar,0.004961722755786102,-0.004009317768607246,-0.006955409232403231,-0.005995323559844001,0,mean_strength|hold12|tp0.01000,False,1,0,low,low,0.6
btcusdt_clarity_hold12_v1,BTCUSDT,5,192,1768129200000,1768172400000,1,1,0.0034252911270521457,0.0034252911270521457,-0.35216940500000005,False,max_hold,0.0020064537253341452,0.004051493099232362,0.002617209419748967,0.0028343914988098184,0,mean_strength|hold12|tp0.01000,True,-1,1,mid,low,0.7
btcusdt_clarity_hold12_v1,BTCUSDT,5,193,1768176000000,1768183200000,1,1,0.006040436850362628,0.006040436850362628,0.8094885550000058,True,target,0.0015444633346157755,0.005887375848276477,0.006140584528401494,-0.005343689677964614,0,mean_strength|hold12|tp0.01000,False,1,1,high,low,0.6
btcusdt_clarity_hold12_v1,BTCUSDT,5,194,1768186800000,1768204800000,1,1,0.004340755842647728,0.004340755842647728,-1.9447220249999886,False,stop,0.003928461677611184,0.0002517266706043575,-0.012198391128759756,-0.0016073456239878992,0,mean_strength|hold12|tp0.01000,True,-1,1,mid,low,0.7
btcusdt_clarity_hold12_v1,BTCUSDT,5,195,1768276800000,1768294800000,1,1,0.015698869914988884,0.015698869914988884,0.8132278749999884,True,target,0.004419579074173008,0.004686306082359648,0.0067031557959014165,0.02035761095679578,0,mean_strength|hold12|tp0.01000,False,1,1,high,low,0.6
btcusdt_clarity_hold12_v1,BTCUSDT,5,196,1768298400000,1768316400000,1,1,0.015925053990388887,0.015925053990388887,0.8208780249999942,True,target,-0.001415967641230198,-0.0007763933002145063,0.01356353666150878,0.039503759806716054,0,mean_strength|hold12|tp0.01000,False,1,1,high,low,0.7
btcusdt_clarity_hold12_v1,BTCUSDT,5,197,1768320000000,1768334400000,1,1,0.018359977456404532,0.018359977456404532,0.831185855,True,target,-0.0016177138596296103,0.008976704920421241,0.025593090326285317,0.0198261011167582,0,mean_strength|hold12|tp0.01000,False,1,1,high,low,0.7
btcusdt_clarity_hold12_v1,BTCUSDT,5,198,1768338000000,1768341600000,1,1,0.016865583958477943,0.016865583958477943,0.8396449800000001,True,target,0.01797639302424492,0.012294768183751525,0.01728732454274784,0.010757124627817971,0,mean_strength|hold12|tp0.01000,False,1,1,high,low,0.7
btcusdt_clarity_hold12_v1,BTCUSDT,5,199,1768345200000,1768388400000,1,1,0.016865583958477943,0.016865583958477943,-0.833255565000003,False,max_hold,-0.0018767981613668772,-0.0007895134164856987,-0.004320829733515552,-0.006412568466435675,0,mean_strength|hold12|tp0.01000,True,-1,1,high,mid,0.7
btcusdt_clarity_hold12_v1,BTCUSDT,5,200,1768392000000,1768399200000,1,1,0.004162491169542321,0.004162491169542321,0.8432863349999913,True,target,-0.0008122767422651389,0.017365045795783907,0.018128922628535937,0.016538038646275677,0,mean_strength|hold12|tp0.01000,False,1,1,mid,mid,0.7
btcusdt_clarity_hold12_v1,BTCUSDT,5,201,1768402800000,1768406400000,1,1,0.006903752372855322,0.006903752372855322,0.8583222199999999,True,target,0.005587851722843373,0.0007508384880223762,0.008512605502632553,-0.007744185397122072,0,mean_strength|hold12|tp0.01000,False,1,1,high,mid,0.7
btcusdt_clarity_hold12_v1,BTCUSDT,5,202,1768410000000,1768453200000,1,1,0.005572050693484796,0.005572050693484796,-1.1138548100000087,False,max_hold,-0.0013488800270807788,0.007335760698156335,0.00013106944410035126,-0.005394488065456282,0,mean_strength|hold12|tp0.01000,True,-1,1,mid,mid,0.7
btcusdt_clarity_hold12_v1,BTCUSDT,5,203,1768759200000,1768777200000,-1,1,-0.005207933690226095,0.005207933690226095,0.8476217499999884,True,target,0.0006352454290631249,0.0001027294588253902,0.028700304624293183,0.029911044674735376,0,mean_strength|hold12|tp0.01000,False,1,-1,mid,low,0.7
btcusdt_clarity_hold12_v1,BTCUSDT,5,204,1768874400000,1768885200000,-1,1,-0.01794080663407397,0.01794080663407397,0.8250028799999942,True,target,0.0013175686265184394,0.010039029863087356,0.015564387384631728,0.021857155673057016,0,mean_strength|hold12|tp0.01000,False,1,-1,high,low,0.7
btcusdt_clarity_hold12_v1,BTCUSDT,5,205,1768888800000,1768896000000,-1,1,-0.005825536361470898,0.005825536361470898,0.8152047400000088,True,target,-0.0026580266132714137,-0.0011925914109214286,-0.0038011100781676355,0.015654412533211537,0,mean_strength|hold12|tp0.01000,False,1,-1,high,low,0.8
btcusdt_clarity_hold12_v1,BTCUSDT,5,206,1768996800000,1769004000000,1,1,0.004323125282142763,0.004323125282142763,0.78983006,True,target,-0.0006911520139809557,0.017415226766637648,-0.0028345125010569294,0.013271697155903928,0,mean_strength|hold12|tp0.01000,False,1,1,mid,low,0.8
btcusdt_clarity_hold12_v1,BTCUSDT,5,207,1769014800000,1769018400000,1,1,0.0018575271938714878,0.0018575271938714878,0.7792514349999913,True,target,0.0061901998930566915,0.02586891475249442,0.01722925697122757,0.023718670716861734,0,mean_strength|hold12|tp0.01000,False,1,1,low,high,0.8
btcusdt_clarity_hold12_v1,BTCUSDT,5,208,1769180400000,1769184000000,1,1,0.0022315487762877254,0.0022315487762877254,0.7917878399999971,True,target,0.004099822541667075,0.008639946851675129,-0.0045702208865782135,0.0003031951417435952,0,mean_strength|hold12|tp0.01000,False,1,1,low,low,0.8
btcusdt_clarity_hold12_v1,BTCUSDT,5,209,1769230800000,1769274000000,-1,1,-0.0033468634157122067,0.0033468634157122067,0.4147442799999971,True,max_hold,0.0014719564987270006,0.0012179019327089868,0.002183977848224661,0.0041774147719357835,0,mean_strength|hold12|tp0.01000,False,1,-1,mid,low,0.8
btcusdt_clarity_hold12_v1,BTCUSDT,5,210,1769288400000,1769328000000,-1,1,-0.004955906352249256,0.004955906352249256,0.7951731949999942,True,target,-0.0005529400966637343,0.0007264334468316536,0.004707826005198146,0.010958063858984568,0,mean_strength|hold12|tp0.01000,False,1,-1,mid,low,0.9
btcusdt_clarity_hold12_v1,BTCUSDT,5,211,1769644800000,1769652000000,-1,1,-0.01311426533119666,0.01311426533119666,0.7945520099999971,True,target,0.006175374809228917,0.01244276865068683,0.00932422120477594,0.011650507226860563,0,mean_strength|hold12|tp0.01000,False,1,-1,high,low,0.9
btcusdt_clarity_hold12_v1,BTCUSDT,5,212,1769691600000,1769695200000,-1,1,-0.005113311817238356,0.005113311817238356,0.7839513850000029,True,target,0.0117045113670452,0.03157070656570704,0.045784057957840685,0.06333571188335718,0,mean_strength|hold12|tp0.01000,False,1,-1,mid,low,0.9
btcusdt_clarity_hold12_v1,BTCUSDT,5,213,1769698800000,1769698800000,-1,1,-0.009015523095215191,0.009015523095215191,0.7742493400000088,True,target_entry_bar,-0.003914108695140195,0.017162948479351736,0.00479398807981346,0.026586020872105376,0,mean_strength|hold12|tp0.01000,False,1,-1,high,low,1.0
btcusdt_clarity_hold12_v1,BTCUSDT,5,214,1769702400000,1769706000000,-1,1,-0.00823407320803125,0.00823407320803125,0.7557257899999912,True,target,0.01179510103801118,0.01467670535009269,0.008221254647701515,0.027263778257262894,0,mean_strength|hold12|tp0.01000,False,1,-1,high,mid,1.0
btcusdt_clarity_hold12_v1,BTCUSDT,5,215,1769709600000,1769713200000,-1,1,-0.008690376587499375,0.008690376587499375,0.7496619100000028,True,target,-0.006453669603276202,-0.012584955339647763,-0.008586916008815892,0.010547585177053342,0,mean_strength|hold12|tp0.01000,False,1,-1,high,high,1.0
btcusdt_clarity_hold12_v1,BTCUSDT,5,216,1769716800000,1769734800000,-1,1,0.001906986400673897,0.001906986400673897,0.7475304199999941,True,target,-0.003619353742829956,-0.004969929786675431,0.02444815842957815,0.0185422093618558,0,mean_strength|hold12|tp0.01000,False,1,1,low,high,1.0
btcusdt_clarity_hold12_v1,BTCUSDT,5,217,1769835600000,1769846400000,-1,1,-0.024267480147833986,0.024267480147833986,0.747351429999997,True,target,0.002652396685159153,0.011084802850820252,0.01165530038660445,0.06079788665798014,0,mean_strength|hold12|tp0.01000,False,1,-1,high,low,1.0
btcusdt_clarity_hold12_v1,BTCUSDT,5,218,1769850000000,1769868000000,-1,1,-0.00772077299021264,0.00772077299021264,0.7390679949999942,True,target,-0.0005488996127609447,0.004089061369624836,0.0217477397012108,0.05805456014001764,0,mean_strength|hold12|tp0.01000,False,1,-1,high,low,1.0
btcusdt_clarity_hold12_v1,BTCUSDT,5,219,1769871600000,1769875200000,-1,1,-0.010064954507964966,0.010064954507964966,0.7249948849999912,True,target,0.011661330452351959,0.04025909145721718,0.03711396529532951,0.030052197281606907,0,mean_strength|hold12|tp0.01000,False,1,-1,high,mid,1.0
btcusdt_clarity_hold12_v1,BTCUSDT,5,220,1769878800000,1769878800000,-1,1,-0.007219326043562903,0.007219326043562903,0.714932660000003,True,target_entry_bar,0.010909607378409847,0.01141812214753024,0.0019059792967278666,0.003464494636500892,0,mean_strength|hold12|tp0.01000,False,1,-1,high,mid,1.0
btcusdt_clarity_hold12_v1,BTCUSDT,5,221,1769882400000,1769882400000,-1,1,-0.003880682407521268,0.003880682407521268,0.7019342599999971,True,target_entry_bar,0.0037039981127432453,-0.0032770575203084906,-0.011082505948961874,-0.003411678427832854,0,mean_strength|hold12|tp0.01000,False,1,-1,mid,mid,1.0
btcusdt_clarity_hold12_v1,BTCUSDT,5,222,1769886000000,1769886000000,-1,1,-0.004826068062132225,0.004826068062132225,0.6942752000000059,True,target_entry_bar,-0.003201733671866158,-0.005232415237060861,-0.010255070591278503,-0.007887228968998183,0,mean_strength|hold12|tp0.01000,False,1,-1,mid,mid,1.0
btcusdt_clarity_hold12_v1,BTCUSDT,5,223,1769889600000,1769904000000,-1,1,-0.0052602211859662336,0.0052602211859662336,-1.6396902699999942,False,stop,-0.0037931313152044233,-0.009622008114761327,-0.011541022131516643,-0.007883863734611696,0,mean_strength|hold12|tp0.01000,True,-1,-1,mid,mid,1.0
btcusdt_clarity_hold12_v1,BTCUSDT,5,224,1769907600000,1769929200000,-1,1,-0.0054588595889225764,0.0054588595889225764,0.7019295299999971,True,target,-0.004478707034474283,-0.0055194077304827616,0.0023438057290764425,0.002854602521119798,0,mean_strength|hold12|tp0.01000,False,1,-1,mid,mid,0.9
btcusdt_clarity_hold12_v1,BTCUSDT,5,225,1769940000000,1769940000000,-1,1,-0.0020982682441198813,0.0020982682441198813,0.7031811399999913,True,target_entry_bar,-0.006035283787428236,-0.0005214730591425187,0.009978284737071408,0.013145466699216124,0,mean_strength|hold12|tp0.01000,False,1,-1,low,high,0.9
btcusdt_clarity_hold12_v1,BTCUSDT,5,226,1769947200000,1769954400000,-1,1,-0.008655675548854207,0.008655675548854207,0.7005927149999971,True,target,0.0017839700282834547,0.01092570064498366,0.00541566884211564,0.009971869636294595,0,mean_strength|hold12|tp0.01000,False,1,-1,high,high,0.9
btcusdt_clarity_hold12_v1,BTCUSDT,5,227,1769958000000,1769958000000,-1,1,-0.005486146420978559,0.005486146420978559,0.6958754400000088,True,target_entry_bar,0.0013485672439979002,-0.005570897764163085,0.013856979673507519,0.01685837981120064,0,mean_strength|hold12|tp0.01000,False,1,-1,mid,mid,0.9
btcusdt_clarity_hold12_v1,BTCUSDT,5,228,1769961600000,1769976000000,-1,1,0.0008550806757380568,0.0008550806757380568,0.6903488599999971,True,target,-0.003250743617285057,0.0040898950673387,0.0031991035280509728,0.020693474758324282,0,mean_strength|hold12|tp0.01000,False,1,0,low,high,0.9
btcusdt_clarity_hold12_v1,BTCUSDT,5,229,1769983200000,1769983200000,1,1,0.002483195458750346,0.002483195458750346,0.6806990550000029,True,target_entry_bar,-0.003625112353875082,0.003507254110144409,-0.017550517151612266,0.003262471603934225,0,mean_strength|hold12|tp0.01000,False,1,1,low,mid,0.9
btcusdt_clarity_hold12_v1,BTCUSDT,5,230,1770012000000,1770012000000,1,1,0.009488703151669255,0.009488703151669255,0.6714486650000088,True,target_entry_bar,0.0013239874371497873,0.015091888387728236,0.018771083487014284,0.026304611214291063,0,mean_strength|hold12|tp0.01000,False,1,1,high,mid,0.9
btcusdt_clarity_hold12_v1,BTCUSDT,5,231,1770015600000,1770022800000,1,1,0.009488703151669255,0.009488703151669255,0.680874415,True,target,0.002853316556284291,0.011103917632347748,0.020355659512926172,0.022014655552741846,0,mean_strength|hold12|tp0.01000,False,1,1,high,high,0.9
btcusdt_clarity_hold12_v1,BTCUSDT,5,232,1770037200000,1770080400000,-1,1,-0.005759528556158565,0.005759528556158565,-1.2089167800000058,False,max_hold,0.004790711775684686,-0.005330546320234442,-0.001625899777542017,-0.010334889301937489,0,mean_strength|hold12|tp0.01000,True,-1,-1,high,high,0.9
btcusdt_clarity_hold12_v1,BTCUSDT,5,233,1770123600000,1770127200000,-1,1,-0.005323153021583312,0.005323153021583312,0.696854715,True,target,0.014003250686170698,0.02302824928060676,0.04301792477421518,0.02387414324485937,0,mean_strength|hold12|tp0.01000,False,1,-1,mid,mid,0.8
btcusdt_clarity_hold12_v1,BTCUSDT,5,234,1770130800000,1770138000000,-1,1,-0.005782329900879679,0.005782329900879679,0.6868857249999883,True,target,0.020947805275942866,0.06379995415786865,0.024255353477407482,0.018349657656596352,0,mean_strength|hold12|tp0.01000,False,1,-1,high,mid,0.9
btcusdt_clarity_hold12_v1,BTCUSDT,5,235,1770141600000,1770141600000,-1,1,-0.006910408366534029,0.006910408366534029,0.6664822299999942,True,target_entry_bar,-0.024375031629684463,-0.04223947740238554,-0.03774088141843235,-0.04794307887793603,0,mean_strength|hold12|tp0.01000,False,1,-1,high,high,0.9
btcusdt_clarity_hold12_v1,BTCUSDT,5,236,1770145200000,1770145200000,-1,1,-0.006651888956053645,0.006651888956053645,-1.542686435,False,stop_entry_bar,-0.02053708050599634,-0.010397389370014665,-0.02000432612579406,-0.021164635790946518,0,mean_strength|hold12|tp0.01000,True,-1,-1,high,high,0.9
btcusdt_clarity_hold12_v1,BTCUSDT,5,237,1770148800000,1770148800000,-1,1,-8.500233154176725e-05,8.500233154176725e-05,-1.580265445000006,False,stop_entry_bar,0.0030353818235580032,0.009151937868874138,0.0066084972374099715,-0.0014313395323157785,0,mean_strength|hold12|tp0.01000,True,-1,0,low,high,0.8
btcusdt_clarity_hold12_v1,BTCUSDT,5,238,1770166800000,1770210000000,-1,1,-0.003863785738626835,0.003863785738626835,-0.41059615000000005,False,max_hold,0.006089642894543945,-0.0007330610535134507,-0.001137553670541358,0.020337208084616254,0,mean_strength|hold12|tp0.01000,True,-1,-1,mid,high,0.7
btcusdt_clarity_hold12_v1,BTCUSDT,5,239,1770213600000,1770217200000,-1,1,-0.006681388079446293,0.006681388079446293,0.66613052,True,target,0.002985379845524383,0.024010849077545804,0.011301122443625577,0.03901308912145862,0,mean_strength|hold12|tp0.01000,False,1,-1,high,high,0.6
btcusdt_clarity_hold12_v1,BTCUSDT,5,240,1770220800000,1770220800000,-1,1,0.0013054057056110515,0.0013054057056110515,0.6596304949999972,True,target_entry_bar,0.01446696128603675,-0.003888106225996557,0.014916633948791613,0.037167958852913685,0,mean_strength|hold12|tp0.01000,False,1,0,low,high,0.6
btcusdt_clarity_hold12_v1,BTCUSDT,5,241,1770296400000,1770300000000,1,1,0.007784884164072629,0.007784884164072629,0.6187928949999971,True,target,-0.004174783903250767,-0.020006804840337566,-0.06343862651332333,-0.05728555780309896,0,mean_strength|hold12|tp0.01000,False,1,1,high,high,0.6
btcusdt_clarity_hold12_v1,BTCUSDT,5,242,1770307200000,1770307200000,1,1,-0.0015646542850617383,0.0015646542850617383,0.6002944249999942,True,target_entry_bar,-0.030892420018546085,-0.04431849311556668,-0.06422248167740219,-0.04977242329998666,0,mean_strength|hold12|tp0.01000,False,1,0,low,high,0.6
btcusdt_clarity_hold12_v1,BTCUSDT,5,243,1770321600000,1770321600000,1,1,0.006938745788948487,0.006938745788948487,-1.376479249999994,False,stop_entry_bar,-0.008817130424825348,-0.013847647641052951,0.018896988120951974,0.017242109523159632,0,mean_strength|hold12|tp0.01000,True,-1,1,high,high,0.7
btcusdt_clarity_hold12_v1,BTCUSDT,5,244,1770325200000,1770325200000,1,1,0.006490089792476222,0.006490089792476222,0.5672881299999956,True,target_entry_bar,0.010918074089079077,0.004298230066087649,0.015023231965158423,0.040657521586103806,0,mean_strength|hold12|tp0.01000,False,1,1,high,high,0.6
btcusdt_clarity_hold12_v1,BTCUSDT,5,245,1770328800000,1770328800000,1,1,0.004458279313756279,0.004458279313756279,0.5623098499999971,True,target_entry_bar,-0.015820609999890434,0.027979592571545808,0.01544176697396793,0.03210303277931459,0,mean_strength|hold12|tp0.01000,False,1,1,mid,high,0.6
btcusdt_clarity_hold12_v1,BTCUSDT,5,246,1770332400000,1770332400000,1,1,0.006337774727220744,0.006337774727220744,0.5684467250000059,True,target_entry_bar,0.009421312239434654,0.033204439135268826,0.05562757582939537,0.059139690876613304,0,mean_strength|hold12|tp0.01000,False,1,1,high,high,0.6
btcusdt_clarity_hold12_v1,BTCUSDT,5,247,1770336000000,1770336000000,1,1,0.006926036834464531,0.006926036834464531,-1.32649766,False,stop_entry_bar,0.03475553258409958,0.010679100667502883,0.02343508707792563,0.048253714127235225,0,mean_strength|hold12|tp0.01000,True,-1,1,high,high,0.7
btcusdt_clarity_hold12_v1,BTCUSDT,5,248,1770339600000,1770339600000,1,1,-0.010798997723502837,0.010798997723502837,0.5647093850000015,True,target_entry_bar,-0.010818383942984178,-0.012196570523558603,-0.013017391039502946,0.024501263972223075,0,mean_strength|hold12|tp0.01000,False,1,-1,high,high,0.7
btcusdt_clarity_hold12_v1,BTCUSDT,5,249,1770343200000,1770343200000,-1,1,-0.0070748099585209775,0.0070748099585209775,0.5844645550000028,True,target_entry_bar,0.012585519955169433,-0.021702516796088478,0.0016241863673032153,-0.04916435226523985,0,mean_strength|hold12|tp0.01000,False,1,-1,high,high,0.8
btcusdt_clarity_hold12_v1,BTCUSDT,5,250,1770346800000,1770346800000,-1,1,0.0022446443528116766,0.0022446443528116766,0.5781416499999971,True,target_entry_bar,-0.011334916375757897,-0.012621203309733264,-0.025254879704886823,-0.06921626926896818,0,mean_strength|hold12|tp0.01000,False,1,1,low,high,0.8
btcusdt_clarity_hold12_v1,BTCUSDT,5,251,1770375600000,1770375600000,1,1,0.018789881695004427,0.018789881695004427,0.5866784700000058,True,target_entry_bar,-0.0009536524890330078,0.023473367564701864,0.06189279744571308,0.05944784271792458,0,mean_strength|hold12|tp0.01000,False,1,1,high,high,0.8
btcusdt_clarity_hold12_v1,BTCUSDT,5,252,1770379200000,1770382800000,1,1,0.01684957547081978,0.01684957547081978,0.5925522500000117,True,target,0.01130893861634985,0.030890253838544934,0.04819565080138166,0.05102777101315947,0,mean_strength|hold12|tp0.01000,False,1,1,high,high,0.8
btcusdt_clarity_hold12_v1,BTCUSDT,5,253,1770386400000,1770386400000,1,1,0.007350644629920345,0.007350644629920345,0.5986903349999912,True,target_entry_bar,0.006286216545779766,0.03753828003597981,0.026264470110390237,0.03184047918461119,0,mean_strength|hold12|tp0.01000,False,1,1,high,high,0.8
btcusdt_clarity_hold12_v1,BTCUSDT,5,254,1770390000000,1770390000000,1,1,-0.0003541223690820701,0.0003541223690820701,0.606423490000003,True,target_entry_bar,0.01922642266049368,0.01678684699792199,0.025244431482629004,0.033678684699792294,0,mean_strength|hold12|tp0.01000,False,1,0,low,high,0.9
btcusdt_clarity_hold12_v1,BTCUSDT,5,255,1770397200000,1770397200000,-1,1,-0.008512074929611849,0.008512074929611849,-1.474815559999997,False,stop_entry_bar,0.013840155118354236,0.010865921906224707,0.0023024496763418556,0.008241016132704782,0,mean_strength|hold12|tp0.01000,True,-1,-1,high,high,0.9
btcusdt_clarity_hold12_v1,BTCUSDT,5,256,1770400800000,1770400800000,-1,1,-0.0073618079649354,0.0073618079649354,0.6293495949999971,True,target_entry_bar,-0.01357834005223113,-0.008317952292241193,-0.002701900365273069,0.014271024700015844,0,mean_strength|hold12|tp0.01000,False,1,-1,high,high,0.8
btcusdt_clarity_hold12_v1,BTCUSDT,5,257,1770404400000,1770415200000,-1,1,0.0003345452954281506,0.0003345452954281506,-1.4713298249999942,False,stop,0.010420867202920348,-0.009134707218201532,0.0034580583087490124,0.03714158371712972,0,mean_strength|hold12|tp0.01000,True,-1,0,low,high,0.8
btcusdt_clarity_hold12_v1,BTCUSDT,5,258,1770454800000,1770465600000,1,1,0.004604546499172914,0.004604546499172914,0.6091811150000087,True,target,-0.0022405788504624713,0.012939856755653567,0.014898527913266513,0.019952310615293012,0,mean_strength|hold12|tp0.01000,False,1,1,mid,high,0.8
btcusdt_clarity_hold12_v1,BTCUSDT,5,259,1770476400000,1770476400000,1,1,0.0027873590389399985,0.0027873590389399985,0.610607205,True,target_entry_bar,-0.0028616028737553645,0.005105458312175015,0.004979594080619654,-0.0008304145852051636,0,mean_strength|hold12|tp0.01000,False,1,1,low,high,0.8
btcusdt_clarity_hold12_v1,BTCUSDT,5,260,1770534000000,1770537600000,1,1,0.0025629312544200437,0.0025629312544200437,0.6169264800000058,True,target,0.01377305677169316,0.008126031723246996,0.025947032225651423,0.024632168233689855,0,mean_strength|hold12|tp0.01000,False,1,1,low,mid,0.8
btcusdt_clarity_hold12_v1,BTCUSDT,5,261,1770609600000,1770616800000,-1,1,-0.0038587513453692364,0.0038587513453692364,0.634334255000003,True,target,-0.0006650978623867765,0.008081220849127102,0.03202897121197179,0.012934180675525209,0,mean_strength|hold12|tp0.01000,False,1,-1,mid,mid,0.8
btcusdt_clarity_hold12_v1,BTCUSDT,5,262,1770634800000,1770645600000,1,1,0.00852644687489433,0.00852644687489433,0.6113206350000029,True,target,0.003044997162550356,0.004825841546939769,0.024248220969842027,0.017570417373610203,0,mean_strength|hold12|tp0.01000,False,1,1,high,mid,0.8
btcusdt_clarity_hold12_v1,BTCUSDT,5,263,1770649200000,1770652800000,1,1,0.003200096151034242,0.003200096151034242,0.6161250949999971,True,target,0.007481780957271145,0.012239514791690942,0.011987820891744327,-0.0007996674764018108,0,mean_strength|hold12|tp0.01000,False,1,1,mid,mid,0.8
btcusdt_clarity_hold12_v1,BTCUSDT,5,264,1770681600000,1770692400000,-1,1,-0.011650800302641637,0.011650800302641637,0.624102390000003,True,target,-0.009476554339743037,0.004584967324943845,0.013194676279814965,0.017601976120917073,0,mean_strength|hold12|tp0.01000,False,1,-1,high,mid,0.8
btcusdt_clarity_hold12_v1,BTCUSDT,5,265,1770696000000,1770703200000,-1,1,-0.01057253918501832,0.01057253918501832,0.6183996799999942,True,target,0.005518585110421803,0.013157498871784523,0.013118817200449828,0.004684780194984306,0,mean_strength|hold12|tp0.01000,False,1,-1,high,mid,0.8
btcusdt_clarity_hold12_v1,BTCUSDT,5,266,1770732000000,1770732000000,-1,1,-0.00029081588348643065,0.00029081588348643065,0.614037195,True,target_entry_bar,-0.012059690499120812,-0.021341209447244713,-0.004280517871052325,-0.0031420667199599794,0,mean_strength|hold12|tp0.01000,False,1,0,low,mid,0.9
btcusdt_clarity_hold12_v1,BTCUSDT,5,267,1770739200000,1770757200000,-1,1,-0.0005261397110021991,0.0005261397110021991,0.6164423399999972,True,target,-0.005946152129948867,0.006363577479182814,0.011670637005476991,0.027704088609325828,0,mean_strength|hold12|tp0.01000,False,1,0,low,mid,0.9
btcusdt_clarity_hold12_v1,BTCUSDT,5,268,1770796800000,1770818400000,-1,1,0.004293442532877255,0.004293442532877255,-1.4136997650000032,False,stop,0.0015190372559943377,-0.0010858801230166915,0.005831191197052221,-0.008557093844239638,0,mean_strength|hold12|tp0.01000,True,-1,1,mid,mid,1.0
btcusdt_clarity_hold12_v1,BTCUSDT,5,269,1770829200000,1770829200000,1,1,0.0033353618521812754,0.0033353618521812754,0.5873915699999942,True,target_entry_bar,0.01128154840417439,0.015552925216313573,0.008502145464444277,0.009339876761754962,0,mean_strength|hold12|tp0.01000,False,1,1,mid,mid,0.9
btcusdt_clarity_hold12_v1,BTCUSDT,5,270,1770843600000,1770850800000,-1,1,-0.0053098554459232155,0.0053098554459232155,0.6010327449999942,True,target,0.005733203896100103,0.005148965928303939,0.0033992027217228937,0.0038786909528686353,0,mean_strength|hold12|tp0.01000,False,1,-1,mid,mid,0.9
btcusdt_clarity_hold12_v1,BTCUSDT,5,271,1770973200000,1770987600000,1,1,0.003659945862950904,0.003659945862950904,0.5933560550000058,True,target,0.00022562806036052763,0.0018782415355855786,0.025815735091737846,0.02906119301957566,0,mean_strength|hold12|tp0.01000,False,1,1,mid,high,0.9
btcusdt_clarity_hold12_v1,BTCUSDT,5,272,1771045200000,1771056000000,1,1,0.004160770338559448,0.004160770338559448,0.61194391,True,target,0.002286941303294654,0.014099895109117133,0.025119984404573303,0.014152267810719099,0,mean_strength|hold12|tp0.01000,False,1,1,mid,low,0.9
btcusdt_clarity_hold12_v1,BTCUSDT,5,273,1771171200000,1771174800000,-1,1,-0.005124663833796697,0.005124663833796697,0.6147428150000029,True,target,0.005361160724641101,0.01035118647213007,0.00022326088469315497,0.002105031198534224,0,mean_strength|hold12|tp0.01000,False,1,-1,mid,low,0.9
btcusdt_clarity_hold12_v1,BTCUSDT,5,274,1771196400000,1771207200000,-1,1,0.0001578833836439693,0.0001578833836439693,0.6138586450000029,True,target,-0.00019622977198108238,0.007293933302227162,0.006494478675637794,0.00039972731329462885,0,mean_strength|hold12|tp0.01000,False,1,0,low,mid,0.9
btcusdt_clarity_hold12_v1,BTCUSDT,5,275,1771243200000,1771246800000,-1,1,-0.011147824510022214,0.011147824510022214,-1.4510645849999972,False,stop,0.019841036546108137,0.03203072012480768,0.027334659223708924,0.012753210886831456,0,mean_strength|hold12|tp0.01000,True,-1,-1,high,mid,0.9
btcusdt_clarity_hold12_v1,BTCUSDT,5,276,1771264800000,1771275600000,1,1,0.0040549030951796084,0.0040549030951796084,0.604379955,True,target,0.0007459496115460595,0.014773045567791465,0.014991228458125061,0.007928294487933751,0,mean_strength|hold12|tp0.01000,False,1,1,mid,mid,0.8
btcusdt_clarity_hold12_v1,BTCUSDT,5,277,1771441200000,1771473600000,1,1,0.006750542611068069,0.006750542611068069,0.5902385800000058,True,target,0.001391026668400519,0.0036408611059872698,0.010464451708694922,0.015757912976162025,0,mean_strength|hold12|tp0.01000,False,1,1,high,mid,0.8
btcusdt_clarity_hold12_v1,BTCUSDT,5,278,1771574400000,1771592400000,-1,1,-0.005500337644930756,0.005500337644930756,0.6034356899999913,True,target,-0.0049263044314631355,0.008098478918748375,0.011743826273328817,0.0017718186494968258,0,mean_strength|hold12|tp0.01000,False,1,-1,mid,low,0.8
btcusdt_clarity_hold12_v1,BTCUSDT,5,279,1771812000000,1771826400000,-1,1,-0.0029809397291066,0.0029809397291066,-1.358598405000006,False,stop,-0.002341587584025362,-0.0044715673190984795,-0.013848729735073118,-0.017810584717279587,0,mean_strength|hold12|tp0.01000,True,-1,-1,low,high,0.9
btcusdt_clarity_hold12_v1,BTCUSDT,5,280,1771851600000,1771855200000,-1,1,-0.006586283434372267,0.006586283434372267,0.5897257299999972,True,target,0.003092289095747436,0.011449336534548382,0.027624852685102286,0.029786731901258467,0,mean_strength|hold12|tp0.01000,False,1,-1,high,high,0.8
btcusdt_clarity_hold12_v1,BTCUSDT,5,281,1771858800000,1771862400000,-1,1,-0.002042038843954842,0.002042038843954842,0.5865133700000058,True,target,0.004418502249627254,0.015696348336433963,0.01643225750421673,0.03142621634510645,0,mean_strength|hold12|tp0.01000,False,1,-1,low,high,0.8
btcusdt_clarity_hold12_v1,BTCUSDT,5,282,1771876800000,1771884000000,1,1,0.0030901994014414865,0.0030901994014414865,0.5720095849999985,True,target,0.0016866860420909902,0.0027914886749971224,-0.005672975317281614,-0.016893239135460925,0,mean_strength|hold12|tp0.01000,False,1,1,mid,high,0.8
btcusdt_clarity_hold12_v1,BTCUSDT,5,283,1771894800000,1771894800000,-1,1,-0.006108179682676774,0.006108179682676774,0.5777913699999956,True,target_entry_bar,0.0007905693034568895,0.012362196129796832,0.015214170993747111,0.019553725967160984,0,mean_strength|hold12|tp0.01000,False,1,-1,high,high,0.8
btcusdt_clarity_hold12_v1,BTCUSDT,5,284,1771898400000,1771902000000,-1,1,-0.0053066709165217815,0.0053066709165217815,0.57084376,True,target,0.00795564315398034,0.015805169451453938,0.011284279255871277,0.010273048035043586,0,mean_strength|hold12|tp0.01000,False,1,-1,mid,mid,0.8
btcusdt_clarity_hold12_v1,BTCUSDT,5,285,1771912800000,1771941600000,1,1,0.0040052019083706356,0.0040052019083706356,0.56124394,True,target,0.0016637483663863861,0.002583647367820019,-0.0018144214786900426,0.02132738253841371,0,mean_strength|hold12|tp0.01000,False,1,1,mid,mid,0.8
btcusdt_clarity_hold12_v1,BTCUSDT,5,286,1771948800000,1771959600000,1,1,0.002231957462815959,0.002231957462815959,0.5689862249999971,True,target,-0.0005994335741966728,0.002772964144530432,-0.002109694787107652,0.018692985692999597,0,mean_strength|hold12|tp0.01000,False,1,1,low,mid,0.9
btcusdt_clarity_hold12_v1,BTCUSDT,5,287,1771977600000,1771981200000,1,1,0.011005981148184754,0.011005981148184754,0.5697778199999985,True,target,0.026040327844845335,0.0182710717896708,0.010495584127473645,0.028818066675079246,0,mean_strength|hold12|tp0.01000,False,1,1,high,mid,0.9
btcusdt_clarity_hold12_v1,BTCUSDT,5,288,1771999200000,1772006400000,1,1,0.003641885100766819,0.003641885100766819,0.5770747199999956,True,target,0.002135282890294299,0.010200022817463461,0.01813217478176954,0.06830901012293689,0,mean_strength|hold12|tp0.01000,False,1,1,mid,high,0.9
btcusdt_clarity_hold12_v1,BTCUSDT,5,289,1772110800000,1772114400000,-1,1,-0.0016002433980237887,0.0016002433980237887,0.6065571250000058,True,target,0.00321165388389133,0.018570136333234122,0.0048189540615636295,0.008278111547516454,0,mean_strength|hold12|tp0.01000,False,1,-1,low,mid,0.9
btcusdt_clarity_hold12_v1,BTCUSDT,5,290,1772125200000,1772128800000,1,1,0.003916172070542947,0.003916172070542947,0.5928176549999999,True,target,0.007087303785434651,0.008847901430485638,0.00977161635140078,0.013328742205687583,0,mean_strength|hold12|tp0.01000,False,1,1,mid,mid,1.0
btcusdt_clarity_hold12_v1,BTCUSDT,5,291,1772175600000,1772186400000,-1,1,-0.011037081951147304,0.011037081951147304,0.6018301700000029,True,target,-0.0037445985680937266,0.01580329991824858,0.020757168770077605,0.03368660385754274,0,mean_strength|hold12|tp0.01000,False,1,-1,high,mid,1.0
btcusdt_clarity_hold12_v1,BTCUSDT,5,292,1772193600000,1772236800000,1,1,0.00403315969821561,0.00403315969821561,-0.36367970500000585,False,max_hold,0.005122726941659161,0.0025826070067251905,-0.009371434120760247,5.9178421423222716e-05,0,mean_strength|hold12|tp0.01000,True,-1,1,mid,mid,1.0
btcusdt_clarity_hold12_v1,BTCUSDT,5,293,1772254800000,1772258400000,-1,1,-0.010718933115491602,0.010718933115491602,0.5842016800000001,True,target,0.03637661573004913,0.032320702394499135,0.026666219229818933,0.002489375917118508,0,mean_strength|hold12|tp0.01000,False,1,-1,high,mid,0.9
btcusdt_clarity_hold12_v1,BTCUSDT,5,294,1772298000000,1772301600000,1,1,0.00690326256726656,0.00690326256726656,0.5789470749999941,True,target,0.0073032659789527,0.023292158164029964,0.023575052679546404,0.02857693354578439,0,mean_strength|hold12|tp0.01000,False,1,1,high,high,0.9
btcusdt_clarity_hold12_v1,BTCUSDT,5,295,1772305200000,1772305200000,1,1,0.0030999775549823143,0.0030999775549823143,0.5862410050000058,True,target_entry_bar,0.009054843247921829,0.011509678353269992,0.014980827255304252,0.011999740643956702,0,mean_strength|hold12|tp0.01000,False,1,1,mid,high,0.9
btcusdt_clarity_hold12_v1,BTCUSDT,5,296,1772308800000,1772308800000,1,1,0.0006783747321245277,0.0006783747321245277,0.590148645,True,target_entry_bar,-0.003493796941358651,0.00027645527551389826,0.010007680973600719,-0.005732337496600404,0,mean_strength|hold12|tp0.01000,False,1,0,low,high,0.9
btcusdt_clarity_hold12_v1,BTCUSDT,5,297,1772370000000,1772370000000,1,1,-0.00021808029707313315,0.00021808029707313315,0.58970128,True,target_entry_bar,-0.0013391702823767337,-0.011880652427022076,-0.014663615670085894,-0.006084556048610801,0,mean_strength|hold12|tp0.01000,False,1,0,low,mid,0.9
btcusdt_clarity_hold12_v1,BTCUSDT,5,298,1772398800000,1772402400000,1,1,0.00509345821264403,0.00509345821264403,0.5807236650000015,True,target,-0.005916564705093608,0.012847920060095053,0.017644558147047018,0.00766425971326834,0,mean_strength|hold12|tp0.01000,False,1,1,mid,mid,0.9
btcusdt_clarity_hold12_v1,BTCUSDT,5,299,1772406000000,1772406000000,1,1,0.00379924441764632,0.00379924441764632,0.5805399449999971,True,target_entry_bar,0.010988593155893511,0.007485931558935288,0.014466920152091278,0.008819771863117776,0,mean_strength|hold12|tp0.01000,False,1,1,mid,mid,0.9
btcusdt_clarity_hold12_v1,BTCUSDT,5,300,1772409600000,1772409600000,1,1,2.641838977086834e-05,2.641838977086834e-05,0.5850771300000029,True,target_entry_bar,0.00041370491556658173,0.004735792997104138,-0.004446951746963079,-0.00819436609124069,0,mean_strength|hold12|tp0.01000,False,1,0,low,mid,0.9
btcusdt_clarity_hold12_v1,BTCUSDT,5,301,1772427600000,1772431200000,-1,1,-0.002126578403132586,0.002126578403132586,0.5947964749999941,True,target,0.007860428298141597,0.006795979682524544,0.005566616492656884,-0.037017325025636705,0,mean_strength|hold12|tp0.01000,False,1,-1,low,mid,0.9
btcusdt_clarity_hold12_v1,BTCUSDT,5,302,1772442000000,1772460000000,1,1,0.0023124703474708837,0.0023124703474708837,0.5895262499999884,True,target,0.0022938866484305542,-0.0030922862201979706,0.0447103760189802,0.04891104649316591,0,mean_strength|hold12|tp0.01000,False,1,1,low,mid,0.9
btcusdt_clarity_hold12_v1,BTCUSDT,5,303,1772467200000,1772503200000,-1,1,5.910018443341981e-05,5.910018443341981e-05,0.614919825,True,target,0.0032466035310596553,0.00673241531163371,-0.00026802852054008675,0.018770642519122305,0,mean_strength|hold12|tp0.01000,False,1,0,low,high,1.0
btcusdt_clarity_hold12_v1,BTCUSDT,5,304,1772506800000,1772524800000,-1,1,-0.004874497020242802,0.004874497020242802,0.6094883499999942,True,target,0.0037498555215635943,0.004086362259745235,0.025381386495545666,0.009609461984248613,0,mean_strength|hold12|tp0.01000,False,1,-1,mid,high,1.0
btcusdt_clarity_hold12_v1,BTCUSDT,5,305,1772528400000,1772539200000,1,1,0.004038959664132839,0.004038959664132839,0.5960245149999912,True,target,0.0031794879493203254,0.011192758333395947,0.016182662933745595,0.020445998994212955,0,mean_strength|hold12|tp0.01000,False,1,1,mid,high,1.0
btcusdt_clarity_hold12_v1,BTCUSDT,5,306,1772550000000,1772550000000,1,1,-0.002162172998305244,0.002162172998305244,0.5921033449999971,True,target_entry_bar,0.006572367692137204,0.013257007792591313,0.0041954426265835565,0.0001122724083171267,0,mean_strength|hold12|tp0.01000,False,1,-1,low,high,1.0
btcusdt_clarity_hold12_v1,BTCUSDT,5,307,1772557200000,1772593200000,-1,1,-0.00298327296229768,0.00298327296229768,0.6064609200000001,True,target,-0.004531308353043606,0.0006971243620068623,-0.00021675295289291796,0.0015714589084732111,0,mean_strength|hold12|tp0.01000,False,1,-1,low,mid,1.0
btcusdt_clarity_hold12_v1,BTCUSDT,5,308,1772600400000,1772604000000,1,1,0.012058973433813343,0.012058973433813343,0.6029584850000087,True,target,0.0043858877095397375,0.04137256282527435,0.04267366061736877,0.07335727235922618,0,mean_strength|hold12|tp0.01000,False,1,1,high,mid,1.0
btcusdt_clarity_hold12_v1,BTCUSDT,5,309,1772607600000,1772607600000,1,1,0.003361512125020783,0.003361512125020783,0.6093659349999913,True,target_entry_bar,0.022014122321473595,0.02658048355634879,0.028552713976203625,0.059248968897782195,0,mean_strength|hold12|tp0.01000,False,1,1,mid,high,1.0
btcusdt_clarity_hold12_v1,BTCUSDT,5,310,1772611200000,1772611200000,1,1,-0.0002493233061260853,0.0002493233061260853,0.61816852,True,target_entry_bar,0.006949912457020924,0.0012494066374904023,0.008265522151965632,0.027863035734156716,0,mean_strength|hold12|tp0.01000,False,1,0,low,high,1.0
btcusdt_clarity_hold12_v1,BTCUSDT,5,311,1772636400000,1772636400000,1,1,0.0010372653026371245,0.0010372653026371245,0.6370282699999971,True,target_entry_bar,-0.0013430652157017109,0.004250085560753458,-0.0009026489063903576,-0.011863969991696033,0,mean_strength|hold12|tp0.01000,False,1,0,low,high,1.0
btcusdt_clarity_hold12_v1,BTCUSDT,5,312,1772686800000,1772690400000,-1,1,-0.0013436111666318713,0.0013436111666318713,0.647877655,True,target,-0.0020089837775252306,0.0009298803867084926,-0.006977557136521151,0.023577234649028833,0,mean_strength|hold12|tp0.01000,False,1,0,low,high,1.0
btcusdt_clarity_hold12_v1,BTCUSDT,5,313,1772694000000,1772694000000,-1,1,-0.0019496582820874094,0.0019496582820874094,0.6454662400000029,True,target_entry_bar,-0.003916668402163204,-0.01834766853406089,-0.00569242837606132,0.015966567396269338,0,mean_strength|hold12|tp0.01000,False,1,-1,low,high,1.0
btcusdt_clarity_hold12_v1,BTCUSDT,5,314,1772704800000,1772722800000,-1,1,-0.004046688912329185,0.004046688912329185,0.6459194350000029,True,target,0.006368358624074699,0.012427229470871382,0.028346080957639797,0.02966856176803423,0,mean_strength|hold12|tp0.01000,False,1,-1,mid,mid,1.0
btcusdt_clarity_hold12_v1,BTCUSDT,5,315,1772726400000,1772726400000,-1,1,0.0006996198275925219,0.0006996198275925219,0.6374603100000029,True,target_entry_bar,0.008410518620585061,0.005505985163025584,0.0013610615718998575,0.009678971879345188,0,mean_strength|hold12|tp0.01000,False,1,0,low,mid,1.0
btcusdt_clarity_hold12_v1,BTCUSDT,5,316,1772784000000,1772787600000,-1,1,-0.001726833324838923,0.001726833324838923,0.6322002350000088,True,target,0.003233913119680243,0.007980189455294662,0.03367622989051611,0.03776667769137043,0,mean_strength|hold12|tp0.01000,False,1,-1,low,mid,1.0
btcusdt_clarity_hold12_v1,BTCUSDT,5,317,1772791200000,1772798400000,-1,1,-0.010719577669578463,0.010719577669578463,0.6277530949999942,True,target,0.004555588964468615,0.01868188600248477,0.029736138925607225,0.03142391939500877,0,mean_strength|hold12|tp0.01000,False,1,-1,high,mid,1.0
btcusdt_clarity_hold12_v1,BTCUSDT,5,318,1772802000000,1772805600000,-1,1,-1.008203866449384e-05,1.008203866449384e-05,0.6221380099999912,True,target,0.011880398210135645,0.011264698740851342,0.01573357845687795,0.0139818701076464,0,mean_strength|hold12|tp0.01000,False,1,0,low,mid,1.0
btcusdt_clarity_hold12_v1,BTCUSDT,5,319,1772816400000,1772859600000,-1,1,0.002255202399370279,0.002255202399370279,0.2728778549999942,True,max_hold,-0.0031399646993186536,-0.0021713304882771123,-0.0022419907346751256,-0.0008744205491775237,0,mean_strength|hold12|tp0.01000,False,1,1,low,mid,1.0
btcusdt_clarity_hold12_v1,BTCUSDT,5,320,1772902800000,1772910000000,-1,1,-0.004475643140949347,0.004475643140949347,0.6030763899999971,True,target,0.003231010617021135,0.005834712183227397,0.007639886228278381,0.009362403080751647,0,mean_strength|hold12|tp0.01000,False,1,-1,mid,low,1.0
btcusdt_clarity_hold12_v1,BTCUSDT,5,321,1772967600000,1772971200000,-1,1,-0.001625680300802579,0.001625680300802579,0.6041546199999942,True,target,0.003022670025188967,0.002754482145503001,0.007008445695658616,0.02305082234405098,0,mean_strength|hold12|tp0.01000,False,1,-1,low,low,1.0
btcusdt_clarity_hold12_v1,BTCUSDT,5,322,1773003600000,1773007200000,-1,1,-0.0026276778234040447,0.0026276778234040447,0.5980911800000058,True,target,0.011626361846064026,0.009707795649558038,-0.0028099156278786896,-0.014473603664536094,0,mean_strength|hold12|tp0.01000,False,1,-1,low,low,1.0
btcusdt_clarity_hold12_v1,BTCUSDT,5,323,1773018000000,1773025200000,1,1,0.006355721388651729,0.006355721388651729,0.5902390200000058,True,target,0.005289485579008879,0.014364301792438638,0.02047918294908091,0.04217378356192936,0,mean_strength|hold12|tp0.01000,False,1,1,high,mid,1.0
btcusdt_clarity_hold12_v1,BTCUSDT,5,324,1773036000000,1773039600000,-1,1,-0.0007219302481469435,0.0007219302481469435,0.6041538499999942,True,target,-0.0040904479858634435,-0.010660451168975627,-0.013302136850027901,-0.016326093488304272,0,mean_strength|hold12|tp0.01000,False,1,0,low,mid,1.0
btcusdt_clarity_hold12_v1,BTCUSDT,5,325,1773046800000,1773061200000,1,1,0.005004259850845978,0.005004259850845978,0.6031401149999913,True,target,-0.005523463313047761,0.00261382116812503,0.013036727425253636,0.013778487486478364,0,mean_strength|hold12|tp0.01000,False,1,1,mid,mid,1.0
btcusdt_clarity_hold12_v1,BTCUSDT,5,326,1773064800000,1773108000000,1,1,0.0076850522539235345,0.0076850522539235345,0.178488075,True,max_hold,-0.004058582491231699,-0.0078538273662766,-0.002843178108830835,0.016338507483418363,0,mean_strength|hold12|tp0.01000,False,1,1,high,mid,1.0
btcusdt_clarity_hold12_v1,BTCUSDT,5,327,1773111600000,1773129600000,1,1,0.005680032715762552,0.005680032715762552,0.6251085400000029,True,target,0.009292271332017155,0.007041258952890317,0.023625542217290407,0.027466097908950715,0,mean_strength|hold12|tp0.01000,False,1,1,mid,high,1.0
btcusdt_clarity_hold12_v1,BTCUSDT,5,328,1773201600000,1773201600000,1,1,-0.0008544832779302459,0.0008544832779302459,0.618610495,True,target_entry_bar,-0.008931412176111486,-0.006671451012060126,-0.007407650482167849,0.006408930270781488,0,mean_strength|hold12|tp0.01000,False,1,0,low,high,1.0
btcusdt_clarity_hold12_v1,BTCUSDT,5,329,1773223200000,1773234000000,1,1,0.0024458829318868324,0.0024458829318868324,0.6179052049999971,True,target,-0.0061304719672850005,0.008111196556011668,0.013919692973314746,0.01090404697393299,0,mean_strength|hold12|tp0.01000,False,1,1,low,high,1.0
btcusdt_clarity_hold12_v1,BTCUSDT,5,330,1773291600000,1773302400000,1,1,0.0024784848073050635,0.0024784848073050635,0.6169172399999914,True,target,0.00045513532354224395,0.006268192810302331,0.01380673168188351,0.010620784417088469,0,mean_strength|hold12|tp0.01000,False,1,1,low,mid,1.0
btcusdt_clarity_hold12_v1,BTCUSDT,5,331,1773381600000,1773396000000,1,1,0.010738607492898438,0.010738607492898438,0.636400045,True,target,0.003777558721126839,0.009031646519219505,0.01990299498428838,-0.004147742649254771,0,mean_strength|hold12|tp0.01000,False,1,1,high,mid,1.0
btcusdt_clarity_hold12_v1,BTCUSDT,5,332,1773403200000,1773406800000,1,1,0.000401538920127408,0.000401538920127408,0.6424542450000029,True,target,0.008379700090602515,-0.012858955692765406,-0.02358139720328367,-0.029357134706256782,0,mean_strength|hold12|tp0.01000,False,1,0,low,mid,1.0
btcusdt_clarity_hold12_v1,BTCUSDT,5,333,1773417600000,1773460800000,1,1,0.0008212122530081592,0.0008212122530081592,-0.8802786649999971,False,max_hold,-0.011782145143779732,-0.009715224229602248,-0.014756562647885718,-0.011826684853714853,0,mean_strength|hold12|tp0.01000,True,-1,0,low,mid,1.0
btcusdt_clarity_hold12_v1,BTCUSDT,5,334,1773507600000,1773540000000,1,1,0.003277013380786096,0.003277013380786096,0.6285720049999971,True,target,0.0005298493612764243,0.0025387434636563455,0.008334502118688913,0.012219119628368746,0,mean_strength|hold12|tp0.01000,False,1,1,mid,low,0.9
btcusdt_clarity_hold12_v1,BTCUSDT,5,335,1773543600000,1773586800000,1,1,0.004710500317001639,0.004710500317001639,0.06923454499999415,True,max_hold,0.0032461705003730135,0.0014078424113928012,0.00612074912921301,0.0018172945868177859,0,mean_strength|hold12|tp0.01000,False,1,1,mid,low,0.9
btcusdt_clarity_hold12_v1,BTCUSDT,5,336,1773604800000,1773612000000,1,1,0.011838712556572803,0.011838712556572803,0.636400375,True,target,0.005363362584233977,0.015187592150101459,0.011033601571207141,0.01964287956077615,0,mean_strength|hold12|tp0.01000,False,1,1,high,low,0.9
btcusdt_clarity_hold12_v1,BTCUSDT,5,337,1773615600000,1773630000000,1,1,0.004425758774892414,0.004425758774892414,0.647072565,True,target,-0.003867879289189635,-0.004091845301316566,0.01920336800913458,0.010118317259535603,0,mean_strength|hold12|tp0.01000,False,1,1,mid,low,0.9
btcusdt_clarity_hold12_v1,BTCUSDT,5,338,1773640800000,1773644400000,-1,1,-0.004827254322533245,0.004827254322533245,0.6602543199999942,True,target,0.003433735021518558,0.006256726659762957,-0.002026310824951416,-0.0027456308096964754,0,mean_strength|hold12|tp0.01000,False,1,-1,mid,mid,0.9
btcusdt_clarity_hold12_v1,BTCUSDT,5,339,1773658800000,1773669600000,-1,1,-0.00422714844590373,0.00422714844590373,0.6564259450000058,True,target,-0.004280741559920198,-6.121174775852722e-05,-0.0053920748470046576,-0.018106434987002595,0,mean_strength|hold12|tp0.01000,False,1,-1,mid,mid,0.9
btcusdt_clarity_hold12_v1,BTCUSDT,5,340,1773673200000,1773705600000,-1,1,-0.0023588150927063,0.0023588150927063,-1.551339634999997,False,stop,-0.006637065436741141,-0.008776600828506842,-0.015293513671453818,-0.01617554293953316,0,mean_strength|hold12|tp0.01000,True,-1,-1,low,mid,0.9
btcusdt_clarity_hold12_v1,BTCUSDT,5,341,1773709200000,1773716400000,-1,1,-0.00799357838209417,0.00799357838209417,0.670143165,True,target,0.005654583533439839,0.018276185524318977,0.018151821731117512,0.026514625314382312,0,mean_strength|hold12|tp0.01000,False,1,-1,high,mid,0.8
btcusdt_clarity_hold12_v1,BTCUSDT,5,342,1773720000000,1773741600000,-1,1,-0.0035629960325220095,0.0035629960325220095,0.6624827850000088,True,target,0.0027936762920247604,-0.00012667900214680117,0.0067005106241905255,0.0011225915828542155,0,mean_strength|hold12|tp0.01000,False,1,-1,mid,mid,0.8
btcusdt_clarity_hold12_v1,BTCUSDT,5,343,1773748800000,1773792000000,-1,1,-0.0016333495748386186,0.0016333495748386186,0.006492180000002901,True,max_hold,0.0017704253497776712,-0.0022710283797147124,-0.012561201772867125,-0.001495025850923426,0,mean_strength|hold12|tp0.01000,False,1,-1,low,mid,0.8
btcusdt_clarity_hold12_v1,BTCUSDT,5,344,1773795600000,1773831600000,-1,1,-0.0079562239291201,0.0079562239291201,0.6570430600000029,True,target,-0.003576677040110665,-0.001410140041493868,0.00263658367911479,0.026079486514522854,0,mean_strength|hold12|tp0.01000,False,1,-1,high,mid,0.9
btcusdt_clarity_hold12_v1,BTCUSDT,5,345,1773835200000,1773838800000,-1,1,-0.008058914595859465,0.008058914595859465,0.6489438949999972,True,target,0.0030514994103016946,0.012287573746873615,0.017401980778457338,0.018734851386309814,0,mean_strength|hold12|tp0.01000,False,1,-1,high,mid,0.9
btcusdt_clarity_hold12_v1,BTCUSDT,5,346,1773842400000,1773842400000,-1,1,-0.008058914595859465,0.008058914595859465,0.6418211449999971,True,target_entry_bar,-0.003879972400341103,-0.0055691164877045285,-0.00016863335314765138,0.0019631732862284146,0,mean_strength|hold12|tp0.01000,False,1,-1,high,mid,0.9
btcusdt_clarity_hold12_v1,BTCUSDT,5,347,1773846000000,1773889200000,-1,1,-0.008058914595859465,0.008058914595859465,0.025919975000005813,True,max_hold,0.00205637462134145,0.005178032487639261,0.0030334675319584337,0.003589206622954033,0,mean_strength|hold12|tp0.01000,False,1,-1,high,mid,0.9
btcusdt_clarity_hold12_v1,BTCUSDT,5,348,1773892800000,1773903600000,-1,1,-0.0036773314748206657,0.0036773314748206657,0.6335324299999942,True,target,-2.9664913611560095e-05,0.00911984201314564,0.009728679049649136,0.019273718157893582,0,mean_strength|hold12|tp0.01000,False,1,-1,mid,mid,0.9
btcusdt_clarity_hold12_v1,BTCUSDT,5,349,1774072800000,1774116000000,-1,1,-0.004931578073942936,0.004931578073942936,0.2808948799999942,True,max_hold,0.0007336809011126988,0.0014942210259657474,0.0008368768660091952,0.005352053741065621,0,mean_strength|hold12|tp0.01000,False,1,-1,mid,low,0.9
btcusdt_clarity_hold12_v1,BTCUSDT,5,350,1774119600000,1774134000000,-1,1,-0.007562181842771996,0.007562181842771996,0.6263288749999883,True,target,-0.0009450600361822215,0.001601628061319471,0.020461615640530284,0.021052811091736068,0,mean_strength|hold12|tp0.01000,False,1,-1,high,low,0.9
btcusdt_clarity_hold12_v1,BTCUSDT,5,351,1774137600000,1774177200000,-1,1,-0.0032118047590333353,0.0032118047590333353,0.613146975,True,target,-0.00031347734908471203,-0.005841418194747705,-0.0032276556683525914,0.004208723668265524,0,mean_strength|hold12|tp0.01000,False,1,-1,mid,mid,1.0
btcusdt_clarity_hold12_v1,BTCUSDT,5,352,1774202400000,1774213200000,-1,1,-0.004191915426890853,0.004191915426890853,0.61091664,True,target,0.0059740187779872,0.010438857806104762,0.013674480864038219,0.010717363441104855,0,mean_strength|hold12|tp0.01000,False,1,-1,mid,mid,1.0
btcusdt_clarity_hold12_v1,BTCUSDT,5,353,1774260000000,1774263600000,1,1,0.01231543803242421,0.01231543803242421,0.6078511199999942,True,target,0.02313602540861348,0.04287995422713031,0.029591809925823664,0.03259127571439846,0,mean_strength|hold12|tp0.01000,False,1,1,high,mid,1.0
btcusdt_clarity_hold12_v1,BTCUSDT,5,354,1774346400000,1774357200000,-1,1,-0.011146348516829207,0.011146348516829207,0.634513795,True,target,0.001698545988483624,0.016429572106786527,0.025114616760297137,0.013469048561570163,0,mean_strength|hold12|tp0.01000,False,1,-1,high,high,1.0
btcusdt_clarity_hold12_v1,BTCUSDT,5,355,1774382400000,1774382400000,1,1,0.00045987135157707094,0.00045987135157707094,0.617103380000003,True,target_entry_bar,0.0032768822805728792,0.006526647503946048,0.00618554346864264,0.016305914658339304,0,mean_strength|hold12|tp0.01000,False,1,0,low,mid,1.0
btcusdt_clarity_hold12_v1,BTCUSDT,5,356,1774486800000,1774501200000,-1,1,-0.004009942275821714,0.004009942275821714,0.634338655000003,True,target,0.005025774824505058,0.0066827779798321885,0.016276545401184173,0.02240464859597069,0,mean_strength|hold12|tp0.01000,False,1,-1,mid,low,1.0
btcusdt_clarity_hold12_v1,BTCUSDT,5,357,1774504800000,1774522800000,-1,1,-0.008480983165336096,0.008480983165336096,0.622935765,True,target,5.2813760125558495e-05,0.007421046997109437,0.009455090461406579,0.022845519751632626,0,mean_strength|hold12|tp0.01000,False,1,-1,high,low,1.0
btcusdt_clarity_hold12_v1,BTCUSDT,5,358,1774526400000,1774544400000,-1,1,-0.008986633424340671,0.008986633424340671,0.61625554,True,target,-0.003203396205207376,0.004903804447288107,0.013518245524539951,0.009347922259640984,0,mean_strength|hold12|tp0.01000,False,1,-1,high,low,1.0
btcusdt_clarity_hold12_v1,BTCUSDT,5,359,1774890000000,1774890000000,-1,1,-0.0006084383669221139,0.0006084383669221139,0.59934103,True,target_entry_bar,0.0027632579499797805,0.002848580649410515,0.0006107309011873507,-0.01262925640518997,0,mean_strength|hold12|tp0.01000,False,1,0,low,mid,1.0
btcusdt_clarity_hold12_v1,BTCUSDT,5,360,1774929600000,1774944000000,-1,1,-0.003236322688161515,0.003236322688161515,0.6023714299999943,True,target,-0.002055988659474428,0.002463335115782672,0.017489234944104814,-0.0018145433053720073,0,mean_strength|hold12|tp0.01000,False,1,-1,mid,low,1.0
btcusdt_clarity_hold12_v1,BTCUSDT,5,361,1775019600000,1775023200000,1,1,0.005790268118713673,0.005790268118713673,0.6075871450000058,True,target,0.009513550488028155,0.0031073603222535606,0.003678845687258514,-0.002608954927197704,0,mean_strength|hold12|tp0.01000,False,1,1,high,mid,1.0
btcusdt_clarity_hold12_v1,BTCUSDT,5,362,1775030400000,1775073600000,1,1,0.0026802193672016746,0.0026802193672016746,-0.6178565000000058,False,max_hold,-0.00032638407245744183,0.0005697150550481034,-0.0010447204462136206,-0.006862807952114802,0,mean_strength|hold12|tp0.01000,True,-1,1,low,mid,1.0
btcusdt_clarity_hold12_v1,BTCUSDT,5,363,1775091600000,1775091600000,-1,1,8.289853595348462e-06,8.289853595348462e-06,0.6102929249999883,True,target_entry_bar,0.007350363358705869,0.015095875596437103,0.006365462205346728,0.01617882120850178,0,mean_strength|hold12|tp0.01000,False,1,0,low,mid,0.9
btcusdt_clarity_hold12_v1,BTCUSDT,5,364,1775286000000,1775329200000,1,1,0.0031062123531747183,0.0031062123531747183,0.1767456700000058,True,max_hold,-0.0011077602938102116,0.002345406228539071,0.00280672419455974,0.004190678092621747,0,mean_strength|hold12|tp0.01000,False,1,1,mid,low,0.9
btcusdt_clarity_hold12_v1,BTCUSDT,5,365,1775343600000,1775368800000,-1,1,-0.008136401966543442,0.008136401966543442,0.5997016499999942,True,target,0.001397333174770754,0.001883426736632332,0.005439193709027568,0.004434303042916032,0,mean_strength|hold12|tp0.01000,False,1,-1,high,low,0.9
btcusdt_clarity_hold12_v1,BTCUSDT,5,366,1775401200000,1775401200000,1,1,0.0022002289173145353,0.0022002289173145353,0.5953131749999884,True,target_entry_bar,-0.0013883892603481218,0.0016187964716480874,0.0036761098938342673,0.027057239097279417,0,mean_strength|hold12|tp0.01000,False,1,1,low,low,0.9
btcusdt_clarity_hold12_v1,BTCUSDT,5,367,1775408400000,1775426400000,1,1,0.016770499540443767,0.016770499540443767,0.5977965950000058,True,target,0.0005776467059288581,0.004373186501183568,0.024586366349777622,0.02709890677762239,0,mean_strength|hold12|tp0.01000,False,1,1,high,low,0.9
btcusdt_clarity_hold12_v1,BTCUSDT,5,368,1775430000000,1775430000000,1,1,0.005150385625264591,0.005150385625264591,0.607942155,True,target_entry_bar,0.0007826325149027369,0.002691386259581874,0.002452248546695124,0.008488664147749514,0,mean_strength|hold12|tp0.01000,False,1,1,mid,low,0.9
btcusdt_clarity_hold12_v1,BTCUSDT,5,369,1775433600000,1775466000000,1,1,0.0016590660157421208,0.0016590660157421208,0.613984695000003,True,target,-0.003895620540491973,0.0005865153601856132,-0.0013497094214640626,0.0041331230567154265,0,mean_strength|hold12|tp0.01000,False,1,1,low,low,0.9
btcusdt_clarity_hold12_v1,BTCUSDT,5,370,1775505600000,1775512800000,-1,1,-0.013939693248682387,0.013939693248682387,0.6204462949999971,True,target,0.0043408226496644,0.013779138255702983,0.01632430201463453,0.012500824025428514,0,mean_strength|hold12|tp0.01000,False,1,-1,high,mid,0.9
btcusdt_clarity_hold12_v1,BTCUSDT,5,371,1775559600000,1775581200000,1,1,0.0009342832822510168,0.0009342832822510168,0.6068715150000029,True,target,0.0008227103181341899,-0.007023779548768316,0.005258319328715233,0.05239874221938545,0,mean_strength|hold12|tp0.01000,False,1,0,low,mid,0.9
btcusdt_clarity_hold12_v1,BTCUSDT,5,372,1775584800000,1775592000000,1,1,0.007072423135253298,0.007072423135253298,0.6110472,True,target,0.008217652312329182,0.02153077526869618,0.04777113355950635,0.047999158063370295,0,mean_strength|hold12|tp0.01000,False,1,1,high,mid,0.9
btcusdt_clarity_hold12_v1,BTCUSDT,5,373,1775656800000,1775700000000,1,1,0.010675349158369268,0.010675349158369268,-0.7774743950000058,False,max_hold,0.005456494752285268,0.013535436181018046,0.006332524545762164,0.001998927886243118,0,mean_strength|hold12|tp0.01000,True,-1,1,high,mid,1.0
btcusdt_clarity_hold12_v1,BTCUSDT,5,374,1775750400000,1775793600000,-1,1,-0.001997141431081583,0.001997141431081583,0.15544993999999124,True,max_hold,-0.0035934377081945357,-0.00010964912280697625,0.0018987341772152,-0.0005662891405728843,0,mean_strength|hold12|tp0.01000,False,1,-1,low,mid,0.9
btcusdt_clarity_hold12_v1,BTCUSDT,5,375,1775811600000,1775822400000,1,1,0.008320122403879247,0.008320122403879247,0.6369380050000059,True,target,0.0017589781758475809,0.006680493182914304,0.009405376173232893,0.019652608779280323,0,mean_strength|hold12|tp0.01000,False,1,1,high,mid,0.9
btcusdt_clarity_hold12_v1,BTCUSDT,5,376,1775826000000,1775829600000,1,1,0.005554692098096665,0.005554692098096665,0.6427148099999912,True,target,0.008115212218471557,0.00926899452160912,0.01249654141995471,0.008800011067456204,0,mean_strength|hold12|tp0.01000,False,1,1,mid,mid,0.9
btcusdt_clarity_hold12_v1,BTCUSDT,5,377,1775836800000,1775847600000,1,1,0.0005343513657934638,0.0005343513657934638,0.6444983300000058,True,target,0.0017257449899936717,0.003197905529511713,-0.0016421306576747119,-0.002505688516051263,0,mean_strength|hold12|tp0.01000,False,1,0,low,low,0.9
btcusdt_clarity_hold12_v1,BTCUSDT,5,378,1775923200000,1775930400000,1,1,0.003934502618707835,0.003934502618707835,0.647960145,True,target,0.0008891470627321318,0.008831189470525747,0.004685489914551422,-0.021408030820111557,0,mean_strength|hold12|tp0.01000,False,1,1,mid,low,0.9
btcusdt_clarity_hold12_v1,BTCUSDT,5,379,1775944800000,1775955600000,-1,1,-0.0070357451066486425,0.0070357451066486425,0.653220625,True,target,0.004362274710124958,0.023653647115294274,0.025971829987195494,0.026143648247112794,0,mean_strength|hold12|tp0.01000,False,1,-1,high,low,0.9
btcusdt_clarity_hold12_v1,BTCUSDT,5,380,1775998800000,1776042000000,1,1,0.003370053817025982,0.003370053817025982,-0.03391852500001165,False,max_hold,-0.002077291618156507,0.00041489384221327086,0.0027335012665552494,0.004157405643403056,0,mean_strength|hold12|tp0.01000,True,-1,1,mid,mid,0.9
btcusdt_clarity_hold12_v1,BTCUSDT,5,381,1776052800000,1776088800000,1,1,0.004354417368348673,0.004354417368348673,0.6313312800000028,True,target,-9.173755156710595e-05,-0.0010486307817592078,-0.0019518928279582681,0.018389850721833412,0,mean_strength|hold12|tp0.01000,False,1,1,mid,low,0.8
btcusdt_clarity_hold12_v1,BTCUSDT,5,382,1776092400000,1776106800000,1,1,0.0033447333338145293,0.0033447333338145293,0.6437802800000029,True,target,0.004646105179912929,0.0077467573332441475,0.018328237515245593,0.035993740219092185,0,mean_strength|hold12|tp0.01000,False,1,1,mid,low,0.8
btcusdt_clarity_hold12_v1,BTCUSDT,5,383,1776110400000,1776117600000,1,1,0.0033764177989920427,0.0033764177989920427,0.6520571149999913,True,target,0.0005622519627519473,0.01759397200231483,0.016354555266905546,0.022093355713971086,0,mean_strength|hold12|tp0.01000,False,1,1,mid,mid,0.8
btcusdt_clarity_hold12_v1,BTCUSDT,5,384,1776121200000,1776164400000,1,1,0.00815310085274223,0.00815310085274223,-0.40942090500000006,False,max_hold,-0.0034563420044364523,-0.001217987497479367,-0.0026954359077770995,-0.0005726961080864124,0,mean_strength|hold12|tp0.01000,True,-1,1,high,mid,0.9
btcusdt_clarity_hold12_v1,BTCUSDT,5,385,1776171600000,1776171600000,1,1,0.00024161712742113944,0.00024161712742113944,0.6621911250000001,True,target_entry_bar,-0.006689969153796382,-0.01158190144054938,-0.017156213231007356,-0.011963503959126043,0,mean_strength|hold12|tp0.01000,False,1,0,low,mid,0.8
btcusdt_clarity_hold12_v1,BTCUSDT,5,386,1776178800000,1776222000000,1,1,0.003939231946371539,0.003939231946371539,-0.8059060900000029,False,max_hold,-0.008914799231015569,-0.016183482776900293,-0.013788045666092263,-0.012904537247519277,0,mean_strength|hold12|tp0.01000,True,-1,1,mid,mid,0.8
btcusdt_clarity_hold12_v1,BTCUSDT,5,387,1776286800000,1776330000000,-1,1,0.0005371536764221669,0.0005371536764221669,0.0429335750000058,True,max_hold,-0.003056102164571639,-0.0009236576844302569,-0.0019932265103141944,0.0019316493313521477,0,mean_strength|hold12|tp0.01000,False,1,0,low,low,0.7
btcusdt_clarity_hold12_v1,BTCUSDT,5,388,1776348000000,1776351600000,1,1,0.0028064216601823865,0.0028064216601823865,0.6563219650000087,True,target,0.009771832776553024,0.004931225232292391,0.016931982633863862,0.009921960588068268,0,mean_strength|hold12|tp0.01000,False,1,1,low,low,0.7
btcusdt_clarity_hold12_v1,BTCUSDT,5,389,1776405600000,1776412800000,1,1,0.0016503718190046584,0.0016503718190046584,0.6638830600000087,True,target,0.0020335108705373806,0.01136122389849259,0.017364286849206323,0.02960140249495624,0,mean_strength|hold12|tp0.01000,False,1,1,low,mid,0.7
btcusdt_clarity_hold12_v1,BTCUSDT,5,390,1776427200000,1776430800000,1,1,0.008749735788406569,0.008749735788406569,0.6722464200000029,True,target,0.014419467790790952,0.02021901527122294,0.012028253599945415,0.012330108300216747,0,mean_strength|hold12|tp0.01000,False,1,1,high,mid,0.7
btcusdt_clarity_hold12_v1,BTCUSDT,5,391,1776495600000,1776506400000,-1,1,-0.01637835632398379,0.01637835632398379,0.6860796100000087,True,target,0.0033254928460968447,0.010409221452612694,0.011312393601122794,0.017502046757027268,0,mean_strength|hold12|tp0.01000,False,1,-1,high,mid,0.8
btcusdt_clarity_hold12_v1,BTCUSDT,5,392,1776510000000,1776553200000,-1,1,-0.003093412773738831,0.003093412773738831,0.26286742999999424,True,max_hold,-0.002184153048603976,-0.0027525591431805108,0.002869661324702011,0.004581458382674097,0,mean_strength|hold12|tp0.01000,False,1,-1,mid,mid,0.8
btcusdt_clarity_hold12_v1,BTCUSDT,5,393,1776592800000,1776603600000,1,1,0.0017639836415446041,0.0017639836415446041,0.6671741349999913,True,target,0.005080112536664183,0.00934346961443544,0.0022627052696690964,-0.015570232323030786,0,mean_strength|hold12|tp0.01000,False,1,1,low,low,0.8
btcusdt_clarity_hold12_v1,BTCUSDT,5,394,1776614400000,1776618000000,-1,1,-0.0037031845182916886,0.0037031845182916886,0.6747700649999971,True,target,0.00800577605062558,0.005676509311758227,0.017792678006413154,0.010908400755983205,0,mean_strength|hold12|tp0.01000,False,1,-1,mid,low,0.8
btcusdt_clarity_hold12_v1,BTCUSDT,5,395,1776654000000,1776697200000,-1,1,-0.0028869612327927945,0.0028869612327927945,-0.754930070000003,False,max_hold,0.0009410957196231973,-0.0021074109277032793,-0.005830235448206933,-0.014400641339305409,0,mean_strength|hold12|tp0.01000,True,-1,-1,low,low,0.9
btcusdt_clarity_hold12_v1,BTCUSDT,5,396,1776700800000,1776744000000,-1,1,-0.004825004580900753,0.004825004580900753,-0.12211461500000875,False,max_hold,-0.007353253652058411,-0.012649402390438214,-0.00833598937582991,-0.006219123505976087,0,mean_strength|hold12|tp0.01000,True,-1,-1,mid,mid,0.8
btcusdt_clarity_hold12_v1,BTCUSDT,5,397,1776747600000,1776790800000,-1,1,-0.0021706438590497206,0.0021706438590497206,-0.09230828000000002,False,max_hold,-0.002239944667954852,-0.009260725863507124,-0.008546636255160944,0.003231222479171292,0,mean_strength|hold12|tp0.01000,True,-1,-1,low,low,0.8
btcusdt_clarity_hold12_v1,BTCUSDT,5,398,1776808800000,1776812400000,1,1,0.01795263211080944,0.01795263211080944,0.6718859100000087,True,target,0.009121862045064155,0.008845401898976979,0.024827179339299787,0.033323368422166544,0,mean_strength|hold12|tp0.01000,False,1,1,high,low,0.7
btcusdt_clarity_hold12_v1,BTCUSDT,5,399,1776816000000,1776823200000,1,1,0.015169415499385299,0.015169415499385299,0.678921035000003,True,target,-0.000783470091225813,0.01521346939684598,0.021545427508709247,0.024493266480712705,0,mean_strength|hold12|tp0.01000,False,1,1,high,low,0.7
btcusdt_clarity_hold12_v1,BTCUSDT,5,400,1776826800000,1776834000000,1,1,0.00814803433140733,0.00814803433140733,0.6903056649999912,True,target,-0.0001651862281144556,0.006237070628727137,0.006086080092091217,0.02253243392873494,0,mean_strength|hold12|tp0.01000,False,1,1,high,mid,0.7
btcusdt_clarity_hold12_v1,BTCUSDT,5,401,1776837600000,1776862800000,1,1,0.005164158863155419,0.005164158863155419,0.6936783150000088,True,target,0.00010516649651926002,-0.00015005463527761886,0.0028856660630280917,0.013054753269138963,0,mean_strength|hold12|tp0.01000,False,1,1,mid,mid,0.7
btcusdt_clarity_hold12_v1,BTCUSDT,5,402,1776898800000,1776902400000,-1,1,-0.006214289854121925,0.006214289854121925,0.6991677250000058,True,target,-0.0032006736643808154,0.003099572816925522,0.0018927614352738376,0.006269532299801206,0,mean_strength|hold12|tp0.01000,False,1,-1,high,mid,0.7
btcusdt_clarity_hold12_v1,BTCUSDT,5,403,1776906000000,1776913200000,-1,1,-0.006822374942751697,0.006822374942751697,0.697745045,True,target,0.005278951871384496,0.005610961423043959,0.0038551416786912762,0.010525979747417424,0,mean_strength|hold12|tp0.01000,False,1,-1,high,mid,0.7
btcusdt_clarity_hold12_v1,BTCUSDT,5,404,1776916800000,1776938400000,-1,1,-0.004076285500184451,0.004076285500184451,0.691695244999997,True,target,-0.0015448507543185386,-0.001765727171394893,0.00653254845155371,-0.0022781090924033354,0,mean_strength|hold12|tp0.01000,False,1,-1,mid,low,0.7
btcusdt_clarity_hold12_v1,BTCUSDT,5,405,1776942000000,1776985200000,-1,1,-0.007419752278635081,0.007419752278635081,-0.9553351200000029,False,max_hold,-0.0022781742152919726,-0.00621893911003113,-0.0008409540772107427,-0.00730071770858709,0,mean_strength|hold12|tp0.01000,True,-1,-1,high,low,0.7
btcusdt_clarity_hold12_v1,BTCUSDT,5,406,1776988800000,1777021200000,-1,1,-0.006070043185196366,0.006070043185196366,0.6962339700000029,True,target,8.67604785605991e-05,0.008760256555838564,0.00809934585150951,0.0018334530542877259,0,mean_strength|hold12|tp0.01000,False,1,-1,high,low,0.7
btcusdt_clarity_hold12_v1,BTCUSDT,5,407,1777024800000,1777068000000,-1,1,-0.0031055311124200484,0.0031055311124200484,-0.11682162000000582,False,max_hold,-0.006171250926459759,-0.004309324302067097,-0.00022518117433922846,0.005413355431112543,0,mean_strength|hold12|tp0.01000,True,-1,-1,mid,low,0.8
btcusdt_clarity_hold12_v1,BTCUSDT,5,408,1777078800000,1777122000000,-1,1,-0.0046840416585108135,0.0046840416585108135,-0.22229472500000583,False,max_hold,-0.0010014195380050328,-0.001154987740353608,0.0005174861272423392,-0.0020660730416828255,0,mean_strength|hold12|tp0.01000,True,-1,-1,mid,low,0.8
btcusdt_clarity_hold12_v1,BTCUSDT,5,409,1777125600000,1777168800000,-1,1,-0.004807173679506824,0.004807173679506824,0.10863432499999418,True,max_hold,0.004237408236727913,0.00521527167597291,0.0023074485107873466,0.0017792218835271933,0,mean_strength|hold12|tp0.01000,False,1,-1,mid,low,0.7
btcusdt_clarity_hold12_v1,BTCUSDT,5,410,1777248000000,1777266000000,-1,1,-0.0051738055160604245,0.0051738055160604245,0.6996996349999971,True,target,0.00023213652655618144,0.0025055605529390457,0.02025895838826608,0.02064374991326423,0,mean_strength|hold12|tp0.01000,False,1,-1,mid,low,0.7
btcusdt_clarity_hold12_v1,BTCUSDT,5,411,1777298400000,1777302000000,-1,1,-0.006058453267848746,0.006058453267848746,0.6915995899999913,True,target,0.013063155729273856,0.013805029829253246,0.01105996708496193,0.011970273606253912,0,mean_strength|hold12|tp0.01000,False,1,-1,high,low,0.7
btcusdt_clarity_hold12_v1,BTCUSDT,5,412,1777467600000,1777474800000,-1,1,-0.007632887765851246,0.007632887765851246,0.686345344999997,True,target,0.0027153554392451706,0.012690768703574107,0.0160289359950071,0.007228786937107823,0,mean_strength|hold12|tp0.01000,False,1,-1,high,low,0.7
btcusdt_clarity_hold12_v1,BTCUSDT,5,413,1777478400000,1777485600000,-1,1,-0.0022585132790542903,0.0022585132790542903,0.675480965,True,target,-0.004815591483701143,0.003381075741639372,-0.001449032460702604,0.004175536161805882,0,mean_strength|hold12|tp0.01000,False,1,-1,low,low,0.7
btcusdt_clarity_hold12_v1,BTCUSDT,5,414,1777536000000,1777568400000,-1,1,-0.004326866999531061,0.004326866999531061,-0.20116554999999417,False,end_of_data,-0.00048667753141362624,-9.470481692375188e-05,-0.0030292387968806622,-0.005595476266578414,0,mean_strength|hold12|tp0.01000,True,-1,-1,mid,mid,0.7
