family,name,statistic,n,p_value,q_value,ci_low,ci_high,significant,lag,z,q,note_half_is_random_walk,null_sd,t_hac,mean_bps,note_negative_means_trending,alpha,beta,peak_period_bars,null_max_median,ar1_rho,period_bars,power,linear_corr,z_vs_null,window,horizon,untested_reason,raw_nats,null_mean,excess_bps,raw_mean_bps,uncond_mean_bps,state_id,coverage_frac,states_possible,states_evaluated,spread_bps,up_mean_bps,down_mean_bps,n_up,n_down,n_events,continuation_bps
autocorrelation,acf_lag_1,-0.014882463914272403,58229,0.00032906867317543934,0.002906773279716381,-0.023004832178526457,-0.006760095650018349,True,1.0,,,,,,,,,,,,,,,,,,,,,,,,,,,,,,,,,,,
autocorrelation,acf_lag_2,-0.013142038094223376,58228,0.0015176294771674262,0.00804343622898736,-0.021264406358477428,-0.005019669829969322,True,2.0,,,,,,,,,,,,,,,,,,,,,,,,,,,,,,,,,,,
autocorrelation,acf_lag_3,0.00131810300408671,58227,0.7504318193573944,0.9039292369532251,-0.006804265260167344,0.009440471268340763,False,3.0,,,,,,,,,,,,,,,,,,,,,,,,,,,,,,,,,,,
autocorrelation,acf_lag_4,-0.006249552054255267,58226,0.1315359154922781,0.2576401653181455,-0.014371920318509321,0.0018728162099987868,False,4.0,,,,,,,,,,,,,,,,,,,,,,,,,,,,,,,,,,,
autocorrelation,acf_lag_5,-0.0028014525150678463,58225,0.4990307973386455,0.685379079893891,-0.0109238207793219,0.005320915749186208,False,5.0,,,,,,,,,,,,,,,,,,,,,,,,,,,,,,,,,,,
autocorrelation,acf_lag_6,-0.0019667870066991727,58224,0.6350697755402093,0.7827604210146765,-0.010089155270953228,0.006155581257554881,False,6.0,,,,,,,,,,,,,,,,,,,,,,,,,,,,,,,,,,,
autocorrelation,acf_lag_7,-0.006989694490418612,58223,0.0916657265362513,0.2112297176704921,-0.015112062754672667,0.0011326737738354417,False,7.0,,,,,,,,,,,,,,,,,,,,,,,,,,,,,,,,,,,
autocorrelation,acf_lag_8,-0.002683546041151539,58222,0.517267230108597,0.685379079893891,-0.010805914305405593,0.005438822223102515,False,8.0,,,,,,,,,,,,,,,,,,,,,,,,,,,,,,,,,,,
autocorrelation,acf_lag_9,0.001125290849326118,58221,0.7859736388219697,0.9257022857236532,-0.006997077414927936,0.009247659113580171,False,9.0,,,,,,,,,,,,,,,,,,,,,,,,,,,,,,,,,,,
autocorrelation,acf_lag_10,0.011115477836979441,58220,0.007312571154473508,0.027683305084792564,0.002993109572725387,0.019237846101233497,True,10.0,,,,,,,,,,,,,,,,,,,,,,,,,,,,,,,,,,,
autocorrelation,acf_lag_11,0.005911704983224389,58219,0.15371045043397985,0.2715551291000311,-0.0022106632810296647,0.014034073247478443,False,11.0,,,,,,,,,,,,,,,,,,,,,,,,,,,,,,,,,,,
autocorrelation,acf_lag_12,0.012048297269165132,58218,0.0036449144198467745,0.01609837202098992,0.003925929004911078,0.020170665533419188,True,12.0,,,,,,,,,,,,,,,,,,,,,,,,,,,,,,,,,,,
autocorrelation,acf_lag_13,0.017318010172835366,58217,2.928058953557295e-05,0.0003879678113463416,0.009195641908581312,0.02544037843708942,True,13.0,,,,,,,,,,,,,,,,,,,,,,,,,,,,,,,,,,,
autocorrelation,acf_lag_14,0.0037225796989936036,58216,0.3690300422998145,0.5432942289413936,-0.00439978856526045,0.011844947963247657,False,14.0,,,,,,,,,,,,,,,,,,,,,,,,,,,,,,,,,,,
autocorrelation,acf_lag_15,0.010739190962572597,58215,0.00955689046601619,0.03376767964659054,0.002616822698318543,0.01886155922682665,True,15.0,,,,,,,,,,,,,,,,,,,,,,,,,,,,,,,,,,,
autocorrelation,acf_lag_16,-0.00506366214365271,58214,0.22174283700336128,0.34565795179935727,-0.013186030407906765,0.0030587061206013436,False,16.0,,,,,,,,,,,,,,,,,,,,,,,,,,,,,,,,,,,
autocorrelation,acf_lag_17,-0.008033627653459639,58213,0.05255175767904424,0.13926215784946724,-0.016155995917713693,8.874061079441539e-05,False,17.0,,,,,,,,,,,,,,,,,,,,,,,,,,,,,,,,,,,
autocorrelation,acf_lag_18,0.014309934750012961,58212,0.0005541525984625256,0.00419572681693055,0.006187566485758907,0.022432303014267015,True,18.0,,,,,,,,,,,,,,,,,,,,,,,,,,,,,,,,,,,
autocorrelation,acf_lag_19,-0.005704696474012524,58211,0.16863774334270154,0.2793062624113494,-0.013827064738266578,0.00241767179024153,False,19.0,,,,,,,,,,,,,,,,,,,,,,,,,,,,,,,,,,,
autocorrelation,acf_lag_20,-0.0177684285682852,58210,1.8054853451422306e-05,0.0003189690776417941,-0.025890796832539253,-0.009646060304031145,True,20.0,,,,,,,,,,,,,,,,,,,,,,,,,,,,,,,,,,,
autocorrelation,acf_lag_21,0.00610080037660122,58209,0.1409729206457777,0.2576401653181455,-0.002021567887652834,0.014223168640855273,False,21.0,,,,,,,,,,,,,,,,,,,,,,,,,,,,,,,,,,,
autocorrelation,acf_lag_22,-0.004491591097213994,58208,0.278426414117401,0.4216171413777786,-0.012613959361468047,0.0036307771670400597,False,22.0,,,,,,,,,,,,,,,,,,,,,,,,,,,,,,,,,,,
autocorrelation,acf_lag_23,-0.008860623414397157,58207,0.032504768855749024,0.10398683512550273,-0.01698299167865121,-0.000738255150143103,False,23.0,,,,,,,,,,,,,,,,,,,,,,,,,,,,,,,,,,,
autocorrelation,acf_lag_24,-0.028800596154587195,58206,3.656979874380714e-12,9.690996667108891e-11,-0.03692296441884125,-0.02067822789033314,True,24.0,,,,,,,,,,,,,,,,,,,,,,,,,,,,,,,,,,,
autocorrelation,acf_lag_25,-0.017050748269787155,58205,3.8802320660235105e-05,0.0004113045989984921,-0.02517311653404121,-0.008928380005533101,True,25.0,,,,,,,,,,,,,,,,,,,,,,,,,,,,,,,,,,,
autocorrelation,acf_lag_26,-0.00561285199161294,58204,0.17559881361040186,0.28202233701064544,-0.013735220255866994,0.0025095162726411144,False,26.0,,,,,,,,,,,,,,,,,,,,,,,,,,,,,,,,,,,
autocorrelation,acf_lag_27,-0.008308069509277535,58203,0.04498321668143884,0.12547949916401363,-0.01643043777353159,-0.0001857012450234806,False,27.0,,,,,,,,,,,,,,,,,,,,,,,,,,,,,,,,,,,
autocorrelation,acf_lag_28,0.00881771254444613,58202,0.03335426787044427,0.10398683512550273,0.0006953442801920767,0.016940080808700186,False,28.0,,,,,,,,,,,,,,,,,,,,,,,,,,,,,,,,,,,
autocorrelation,acf_lag_29,0.007758205932576848,58201,0.0611893981878624,0.14741082290712304,-0.000364162331677206,0.0158805741968309,False,29.0,,,,,,,,,,,,,,,,,,,,,,,,,,,,,,,,,,,
autocorrelation,acf_lag_30,-0.007875394395015238,58200,0.05738025356563708,0.14481683042756024,-0.01599776265926929,0.00024697386923881563,False,30.0,,,,,,,,,,,,,,,,,,,,,,,,,,,,,,,,,,,
autocorrelation,acf_lag_31,-0.001014805372358462,58199,0.8065481096991377,0.9292836916098761,-0.009137173636612516,0.007107562891895592,False,31.0,,,,,,,,,,,,,,,,,,,,,,,,,,,,,,,,,,,
autocorrelation,acf_lag_32,0.01207785559145894,58198,0.003562651810247669,0.01609837202098992,0.003955487327204885,0.020200223855712993,True,32.0,,,,,,,,,,,,,,,,,,,,,,,,,,,,,,,,,,,
autocorrelation,acf_lag_33,-0.008712557985399922,58197,0.035516671367177705,0.10457686569224546,-0.016834926249653978,-0.0005901897211458684,False,33.0,,,,,,,,,,,,,,,,,,,,,,,,,,,,,,,,,,,
autocorrelation,acf_lag_34,-0.002706633820609249,58196,0.5136693062675407,0.685379079893891,-0.010829002084863303,0.005415734443644805,False,34.0,,,,,,,,,,,,,,,,,,,,,,,,,,,,,,,,,,,
autocorrelation,acf_lag_35,0.006595914499358136,58195,0.11146267760607974,0.23630087652488904,-0.001526453764895918,0.01471828276361219,False,35.0,,,,,,,,,,,,,,,,,,,,,,,,,,,,,,,,,,,
autocorrelation,acf_lag_36,0.003328298256128026,58194,0.42188914314102877,0.6043276915263385,-0.004794070008126029,0.01145066652038208,False,36.0,,,,,,,,,,,,,,,,,,,,,,,,,,,,,,,,,,,
autocorrelation,acf_lag_37,0.002300006474181166,58193,0.5788863822670899,0.7320313493906382,-0.005822361790072888,0.01042237473843522,False,37.0,,,,,,,,,,,,,,,,,,,,,,,,,,,,,,,,,,,
autocorrelation,acf_lag_38,0.006794287617401264,58192,0.10110453459451879,0.223272513896229,-0.0013280806468527898,0.014916655881655319,False,38.0,,,,,,,,,,,,,,,,,,,,,,,,,,,,,,,,,,,
autocorrelation,acf_lag_39,-0.0022926552927262246,58191,0.5801003146114492,0.7320313493906382,-0.010415023556980279,0.0058297129715278295,False,39.0,,,,,,,,,,,,,,,,,,,,,,,,,,,,,,,,,,,
autocorrelation,acf_lag_40,4.065187901986928e-06,58190,0.9992173023834273,0.9992173023834274,-0.008118303076352067,0.00812643345215604,False,40.0,,,,,,,,,,,,,,,,,,,,,,,,,,,,,,,,,,,
autocorrelation,acf_lag_41,-0.00013188913032597887,58189,0.9746107921969006,0.9992173023834274,-0.008254257394580033,0.007990479133928075,False,41.0,,,,,,,,,,,,,,,,,,,,,,,,,,,,,,,,,,,
autocorrelation,acf_lag_42,0.0008604216390505028,58188,0.8355198884553823,0.9421820018752184,-0.007261946625203551,0.008982789903304558,False,42.0,,,,,,,,,,,,,,,,,,,,,,,,,,,,,,,,,,,
autocorrelation,acf_lag_43,0.006501882779438039,58187,0.11665670499763668,0.2378002063413363,-0.001620485484816015,0.014624251043692093,False,43.0,,,,,,,,,,,,,,,,,,,,,,,,,,,,,,,,,,,
autocorrelation,acf_lag_44,0.013189915681213249,58186,0.0014583593884049213,0.00804343622898736,0.005067547416959195,0.021312283945467303,True,44.0,,,,,,,,,,,,,,,,,,,,,,,,,,,,,,,,,,,
autocorrelation,acf_lag_45,0.011343034325137067,58185,0.006196922683888482,0.025264377095853045,0.0032206660608830127,0.01946540258939112,True,45.0,,,,,,,,,,,,,,,,,,,,,,,,,,,,,,,,,,,
autocorrelation,acf_lag_46,0.006155046894118841,58184,0.13747290230382928,0.2576401653181455,-0.0019673213701352126,0.014277415158372896,False,46.0,,,,,,,,,,,,,,,,,,,,,,,,,,,,,,,,,,,
autocorrelation,acf_lag_47,0.005743032459743046,58183,0.16579423162831497,0.2793062624113494,-0.002379335804511008,0.0138654007239971,False,47.0,,,,,,,,,,,,,,,,,,,,,,,,,,,,,,,,,,,
autocorrelation,acf_lag_48,-0.01401166082002421,58182,0.000721860456244922,0.004782325522622608,-0.022134029084278264,-0.005889292555770156,True,48.0,,,,,,,,,,,,,,,,,,,,,,,,,,,,,,,,,,,
autocorrelation,ljung_box_24,165.7384407939079,58230,3.7366249310582946e-23,1.980411213460896e-21,,,True,,,,,,,,,,,,,,,,,,,,,,,,,,,,,,,,,,,,
autocorrelation,variance_ratio_2,0.9851510043264013,58230,0.9964148852905927,0.9992173023834274,,,False,,-0.004493290068815325,2.0,,,,,,,,,,,,,,,,,,,,,,,,,,,,,,,,,
autocorrelation,variance_ratio_4,0.965068136975253,58230,0.9954995341620186,0.9992173023834274,,,False,,-0.005640527368517216,4.0,,,,,,,,,,,,,,,,,,,,,,,,,,,,,,,,,
autocorrelation,variance_ratio_8,0.9446445260462412,58230,0.9953279274075212,0.9992173023834274,,,False,,-0.00585560809353692,8.0,,,,,,,,,,,,,,,,,,,,,,,,,,,,,,,,,
autocorrelation,variance_ratio_24,0.969507380163595,58230,0.9984057935091324,0.9992173023834274,,,False,,-0.001998042862226568,24.0,,,,,,,,,,,,,,,,,,,,,,,,,,,,,,,,,
autocorrelation,hurst_rs,0.5593950146943995,58230,,,,,False,,,,0.5,,,,,,,,,,,,,,,,,,,,,,,,,,,,,,,,
mean_reversion,stretch_ema24_vs_fwd6,0.021330544753788518,58202,0.026578073089700997,0.21926910299003322,0.004814642433222569,0.03423316805996495,False,,,,,0.009052194567501424,,,,,,,,,,,,,,,,,,,,,,,,,,,,,,,
mean_reversion,fwd6|stretch_ema24[d0],-0.0005437528929719231,5821,0.2780089045741633,0.6962841762459453,,,False,,,,,,-1.0848030270105062,-5.437528929719231,,,,,,,,,,,,,,,,,,,,,,,,,,,,,
mean_reversion,fwd6|stretch_ema24[d1],0.00018679150564484333,5821,0.5610369589980129,0.980161528199378,,,False,,,,,,0.581301961284269,1.8679150564484333,,,,,,,,,,,,,,,,,,,,,,,,,,,,,
mean_reversion,fwd6|stretch_ema24[d2],0.00010784804521481273,5821,0.6831428832904756,0.980161528199378,,,False,,,,,,0.4081781569685138,1.0784804521481273,,,,,,,,,,,,,,,,,,,,,,,,,,,,,
mean_reversion,fwd6|stretch_ema24[d3],0.00046457020063004684,5820,0.055812283678173376,0.3014950166112957,,,False,,,,,,1.912498508998592,4.645702006300469,,,,,,,,,,,,,,,,,,,,,,,,,,,,,
mean_reversion,fwd6|stretch_ema24[d4],0.000261852943990593,5819,0.2953932868922192,0.6962841762459453,,,False,,,,,,1.046363393896766,2.61852943990593,,,,,,,,,,,,,,,,,,,,,,,,,,,,,
mean_reversion,fwd6|stretch_ema24[d5],0.00013183940381613078,5820,0.5650924119038345,0.980161528199378,,,False,,,,,,0.5752940987639916,1.318394038161308,,,,,,,,,,,,,,,,,,,,,,,,,,,,,
mean_reversion,fwd6|stretch_ema24[d6],0.00015344982156869112,5818,0.5626351198480385,0.980161528199378,,,False,,,,,,0.5789319070561486,1.5344982156869111,,,,,,,,,,,,,,,,,,,,,,,,,,,,,
mean_reversion,fwd6|stretch_ema24[d7],-1.786662760769245e-06,5820,0.9947027552786777,0.9964794776186221,,,False,,,,,,-0.006639160471716509,-0.01786662760769245,,,,,,,,,,,,,,,,,,,,,,,,,,,,,
mean_reversion,fwd6|stretch_ema24[d8],0.00019168947993259046,5821,0.5229923289832312,0.980161528199378,,,False,,,,,,0.6387396272395758,1.9168947993259045,,,,,,,,,,,,,,,,,,,,,,,,,,,,,
mean_reversion,fwd6|stretch_ema24[d9],0.0011151857693648222,5821,0.004940791482006136,0.08152305945310125,,,False,,,,,,2.810868889597263,11.151857693648221,,,,,,,,,,,,,,,,,,,,,,,,,,,,,
mean_reversion,stretch_ema96_vs_fwd6,0.019406941843684678,58130,0.07308970099667775,0.3014950166112957,1.537194669661307e-06,0.03852020854434136,False,,,,,0.010409061402769556,,,,,,,,,,,,,,,,,,,,,,,,,,,,,,,
mean_reversion,fwd6|stretch_ema96[d0],-0.0004862719582820586,5814,0.37186579458342905,0.8181047480835439,,,False,,,,,,-0.8929839000506805,-4.862719582820586,,,,,,,,,,,,,,,,,,,,,,,,,,,,,
mean_reversion,fwd6|stretch_ema96[d1],0.00011587175029067964,5814,0.760473035371659,0.9964794776186221,,,False,,,,,,0.3048596670631455,1.1587175029067964,,,,,,,,,,,,,,,,,,,,,,,,,,,,,
mean_reversion,fwd6|stretch_ema96[d2],0.0001590596111894516,5813,0.6292611608952837,0.980161528199378,,,False,,,,,,0.4827670332944269,1.5905961118945162,,,,,,,,,,,,,,,,,,,,,,,,,,,,,
mean_reversion,fwd6|stretch_ema96[d3],1.9099442174019626e-05,5809,0.9455999721870005,0.9964794776186221,,,False,,,,,,0.06823323339346668,0.19099442174019626,,,,,,,,,,,,,,,,,,,,,,,,,,,,,
mean_reversion,fwd6|stretch_ema96[d4],-1.364809007798037e-06,5812,0.9964794776186221,0.9964794776186221,,,False,,,,,,-0.004412334788343811,-0.01364809007798037,,,,,,,,,,,,,,,,,,,,,,,,,,,,,
mean_reversion,fwd6|stretch_ema96[d5],5.591335753231426e-05,5814,0.8442101518279594,0.9964794776186221,,,False,,,,,,0.19651109191724053,0.5591335753231426,,,,,,,,,,,,,,,,,,,,,,,,,,,,,
mean_reversion,fwd6|stretch_ema96[d6],0.0003372037285752645,5813,0.2512784659677726,0.6962841762459453,,,False,,,,,,1.1472496278701139,3.3720372857526453,,,,,,,,,,,,,,,,,,,,,,,,,,,,,
mean_reversion,fwd6|stretch_ema96[d7],0.0006106295711648254,5814,0.03995638289126973,0.26371212708238023,,,False,,,,,,2.0541995402968354,6.106295711648254,,,,,,,,,,,,,,,,,,,,,,,,,,,,,
mean_reversion,fwd6|stretch_ema96[d8],0.0003551466206384441,5813,0.2706549605975286,0.6962841762459453,,,False,,,,,,1.1015555067518839,3.551466206384441,,,,,,,,,,,,,,,,,,,,,,,,,,,,,
mean_reversion,fwd6|stretch_ema96[d9],0.0009002074933620615,5814,0.02353688335937102,0.21926910299003322,,,False,,,,,,2.264605756470132,9.002074933620614,,,,,,,,,,,,,,,,,,,,,,,,,,,,,
mean_reversion,stretch_ema200_vs_fwd6,0.018795501615319496,58026,0.06976744186046512,0.3014950166112957,3.442494072939292e-05,0.03622935259265268,False,,,,,0.009726690158150869,,,,,,,,,,,,,,,,,,,,,,,,,,,,,,,
mean_reversion,fwd6|stretch_ema200[d0],7.736900799693438e-05,5804,0.8974573377775626,0.9964794776186221,,,False,,,,,,0.12887401554162997,0.7736900799693438,,,,,,,,,,,,,,,,,,,,,,,,,,,,,
mean_reversion,fwd6|stretch_ema200[d1],-7.527166771695423e-05,5803,0.8456566820495883,0.9964794776186221,,,False,,,,,,-0.19466312441798317,-0.7527166771695423,,,,,,,,,,,,,,,,,,,,,,,,,,,,,
mean_reversion,fwd6|stretch_ema200[d2],-0.00014087130730469454,5803,0.6792849600251551,0.980161528199378,,,False,,,,,,-0.4134390626394337,-1.4087130730469453,,,,,,,,,,,,,,,,,,,,,,,,,,,,,
mean_reversion,fwd6|stretch_ema200[d3],-6.362809942480303e-05,5798,0.8388699598456735,0.9964794776186221,,,False,,,,,,-0.20333914683784124,-0.6362809942480303,,,,,,,,,,,,,,,,,,,,,,,,,,,,,
mean_reversion,fwd6|stretch_ema200[d4],0.00016365425111704342,5802,0.5970144746730857,0.980161528199378,,,False,,,,,,0.5286987064521612,1.6365425111704341,,,,,,,,,,,,,,,,,,,,,,,,,,,,,
mean_reversion,fwd6|stretch_ema200[d5],-2.7785391669992397e-05,5803,0.9306951068125465,0.9964794776186221,,,False,,,,,,-0.08697031633660042,-0.277853916699924,,,,,,,,,,,,,,,,,,,,,,,,,,,,,
mean_reversion,fwd6|stretch_ema200[d6],1.6686181903169623e-05,5803,0.9554208005234339,0.9964794776186221,,,False,,,,,,0.055900841420260514,0.16686181903169622,,,,,,,,,,,,,,,,,,,,,,,,,,,,,
mean_reversion,fwd6|stretch_ema200[d7],0.0005079569418449538,5803,0.14438606137095608,0.5294155583601723,,,False,,,,,,1.4596508317805428,5.0795694184495375,,,,,,,,,,,,,,,,,,,,,,,,,,,,,
mean_reversion,fwd6|stretch_ema200[d8],0.0010999220828834685,5803,0.0018029802654666099,0.059498348760398126,,,False,,,,,,3.120901996239687,10.999220828834684,,,,,,,,,,,,,,,,,,,,,,,,,,,,,
mean_reversion,fwd6|stretch_ema200[d9],0.0005214309448448012,5804,0.17128760606134963,0.5652491000024538,,,False,,,,,,1.368078179431915,5.214309448448011,,,,,,,,,,,,,,,,,,,,,,,,,,,,,
mean_reversion,ou_half_life_bars,15034.938375065964,58231,,,,,False,,,,,,,,-1.0,,,,,,,,,,,,,,,,,,,,,,,,,,,,
momentum,trail6_vs_fwd6,-0.017819742707594094,58219,0.029900332225913623,0.43796278311504394,-0.05551843494605125,0.010274196810341798,False,,,,,0.008135876858487757,,,,,,,,,,,,,,,,,,,,,,,,,,,,,,,
momentum,fwd6|trail6[d0],0.0004830381720902502,5823,0.37719715296710943,0.77453768109148,,,False,,,,,,0.883072404210942,4.830381720902502,,,,,,,,,,,,,,,,,,,,,,,,,,,,,
momentum,fwd6|trail6[d1],0.0005074760907021669,5822,0.079629596930008,0.43796278311504394,,,False,,,,,,1.752839289773648,5.074760907021669,,,,,,,,,,,,,,,,,,,,,,,,,,,,,
momentum,fwd6|trail6[d2],0.0001906420274533589,5823,0.4379509654113538,0.77453768109148,,,False,,,,,,0.7756579649933515,1.906420274533589,,,,,,,,,,,,,,,,,,,,,,,,,,,,,
momentum,fwd6|trail6[d3],8.222167085762496e-05,5821,0.6900067064124235,0.9418809007501351,,,False,,,,,,0.3988459645325001,0.8222167085762495,,,,,,,,,,,,,,,,,,,,,,,,,,,,,
momentum,fwd6|trail6[d4],-6.275625860833103e-05,5821,0.735080757538844,0.9418809007501351,,,False,,,,,,-0.3383748059008201,-0.6275625860833103,,,,,,,,,,,,,,,,,,,,,,,,,,,,,
momentum,fwd6|trail6[d5],-3.4252179148389425e-05,5820,0.862006019897946,0.9418809007501351,,,False,,,,,,-0.17382115282921323,-0.3425217914838942,,,,,,,,,,,,,,,,,,,,,,,,,,,,,
momentum,fwd6|trail6[d6],-2.298677325223591e-05,5821,0.9133390552728583,0.9418809007501351,,,False,,,,,,-0.10882782305386263,-0.2298677325223591,,,,,,,,,,,,,,,,,,,,,,,,,,,,,
momentum,fwd6|trail6[d7],-0.00011079094415007136,5823,0.6590150246692805,0.9418809007501351,,,False,,,,,,-0.4412734775154594,-1.1079094415007136,,,,,,,,,,,,,,,,,,,,,,,,,,,,,
momentum,fwd6|trail6[d8],0.00021725585312035693,5822,0.424216822433901,0.77453768109148,,,False,,,,,,0.7991269185679929,2.172558531203569,,,,,,,,,,,,,,,,,,,,,,,,,,,,,
momentum,fwd6|trail6[d9],0.0008089975136323985,5823,0.07860245827420459,0.43796278311504394,,,False,,,,,,1.7588531274922756,8.089975136323986,,,,,,,,,,,,,,,,,,,,,,,,,,,,,
momentum,trail24_vs_fwd6,-0.01995239968743507,58201,0.046511627906976744,0.43796278311504394,-0.040325723313121155,0.004153920790276907,False,,,,,0.009706265963562229,,,,,,,,,,,,,,,,,,,,,,,,,,,,,,,
momentum,fwd6|trail24[d0],0.0008240490106001813,5821,0.18360720217663318,0.5508216065298995,,,False,,,,,,1.329730135145743,8.240490106001813,,,,,,,,,,,,,,,,,,,,,,,,,,,,,
momentum,fwd6|trail24[d1],5.736138062901328e-05,5821,0.8643909707367773,0.9418809007501351,,,False,,,,,,0.17078735690911998,0.5736138062901328,,,,,,,,,,,,,,,,,,,,,,,,,,,,,
momentum,fwd6|trail24[d2],0.00010565607765180631,5820,0.7021248947074191,0.9418809007501351,,,False,,,,,,0.3824536603589057,1.0565607765180631,,,,,,,,,,,,,,,,,,,,,,,,,,,,,
momentum,fwd6|trail24[d3],0.0003225235683949895,5821,0.17555293363545843,0.5508216065298995,,,False,,,,,,1.3545752177642507,3.225235683949895,,,,,,,,,,,,,,,,,,,,,,,,,,,,,
momentum,fwd6|trail24[d4],-3.02169420091216e-05,5821,0.8913610612491242,0.9418809007501351,,,False,,,,,,-0.13658218194270297,-0.302169420091216,,,,,,,,,,,,,,,,,,,,,,,,,,,,,
momentum,fwd6|trail24[d5],0.00011583456960868212,5818,0.5711002398175629,0.9418809007501351,,,False,,,,,,0.5664318627791552,1.1583456960868213,,,,,,,,,,,,,,,,,,,,,,,,,,,,,
momentum,fwd6|trail24[d6],-0.00018715074614673375,5818,0.40341934312957317,0.77453768109148,,,False,,,,,,-0.8355300352942526,-1.8715074614673375,,,,,,,,,,,,,,,,,,,,,,,,,,,,,
momentum,fwd6|trail24[d7],-3.809626797395263e-05,5819,0.8941636611185849,0.9418809007501351,,,False,,,,,,-0.1330375787132393,-0.3809626797395263,,,,,,,,,,,,,,,,,,,,,,,,,,,,,
momentum,fwd6|trail24[d8],0.0005393848820019734,5821,0.11570251238893908,0.4772728636043737,,,False,,,,,,1.5730704239622206,5.393848820019734,,,,,,,,,,,,,,,,,,,,,,,,,,,,,
momentum,fwd6|trail24[d9],0.0003563182631300535,5821,0.44594593759812484,0.77453768109148,,,False,,,,,,0.7621911327732852,3.563182631300535,,,,,,,,,,,,,,,,,,,,,,,,,,,,,
momentum,trail96_vs_fwd6,0.0038718979597267304,58129,0.7508305647840532,0.9418809007501351,-0.02322999145853899,0.02712561564278794,False,,,,,0.010079463105159772,,,,,,,,,,,,,,,,,,,,,,,,,,,,,,,
momentum,fwd6|trail96[d0],-0.0001780311317554154,5814,0.795844030430383,0.9418809007501351,,,False,,,,,,-0.2587294043916077,-1.780311317554154,,,,,,,,,,,,,,,,,,,,,,,,,,,,,
momentum,fwd6|trail96[d1],-0.00027977873993285197,5813,0.4254958236900811,0.77453768109148,,,False,,,,,,-0.7969228768936765,-2.7977873993285196,,,,,,,,,,,,,,,,,,,,,,,,,,,,,
momentum,fwd6|trail96[d2],0.00036042602397673077,5808,0.23410868941152818,0.6437988958817025,,,False,,,,,,1.1898415140111909,3.604260239767308,,,,,,,,,,,,,,,,,,,,,,,,,,,,,
momentum,fwd6|trail96[d3],-0.00021324474798729663,5813,0.3840823827644848,0.77453768109148,,,False,,,,,,-0.8703990187336214,-2.1324474798729662,,,,,,,,,,,,,,,,,,,,,,,,,,,,,
momentum,fwd6|trail96[d4],6.738340930338234e-06,5814,0.9788427673693891,0.978842767369389,,,False,,,,,,0.02651976698453687,0.06738340930338234,,,,,,,,,,,,,,,,,,,,,,,,,,,,,
momentum,fwd6|trail96[d5],0.0004407470548164386,5813,0.07105278891618381,0.43796278311504394,,,False,,,,,,1.8051399244208455,4.407470548164386,,,,,,,,,,,,,,,,,,,,,,,,,,,,,
momentum,fwd6|trail96[d6],0.0005153789272605481,5813,0.06520521521876671,0.43796278311504394,,,False,,,,,,1.843848548227491,5.153789272605481,,,,,,,,,,,,,,,,,,,,,,,,,,,,,
momentum,fwd6|trail96[d7],0.00016160004560027266,5814,0.6225407200335596,0.9418809007501351,,,False,,,,,,0.492252690597854,1.6160004560027266,,,,,,,,,,,,,,,,,,,,,,,,,,,,,
momentum,fwd6|trail96[d8],0.0005774548453323581,5813,0.11345371562078577,0.4772728636043737,,,False,,,,,,1.5828585169259222,5.774548453323581,,,,,,,,,,,,,,,,,,,,,,,,,,,,,
momentum,fwd6|trail96[d9],0.0006726689863477064,5814,0.15710957298090794,0.5508216065298995,,,False,,,,,,1.4148599146607161,6.7266898634770635,,,,,,,,,,,,,,,,,,,,,,,,,,,,,
seasonality,fwd6|hour_utc[0],-0.00039135601620746054,2426,0.1352179720546013,0.32819244186009455,,,False,,,,,,-1.4938379795859658,-3.913560162074605,,,,,,,,,,,,,,,,,,,,,,,,,,,,,
seasonality,fwd6|hour_utc[1],-0.0002759017786623563,2426,0.2892267745799323,0.46981668463395326,,,False,,,,,,-1.0598193882283107,-2.759017786623563,,,,,,,,,,,,,,,,,,,,,,,,,,,,,
seasonality,fwd6|hour_utc[2],6.758014907247593e-05,2426,0.7901546747774058,0.8672429357312991,,,False,,,,,,0.26610976488558735,0.6758014907247594,,,,,,,,,,,,,,,,,,,,,,,,,,,,,
seasonality,fwd6|hour_utc[3],0.0001986916142498045,2426,0.43380077651951643,0.5591619894753743,,,False,,,,,,0.7827043000629974,1.986916142498045,,,,,,,,,,,,,,,,,,,,,,,,,,,,,
seasonality,fwd6|hour_utc[4],0.0004302173044505022,2426,0.10835284472092428,0.32015651665116857,,,False,,,,,,1.6056408490720728,4.302173044505022,,,,,,,,,,,,,,,,,,,,,,,,,,,,,
seasonality,fwd6|hour_utc[5],0.0004111767747131841,2426,0.12347719522058473,0.3268513991133125,,,False,,,,,,1.5403412444125961,4.111767747131841,,,,,,,,,,,,,,,,,,,,,,,,,,,,,
seasonality,fwd6|hour_utc[6],0.0004374460176617544,2426,0.10409047655515224,0.32015651665116857,,,False,,,,,,1.625338385905554,4.374460176617544,,,,,,,,,,,,,,,,,,,,,,,,,,,,,
seasonality,fwd6|hour_utc[7],0.0005255538699709334,2426,0.07136023455860818,0.2518393752359044,,,False,,,,,,1.8031781900540238,5.255538699709334,,,,,,,,,,,,,,,,,,,,,,,,,,,,,
seasonality,fwd6|hour_utc[8],0.00017197377725655557,2426,0.5586135617195126,0.6615160599310017,,,False,,,,,,0.5849020773352667,1.7197377725655558,,,,,,,,,,,,,,,,,,,,,,,,,,,,,
seasonality,fwd6|hour_utc[9],0.0003195554833592148,2426,0.3446853074088555,0.5003496397870484,,,False,,,,,,0.9449482289325627,3.195554833592148,,,,,,,,,,,,,,,,,,,,,,,,,,,,,
seasonality,fwd6|hour_utc[10],0.0002499415064622637,2426,0.4678849166751148,0.5832650933893003,,,False,,,,,,0.7259247274925915,2.4994150646226374,,,,,,,,,,,,,,,,,,,,,,,,,,,,,
seasonality,fwd6|hour_utc[11],0.00019573492062656983,2426,0.5854900120243822,0.6755653984896718,,,False,,,,,,0.545383171573405,1.9573492062656983,,,,,,,,,,,,,,,,,,,,,,,,,,,,,
seasonality,fwd6|hour_utc[12],8.435072471089738e-05,2426,0.8154685400324695,0.8737162928919316,,,False,,,,,,0.23337716927071828,0.8435072471089737,,,,,,,,,,,,,,,,,,,,,,,,,,,,,
seasonality,fwd6|hour_utc[13],-6.706478162885789e-05,2426,0.8496517874728772,0.8891704752623133,,,False,,,,,,-0.18956273928309417,-0.670647816288579,,,,,,,,,,,,,,,,,,,,,,,,,,,,,
seasonality,fwd6|hour_utc[14],0.00029528086017386316,2426,0.3851315534020505,0.5251793910027961,,,False,,,,,,0.868480115186973,2.9528086017386315,,,,,,,,,,,,,,,,,,,,,,,,,,,,,
seasonality,fwd6|hour_utc[15],0.0005770415820244706,2426,0.054210766602021544,0.22177131791736085,,,False,,,,,,1.9251486298512255,5.770415820244707,,,,,,,,,,,,,,,,,,,,,,,,,,,,,
seasonality,fwd6|hour_utc[16],0.0008987029884790859,2426,0.0012952349441806368,0.058285572488128656,,,False,,,,,,3.217033454984832,8.987029884790859,,,,,,,,,,,,,,,,,,,,,,,,,,,,,
seasonality,fwd6|hour_utc[17],0.0005761160930503473,2427,0.03904566212218826,0.19522831061094129,,,False,,,,,,2.063705346582867,5.761160930503473,,,,,,,,,,,,,,,,,,,,,,,,,,,,,
seasonality,fwd6|hour_utc[18],0.0007072373877011653,2426,0.015056962185535112,0.16939082458727,,,False,,,,,,2.4310060729127985,7.072373877011653,,,,,,,,,,,,,,,,,,,,,,,,,,,,,
seasonality,fwd6|hour_utc[19],0.0006416151894353092,2426,0.05371809932532123,0.22177131791736085,,,False,,,,,,1.9291028173117422,6.416151894353092,,,,,,,,,,,,,,,,,,,,,,,,,,,,,
seasonality,fwd6|hour_utc[20],0.0002893728031065652,2426,0.3246657678808018,0.5003496397870484,,,False,,,,,,0.9849151156924832,2.893728031065652,,,,,,,,,,,,,,,,,,,,,,,,,,,,,
seasonality,fwd6|hour_utc[21],-0.0002740308268350195,2426,0.37099419440581327,0.5217105858831749,,,False,,,,,,-0.8946126365736558,-2.7403082683501947,,,,,,,,,,,,,,,,,,,,,,,,,,,,,
seasonality,fwd6|hour_utc[22],-0.0007569826010863886,2426,0.013379911221707255,0.16939082458727,,,False,,,,,,-2.4734938360054812,-7.569826010863886,,,,,,,,,,,,,,,,,,,,,,,,,,,,,
seasonality,fwd6|hour_utc[23],-0.00034560713712776005,2426,0.198905070218232,0.37294700665918495,,,False,,,,,,-1.2846773105454226,-3.4560713712776003,,,,,,,,,,,,,,,,,,,,,,,,,,,,,
seasonality,fwd6|dayofweek[0],0.0008879640607739376,8328,0.022895777098036967,0.18970600520481606,,,False,,,,,,2.2751692775122154,8.879640607739375,,,,,,,,,,,,,,,,,,,,,,,,,,,,,
seasonality,fwd6|dayofweek[1],4.5225299036522786e-05,8328,0.8918702904573571,0.9121400697859333,,,False,,,,,,0.1359380052846521,0.45225299036522787,,,,,,,,,,,,,,,,,,,,,,,,,,,,,
seasonality,fwd6|dayofweek[2],0.0009801312490407145,8328,0.00813230806230098,0.16939082458727,,,False,,,,,,2.6465267183815193,9.801312490407145,,,,,,,,,,,,,,,,,,,,,,,,,,,,,
seasonality,fwd6|dayofweek[3],-0.0009117358979444442,8322,0.02529413402730881,0.18970600520481606,,,False,,,,,,-2.236880765142342,-9.117358979444441,,,,,,,,,,,,,,,,,,,,,,,,,,,,,
seasonality,fwd6|dayofweek[4],0.0005899485536140186,8304,0.11383342814263772,0.32015651665116857,,,False,,,,,,1.581195131761054,5.899485536140187,,,,,,,,,,,,,,,,,,,,,,,,,,,,,
seasonality,fwd6|dayofweek[5],-0.00016582088440539767,8304,0.47957352123120245,0.5832650933893003,,,False,,,,,,-0.7069886659759596,-1.6582088440539766,,,,,,,,,,,,,,,,,,,,,,,,,,,,,
seasonality,fwd6|dayofweek[6],2.1782580747408675e-05,8311,0.945511365972545,0.945511365972545,,,False,,,,,,0.06834454405393177,0.21782580747408675,,,,,,,,,,,,,,,,,,,,,,,,,,,,,
seasonality,fwd6|session[not_tokyo],0.00022609389813363026,36391,0.19109091031576475,0.37294700665918495,,,False,,,,,,1.3073587193177643,2.2609389813363028,,,,,,,,,,,,,,,,,,,,,,,,,,,,,
seasonality,fwd6|session[tokyo],0.00017504241250059925,21834,0.3382237785472455,0.5003496397870484,,,False,,,,,,0.9576807262321652,1.7504241250059924,,,,,,,,,,,,,,,,,,,,,,,,,,,,,
seasonality,fwd6|session[london],0.0002613742158839901,21834,0.23885198663622198,0.42993357594519954,,,False,,,,,,1.1778610967839258,2.613742158839901,,,,,,,,,,,,,,,,,,,,,,,,,,,,,
seasonality,fwd6|session[not_london],0.00017429623950724035,36391,0.2643471139386302,0.4575238510476292,,,False,,,,,,1.1161752793182613,1.7429623950724036,,,,,,,,,,,,,,,,,,,,,,,,,,,,,
seasonality,fwd6|session[newyork],0.00044474522203083374,21835,0.03524444993550026,0.19522831061094129,,,False,,,,,,2.1055386118542225,4.447452220308337,,,,,,,,,,,,,,,,,,,,,,,,,,,,,
seasonality,fwd6|session[not_newyork],6.42662038602849e-05,36390,0.6822516300912636,0.7675330838526715,,,False,,,,,,0.40939251723933484,0.6426620386028491,,,,,,,,,,,,,,,,,,,,,,,,,,,,,
seasonality,fwd6|session[london_ny_overlap],0.00022240209632009333,9704,0.43490376959195776,0.5591619894753743,,,False,,,,,,0.7808278195487849,2.224020963200933,,,,,,,,,,,,,,,,,,,,,,,,,,,,,
seasonality,fwd6|session[not_london_ny_overlap],0.00020385954821270866,48521,0.14372437479255945,0.32819244186009455,,,False,,,,,,1.4620614376633008,2.0385954821270866,,,,,,,,,,,,,,,,,,,,,,,,,,,,,
seasonality,fwd6|session[asia_quiet],-0.000458873521683056,7278,0.07275359729037238,0.2518393752359044,,,False,,,,,,-1.7943733522081176,-4.58873521683056,,,,,,,,,,,,,,,,,,,,,,,,,,,,,
seasonality,fwd6|session[not_asia_quiet],0.00030206568732856317,50947,0.03255997994751326,0.19522831061094129,,,False,,,,,,2.137467579197512,3.0206568732856316,,,,,,,,,,,,,,,,,,,,,,,,,,,,,
seasonality,fwd6|funding_hour[funding_hour],0.00022644024984272697,7278,0.19218236716225778,0.37294700665918495,,,False,,,,,,1.3041502249549268,2.2644024984272697,,,,,,,,,,,,,,,,,,,,,,,,,,,,,
seasonality,fwd6|funding_hour[other],0.00020416564161115778,50947,0.14586330749337537,0.32819244186009455,,,False,,,,,,1.4542994333920358,2.0416564161115778,,,,,,,,,,,,,,,,,,,,,,,,,,,,,
seasonality,fwd6|turn_of_month[mid_month],0.00016528513180327317,45967,0.29233038155001534,0.46981668463395326,,,False,,,,,,1.053023151390138,1.6528513180327318,,,,,,,,,,,,,,,,,,,,,,,,,,,,,
seasonality,fwd6|turn_of_month[turn_of_month],0.0003631911753889676,12258,0.16318505660658078,0.3496822641569588,,,False,,,,,,1.3944390707382253,3.6319117538896757,,,,,,,,,,,,,,,,,,,,,,,,,,,,,
volatility_clustering,abs_ret_acf_lag_1,0.2925641615633189,58229,0.0,0.0,,,True,1.0,,,,,,,,,,,,,,,,,,,,,,,,,,,,,,,,,,,
volatility_clustering,abs_ret_acf_lag_6,0.18703394109740207,58224,0.0,0.0,,,True,6.0,,,,,,,,,,,,,,,,,,,,,,,,,,,,,,,,,,,
volatility_clustering,abs_ret_acf_lag_24,0.1645182217666234,58206,0.0,0.0,,,True,24.0,,,,,,,,,,,,,,,,,,,,,,,,,,,,,,,,,,,
volatility_clustering,abs_ret_acf_lag_96,0.13457471176095864,58134,2.4769995328763676e-231,2.972399439451641e-231,,,True,96.0,,,,,,,,,,,,,,,,,,,,,,,,,,,,,,,,,,,
volatility_clustering,abs_ret_acf_lag_240,0.08315628260475083,57990,1.4528035809943092e-89,1.452803580994309e-89,,,True,240.0,,,,,,,,,,,,,,,,,,,,,,,,,,,,,,,,,,,
volatility_clustering,arch_lm_12,4564.17716111413,58230,0.0,0.0,,,True,,,,,,,,,,,,,,,,,,,,,,,,,,,,,,,,,,,,
volatility_clustering,garch11_persistence,1.0,58230,,,,,False,,,,,,,,,0.14702811309567987,0.8529718869043201,,,,,,,,,,,,,,,,,,,,,,,,,,
volatility_clustering,vol_of_vol,0.6534109883706267,58219,,,,,False,,,,,,,,,,,,,,,,,,,,,,,,,,,,,,,,,,,,
regime,trail24_vs_fwd6|vol=vol_low,0.0424982569932551,19401,0.009950248756218905,0.03832273170503881,0.007871457579634707,0.08238249897785284,True,,,,,0.015015983598630633,,,,,,,,,,,,,,,,,,,,,,,,,,,,,,,
regime,trail24_vs_fwd6|vol=vol_mid,0.015397775750650378,19405,0.32338308457711445,0.4697771255763642,-0.018722322842018902,0.05002350007167803,False,,,,,0.015427186746979151,,,,,,,,,,,,,,,,,,,,,,,,,,,,,,,
regime,trail24_vs_fwd6|vol=vol_high,-0.03815741718961151,19395,0.024875621890547265,0.06218905472636816,-0.06802298047032017,-0.002885066269991437,False,,,,,0.01567160418268513,,,,,,,,,,,,,,,,,,,,,,,,,,,,,,,
regime,fwd6|vol_regime[vol_low],7.906519559598916e-05,19401,0.5947919016711709,0.7434898770889636,,,False,,,,,,0.531904844722011,0.7906519559598916,,,,,,,,,,,,,,,,,,,,,,,,,,,,,
regime,fwd6|vol_regime[vol_mid],0.0001915948155441323,19405,0.3288439879034549,0.4697771255763642,,,False,,,,,,0.9764450058096465,1.915948155441323,,,,,,,,,,,,,,,,,,,,,,,,,,,,,
regime,fwd6|vol_regime[vol_high],0.0003507365085523144,19407,0.2556486711059004,0.4697771255763642,,,False,,,,,,1.136735985496848,3.5073650855231437,,,,,,,,,,,,,,,,,,,,,,,,,,,,,
regime,trail24_vs_fwd6|trend=trend_down,-0.04600717330130865,27816,0.004975124378109453,0.03832273170503881,-0.08004903174381843,-0.003378514021873973,True,,,,,0.014220042975737701,,,,,,,,,,,,,,,,,,,,,,,,,,,,,,,
regime,trail24_vs_fwd6|trend=trend_up,-0.004741055640122351,30385,0.7263681592039801,0.8070757324488668,-0.035625127089641544,0.022351915239614613,False,,,,,0.012203606858598474,,,,,,,,,,,,,,,,,,,,,,,,,,,,,,,
regime,fwd6|trend_regime[trend_down],-4.1317823633581426e-05,27840,0.8440832424206932,0.8440832424206931,,,False,,,,,,-0.19667325282468714,-0.41317823633581424,,,,,,,,,,,,,,,,,,,,,,,,,,,,,
regime,fwd6|trend_regime[trend_up],0.0004344231460088178,30385,0.011496819511511642,0.03832273170503881,,,True,,,,,,2.52722385939756,4.344231460088178,,,,,,,,,,,,,,,,,,,,,,,,,,,,,
cycles,spectral_peak_global,1.6754335813645527,58230,0.004975124378109453,0.004975124378109453,,,True,,,,,,,,,,,15.283582089552239,1.3190308120704652,-0.014882463914272403,,,,,,,,,,,,,,,,,,,,,,,
cycles,spectral_peak_rank1_period_15.3_bars,1.6754335813645527,58230,,,,,False,,,,,,,,,,,,,,15.283582089552239,0.00014307580918729093,,,,,,,,,,,,,,,,,,,,,
cycles,spectral_peak_rank2_period_2.9_bars,1.66502892972971,58230,,,,,False,,,,,,,,,,,,,,2.9008498583569406,0.0001486633027207067,,,,,,,,,,,,,,,,,,,,,
cycles,spectral_peak_rank3_period_9.3_bars,1.6147635224451942,58230,,,,,False,,,,,,,,,,,,,,9.309090909090909,0.00014058253283052375,,,,,,,,,,,,,,,,,,,,,
cycles,spectral_peak_rank4_period_7.1_bars,1.51736354594458,58230,,,,,False,,,,,,,,,,,,,,7.111111111111111,0.00013011775118972722,,,,,,,,,,,,,,,,,,,,,
cycles,spectral_peak_rank5_period_15.1_bars,1.5049995478925582,58230,,,,,False,,,,,,,,,,,,,,15.058823529411764,0.00013066697957540979,,,,,,,,,,,,,,,,,,,,,
nonlinear_lag,mutual_info_lag_1,0.01925674728669069,29100,,,,,False,1.0,,,,,,,,,,,,,,,-0.02111211684053715,,,,,,,,,,,,,,,,,,,,
nonlinear_lag,mutual_info_lag_2,0.023978065813311744,29100,,,,,False,2.0,,,,,,,,,,,,,,,0.013977726312163024,,,,,,,,,,,,,,,,,,,,
nonlinear_lag,mutual_info_lag_3,0.004566049059739008,29100,,,,,False,3.0,,,,,,,,,,,,,,,-0.0234908650563278,,,,,,,,,,,,,,,,,,,,
nonlinear_lag,mutual_info_lag_6,0.018948337545789506,29100,,,,,False,6.0,,,,,,,,,,,,,,,0.011086097113376736,,,,,,,,,,,,,,,,,,,,
nonlinear_lag,mutual_info_lag_12,0.019500131800528564,29100,,,,,False,12.0,,,,,,,,,,,,,,,0.010945657414916302,,,,,,,,,,,,,,,,,,,,
nonlinear_lag,mutual_info_lag_24,0.007319224681182845,29100,,,,,False,24.0,,,,,,,,,,,,,,,-0.016020742426781514,,,,,,,,,,,,,,,,,,,,
lead_lag,DXY|trail1->fwd1,0.0021315155071920974,58229,0.6065104564188674,0.8829432169438394,-0.005993403380099573,0.010256434394483769,False,,,,,0.004145366779230444,,,,,,,,,,,,0.5141922586613186,1.0,1.0,,,,,,,,,,,,,,,,,
lead_lag,DXY|trail1->fwd6,0.0070639916494042625,58224,0.08398374138885178,0.6543397166851931,-0.0009360950284303124,0.015064078327238838,False,,,,,0.004081676876446212,,,,,,,,,,,,1.7306592028800327,1.0,6.0,,,,,,,,,,,,,,,,,
lead_lag,DXY|trail1->fwd24,0.003953463371224305,58206,0.32973829385152803,0.81639019377569,-0.003921795117637436,0.011828721860086044,False,,,,,0.004017989024929459,,,,,,,,,,,,0.9839408088711026,1.0,24.0,,,,,,,,,,,,,,,,,
lead_lag,DXY|trail6->fwd1,0.002249668764540424,58224,0.5553498845485946,0.8825695766849239,-0.005268231771529277,0.009767569300610124,False,,,,,0.003835663538811072,,,,,,,,,,,,0.5865135827940076,6.0,1.0,,,,,,,,,,,,,,,,,
lead_lag,DXY|trail6->fwd6,-0.0049042166136163395,58219,0.512232824427481,0.8825695766849239,-0.01976835130144279,0.009959918074210112,False,,,,,0.007583742187666557,,,,,,,,,,,,-0.6466750177230536,6.0,6.0,,,,,,,,,,,,,,,,,
lead_lag,DXY|trail6->fwd24,0.010532666147621097,58201,0.2350998434576763,0.7829756395923989,-0.006810974998509212,0.027876307293751408,False,,,,,0.008848796503127709,,,,,,,,,,,,1.1902936341567134,6.0,24.0,,,,,,,,,,,,,,,,,
lead_lag,DXY|trail24->fwd1,0.0029983096257862095,58206,0.4126787180025579,0.81639019377569,-0.0041956780976849,0.010192297349257319,False,,,,,0.003670401899730158,,,,,,,,,,,,0.8168886426324704,24.0,1.0,,,,,,,,,,,,,,,,,
lead_lag,DXY|trail24->fwd6,0.017375930642372882,58201,0.05041808254743996,0.6477057958840823,-5.292851825373229e-05,0.034804789802999496,False,,,,,0.008892275081952354,,,,,,,,,,,,1.9540478091640288,24.0,6.0,,,,,,,,,,,,,,,,,
lead_lag,DXY|trail24->fwd24,0.023185473290182647,58183,0.13300614902799526,0.7234628034712033,-0.006971086106298537,0.053342032686663834,False,,,,,0.015385999692082238,,,,,,,,,,,,1.50692017120695,24.0,24.0,,,,,,,,,,,,,,,,,
lead_lag,DXY|trail96->fwd1,0.00019000160656844301,58134,0.9573801196414579,0.9867303179868921,-0.00693496686520137,0.007314970078338255,False,,,,,0.0036351879958009246,,,,,,,,,,,,0.052267339897666236,96.0,1.0,,,,,,,,,,,,,,,,,
lead_lag,DXY|trail96->fwd6,0.001021524838415566,58129,0.9076035016629076,0.963258433368652,-0.01672359194076559,0.01876664161759672,False,,,,,0.009053631009786303,,,,,,,,,,,,0.11283040332783315,96.0,6.0,,,,,,,,,,,,,,,,,
lead_lag,DXY|trail96->fwd24,0.001915918441343698,58111,0.9175748537340829,0.9692692116909326,-0.03331617919772323,0.03714801608041063,False,,,,,0.017975560019932106,,,,,,,,,,,,0.10658463153410752,96.0,24.0,,,,,,,,,,,,,,,,,
lead_lag,EURUSD|trail1->fwd1,0.00022325334577023923,58229,0.9577163791787513,0.9867303179868921,-0.007919591247011417,0.008366097938551894,False,,,,,0.004154512547337579,,,,,,,,,,,,0.05373755482175911,1.0,1.0,,,,,,,,,,,,,,,,,
lead_lag,EURUSD|trail1->fwd6,-0.0072788226685864136,58224,0.06797320764078392,0.6477057958840823,-0.015115428435023375,0.0005577830978505489,False,,,,,0.003998268248182123,,,,,,,,,,,,-1.8204938280206304,1.0,6.0,,,,,,,,,,,,,,,,,
lead_lag,EURUSD|trail1->fwd24,-0.0036699064900488133,58206,0.3427186133964533,0.81639019377569,-0.011199927240394729,0.0038601142602971016,False,,,,,0.003841847321605059,,,,,,,,,,,,-0.9552452720884256,1.0,24.0,,,,,,,,,,,,,,,,,
lead_lag,EURUSD|trail6->fwd1,-0.0018044773651990672,58224,0.6364902772742018,0.8829432169438394,-0.00933660907821873,0.005727654347820594,False,,,,,0.0038429243433773783,,,,,,,,,,,,-0.4695583893835367,6.0,1.0,,,,,,,,,,,,,,,,,
lead_lag,EURUSD|trail6->fwd6,0.002996759246394023,58219,0.6866030534351145,0.8829432169438394,-0.011844687262770518,0.017838205755558563,False,,,,,0.00757216658630844,,,,,,,,,,,,0.3957598148741989,6.0,6.0,,,,,,,,,,,,,,,,,
lead_lag,EURUSD|trail6->fwd24,-0.008710123131747806,58201,0.318907258218472,0.81639019377569,-0.025868401025139577,0.008448154761643968,False,,,,,0.008754223414995804,,,,,,,,,,,,-0.9949623991578219,6.0,24.0,,,,,,,,,,,,,,,,,
lead_lag,EURUSD|trail24->fwd1,-0.0018201125394271764,58206,0.6237234428388723,0.8829432169438394,-0.009048804969010265,0.005408579890155912,False,,,,,0.003688108382440351,,,,,,,,,,,,-0.49350841968012954,24.0,1.0,,,,,,,,,,,,,,,,,
lead_lag,EURUSD|trail24->fwd6,-0.016026558210183135,58201,0.07718300179450957,0.6543397166851931,-0.03365420864559709,0.0016010922252308185,False,,,,,0.008993699201741813,,,,,,,,,,,,-1.7819762314353658,24.0,6.0,,,,,,,,,,,,,,,,,
lead_lag,EURUSD|trail24->fwd24,-0.017303091085632806,58183,0.26389260207004545,0.7829756395923989,-0.04770915012119978,0.013102967949934166,False,,,,,0.01551329542630968,,,,,,,,,,,,-1.1153717253580908,24.0,24.0,,,,,,,,,,,,,,,,,
lead_lag,EURUSD|trail96->fwd1,-0.0006164084230346933,58134,0.8607495747567991,0.9275515093698559,-0.007764781614799244,0.006531964768729858,False,,,,,0.0036471291794717095,,,,,,,,,,,,-0.16901195233341876,96.0,1.0,,,,,,,,,,,,,,,,,
lead_lag,EURUSD|trail96->fwd6,-0.0034705837215733134,58129,0.702052830765702,0.8829432169438394,-0.02156146589234922,0.014620298449202592,False,,,,,0.009230041923865258,,,,,,,,,,,,-0.3760095295558462,96.0,6.0,,,,,,,,,,,,,,,,,
lead_lag,EURUSD|trail96->fwd24,-0.0032355016026153357,58111,0.8615922909257773,0.9275515093698559,-0.03880540069710786,0.03233439749187719,False,,,,,0.0181479077012717,,,,,,,,,,,,-0.1782851034881895,96.0,24.0,,,,,,,,,,,,,,,,,
lead_lag,GBPUSD|trail1->fwd1,-0.003309453354042423,58229,0.423408639902305,0.81639019377569,-0.011457283919799296,0.004838377211714451,False,,,,,0.0041570564111004455,,,,,,,,,,,,-0.7961049903497347,1.0,1.0,,,,,,,,,,,,,,,,,
lead_lag,GBPUSD|trail1->fwd6,-0.0005236181133389369,58224,0.8962463981069786,0.9557129837633658,-0.008372598619755745,0.007325362393077871,False,,,,,0.004004581891028983,,,,,,,,,,,,-0.130754752328062,1.0,6.0,,,,,,,,,,,,,,,,,
lead_lag,GBPUSD|trail1->fwd24,-0.004244740957753863,58206,0.2676045583828049,0.7829756395923989,-0.01179094859821233,0.003301466682704603,False,,,,,0.0038501059390094214,,,,,,,,,,,,-1.10249978182314,1.0,24.0,,,,,,,,,,,,,,,,,
lead_lag,GBPUSD|trail6->fwd1,0.0003730250831351703,58224,0.9234585806156136,0.970926077750061,-0.007131022946333685,0.007877073112604025,False,,,,,0.0038285959334024774,,,,,,,,,,,,0.09743130108892492,6.0,1.0,,,,,,,,,,,,,,,,,
lead_lag,GBPUSD|trail6->fwd6,0.008750572487080463,58219,0.2375381679389313,0.7829756395923989,-0.005939747488168988,0.023440892462329915,False,,,,,0.0074950612118619645,,,,,,,,,,,,1.1675118107416493,6.0,6.0,,,,,,,,,,,,,,,,,
lead_lag,GBPUSD|trail6->fwd24,-0.013129234654616762,58201,0.13376732465350694,0.7234628034712033,-0.030231904812115414,0.003973435502881888,False,,,,,0.008725852121172781,,,,,,,,,,,,-1.504636392216575,6.0,24.0,,,,,,,,,,,,,,,,,
lead_lag,GBPUSD|trail24->fwd1,-0.005082373998451532,58206,0.16059327695802394,0.7829756395923989,-0.012205850102756974,0.002041102105853911,False,,,,,0.0036344265838293074,,,,,,,,,,,,-1.398397761304243,24.0,1.0,,,,,,,,,,,,,,,,,
lead_lag,GBPUSD|trail24->fwd6,-0.01875242027015828,58201,0.030621205757703027,0.6477057958840823,-0.03576905178197705,-0.0017357887583395147,False,,,,,0.008681954852968759,,,,,,,,,,,,-2.1599306363296704,24.0,6.0,,,,,,,,,,,,,,,,,
lead_lag,GBPUSD|trail24->fwd24,-0.03486168603266658,58183,0.019611961960050415,0.551586430126418,-0.06420709494448976,-0.005516277120843412,False,,,,,0.014972147403991413,,,,,,,,,,,,-2.328435934538878,24.0,24.0,,,,,,,,,,,,,,,,,
lead_lag,GBPUSD|trail96->fwd1,-0.003252673548995452,58134,0.3777497467652849,0.81639019377569,-0.010440164536346419,0.0039348174383555135,False,,,,,0.0036670872384443704,,,,,,,,,,,,-0.8869910469801863,96.0,1.0,,,,,,,,,,,,,,,,,
lead_lag,GBPUSD|trail96->fwd6,-0.00736036836393243,58129,0.411005772391911,0.81639019377569,-0.024832525385577668,0.01011178865771281,False,,,,,0.00891436582737002,,,,,,,,,,,,-0.8256749281405628,96.0,6.0,,,,,,,,,,,,,,,,,
lead_lag,GBPUSD|trail96->fwd24,-0.019269386673337874,58111,0.2841956330541853,0.7829756395923989,-0.054467641353544344,0.015928868006868598,False,,,,,0.017958293204186977,,,,,,,,,,,,-1.073007688105082,96.0,24.0,,,,,,,,,,,,,,,,,
lead_lag,USDJPY|trail1->fwd1,0.001976212452984371,58229,0.6339299343611662,0.8829432169438394,-0.006165386404676994,0.010117811310645736,False,,,,,0.004153876968194574,,,,,,,,,,,,0.4757513205412304,1.0,1.0,,,,,,,,,,,,,,,,,
lead_lag,USDJPY|trail1->fwd6,-0.0006978023732206808,58224,0.8606377497471519,0.9275515093698559,-0.008646354971224653,0.007250750224783291,False,,,,,0.004055383978573455,,,,,,,,,,,,-0.17206813877736524,1.0,6.0,,,,,,,,,,,,,,,,,
lead_lag,USDJPY|trail1->fwd24,0.00016785848593634957,58206,0.9651058468704068,0.9867303179868921,-0.0076439557244225055,0.007979672696295204,False,,,,,0.003985619495081048,,,,,,,,,,,,0.04211603394240627,1.0,24.0,,,,,,,,,,,,,,,,,
lead_lag,USDJPY|trail6->fwd1,-0.0035364829209954003,58224,0.3597694788466309,0.81639019377569,-0.011101714953352042,0.004028749111361242,False,,,,,0.00385981226140645,,,,,,,,,,,,-0.9162318479466061,6.0,1.0,,,,,,,,,,,,,,,,,
lead_lag,USDJPY|trail6->fwd6,-0.002126969647239481,58219,0.7777290076335878,0.9146810535656354,-0.017108032480799958,0.012854093186320997,False,,,,,0.007643399404877795,,,,,,,,,,,,-0.2782753503476622,6.0,6.0,,,,,,,,,,,,,,,,,
lead_lag,USDJPY|trail6->fwd24,0.006313846283882761,58201,0.4913710816692757,0.8825695766849239,-0.011529385215269085,0.02415707778303461,False,,,,,0.009103689540383595,,,,,,,,,,,,0.6935480670638862,6.0,24.0,,,,,,,,,,,,,,,,,
lead_lag,USDJPY|trail24->fwd1,0.002018474701152512,58206,0.5785977437150438,0.8829432169438394,-0.005104777762250838,0.009141727164555863,False,,,,,0.00363431248132824,,,,,,,,,,,,0.5553938224967424,24.0,1.0,,,,,,,,,,,,,,,,,
lead_lag,USDJPY|trail24->fwd6,0.010355009497238145,58201,0.24601962506204422,0.7829756395923989,-0.007072685367454437,0.027782704361930727,False,,,,,0.008891681053414582,,,,,,,,,,,,1.1645727545818365,24.0,6.0,,,,,,,,,,,,,,,,,
lead_lag,USDJPY|trail24->fwd24,0.009231156158178723,58183,0.5612802199900699,0.8825695766849239,-0.021401688707654687,0.03986400102401213,False,,,,,0.015629002482568065,,,,,,,,,,,,0.590642695749442,24.0,24.0,,,,,,,,,,,,,,,,,
lead_lag,USDJPY|trail96->fwd1,-0.005544811391817661,58134,0.10964585363989068,0.7146021658549567,-0.012437529495376829,0.0013479067117415072,False,,,,,0.0035166929099791676,,,,,,,,,,,,-1.576711852230085,96.0,1.0,,,,,,,,,,,,,,,,,
lead_lag,USDJPY|trail96->fwd6,-0.006556846181136533,58129,0.4744256278909744,0.8821964154997459,-0.023887090861266377,0.010773398498993314,False,,,,,0.008841961571494819,,,,,,,,,,,,-0.7415601309866398,96.0,6.0,,,,,,,,,,,,,,,,,
lead_lag,USDJPY|trail96->fwd24,-0.011500059564630398,58111,0.5252762800657719,0.8825695766849239,-0.04649577786595338,0.023495658736692585,False,,,,,0.017854958317001523,,,,,,,,,,,,-0.6440821289221393,96.0,24.0,,,,,,,,,,,,,,,,,
lead_lag,USDCHF|trail1->fwd1,4.852820011844934e-05,58229,0.9906502823996336,0.991050130717707,-0.008130629968630515,0.008227686368867412,False,,,,,0.004173039882014777,,,,,,,,,,,,0.0116289806688882,1.0,1.0,,,,,,,,,,,,,,,,,
lead_lag,USDCHF|trail1->fwd6,0.004342639802631039,58224,0.2828654848004885,0.7829756395923989,-0.003589398157833743,0.01227467776309582,False,,,,,0.004046958143094277,,,,,,,,,,,,1.0730626927884868,1.0,6.0,,,,,,,,,,,,,,,,,
lead_lag,USDCHF|trail1->fwd24,0.004661895422196662,58206,0.22811002729684846,0.7829756395923989,-0.0029610332801830695,0.012284824124576394,False,,,,,0.003889249337948843,,,,,,,,,,,,1.1986620082978034,1.0,24.0,,,,,,,,,,,,,,,,,
lead_lag,USDCHF|trail6->fwd1,0.0008743532666343825,58224,0.8212506917542889,0.9274546579147327,-0.0067655904306227685,0.008514296963891534,False,,,,,0.003897930457784261,,,,,,,,,,,,0.22431217696259254,6.0,1.0,,,,,,,,,,,,,,,,,
lead_lag,USDCHF|trail6->fwd6,0.00468882775299701,58219,0.5358396946564885,0.8825695766849239,-0.010190944619617138,0.01956860012561116,False,,,,,0.007591720598272524,,,,,,,,,,,,0.617623856450136,6.0,6.0,,,,,,,,,,,,,,,,,
lead_lag,USDCHF|trail6->fwd24,0.01719747542771746,58201,0.05509526173112901,0.6477057958840823,-0.0003769930855571056,0.03477194394099202,False,,,,,0.008966565567997227,,,,,,,,,,,,1.9179556874147399,6.0,24.0,,,,,,,,,,,,,,,,,
lead_lag,USDCHF|trail24->fwd1,0.0050167058466338305,58206,0.17555882184511423,0.7829756395923989,-0.0022577270058038714,0.012291138699071533,False,,,,,0.0037114453328763787,,,,,,,,,,,,1.3516852322181105,24.0,1.0,,,,,,,,,,,,,,,,,
lead_lag,USDCHF|trail24->fwd6,0.016914095908676634,58201,0.05948608300561262,0.6477057958840823,-0.000682375689844264,0.03451056750719753,False,,,,,0.008977791631898418,,,,,,,,,,,,1.8839929241151288,24.0,6.0,,,,,,,,,,,,,,,,,
lead_lag,USDCHF|trail24->fwd24,0.01218776181254326,58183,0.43667646946492,0.818768380246725,-0.018198585676201397,0.04257410930128792,False,,,,,0.01550323851466564,,,,,,,,,,,,0.7861429598089438,24.0,24.0,,,,,,,,,,,,,,,,,
lead_lag,USDCHF|trail96->fwd1,-0.0006518434793380319,58134,0.857920990768878,0.9275515093698559,-0.00787012189384607,0.006566434935170008,False,,,,,0.0036827951094428775,,,,,,,,,,,,-0.1769969438882634,96.0,1.0,,,,,,,,,,,,,,,,,
lead_lag,USDCHF|trail96->fwd6,-0.0036252402592837417,58129,0.7058947207462059,0.8829432169438394,-0.021483203779074204,0.01423272326050672,False,,,,,0.009111205877444113,,,,,,,,,,,,-0.3978880850731801,96.0,6.0,,,,,,,,,,,,,,,,,
lead_lag,USDCHF|trail96->fwd24,-0.012364746963309305,58111,0.5032694734426981,0.8825695766849239,-0.047869329370623166,0.02313983544400456,False,,,,,0.01811458286087442,,,,,,,,,,,,-0.6825852440696191,96.0,24.0,,,,,,,,,,,,,,,,,
lead_lag,USDCAD|trail1->fwd1,-0.0017603196380950985,58229,0.6696305907495039,0.8829432169438394,-0.009897690308042901,0.0063770510318527035,False,,,,,0.004151719729565205,,,,,,,,,,,,-0.42399770523032165,1.0,1.0,,,,,,,,,,,,,,,,,
lead_lag,USDCAD|trail1->fwd6,-0.002219216141202835,58224,0.5855389958590157,0.8829432169438394,-0.010093454120776866,0.005655021838371195,False,,,,,0.004017468356925526,,,,,,,,,,,,-0.5523916914932838,1.0,6.0,,,,,,,,,,,,,,,,,
lead_lag,USDCAD|trail1->fwd24,0.0015029660356471425,58206,0.7049840609311471,0.8829432169438394,-0.006265414393678864,0.00927134646497315,False,,,,,0.003963459402717351,,,,,,,,,,,,0.3792056087711427,1.0,24.0,,,,,,,,,,,,,,,,,
lead_lag,USDCAD|trail6->fwd1,-0.0001597980162634488,58224,0.9674636948266321,0.9867303179868921,-0.007690052102216903,0.007370456069690005,False,,,,,0.003841966370384415,,,,,,,,,,,,-0.041592768092725364,6.0,1.0,,,,,,,,,,,,,,,,,
lead_lag,USDCAD|trail6->fwd6,-0.006081336950335311,58219,0.4245229007633588,0.81639019377569,-0.02087354382950403,0.008710869928833409,False,,,,,0.007547044326106489,,,,,,,,,,,,-0.8057905436302989,6.0,6.0,,,,,,,,,,,,,,,,,
lead_lag,USDCAD|trail6->fwd24,0.005408066421630992,58201,0.5321293574128517,0.8825695766849239,-0.01169028358093699,0.022506416424198976,False,,,,,0.00872364796049387,,,,,,,,,,,,0.6199317586085656,6.0,24.0,,,,,,,,,,,,,,,,,
lead_lag,USDCAD|trail24->fwd1,0.0038702301931724,58206,0.2830854983106496,0.7829756395923989,-0.0032724201148063895,0.01101288050115119,False,,,,,0.0036442093408055047,,,,,,,,,,,,1.0620219178508927,24.0,1.0,,,,,,,,,,,,,,,,,
lead_lag,USDCAD|trail24->fwd6,0.015306705014187212,58201,0.07874842503149937,0.6543397166851931,-0.0018412241301237215,0.03245463415849815,False,,,,,0.008748943440974967,,,,,,,,,,,,1.7495489732508158,24.0,6.0,,,,,,,,,,,,,,,,,
lead_lag,USDCAD|trail24->fwd24,0.025399623122126524,58183,0.09580643929267081,0.7062357301631955,-0.004273580287552276,0.05507282653180533,False,,,,,0.015139389494734081,,,,,,,,,,,,1.6777177924487146,24.0,24.0,,,,,,,,,,,,,,,,,
lead_lag,USDCAD|trail96->fwd1,0.004817518647987538,58134,0.1626626913594404,0.7829756395923989,-0.0019625748232787784,0.011597612119253855,False,,,,,0.0034592313628909782,,,,,,,,,,,,1.3926558077807785,96.0,1.0,,,,,,,,,,,,,,,,,
lead_lag,USDCAD|trail96->fwd6,0.004827236777382573,58129,0.5665927596620666,0.8825695766849239,-0.011998858183741221,0.02165333173850637,False,,,,,0.008584742327103977,,,,,,,,,,,,0.5623042129222554,96.0,6.0,,,,,,,,,,,,,,,,,
lead_lag,USDCAD|trail96->fwd24,0.006601660153078979,58111,0.6952506596306068,0.8829432169438394,-0.027080674293552324,0.040283994599710285,False,,,,,0.0171848645135874,,,,,,,,,,,,0.38415549612621647,96.0,24.0,,,,,,,,,,,,,,,,,
lead_lag,AUDUSD|trail1->fwd1,-0.00428359752583805,58229,0.30741489848878034,0.81639019377569,-0.012463868319399026,0.0038966732677229252,False,,,,,0.004173607547735192,,,,,,,,,,,,-1.0263536944585374,1.0,1.0,,,,,,,,,,,,,,,,,
lead_lag,AUDUSD|trail1->fwd6,0.0024590623054924687,58224,0.548842623513921,0.8825695766849239,-0.005545427993986795,0.010463552604971733,False,,,,,0.004083923622183298,,,,,,,,,,,,0.6021322955540082,1.0,6.0,,,,,,,,,,,,,,,,,
lead_lag,AUDUSD|trail1->fwd24,-0.0025456101118069546,58206,0.519861797774257,0.8825695766849239,-0.01025079000394746,0.005159569780333551,False,,,,,0.003931214230683932,,,,,,,,,,,,-0.6475378756868416,1.0,24.0,,,,,,,,,,,,,,,,,
lead_lag,AUDUSD|trail6->fwd1,-0.0010841366896509018,58224,0.780527832376009,0.9146810535656354,-0.008607362866701692,0.006439089487399888,False,,,,,0.003838380702576934,,,,,,,,,,,,-0.2824463683143926,6.0,1.0,,,,,,,,,,,,,,,,,
lead_lag,AUDUSD|trail6->fwd6,0.010230388571148606,58219,0.17986641221374045,0.7829756395923989,-0.004663109636663264,0.025123886778960478,False,,,,,0.00759872357541422,,,,,,,,,,,,1.3463298762767442,6.0,6.0,,,,,,,,,,,,,,,,,
lead_lag,AUDUSD|trail6->fwd24,-0.007811735646889241,58201,0.3716734756213967,0.81639019377569,-0.025156795721147998,0.009533324427369518,False,,,,,0.008849520446050387,,,,,,,,,,,,-0.8827298263801042,6.0,24.0,,,,,,,,,,,,,,,,,
lead_lag,AUDUSD|trail24->fwd1,-0.003661976720799952,58206,0.3151354343634871,0.81639019377569,-0.010849219527512425,0.003525266085912521,False,,,,,0.003666960615669629,,,,,,,,,,,,-0.9986408649036534,24.0,1.0,,,,,,,,,,,,,,,,,
lead_lag,AUDUSD|trail24->fwd6,-0.01390791716663631,58201,0.1157458669008438,0.7146021658549567,-0.031265433701616094,0.0034495993683434766,False,,,,,0.008855875783152953,,,,,,,,,,,,-1.5704733791652936,24.0,6.0,,,,,,,,,,,,,,,,,
lead_lag,AUDUSD|trail24->fwd24,-0.03656622960192679,58183,0.016098231677042357,0.551586430126418,-0.06643850766842341,-0.0066939515354301725,False,,,,,0.015240958197192152,,,,,,,,,,,,-2.3992080503615187,24.0,24.0,,,,,,,,,,,,,,,,,
lead_lag,AUDUSD|trail96->fwd1,-0.0015684231422462677,58134,0.6610477227987692,0.8829432169438394,-0.008580554716259108,0.005443708431766573,False,,,,,0.0035776181500065517,,,,,,,,,,,,-0.4383986989342044,96.0,1.0,,,,,,,,,,,,,,,,,
lead_lag,AUDUSD|trail96->fwd6,-0.004069848978048915,58129,0.6508276310256508,0.8829432169438394,-0.021460508802732918,0.013320810846635089,False,,,,,0.008872785624838777,,,,,,,,,,,,-0.45868897887667226,96.0,6.0,,,,,,,,,,,,,,,,,
lead_lag,AUDUSD|trail96->fwd24,-0.012509918858183285,58111,0.4832511185040725,0.8825695766849239,-0.04761845700689296,0.022598619290526395,False,,,,,0.017912519463627388,,,,,,,,,,,,-0.6983896868101409,96.0,24.0,,,,,,,,,,,,,,,,,
lead_lag,NZDUSD|trail1->fwd1,-0.003690542038569086,58229,0.37723248359029155,0.81639019377569,-0.011864554380675157,0.004483470303536986,False,,,,,0.0041704144602582,,,,,,,,,,,,-0.8849341171574098,1.0,1.0,,,,,,,,,,,,,,,,,
lead_lag,NZDUSD|trail1->fwd6,0.0021638695755505062,58224,0.5931148980020228,0.8829432169438394,-0.0057907237716429355,0.010118462922743949,False,,,,,0.004058465993466042,,,,,,,,,,,,0.5331742532854149,1.0,6.0,,,,,,,,,,,,,,,,,
lead_lag,NZDUSD|trail1->fwd24,-0.00145225501616149,58206,0.7153492278618742,0.8843603091698994,-0.009290406160799923,0.006385896128476943,False,,,,,0.00399905670644818,,,,,,,,,,,,-0.3631493931606014,1.0,24.0,,,,,,,,,,,,,,,,,
lead_lag,NZDUSD|trail6->fwd1,-0.003163288299474435,58224,0.41085434040035873,0.81639019377569,-0.010663146359187352,0.004336569760238481,False,,,,,0.00382645819373108,,,,,,,,,,,,-0.8266883209796668,6.0,1.0,,,,,,,,,,,,,,,,,
lead_lag,NZDUSD|trail6->fwd6,0.007286618773582095,58219,0.33864503816793895,0.81639019377569,-0.007678269300535578,0.02225150684769977,False,,,,,0.007635146976590649,,,,,,,,,,,,0.954352129163048,6.0,6.0,,,,,,,,,,,,,,,,,
lead_lag,NZDUSD|trail6->fwd24,-0.01208619310204062,58201,0.17803825741666984,0.7829756395923989,-0.0296908198802086,0.00551843367612736,False,,,,,0.008981952437840807,,,,,,,,,,,,-1.3456086731345516,6.0,24.0,,,,,,,,,,,,,,,,,
lead_lag,NZDUSD|trail24->fwd1,-0.00398896647032744,58206,0.2733884360623819,0.7829756395923989,-0.011200265359440539,0.0032223324187856586,False,,,,,0.00367923412709852,,,,,,,,,,,,-1.0841839177745338,24.0,1.0,,,,,,,,,,,,,,,,,
lead_lag,NZDUSD|trail24->fwd6,-0.01599361342030969,58201,0.06908861822763544,0.6477057958840823,-0.033284269322821386,0.0012970424822020023,False,,,,,0.00882176321556719,,,,,,,,,,,,-1.8129724216681313,24.0,6.0,,,,,,,,,,,,,,,,,
lead_lag,NZDUSD|trail24->fwd24,-0.03946590991032672,58183,0.009662758278272161,0.5435301531528091,-0.06933281345783626,-0.009599006362817165,False,,,,,0.015238216095668139,,,,,,,,,,,,-2.589929796411401,24.0,24.0,,,,,,,,,,,,,,,,,
lead_lag,NZDUSD|trail96->fwd1,-0.004065902052799905,58134,0.2513235097375915,0.7829756395923989,-0.011084152713016323,0.0029523486074165125,False,,,,,0.0035807401327634784,,,,,,,,,,,,-1.1354920776286541,96.0,1.0,,,,,,,,,,,,,,,,,
lead_lag,NZDUSD|trail96->fwd6,-0.009536225112787938,58129,0.2745708933827746,0.7829756395923989,-0.026828962902503094,0.007756512676927219,False,,,,,0.008822825402915896,,,,,,,,,,,,-1.0808584186236154,96.0,6.0,,,,,,,,,,,,,,,,,
lead_lag,NZDUSD|trail96->fwd24,-0.02017219253369129,58111,0.2576383312301633,0.7829756395923989,-0.054934544708769316,0.014590159641386734,False,,,,,0.017735893966876543,,,,,,,,,,,,-1.137365422423294,96.0,24.0,,,,,,,,,,,,,,,,,
lead_lag,EURJPY|trail1->fwd1,0.004725634773276297,58229,0.256926423446802,0.7829756395923989,-0.0034278632085824054,0.012879132755135001,False,,,,,0.0041599479499279095,,,,,,,,,,,,1.1359841108969142,1.0,1.0,,,,,,,,,,,,,,,,,
lead_lag,EURJPY|trail1->fwd6,-0.004931097027164763,58224,0.22189569299467587,0.7829756395923989,-0.012853495915080893,0.002991301860751365,False,,,,,0.0040420402489368,,,,,,,,,,,,-1.2199524803004662,1.0,6.0,,,,,,,,,,,,,,,,,
lead_lag,EURJPY|trail1->fwd24,0.0011662947708009012,58206,0.764788974363869,0.9140081099727576,-0.00660342267999184,0.008936012221593643,False,,,,,0.003964141556526909,,,,,,,,,,,,0.29421118145506475,1.0,24.0,,,,,,,,,,,,,,,,,
lead_lag,EURJPY|trail6->fwd1,-0.006340497729441092,58224,0.09730358948915138,0.7062357301631955,-0.013855930464204773,0.001174935005322588,False,,,,,0.0038344044565120816,,,,,,,,,,,,-1.6535808366988618,6.0,1.0,,,,,,,,,,,,,,,,,
lead_lag,EURJPY|trail6->fwd6,-0.00021887355921435596,58219,0.9767557251908396,0.9899551268826077,-0.015124923341002988,0.014687176222574275,False,,,,,0.007605127439688077,,,,,,,,,,,,-0.028779735901878985,6.0,6.0,,,,,,,,,,,,,,,,,
lead_lag,EURJPY|trail6->fwd24,0.0023644744515285824,58201,0.7974113245007827,0.9248327217148252,-0.015464433841730121,0.020193382744787287,False,,,,,0.009096381782274848,,,,,,,,,,,,0.259935709397772,6.0,24.0,,,,,,,,,,,,,,,,,
lead_lag,EURJPY|trail24->fwd1,0.000783708301893874,58206,0.8285261610704946,0.9274546579147327,-0.006354894550070324,0.007922311153858072,False,,,,,0.0036421443122266316,,,,,,,,,,,,0.21517771804455285,24.0,1.0,,,,,,,,,,,,,,,,,
lead_lag,EURJPY|trail24->fwd6,-0.0017415506618519202,58201,0.8477530449391012,0.9275515093698559,-0.019310920477085596,0.01582781915338176,False,,,,,0.008963964191445753,,,,,,,,,,,,-0.19428353624101596,24.0,6.0,,,,,,,,,,,,,,,,,
lead_lag,EURJPY|trail24->fwd24,0.0009736225356972079,58183,0.9508841614788222,0.9867303179868921,-0.03006031590784427,0.03200756097923869,False,,,,,0.015833642063031367,,,,,,,,,,,,0.06149075063218948,24.0,24.0,,,,,,,,,,,,,,,,,
lead_lag,EURJPY|trail96->fwd1,-0.00628517908542301,58134,0.07463257076237984,0.6543397166851931,-0.013223755303641997,0.0006533971327959765,False,,,,,0.003540089907254585,,,,,,,,,,,,-1.775429226399874,96.0,1.0,,,,,,,,,,,,,,,,,
lead_lag,EURJPY|trail96->fwd6,-0.008004398823210437,58129,0.384016973125884,0.81639019377569,-0.025777568821100875,0.009768771174680002,False,,,,,0.009067943876474714,,,,,,,,,,,,-0.8827137587360383,96.0,6.0,,,,,,,,,,,,,,,,,
lead_lag,EURJPY|trail96->fwd24,-0.010434017750668018,58111,0.5859240564414363,0.8829432169438394,-0.04616063112925624,0.025292595627920203,False,,,,,0.01822786396866746,,,,,,,,,,,,-0.5724213088600745,96.0,24.0,,,,,,,,,,,,,,,,,
lead_lag,EURGBP|trail1->fwd1,0.004514191529797344,58229,0.27673255991451684,0.7829756395923989,-0.0036577933273260563,0.012686176386920744,False,,,,,0.004169380029144592,,,,,,,,,,,,1.0827009047490195,1.0,1.0,,,,,,,,,,,,,,,,,
lead_lag,EURGBP|trail1->fwd6,-0.003284962784823126,58224,0.40669427322863194,0.81639019377569,-0.011087676466546539,0.004517750896900288,False,,,,,0.003980976368226231,,,,,,,,,,,,-0.8251651054856118,1.0,6.0,,,,,,,,,,,,,,,,,
lead_lag,EURGBP|trail1->fwd24,0.002442856137978531,58206,0.5051253173497242,0.8825695766849239,-0.004853741696205279,0.009739453972162342,False,,,,,0.0037227539970325564,,,,,,,,,,,,0.6561959613570372,1.0,24.0,,,,,,,,,,,,,,,,,
lead_lag,EURGBP|trail6->fwd1,-0.0014369091658188002,58224,0.7095586130565044,0.8829432169438394,-0.009065319912805788,0.0061915015811681885,False,,,,,0.003892046299483157,,,,,,,,,,,,-0.3691911799737876,6.0,1.0,,,,,,,,,,,,,,,,,
lead_lag,EURGBP|trail6->fwd6,0.0016203235255322001,58219,0.8279770992366412,0.9274546579147327,-0.013043822897750228,0.01628446994881463,False,,,,,0.007481707358817567,,,,,,,,,,,,0.21657135835747007,6.0,6.0,,,,,,,,,,,,,,,,,
lead_lag,EURGBP|trail6->fwd24,0.00922168214345851,58201,0.2822152647856134,0.7829756395923989,-0.007720322335357268,0.02616368662227429,False,,,,,0.0086438798361305,,,,,,,,,,,,1.0668452498509822,6.0,24.0,,,,,,,,,,,,,,,,,
lead_lag,EURGBP|trail24->fwd1,0.0035348483336996575,58206,0.32916563269513427,0.81639019377569,-0.0036408554966083553,0.01071055216400767,False,,,,,0.0036610733828102105,,,,,,,,,,,,0.9655223930492036,24.0,1.0,,,,,,,,,,,,,,,,,
lead_lag,EURGBP|trail24->fwd6,0.0043209608775608135,58201,0.6218166545759994,0.8829432169438394,-0.013207068030867509,0.021848989785989138,False,,,,,0.008942871892055266,,,,,,,,,,,,0.4831737421397594,24.0,6.0,,,,,,,,,,,,,,,,,
lead_lag,EURGBP|trail24->fwd24,0.023173216793235234,58183,0.13287247450635908,0.7234628034712033,-0.007096402793061469,0.05344283637953194,False,,,,,0.015443683462396277,,,,,,,,,,,,1.5004980417825544,24.0,24.0,,,,,,,,,,,,,,,,,
lead_lag,EURGBP|trail96->fwd1,0.00514642649962494,58134,0.15922252164440112,0.7829756395923989,-0.002015878063016537,0.012308731062266418,False,,,,,0.0036542370217558556,,,,,,,,,,,,1.4083450167532072,96.0,1.0,,,,,,,,,,,,,,,,,
lead_lag,EURGBP|trail96->fwd6,0.00973323916108871,58129,0.28535112198478535,0.7829756395923989,-0.008187690566948357,0.027654168889125776,False,,,,,0.009143331493896463,,,,,,,,,,,,1.0645178037771061,96.0,6.0,,,,,,,,,,,,,,,,,
lead_lag,EURGBP|trail96->fwd24,0.02358237403130318,58111,0.1986157317119804,0.7829756395923989,-0.01201389011927017,0.059178638181876526,False,,,,,0.018161359260496605,,,,,,,,,,,,1.298491687381462,96.0,24.0,,,,,,,,,,,,,,,,,
lead_lag,EURCHF|trail1->fwd1,0.0013280617528686235,58229,0.7539879407724012,0.9136222345698329,-0.006935315147076463,0.00959143865281371,False,,,,,0.004216008622420962,,,,,,,,,,,,0.3150045153622123,1.0,1.0,,,,,,,,,,,,,,,,,
lead_lag,EURCHF|trail1->fwd6,-4.732523151865351e-05,58224,0.991050130717707,0.991050130717707,-0.007672780030167407,0.007578129567130101,False,,,,,0.003890538162575895,,,,,,,,,,,,-0.01216418642898489,1.0,6.0,,,,,,,,,,,,,,,,,
lead_lag,EURCHF|trail1->fwd24,0.0018858128379909695,58206,0.6012369480978105,0.8829432169438394,-0.00523972683307583,0.009011352509057768,False,,,,,0.003635479424013673,,,,,,,,,,,,0.51872466270459,1.0,24.0,,,,,,,,,,,,,,,,,
lead_lag,EURCHF|trail6->fwd1,0.0008065823018695805,58224,0.839303093334351,0.9275515093698559,-0.006928905672722876,0.008542070276462036,False,,,,,0.0039466775380573756,,,,,,,,,,,,0.2043699527239802,6.0,1.0,,,,,,,,,,,,,,,,,
lead_lag,EURCHF|trail6->fwd6,0.008058590955084807,58219,0.28333969465648856,0.7829756395923989,-0.006610363668070008,0.022727545578239625,False,,,,,0.007484160522017763,,,,,,,,,,,,1.0767528210247654,6.0,6.0,,,,,,,,,,,,,,,,,
lead_lag,EURCHF|trail6->fwd24,0.005017152766922239,58201,0.5593906303692108,0.8825695766849239,-0.011609689562774625,0.0216439950966191,False,,,,,0.00848308282127391,,,,,,,,,,,,0.5914303647183784,6.0,24.0,,,,,,,,,,,,,,,,,
lead_lag,EURCHF|trail24->fwd1,0.0008990111053256791,58206,0.808483020596713,0.9274546579147327,-0.006285449224547383,0.008083471435198742,False,,,,,0.0036655409846291136,,,,,,,,,,,,0.2452601427989879,24.0,1.0,,,,,,,,,,,,,,,,,
lead_lag,EURCHF|trail24->fwd6,-0.003038659574754888,58201,0.7360925508762552,0.9001131736258555,-0.020143923499902926,0.014066604350393148,False,,,,,0.008727175472014305,,,,,,,,,,,,-0.34818362304035816,24.0,6.0,,,,,,,,,,,,,,,,,
lead_lag,EURCHF|trail24->fwd24,-0.0033586796891329662,58183,0.819921322995837,0.9274546579147327,-0.03245689396061124,0.025739534582345305,False,,,,,0.01484602768952973,,,,,,,,,,,,-0.226234233114202,24.0,24.0,,,,,,,,,,,,,,,,,
lead_lag,EURCHF|trail96->fwd1,-0.003236102036772361,58134,0.3579878829577815,0.81639019377569,-0.0101622455031835,0.003690041429638778,False,,,,,0.0035337466665362953,,,,,,,,,,,,-0.9157708070636316,96.0,1.0,,,,,,,,,,,,,,,,,
lead_lag,EURCHF|trail96->fwd6,-0.016391788276187393,58129,0.05896632134255897,0.6477057958840823,-0.033498296878103594,0.0007147203257288071,False,,,,,0.008727810511181735,,,,,,,,,,,,-1.878110008826024,96.0,6.0,,,,,,,,,,,,,,,,,
lead_lag,EURCHF|trail96->fwd24,-0.030260173502727916,58111,0.08433711903942488,0.6543397166851931,-0.0646836283292428,0.004163281323786974,False,,,,,0.01756298715638515,,,,,,,,,,,,-1.7229514110147608,96.0,24.0,,,,,,,,,,,,,,,,,
lead_lag,XAUUSD|trail1->fwd1,-0.0035286348897611446,58229,0.3949587849183331,0.81639019377569,-0.011673077362408796,0.004615807582886508,False,,,,,0.00415532779216717,,,,,,,,,,,,-0.8491832813797874,1.0,1.0,,,,,,,,,,,,,,,,,
lead_lag,XAUUSD|trail1->fwd6,-0.0009094343978854414,58224,0.8221094212163426,0.9274546579147327,-0.008758429320331957,0.006939560524561073,False,,,,,0.004004589246146181,,,,,,,,,,,,-0.22709804726180996,1.0,6.0,,,,,,,,,,,,,,,,,
lead_lag,XAUUSD|trail1->fwd24,-0.0020328981578096256,58206,0.5991944566400061,0.8829432169438394,-0.009718693286735398,0.005652896971116147,False,,,,,0.003921324045370292,,,,,,,,,,,,-0.5184213633682646,1.0,24.0,,,,,,,,,,,,,,,,,
lead_lag,XAUUSD|trail6->fwd1,-0.002542483761486005,58224,0.5103906264908498,0.8825695766849239,-0.010090292013135464,0.005005324490163455,False,,,,,0.003850922577372173,,,,,,,,,,,,-0.6602271820330824,6.0,1.0,,,,,,,,,,,,,,,,,
lead_lag,XAUUSD|trail6->fwd6,-0.001340583047152212,58219,0.8575,0.9275515093698559,-0.01610936724347796,0.013428201149173534,False,,,,,0.007535093977717218,,,,,,,,,,,,-0.17791192135314896,6.0,6.0,,,,,,,,,,,,,,,,,
lead_lag,XAUUSD|trail6->fwd24,-0.014227161395942888,58201,0.10923599709823985,0.7146021658549567,-0.031616035396013875,0.0031617126041280953,False,,,,,0.008871874489832135,,,,,,,,,,,,-1.6036251879181038,6.0,24.0,,,,,,,,,,,,,,,,,
lead_lag,XAUUSD|trail24->fwd1,-0.003025798523434668,58206,0.40805925134098153,0.81639019377569,-0.010199168169957092,0.004147571123087756,False,,,,,0.0036598824727155223,,,,,,,,,,,,-0.8267474559612339,24.0,1.0,,,,,,,,,,,,,,,,,
lead_lag,XAUUSD|trail24->fwd6,-0.013321599620131989,58201,0.1350463899812913,0.7234628034712033,-0.03076648478879441,0.0041232855485304285,False,,,,,0.0089004516166645,,,,,,,,,,,,-1.496732996693076,24.0,6.0,,,,,,,,,,,,,,,,,
lead_lag,XAUUSD|trail24->fwd24,-0.019746506134182856,58183,0.20156208226711989,0.7829756395923989,-0.04989645766512815,0.010403445396762443,False,,,,,0.015382628332114949,,,,,,,,,,,,-1.2836886979162891,24.0,24.0,,,,,,,,,,,,,,,,,
lead_lag,XAUUSD|trail96->fwd1,-0.0014634041612997875,58134,0.6834852741624142,0.8829432169438394,-0.008523768976867387,0.005596960654267812,False,,,,,0.0036022269467181627,,,,,,,,,,,,-0.4062498512574377,96.0,1.0,,,,,,,,,,,,,,,,,
lead_lag,XAUUSD|trail96->fwd6,-0.0019614699475450094,58129,0.8343591115868344,0.9275515093698559,-0.019867205112164436,0.01594426521707442,False,,,,,0.009135579165622158,,,,,,,,,,,,-0.21470668821153255,96.0,6.0,,,,,,,,,,,,,,,,,
lead_lag,XAUUSD|trail96->fwd24,-0.006596836877057929,58111,0.7102787656303774,0.8829432169438394,-0.041882630870754736,0.02868895711663888,False,,,,,0.018002956119233065,,,,,,,,,,,,-0.36643075911351813,96.0,24.0,,,,,,,,,,,,,,,,,
lead_lag,XAGUSD|trail1->fwd1,0.001970956097570879,58229,0.6360288505571668,0.8829432169438394,-0.00621217276461245,0.010154084959754209,False,,,,,0.004175065746011903,,,,,,,,,,,,0.47207785876272046,1.0,1.0,,,,,,,,,,,,,,,,,
lead_lag,XAGUSD|trail1->fwd6,0.004996870612778265,58224,0.2053699215693758,0.7829756395923989,-0.0026912635015954025,0.012685004727151932,False,,,,,0.003922517405292688,,,,,,,,,,,,1.2738938024942714,1.0,6.0,,,,,,,,,,,,,,,,,
lead_lag,XAGUSD|trail1->fwd24,-0.0026041873749342807,58206,0.49649722259339146,0.8825695766849239,-0.010154415364839183,0.004946040614970622,False,,,,,0.003852157137706583,,,,,,,,,,,,-0.67603352662937,1.0,24.0,,,,,,,,,,,,,,,,,
lead_lag,XAGUSD|trail6->fwd1,0.0010980227290341633,58224,0.7721504494017518,0.9143886900810219,-0.0064264798830291955,0.008622525341097522,False,,,,,0.003839031944930285,,,,,,,,,,,,0.28601552286747195,6.0,1.0,,,,,,,,,,,,,,,,,
lead_lag,XAGUSD|trail6->fwd6,0.0035754195424207436,58219,0.6297137404580153,0.8829432169438394,-0.011190289359581121,0.018341128444422608,False,,,,,0.007533524950000952,,,,,,,,,,,,0.4746011417165734,6.0,6.0,,,,,,,,,,,,,,,,,
lead_lag,XAGUSD|trail6->fwd24,-0.02092809101648022,58201,0.018097819861784582,0.551586430126418,-0.038209110210120634,-0.0036470718228398015,False,,,,,0.00881684652736756,,,,,,,,,,,,-2.3736481009983854,6.0,24.0,,,,,,,,,,,,,,,,,
lead_lag,XAGUSD|trail24->fwd1,-0.006768000079473911,58206,0.06408078340046194,0.6477057958840823,-0.013932819476185312,0.00039681931723749113,False,,,,,0.0036555201003629603,,,,,,,,,,,,-1.8514465503286137,24.0,1.0,,,,,,,,,,,,,,,,,
lead_lag,XAGUSD|trail24->fwd6,-0.02168932817005688,58201,0.01643694398839296,0.551586430126418,-0.03914620401853494,-0.004232452321578813,False,,,,,0.008906569310447993,,,,,,,,,,,,-2.435205679544184,24.0,6.0,,,,,,,,,,,,,,,,,
lead_lag,XAGUSD|trail24->fwd24,-0.046164804129451426,58183,0.0013749379368292404,0.15468051789328954,-0.0758524649021553,-0.01647714335674755,False,,,,,0.01514676570035912,,,,,,,,,,,,-3.047832457615482,24.0,24.0,,,,,,,,,,,,,,,,,
lead_lag,XAGUSD|trail96->fwd1,-0.006646631098516757,58134,0.06717886971312807,0.6477057958840823,-0.013737803634492077,0.00044454143745856125,False,,,,,0.003617945171415979,,,,,,,,,,,,-1.8371287522622741,96.0,1.0,,,,,,,,,,,,,,,,,
lead_lag,XAGUSD|trail96->fwd6,-0.013713158047438254,58129,0.1230933904201231,0.7234628034712033,-0.031246293428621952,0.003819977333745443,False,,,,,0.008945477235297806,,,,,,,,,,,,-1.5329710966484535,96.0,6.0,,,,,,,,,,,,,,,,,
lead_lag,XAGUSD|trail96->fwd24,-0.025236394712055146,58111,0.15345493480172842,0.7829756395923989,-0.060726258031658084,0.010253468607547792,False,,,,,0.0181070731222464,,,,,,,,,,,,-1.3937313082946379,96.0,24.0,,,,,,,,,,,,,,,,,
lead_lag,COPPER|trail1->fwd1,-0.004512028657049926,58229,0.27843077392764465,0.7829756395923989,-0.012658913975126168,0.003634856661026316,False,,,,,0.004156574141875633,,,,,,,,,,,,-1.085516221542459,1.0,1.0,,,,,,,,,,,,,,,,,
lead_lag,COPPER|trail1->fwd6,0.008514340798441102,58224,0.035131576436463564,0.6477057958840823,0.000603023763683791,0.016425657833198413,False,,,,,0.004036386242223118,,,,,,,,,,,,2.109396942585867,1.0,6.0,,,,,,,,,,,,,,,,,
lead_lag,COPPER|trail1->fwd24,0.0027363204977175703,58206,0.4797373394162674,0.8825695766849239,-0.004837525413461927,0.010310166408897068,False,,,,,0.00386420709754056,,,,,,,,,,,,0.70811952585542,1.0,24.0,,,,,,,,,,,,,,,,,
lead_lag,COPPER|trail6->fwd1,0.005945144352092447,58224,0.11751235616281511,0.7146021658549567,-0.0014955541071389267,0.013385842811323819,False,,,,,0.0037962747240976396,,,,,,,,,,,,1.5660469234100505,6.0,1.0,,,,,,,,,,,,,,,,,
lead_lag,COPPER|trail6->fwd6,0.024838263548840715,58219,0.0009541984732824427,0.15468051789328954,0.00999474393237382,0.03968178316530761,False,,,,,0.007573224294115764,,,,,,,,,,,,3.279747513636896,6.0,6.0,,,,,,,,,,,,,,,,,
lead_lag,COPPER|trail6->fwd24,0.00017750195435316832,58201,0.9826658012294299,0.991050130717707,-0.017055548540395774,0.017410552449102112,False,,,,,0.008792372701402523,,,,,,,,,,,,0.020188174498659953,6.0,24.0,,,,,,,,,,,,,,,,,
lead_lag,COPPER|trail24->fwd1,0.0005875656488937108,58206,0.8751980453165862,0.937712191410628,-0.006564901745658507,0.007740033043445928,False,,,,,0.003649218058445009,,,,,,,,,,,,0.16101138366724022,24.0,1.0,,,,,,,,,,,,,,,,,
lead_lag,COPPER|trail24->fwd6,-0.007226621312743285,58201,0.4198579664770341,0.81639019377569,-0.02463816203735301,0.010184919411866441,False,,,,,0.008883439145209044,,,,,,,,,,,,-0.8134936475183372,24.0,6.0,,,,,,,,,,,,,,,,,
lead_lag,COPPER|trail24->fwd24,-0.028170685514633625,58183,0.057079020738647214,0.6477057958840823,-0.05753398272481622,0.0011926116955489653,False,,,,,0.014981274086827853,,,,,,,,,,,,-1.8803931729279582,24.0,24.0,,,,,,,,,,,,,,,,,
lead_lag,COPPER|trail96->fwd1,-0.0013835474566717629,58134,0.6919901381801502,0.8829432169438394,-0.00828041397540092,0.005513319062057394,False,,,,,0.0035188094483312024,,,,,,,,,,,,-0.3931862401153638,96.0,1.0,,,,,,,,,,,,,,,,,
lead_lag,COPPER|trail96->fwd6,-0.007448430580941229,58129,0.39884934439389885,0.81639019377569,-0.02451522621818943,0.009618365056306973,False,,,,,0.008707548794514389,,,,,,,,,,,,-0.8553992353891392,96.0,6.0,,,,,,,,,,,,,,,,,
lead_lag,COPPER|trail96->fwd24,-0.020905687437924078,58111,0.22205651791518488,0.7829756395923989,-0.054192914718777754,0.012381539842929598,False,,,,,0.016983279224925346,,,,,,,,,,,,-1.2309570584720793,96.0,24.0,,,,,,,,,,,,,,,,,
lead_lag,WTI|trail1->fwd1,0.011963435411209375,58229,0.003720805983819264,0.2790604487864448,0.0038064336233006243,0.020120437199118126,False,,,,,0.004161735606075893,,,,,,,,,,,,2.87462648846396,1.0,1.0,,,,,,,,,,,,,,,,,
lead_lag,WTI|trail1->fwd6,0.004356312755735118,58224,0.28107169436864304,0.7829756395923989,-0.003595936957923703,0.012308562469393939,False,,,,,0.004057270262070827,,,,,,,,,,,,1.0737053423480003,1.0,6.0,,,,,,,,,,,,,,,,,
lead_lag,WTI|trail1->fwd24,-0.0034004140783655762,58206,0.3969496249069426,0.81639019377569,-0.011256206785100274,0.004455378628369123,False,,,,,0.004008057503436071,,,,,,,,,,,,-0.8483945341229342,1.0,24.0,,,,,,,,,,,,,,,,,
lead_lag,WTI|trail6->fwd1,0.003100130729741382,58224,0.4193462206362231,0.81639019377569,-0.004445992753293132,0.010646254212775897,False,,,,,0.0038500630015482215,,,,,,,,,,,,0.8052155843929644,6.0,1.0,,,,,,,,,,,,,,,,,
lead_lag,WTI|trail6->fwd6,-0.0069404559557667556,58219,0.3545610687022901,0.81639019377569,-0.021701103326570447,0.007820191415036936,False,,,,,0.007530942536124333,,,,,,,,,,,,-0.9215919418419224,6.0,6.0,,,,,,,,,,,,,,,,,
lead_lag,WTI|trail6->fwd24,-0.012267168660347674,58201,0.17250200450536443,0.7829756395923989,-0.02986764361138916,0.005333306290693812,False,,,,,0.008979834158694636,,,,,,,,,,,,-1.3660796450756396,6.0,24.0,,,,,,,,,,,,,,,,,
lead_lag,WTI|trail24->fwd1,-0.002210998087953935,58206,0.550308282589192,0.8825695766849239,-0.009436961004727212,0.0050149648288193415,False,,,,,0.0036867157738639167,,,,,,,,,,,,-0.5997202452188675,24.0,1.0,,,,,,,,,,,,,,,,,
lead_lag,WTI|trail24->fwd6,-0.008227442001808525,58201,0.36495361001870874,0.81639019377569,-0.025795060771724464,0.009340176768107415,False,,,,,0.00896307080097752,,,,,,,,,,,,-0.9179266999554698,24.0,6.0,,,,,,,,,,,,,,,,,
lead_lag,WTI|trail24->fwd24,-0.004862880970126911,58183,0.7552610472443952,0.9136222345698329,-0.03481670123717031,0.025090939296916484,False,,,,,0.015282561360736427,,,,,,,,,,,,-0.31819803338859826,24.0,24.0,,,,,,,,,,,,,,,,,
lead_lag,WTI|trail96->fwd1,0.0017397926128802552,58134,0.6244672514955182,0.8829432169438394,-0.005240825610742735,0.008720410836503245,False,,,,,0.0035615399100117295,,,,,,,,,,,,0.4884944874517847,96.0,1.0,,,,,,,,,,,,,,,,,
lead_lag,WTI|trail96->fwd6,0.007335518800805197,58129,0.39615428724339613,0.81639019377569,-0.00962732130337438,0.024298358904984774,False,,,,,0.00865451025723448,,,,,,,,,,,,0.8475949051736682,96.0,6.0,,,,,,,,,,,,,,,,,
lead_lag,WTI|trail96->fwd24,0.013177263210877924,58111,0.43013651485602844,0.8168032589063715,-0.020293765311640382,0.04664829173339623,False,,,,,0.01707705536863179,,,,,,,,,,,,0.771635561660282,96.0,24.0,,,,,,,,,,,,,,,,,
lead_lag,BRENT|trail1->fwd1,0.005740660296057862,58229,0.16825675469393986,0.7829756395923989,-0.002424267924958784,0.013905588517074508,False,,,,,0.00416577970460033,,,,,,,,,,,,1.378051818179048,1.0,1.0,,,,,,,,,,,,,,,,,
lead_lag,BRENT|trail1->fwd6,0.0038210449183170092,58224,0.34984638284067704,0.81639019377569,-0.004179139817560196,0.011821229654194215,False,,,,,0.004081726906059798,,,,,,,,,,,,0.9361343877867536,1.0,6.0,,,,,,,,,,,,,,,,,
lead_lag,BRENT|trail1->fwd24,-0.008057429389622759,58206,0.04545020711245156,0.6477057958840823,-0.015990750334791144,-0.00012410844445437212,False,,,,,0.0040476127271267285,,,,,,,,,,,,-1.9906621341569088,1.0,24.0,,,,,,,,,,,,,,,,,
lead_lag,BRENT|trail6->fwd1,0.0030232095677806795,58224,0.4319981680438143,0.8168032589063715,-0.004517591991328448,0.010564011126889808,False,,,,,0.003847347734239351,,,,,,,,,,,,0.7857905696632826,6.0,1.0,,,,,,,,,,,,,,,,,
lead_lag,BRENT|trail6->fwd6,-0.0022246674519186176,58219,0.7656106870229008,0.9140081099727576,-0.017032319053672126,0.01258298414983489,False,,,,,0.007554924286608933,,,,,,,,,,,,-0.29446588311438543,6.0,6.0,,,,,,,,,,,,,,,,,
lead_lag,BRENT|trail6->fwd24,-0.014171363001804717,58201,0.113130464663434,0.7146021658549567,-0.031635058096574485,0.003292332092965049,False,,,,,0.008910048517739676,,,,,,,,,,,,-1.5904922373419068,6.0,24.0,,,,,,,,,,,,,,,,,
lead_lag,BRENT|trail24->fwd1,-0.002105520689522048,58206,0.5687670605302843,0.8825695766849239,-0.009370079255824849,0.005159037876780752,False,,,,,0.003706407431787143,,,,,,,,,,,,-0.5680758870340423,24.0,1.0,,,,,,,,,,,,,,,,,
lead_lag,BRENT|trail24->fwd6,-0.004446941215712842,58201,0.6267801916688939,0.8829432169438394,-0.022096550934725376,0.01320266850329969,False,,,,,0.009004902917863537,,,,,,,,,,,,-0.4938355533951612,24.0,6.0,,,,,,,,,,,,,,,,,
lead_lag,BRENT|trail24->fwd24,-0.005446536469561374,58183,0.721708742313715,0.8873468143201414,-0.03541850852772726,0.02452543558860451,False,,,,,0.015291822478656064,,,,,,,,,,,,-0.3561731426822088,24.0,24.0,,,,,,,,,,,,,,,,,
lead_lag,BRENT|trail96->fwd1,0.0021677613458327247,58134,0.5439863922175716,0.8825695766849239,-0.004823950411673052,0.009159473103338502,False,,,,,0.003567199876278458,,,,,,,,,,,,0.6076927060488347,96.0,1.0,,,,,,,,,,,,,,,,,
lead_lag,BRENT|trail96->fwd6,0.007681013788090237,58129,0.37925761688137927,0.81639019377569,-0.009426870538978817,0.02478889811515929,False,,,,,0.008728512411769924,,,,,,,,,,,,0.8799911629538164,96.0,6.0,,,,,,,,,,,,,,,,,
lead_lag,BRENT|trail96->fwd24,0.010354438616661379,58111,0.5452946350043976,0.8825695766849239,-0.02355469224210308,0.04426356947542584,False,,,,,0.017300576968757378,,,,,,,,,,,,0.5985025028564173,96.0,24.0,,,,,,,,,,,,,,,,,
lead_lag,HSI|trail1->fwd1,-0.002486678308483167,24259,0.6952280637479392,0.8829432169438394,-0.015068962638370011,0.010095606021403677,False,,,,,0.006419532821370839,,,,,,,,,,,,-0.3873612578480683,1.0,1.0,,,,,,,,,,,,,,,,,
lead_lag,HSI|trail1->fwd6,0.00278567070240329,24254,0.668544729971142,0.8829432169438394,-0.009907667155085747,0.015479008559892328,False,,,,,0.006476192784433182,,,,,,,,,,,,0.43014017573707874,1.0,6.0,,,,,,,,,,,,,,,,,
lead_lag,HSI|trail1->fwd24,0.003970964663889759,24236,0.5493009397203759,0.8825695766849239,-0.008881190077049593,0.016823119404829112,False,,,,,0.006557221806601711,,,,,,,,,,,,0.6055864481954617,1.0,24.0,,,,,,,,,,,,,,,,,
lead_lag,HSI|trail6->fwd1,0.007067368876876446,24254,0.23975081306399157,0.7829756395923989,-0.004724215669517848,0.01885895342327074,False,,,,,0.006016114564486885,,,,,,,,,,,,1.174739742922303,6.0,1.0,,,,,,,,,,,,,,,,,
lead_lag,HSI|trail6->fwd6,0.006269790466064928,24249,0.5771098689636214,0.8829432169438394,-0.01615956823027546,0.028699149162405315,False,,,,,0.011443550355275708,,,,,,,,,,,,0.5478885722886191,6.0,6.0,,,,,,,,,,,,,,,,,
lead_lag,HSI|trail6->fwd24,0.0005371508048434789,24231,0.9691884456671251,0.9867303179868921,-0.025737993996447515,0.026812295606134476,False,,,,,0.01340568612310765,,,,,,,,,,,,0.040068878229036056,6.0,24.0,,,,,,,,,,,,,,,,,
lead_lag,HSI|trail24->fwd1,0.007306645006215196,24236,0.19147375658950264,0.7829756395923989,-0.0036218729866724945,0.018235162999102886,False,,,,,0.005575774486167189,,,,,,,,,,,,1.3104269235318042,24.0,1.0,,,,,,,,,,,,,,,,,
lead_lag,HSI|trail24->fwd6,-0.006085898587500598,24231,0.6566712517193948,0.8829432169438394,-0.03284401067539491,0.020672213500393707,False,,,,,0.013652098004027708,,,,,,,,,,,,-0.4457848592725533,24.0,6.0,,,,,,,,,,,,,,,,,
lead_lag,HSI|trail24->fwd24,-0.010590386876102195,24213,0.6678443608332568,0.8829432169438394,-0.0562261090344435,0.035045335282239104,False,,,,,0.02328353171343944,,,,,,,,,,,,-0.4548445230063332,24.0,24.0,,,,,,,,,,,,,,,,,
lead_lag,HSI|trail96->fwd1,0.007077799067228131,24164,0.19803209342958297,0.7829756395923989,-0.0035004503775665696,0.01765604851202283,False,,,,,0.0053970660432626025,,,,,,,,,,,,1.311416056519016,96.0,1.0,,,,,,,,,,,,,,,,,
lead_lag,HSI|trail96->fwd6,0.012449963773654496,24159,0.37675894417364114,0.81639019377569,-0.014880109847173764,0.039780037394482756,False,,,,,0.01394391511266748,,,,,,,,,,,,0.8928599803611978,96.0,6.0,,,,,,,,,,,,,,,,,
lead_lag,HSI|trail96->fwd24,0.010584045815849208,24141,0.6986377025036818,0.8829432169438394,-0.043688795584227384,0.06485688721592581,False,,,,,0.027690225204120712,,,,,,,,,,,,0.38223039855501595,96.0,24.0,,,,,,,,,,,,,,,,,
lead_lag,HKG40|trail1->fwd1,0.0016434260351597446,58229,0.6904671042588918,0.8829432169438394,-0.006506906218675853,0.009793758288995343,False,,,,,0.004158332782569183,,,,,,,,,,,,0.3952127261311614,1.0,1.0,,,,,,,,,,,,,,,,,
lead_lag,HKG40|trail1->fwd6,0.003856317055767235,58224,0.3609717000935061,0.81639019377569,-0.0043753283821887515,0.012087962493723223,False,,,,,0.004199819100997953,,,,,,,,,,,,0.9182102759737687,1.0,6.0,,,,,,,,,,,,,,,,,
lead_lag,HKG40|trail1->fwd24,-0.0026289042800395953,58206,0.535552713459446,0.8825695766849239,-0.010842634819684777,0.005584826259605586,False,,,,,0.004190678846757746,,,,,,,,,,,,-0.6273218197270192,1.0,24.0,,,,,,,,,,,,,,,,,
lead_lag,HKG40|trail6->fwd1,0.0034457918914907125,58224,0.37354731599335916,0.81639019377569,-0.004103103552385842,0.010994687335367266,False,,,,,0.0038514772672839565,,,,,,,,,,,,0.8946675917733428,6.0,1.0,,,,,,,,,,,,,,,,,
lead_lag,HKG40|trail6->fwd6,0.00889619864341348,58219,0.23727099236641222,0.7829756395923989,-0.005852262436274907,0.02364465972310187,False,,,,,0.007524725040657341,,,,,,,,,,,,1.1822622880365514,6.0,6.0,,,,,,,,,,,,,,,,,
lead_lag,HKG40|trail6->fwd24,-0.011209549152379652,58201,0.21045397273872704,0.7829756395923989,-0.028773254273892955,0.00635415596913365,False,,,,,0.00896107404158842,,,,,,,,,,,,-1.2509158054443072,6.0,24.0,,,,,,,,,,,,,,,,,
lead_lag,HKG40|trail24->fwd1,-0.001100810611489126,58206,0.7677668123771164,0.9140081099727576,-0.008299573381919419,0.006097952158941166,False,,,,,0.003672838148178721,,,,,,,,,,,,-0.29971661344102346,24.0,1.0,,,,,,,,,,,,,,,,,
lead_lag,HKG40|trail24->fwd6,-0.010268786051520632,58201,0.25004772631820094,0.7829756395923989,-0.027867486163775386,0.007329914060734121,False,,,,,0.008978928628701404,,,,,,,,,,,,-1.1436538228732727,24.0,6.0,,,,,,,,,,,,,,,,,
lead_lag,HKG40|trail24->fwd24,-0.03178415797757947,58183,0.035805675438261464,0.6477057958840823,-0.061849244709484566,-0.0017190712456743723,False,,,,,0.015339329965257702,,,,,,,,,,,,-2.072069513438196,24.0,24.0,,,,,,,,,,,,,,,,,
lead_lag,HKG40|trail96->fwd1,0.0015389890948497072,58134,0.6693423542228083,0.8829432169438394,-0.005513629451923077,0.008591607641622492,False,,,,,0.0035982747687616245,,,,,,,,,,,,0.4277019387764439,96.0,1.0,,,,,,,,,,,,,,,,,
lead_lag,HKG40|trail96->fwd6,0.0005944030244483924,58129,0.946022401467946,0.9867303179868921,-0.01695960156662418,0.018148407615520962,False,,,,,0.008956124791363557,,,,,,,,,,,,0.06636832763000117,96.0,6.0,,,,,,,,,,,,,,,,,
lead_lag,HKG40|trail96->fwd24,-0.0048089561455075995,58111,0.7884210928836374,0.919143761133774,-0.04004635894070143,0.03042844664968623,False,,,,,0.01797826673224175,,,,,,,,,,,,-0.2674871953525611,96.0,24.0,,,,,,,,,,,,,,,,,
lead_lag,FUNDING_RATE|trail1->fwd1,-0.0018650802504650028,57652,0.633448322380466,0.8829432169438394,-0.009470265239343953,0.005740104738413947,False,,,,,0.0038801964228974235,,,,,,,,,,,,-0.48066645272362485,1.0,1.0,,,,,,,,,,,,,,,,,
lead_lag,FUNDING_RATE|trail1->fwd6,-0.016185737902728172,57647,0.05997995528486624,0.6477057958840823,-0.03302263767239749,0.0006511618669411516,False,,,,,0.008590254984525165,,,,,,,,,,,,-1.884197609021597,1.0,6.0,,,,,,,,,,,,,,,,,
lead_lag,FUNDING_RATE|trail1->fwd24,-0.029262264191465298,57629,0.06213850543687823,0.6477057958840823,-0.06016782475218918,0.0016432963692585845,False,,,,,0.01576814314322647,,,,,,,,,,,,-1.8557837740099097,1.0,24.0,,,,,,,,,,,,,,,,,
lead_lag,FUNDING_RATE|trail6->fwd1,-0.002481493449565187,57650,0.5218840942818047,0.8825695766849239,-0.010055803677491424,0.005092816778361051,False,,,,,0.0038644439938399174,,,,,,,,,,,,-0.6421346650438691,6.0,1.0,,,,,,,,,,,,,,,,,
lead_lag,FUNDING_RATE|trail6->fwd6,-0.016285310409884686,57645,0.061158012412782854,0.6477057958840823,-0.033325296254068,0.0007546754342986281,False,,,,,0.008693870328664956,,,,,,,,,,,,-1.8731945375570702,6.0,6.0,,,,,,,,,,,,,,,,,
lead_lag,FUNDING_RATE|trail6->fwd24,-0.026142269614247333,57627,0.11028419388424016,0.7146021658549567,-0.05795952480256826,0.005674985574073598,False,,,,,0.016233293463429048,,,,,,,,,,,,-1.6104107076694933,6.0,24.0,,,,,,,,,,,,,,,,,
lead_lag,FUNDING_RATE|trail24->fwd1,-0.0008767792007427702,57641,0.8232198619838853,0.9274546579147327,-0.008470162600147003,0.006716604198661463,False,,,,,0.00387417520377767,,,,,,,,,,,,-0.22631377122228014,24.0,1.0,,,,,,,,,,,,,,,,,
lead_lag,FUNDING_RATE|trail24->fwd6,-0.007565079867590725,57636,0.3762120481927711,0.81639019377569,-0.024539593110965603,0.009409433375784156,False,,,,,0.008660465940497387,,,,,,,,,,,,-0.8735188059819616,24.0,6.0,,,,,,,,,,,,,,,,,
lead_lag,FUNDING_RATE|trail24->fwd24,-0.017342408276427128,57618,0.3190574442237606,0.81639019377569,-0.05101043983918697,0.016325623286332712,False,,,,,0.01717756712385706,,,,,,,,,,,,-1.0095963037944486,24.0,24.0,,,,,,,,,,,,,,,,,
lead_lag,FUNDING_RATE|trail96->fwd1,,57605,,,,,False,,,,,,,,,,,,,,,,,,96.0,1.0,1.0,,,,,,,,,,,,,,,,
lead_lag,FUNDING_RATE|trail96->fwd6,,57600,,,,,False,,,,,,,,,,,,,,,,,,96.0,6.0,1.0,,,,,,,,,,,,,,,,
lead_lag,FUNDING_RATE|trail96->fwd24,,57582,,,,,False,,,,,,,,,,,,,,,,,,96.0,24.0,1.0,,,,,,,,,,,,,,,,
contemporaneous,DXY|contemporaneous_w1_NOT_TRADEABLE,0.005069394363138258,58230,,,,,False,,,,,,,,,,,,,,,,,,1.0,,,,,,,,,,,,,,,,,,
contemporaneous,DXY|contemporaneous_w6_NOT_TRADEABLE,-0.10547793063755598,58225,,,,,False,,,,,,,,,,,,,,,,,,6.0,,,,,,,,,,,,,,,,,,
contemporaneous,DXY|contemporaneous_w24_NOT_TRADEABLE,-0.15543514691274926,58207,,,,,False,,,,,,,,,,,,,,,,,,24.0,,,,,,,,,,,,,,,,,,
contemporaneous,DXY|contemporaneous_w96_NOT_TRADEABLE,-0.15876015125553689,58135,,,,,False,,,,,,,,,,,,,,,,,,96.0,,,,,,,,,,,,,,,,,,
contemporaneous,EURUSD|contemporaneous_w1_NOT_TRADEABLE,-0.008738593572542922,58230,,,,,False,,,,,,,,,,,,,,,,,,1.0,,,,,,,,,,,,,,,,,,
contemporaneous,EURUSD|contemporaneous_w6_NOT_TRADEABLE,0.09769784830395709,58225,,,,,False,,,,,,,,,,,,,,,,,,6.0,,,,,,,,,,,,,,,,,,
contemporaneous,EURUSD|contemporaneous_w24_NOT_TRADEABLE,0.1448838448401702,58207,,,,,False,,,,,,,,,,,,,,,,,,24.0,,,,,,,,,,,,,,,,,,
contemporaneous,EURUSD|contemporaneous_w96_NOT_TRADEABLE,0.1481323782186479,58135,,,,,False,,,,,,,,,,,,,,,,,,96.0,,,,,,,,,,,,,,,,,,
contemporaneous,GBPUSD|contemporaneous_w1_NOT_TRADEABLE,-0.002897445035161508,58230,,,,,False,,,,,,,,,,,,,,,,,,1.0,,,,,,,,,,,,,,,,,,
contemporaneous,GBPUSD|contemporaneous_w6_NOT_TRADEABLE,0.1184382448806282,58225,,,,,False,,,,,,,,,,,,,,,,,,6.0,,,,,,,,,,,,,,,,,,
contemporaneous,GBPUSD|contemporaneous_w24_NOT_TRADEABLE,0.18744473441105572,58207,,,,,False,,,,,,,,,,,,,,,,,,24.0,,,,,,,,,,,,,,,,,,
contemporaneous,GBPUSD|contemporaneous_w96_NOT_TRADEABLE,0.19577339587489628,58135,,,,,False,,,,,,,,,,,,,,,,,,96.0,,,,,,,,,,,,,,,,,,
contemporaneous,USDJPY|contemporaneous_w1_NOT_TRADEABLE,0.007338530607570854,58230,,,,,False,,,,,,,,,,,,,,,,,,1.0,,,,,,,,,,,,,,,,,,
contemporaneous,USDJPY|contemporaneous_w6_NOT_TRADEABLE,-0.013881875862327862,58225,,,,,False,,,,,,,,,,,,,,,,,,6.0,,,,,,,,,,,,,,,,,,
contemporaneous,USDJPY|contemporaneous_w24_NOT_TRADEABLE,-0.022677683790904384,58207,,,,,False,,,,,,,,,,,,,,,,,,24.0,,,,,,,,,,,,,,,,,,
contemporaneous,USDJPY|contemporaneous_w96_NOT_TRADEABLE,-0.020641981450331876,58135,,,,,False,,,,,,,,,,,,,,,,,,96.0,,,,,,,,,,,,,,,,,,
contemporaneous,USDCHF|contemporaneous_w1_NOT_TRADEABLE,0.00567842842853051,58230,,,,,False,,,,,,,,,,,,,,,,,,1.0,,,,,,,,,,,,,,,,,,
contemporaneous,USDCHF|contemporaneous_w6_NOT_TRADEABLE,-0.05622477414052045,58225,,,,,False,,,,,,,,,,,,,,,,,,6.0,,,,,,,,,,,,,,,,,,
contemporaneous,USDCHF|contemporaneous_w24_NOT_TRADEABLE,-0.07210870838421606,58207,,,,,False,,,,,,,,,,,,,,,,,,24.0,,,,,,,,,,,,,,,,,,
contemporaneous,USDCHF|contemporaneous_w96_NOT_TRADEABLE,-0.05756470138335277,58135,,,,,False,,,,,,,,,,,,,,,,,,96.0,,,,,,,,,,,,,,,,,,
contemporaneous,USDCAD|contemporaneous_w1_NOT_TRADEABLE,-0.002402300208409443,58230,,,,,False,,,,,,,,,,,,,,,,,,1.0,,,,,,,,,,,,,,,,,,
contemporaneous,USDCAD|contemporaneous_w6_NOT_TRADEABLE,-0.14651619339224628,58225,,,,,False,,,,,,,,,,,,,,,,,,6.0,,,,,,,,,,,,,,,,,,
contemporaneous,USDCAD|contemporaneous_w24_NOT_TRADEABLE,-0.22169016799604147,58207,,,,,False,,,,,,,,,,,,,,,,,,24.0,,,,,,,,,,,,,,,,,,
contemporaneous,USDCAD|contemporaneous_w96_NOT_TRADEABLE,-0.23523961535965987,58135,,,,,False,,,,,,,,,,,,,,,,,,96.0,,,,,,,,,,,,,,,,,,
contemporaneous,AUDUSD|contemporaneous_w1_NOT_TRADEABLE,-0.0041191496415529235,58230,,,,,False,,,,,,,,,,,,,,,,,,1.0,,,,,,,,,,,,,,,,,,
contemporaneous,AUDUSD|contemporaneous_w6_NOT_TRADEABLE,0.158263480395963,58225,,,,,False,,,,,,,,,,,,,,,,,,6.0,,,,,,,,,,,,,,,,,,
contemporaneous,AUDUSD|contemporaneous_w24_NOT_TRADEABLE,0.2488178955804035,58207,,,,,False,,,,,,,,,,,,,,,,,,24.0,,,,,,,,,,,,,,,,,,
contemporaneous,AUDUSD|contemporaneous_w96_NOT_TRADEABLE,0.2568248061538834,58135,,,,,False,,,,,,,,,,,,,,,,,,96.0,,,,,,,,,,,,,,,,,,
contemporaneous,NZDUSD|contemporaneous_w1_NOT_TRADEABLE,-0.000618622422369762,58230,,,,,False,,,,,,,,,,,,,,,,,,1.0,,,,,,,,,,,,,,,,,,
contemporaneous,NZDUSD|contemporaneous_w6_NOT_TRADEABLE,0.1390238571762097,58225,,,,,False,,,,,,,,,,,,,,,,,,6.0,,,,,,,,,,,,,,,,,,
contemporaneous,NZDUSD|contemporaneous_w24_NOT_TRADEABLE,0.21359601592531188,58207,,,,,False,,,,,,,,,,,,,,,,,,24.0,,,,,,,,,,,,,,,,,,
contemporaneous,NZDUSD|contemporaneous_w96_NOT_TRADEABLE,0.21083529705610352,58135,,,,,False,,,,,,,,,,,,,,,,,,96.0,,,,,,,,,,,,,,,,,,
contemporaneous,EURJPY|contemporaneous_w1_NOT_TRADEABLE,0.005274765009073887,58230,,,,,False,,,,,,,,,,,,,,,,,,1.0,,,,,,,,,,,,,,,,,,
contemporaneous,EURJPY|contemporaneous_w6_NOT_TRADEABLE,0.07542829164579837,58225,,,,,False,,,,,,,,,,,,,,,,,,6.0,,,,,,,,,,,,,,,,,,
contemporaneous,EURJPY|contemporaneous_w24_NOT_TRADEABLE,0.10087172118444794,58207,,,,,False,,,,,,,,,,,,,,,,,,24.0,,,,,,,,,,,,,,,,,,
contemporaneous,EURJPY|contemporaneous_w96_NOT_TRADEABLE,0.10725761355601589,58135,,,,,False,,,,,,,,,,,,,,,,,,96.0,,,,,,,,,,,,,,,,,,
contemporaneous,EURGBP|contemporaneous_w1_NOT_TRADEABLE,-0.006915798122011788,58230,,,,,False,,,,,,,,,,,,,,,,,,1.0,,,,,,,,,,,,,,,,,,
contemporaneous,EURGBP|contemporaneous_w6_NOT_TRADEABLE,-0.054261875787706644,58225,,,,,False,,,,,,,,,,,,,,,,,,6.0,,,,,,,,,,,,,,,,,,
contemporaneous,EURGBP|contemporaneous_w24_NOT_TRADEABLE,-0.07936911083365952,58207,,,,,False,,,,,,,,,,,,,,,,,,24.0,,,,,,,,,,,,,,,,,,
contemporaneous,EURGBP|contemporaneous_w96_NOT_TRADEABLE,-0.10237569503868858,58135,,,,,False,,,,,,,,,,,,,,,,,,96.0,,,,,,,,,,,,,,,,,,
contemporaneous,EURCHF|contemporaneous_w1_NOT_TRADEABLE,0.0008187794137354687,58230,,,,,False,,,,,,,,,,,,,,,,,,1.0,,,,,,,,,,,,,,,,,,
contemporaneous,EURCHF|contemporaneous_w6_NOT_TRADEABLE,0.05621719803818436,58225,,,,,False,,,,,,,,,,,,,,,,,,6.0,,,,,,,,,,,,,,,,,,
contemporaneous,EURCHF|contemporaneous_w24_NOT_TRADEABLE,0.09704092997497941,58207,,,,,False,,,,,,,,,,,,,,,,,,24.0,,,,,,,,,,,,,,,,,,
contemporaneous,EURCHF|contemporaneous_w96_NOT_TRADEABLE,0.12826624005800716,58135,,,,,False,,,,,,,,,,,,,,,,,,96.0,,,,,,,,,,,,,,,,,,
contemporaneous,XAUUSD|contemporaneous_w1_NOT_TRADEABLE,0.0029803952684590933,58230,,,,,False,,,,,,,,,,,,,,,,,,1.0,,,,,,,,,,,,,,,,,,
contemporaneous,XAUUSD|contemporaneous_w6_NOT_TRADEABLE,0.08778034403758575,58225,,,,,False,,,,,,,,,,,,,,,,,,6.0,,,,,,,,,,,,,,,,,,
contemporaneous,XAUUSD|contemporaneous_w24_NOT_TRADEABLE,0.11699720401919121,58207,,,,,False,,,,,,,,,,,,,,,,,,24.0,,,,,,,,,,,,,,,,,,
contemporaneous,XAUUSD|contemporaneous_w96_NOT_TRADEABLE,0.10006035489869887,58135,,,,,False,,,,,,,,,,,,,,,,,,96.0,,,,,,,,,,,,,,,,,,
contemporaneous,XAGUSD|contemporaneous_w1_NOT_TRADEABLE,0.002470390622384442,58230,,,,,False,,,,,,,,,,,,,,,,,,1.0,,,,,,,,,,,,,,,,,,
contemporaneous,XAGUSD|contemporaneous_w6_NOT_TRADEABLE,0.1280581467172934,58225,,,,,False,,,,,,,,,,,,,,,,,,6.0,,,,,,,,,,,,,,,,,,
contemporaneous,XAGUSD|contemporaneous_w24_NOT_TRADEABLE,0.17666562843335132,58207,,,,,False,,,,,,,,,,,,,,,,,,24.0,,,,,,,,,,,,,,,,,,
contemporaneous,XAGUSD|contemporaneous_w96_NOT_TRADEABLE,0.17949357270595612,58135,,,,,False,,,,,,,,,,,,,,,,,,96.0,,,,,,,,,,,,,,,,,,
contemporaneous,COPPER|contemporaneous_w1_NOT_TRADEABLE,0.007281376607246334,58230,,,,,False,,,,,,,,,,,,,,,,,,1.0,,,,,,,,,,,,,,,,,,
contemporaneous,COPPER|contemporaneous_w6_NOT_TRADEABLE,0.13509660851051034,58225,,,,,False,,,,,,,,,,,,,,,,,,6.0,,,,,,,,,,,,,,,,,,
contemporaneous,COPPER|contemporaneous_w24_NOT_TRADEABLE,0.19273423023311695,58207,,,,,False,,,,,,,,,,,,,,,,,,24.0,,,,,,,,,,,,,,,,,,
contemporaneous,COPPER|contemporaneous_w96_NOT_TRADEABLE,0.20060044778848607,58135,,,,,False,,,,,,,,,,,,,,,,,,96.0,,,,,,,,,,,,,,,,,,
contemporaneous,WTI|contemporaneous_w1_NOT_TRADEABLE,0.00046257574274969547,58230,,,,,False,,,,,,,,,,,,,,,,,,1.0,,,,,,,,,,,,,,,,,,
contemporaneous,WTI|contemporaneous_w6_NOT_TRADEABLE,0.07183785965133323,58225,,,,,False,,,,,,,,,,,,,,,,,,6.0,,,,,,,,,,,,,,,,,,
contemporaneous,WTI|contemporaneous_w24_NOT_TRADEABLE,0.08248765176565602,58207,,,,,False,,,,,,,,,,,,,,,,,,24.0,,,,,,,,,,,,,,,,,,
contemporaneous,WTI|contemporaneous_w96_NOT_TRADEABLE,0.0966493940198881,58135,,,,,False,,,,,,,,,,,,,,,,,,96.0,,,,,,,,,,,,,,,,,,
contemporaneous,BRENT|contemporaneous_w1_NOT_TRADEABLE,-0.00223798799045512,58230,,,,,False,,,,,,,,,,,,,,,,,,1.0,,,,,,,,,,,,,,,,,,
contemporaneous,BRENT|contemporaneous_w6_NOT_TRADEABLE,0.06429350921743507,58225,,,,,False,,,,,,,,,,,,,,,,,,6.0,,,,,,,,,,,,,,,,,,
contemporaneous,BRENT|contemporaneous_w24_NOT_TRADEABLE,0.08524856321660806,58207,,,,,False,,,,,,,,,,,,,,,,,,24.0,,,,,,,,,,,,,,,,,,
contemporaneous,BRENT|contemporaneous_w96_NOT_TRADEABLE,0.09958480783635738,58135,,,,,False,,,,,,,,,,,,,,,,,,96.0,,,,,,,,,,,,,,,,,,
contemporaneous,HSI|contemporaneous_w1_NOT_TRADEABLE,-0.002930951816713696,24260,,,,,False,,,,,,,,,,,,,,,,,,1.0,,,,,,,,,,,,,,,,,,
contemporaneous,HSI|contemporaneous_w6_NOT_TRADEABLE,0.022875571130129474,24255,,,,,False,,,,,,,,,,,,,,,,,,6.0,,,,,,,,,,,,,,,,,,
contemporaneous,HSI|contemporaneous_w24_NOT_TRADEABLE,0.09028283645344039,24237,,,,,False,,,,,,,,,,,,,,,,,,24.0,,,,,,,,,,,,,,,,,,
contemporaneous,HSI|contemporaneous_w96_NOT_TRADEABLE,0.1359698587207153,24165,,,,,False,,,,,,,,,,,,,,,,,,96.0,,,,,,,,,,,,,,,,,,
contemporaneous,HKG40|contemporaneous_w1_NOT_TRADEABLE,0.000265107168870774,58230,,,,,False,,,,,,,,,,,,,,,,,,1.0,,,,,,,,,,,,,,,,,,
contemporaneous,HKG40|contemporaneous_w6_NOT_TRADEABLE,0.12374470929096293,58225,,,,,False,,,,,,,,,,,,,,,,,,6.0,,,,,,,,,,,,,,,,,,
contemporaneous,HKG40|contemporaneous_w24_NOT_TRADEABLE,0.19118133141439242,58207,,,,,False,,,,,,,,,,,,,,,,,,24.0,,,,,,,,,,,,,,,,,,
contemporaneous,HKG40|contemporaneous_w96_NOT_TRADEABLE,0.18839290776139983,58135,,,,,False,,,,,,,,,,,,,,,,,,96.0,,,,,,,,,,,,,,,,,,
contemporaneous,FUNDING_RATE|contemporaneous_w1_NOT_TRADEABLE,-0.0032711909994145895,49364,,,,,False,,,,,,,,,,,,,,,,,,1.0,,,,,,,,,,,,,,,,,,
contemporaneous,FUNDING_RATE|contemporaneous_w6_NOT_TRADEABLE,-0.01692088055229681,46954,,,,,False,,,,,,,,,,,,,,,,,,6.0,,,,,,,,,,,,,,,,,,
contemporaneous,FUNDING_RATE|contemporaneous_w24_NOT_TRADEABLE,0.11366677790650757,45224,,,,,False,,,,,,,,,,,,,,,,,,24.0,,,,,,,,,,,,,,,,,,
contemporaneous,FUNDING_RATE|contemporaneous_w96_NOT_TRADEABLE,0.25676447179734135,44348,,,,,False,,,,,,,,,,,,,,,,,,96.0,,,,,,,,,,,,,,,,,,
transfer_entropy,DXY|transfer_entropy_w6->fwd6,0.0021951357018362844,58219,0.009900990099009901,0.04207920792079208,,,True,,,,,,,,,,,,,,,,,,,,,0.003121116704222362,0.0009259810023860778,,,,,,,,,,,,,,
transfer_entropy,EURUSD|transfer_entropy_w6->fwd6,0.0023419310589654786,58219,0.019801980198019802,0.04590459045904591,,,True,,,,,,,,,,,,,,,,,,,,,0.0031869824212827666,0.0008450513623172878,,,,,,,,,,,,,,
transfer_entropy,GBPUSD|transfer_entropy_w6->fwd6,0.0020501902337347975,58219,0.06930693069306931,0.07363861386138615,,,False,,,,,,,,,,,,,,,,,,,,,0.0029908114252365963,0.0009406211915017988,,,,,,,,,,,,,,
transfer_entropy,USDJPY|transfer_entropy_w6->fwd6,0.002506613307412706,58219,0.0297029702970297,0.04590459045904591,,,True,,,,,,,,,,,,,,,,,,,,,0.0033927039599557845,0.0008860906525430788,,,,,,,,,,,,,,
transfer_entropy,USDCHF|transfer_entropy_w6->fwd6,0.0024402382032564962,58219,0.009900990099009901,0.04207920792079208,,,True,,,,,,,,,,,,,,,,,,,,,0.0032339817857583676,0.0007937435825018712,,,,,,,,,,,,,,
transfer_entropy,USDCAD|transfer_entropy_w6->fwd6,0.0020665677665382834,58219,0.0297029702970297,0.04590459045904591,,,True,,,,,,,,,,,,,,,,,,,,,0.002895845852567516,0.0008292780860292326,,,,,,,,,,,,,,
transfer_entropy,AUDUSD|transfer_entropy_w6->fwd6,0.0017981122442520317,58219,0.09900990099009901,0.09900990099009901,,,False,,,,,,,,,,,,,,,,,,,,,0.0028712260515922007,0.001073113807340169,,,,,,,,,,,,,,
transfer_entropy,NZDUSD|transfer_entropy_w6->fwd6,0.0022441580199633266,58219,0.019801980198019802,0.04590459045904591,,,True,,,,,,,,,,,,,,,,,,,,,0.003023492436884166,0.0007793344169208397,,,,,,,,,,,,,,
transfer_entropy,EURJPY|transfer_entropy_w6->fwd6,0.0021590130405946583,58219,0.0594059405940594,0.07213578500707214,,,False,,,,,,,,,,,,,,,,,,,,,0.0031883279452922255,0.0010293149046975674,,,,,,,,,,,,,,
transfer_entropy,EURGBP|transfer_entropy_w6->fwd6,0.0017691832983126596,58219,0.06930693069306931,0.07363861386138615,,,False,,,,,,,,,,,,,,,,,,,,,0.0026924736708888253,0.0009232903725761657,,,,,,,,,,,,,,
transfer_entropy,EURCHF|transfer_entropy_w6->fwd6,0.002176815108154213,58219,0.039603960396039604,0.051789794364051796,,,False,,,,,,,,,,,,,,,,,,,,,0.0029925397819057648,0.0008157246737515519,,,,,,,,,,,,,,
transfer_entropy,XAUUSD|transfer_entropy_w6->fwd6,0.0027849856802696677,58219,0.009900990099009901,0.04207920792079208,,,True,,,,,,,,,,,,,,,,,,,,,0.0036814855503723735,0.0008964998701027059,,,,,,,,,,,,,,
transfer_entropy,XAGUSD|transfer_entropy_w6->fwd6,0.0029851822476396985,58219,0.009900990099009901,0.04207920792079208,,,True,,,,,,,,,,,,,,,,,,,,,0.0038121150423413765,0.000826932794701678,,,,,,,,,,,,,,
transfer_entropy,COPPER|transfer_entropy_w6->fwd6,0.002491675308242521,58219,0.039603960396039604,0.051789794364051796,,,False,,,,,,,,,,,,,,,,,,,,,0.003479775365001799,0.0009881000567592778,,,,,,,,,,,,,,
transfer_entropy,WTI|transfer_entropy_w6->fwd6,0.0022454556301547083,58219,0.0297029702970297,0.04590459045904591,,,True,,,,,,,,,,,,,,,,,,,,,0.003138510941006878,0.00089305531085217,,,,,,,,,,,,,,
transfer_entropy,BRENT|transfer_entropy_w6->fwd6,0.002323500465276623,58219,0.0297029702970297,0.04590459045904591,,,True,,,,,,,,,,,,,,,,,,,,,0.0031867335417836806,0.0008632330765070576,,,,,,,,,,,,,,
transfer_entropy,HSI|transfer_entropy_w6->fwd6,,24249,,,,,False,,,,,,,,,,,,,,,,,,,,,,,,,,,,,,,,,,,,
transfer_entropy,HKG40|transfer_entropy_w6->fwd6,0.002788789672469793,58219,0.0297029702970297,0.04590459045904591,,,True,,,,,,,,,,,,,,,,,,,,,0.0036952084383573545,0.0009064187658875617,,,,,,,,,,,,,,
transfer_entropy,FUNDING_RATE|transfer_entropy_w6->fwd6,,46954,,,,,False,,,,,,,,,,,,,,,,,,,,,,,,,,,,,,,,,,,,
confluence,state[DXY-|XAUUSD-],0.0011730351717892304,7202,0.35798997441938996,0.7630787385956174,,,False,,,,,,0.9192019059509109,,,,,,,,,,,,,,,,,11.730351717892304,20.042188927302956,8.311837209410644,0.0,0.12415742927577707,4.0,4.0,,,,,,,
confluence,state[DXY-|XAUUSD+],-0.0005628438908177137,20775,0.48862365274025354,0.7630787385956174,,,False,,,,,,-0.692499574954465,,,,,,,,,,,,,,,,,-5.628438908177137,2.683398301233502,8.311837209410644,1.0,0.35814643060320306,4.0,4.0,,,,,,,
confluence,state[DXY+|XAUUSD-],-0.00022801278664769909,17462,0.8138768819374211,0.8138768819374211,,,False,,,,,,-0.23542757984807472,,,,,,,,,,,,,,,,,-2.280127866476991,6.031709342933651,8.311837209410644,2.0,0.3010326339924492,4.0,4.0,,,,,,,
confluence,state[DXY+|XAUUSD+],0.0005749874128703135,12568,0.572309053946713,0.7630787385956174,,,False,,,,,,0.5646541089084,,,,,,,,,,,,,,,,,5.7498741287031345,14.061711338113772,8.311837209410644,3.0,0.2166635061285707,4.0,4.0,,,,,,,
marginal,marginal[DXY_up_minus_down],0.00022403863022795974,58007,0.8263083816530549,0.8263083816530549,,,False,,,,,,0.21943862897575328,,,,,,,,,,,,,,,,,,,,,,,,2.2403863022795973,9.392384170620087,7.15199786834049,30030.0,27977.0,,
marginal,marginal[XAUUSD_up_minus_down],-0.00031505993172009476,58007,0.7628438401291373,0.8263083816530549,,,False,,,,,,-0.30174843798333706,,,,,,,,,,,,,,,,,,,,,,,,-3.1505993172009474,6.972233686397142,10.122833003598089,33343.0,24664.0,,
pre_event,pre_event[DXY],0.03415394533967906,387,0.9651741293532339,0.965174129353234,-0.09767937174007207,0.16598726241943018,False,,,,,0.06726189646926078,,,,,,,,,,,,0.03550218508185028,,,,,0.03176600104227111,,,,,,,,,,,,,387.0,
pre_event,pre_event[EURUSD],0.012264797842967719,387,0.845771144278607,0.945273631840796,-0.11938962092555341,0.14391921661148885,False,,,,,0.06717062182067404,,,,,,,,,,,,0.21034814609070096,,,,,-0.0018644179287706506,,,,,,,,,,,,,387.0,
pre_event,pre_event[GBPUSD],0.052820912458358446,387,0.5024875621890548,0.945273631840796,-0.08099250079847801,0.1866343257151949,False,,,,,0.06827214962083493,,,,,,,,,,,,-0.6680521980173941,,,,,0.09843027207592962,,,,,,,,,,,,,387.0,
pre_event,pre_event[USDJPY],0.3499902607239999,387,0.7562189054726368,0.945273631840796,0.21279728432316802,0.4871832371248318,False,,,,,0.06999641653103668,,,,,,,,,,,,0.32286004757918324,,,,,0.3273912143524171,,,,,,,,,,,,,387.0,
pre_event,pre_event[USDCHF],-0.09385374497374625,387,0.7711442786069652,0.945273631840796,-0.22359450653958562,0.03588701659209313,False,,,,,0.06619426610502009,,,,,,,,,,,,0.21770655670464237,,,,,-0.108264670721061,,,,,,,,,,,,,387.0,
pre_event,pre_event[USDCAD],0.104281705902898,387,0.3880597014925373,0.945273631840796,-0.034811492654768114,0.2433749044605641,False,,,,,0.0709659176314623,,,,,,,,,,,,0.7526206345754056,,,,,0.05087129194188087,,,,,,,,,,,,,387.0,
pre_event,pre_event[AUDUSD],0.0162152656260798,387,0.3681592039800995,0.945273631840796,-0.11709442546337828,0.1495249567155379,False,,,,,0.06801514851502964,,,,,,,,,,,,-0.881251644863298,,,,,0.07615372713057117,,,,,,,,,,,,,387.0,
pre_event,pre_event[NZDUSD],-0.081434346552047,387,0.3482587064676617,0.945273631840796,-0.21455981343809427,0.051691120334000265,False,,,,,0.0679211565745139,,,,,,,,,,,,-0.9736823851506236,,,,,-0.015300712816385348,,,,,,,,,,,,,387.0,
pre_event,pre_event[EURJPY],0.3902218368187994,387,0.6218905472636815,0.945273631840796,0.26966561656236726,0.5107780570752315,False,,,,,0.0615082756410368,,,,,,,,,,,,0.4636589360014869,,,,,0.3617029751797901,,,,,,,,,,,,,387.0,
pre_event,pre_event[EURGBP],-0.11366290487112406,387,0.6467661691542289,0.945273631840796,-0.24610590604204235,0.018780096299794255,False,,,,,0.06757295978108077,,,,,,,,,,,,0.585034544053243,,,,,-0.15319542058697677,,,,,,,,,,,,,387.0,
pre_event,pre_event[EURCHF],-0.23077279846619206,387,0.9502487562189055,0.965174129353234,-0.3662248988329695,-0.09532069809941465,False,,,,,0.06910821447284561,,,,,,,,,,,,0.04766758093065383,,,,,-0.2340670198725494,,,,,,,,,,,,,387.0,
pre_event,pre_event[XAUUSD],0.44102003614848106,387,0.6318407960199005,0.945273631840796,0.31028667639219193,0.5717533959047703,False,,,,,0.06670069375320875,,,,,,,,,,,,0.5087367866961542,,,,,0.4070869395380694,,,,,,,,,,,,,387.0,
pre_event,pre_event[XAGUSD],0.2675728060641764,387,0.6616915422885572,0.945273631840796,0.1360481733630566,0.39909743876529613,False,,,,,0.06710440443934683,,,,,,,,,,,,0.4862048678878813,,,,,0.2349463179690488,,,,,,,,,,,,,387.0,
pre_event,pre_event[COPPER],0.2930191450347214,387,0.8109452736318408,0.945273631840796,0.17938275515261082,0.40665553491683193,False,,,,,0.05797774993985233,,,,,,,,,,,,-0.20895839985965606,,,,,0.3051340828896162,,,,,,,,,,,,,387.0,
pre_event,pre_event[WTI],0.12926697931506353,387,0.0945273631840796,0.8980099502487562,0.0010328635255906216,0.25750109510453645,False,,,,,0.06542556928034332,,,,,,,,,,,,1.7466567690130097,,,,,0.014990965865022243,,,,,,,,,,,,,387.0,
pre_event,pre_event[BRENT],0.15092306693012492,387,0.05970149253731343,0.8980099502487562,0.022216341085074753,0.2796297927751751,False,,,,,0.06566669685971947,,,,,,,,,,,,1.886513619407128,,,,,0.027041948962784845,,,,,,,,,,,,,387.0,
pre_event,pre_event[HSI],0.06895515666870662,387,0.7611940298507462,0.945273631840796,-0.13713551959490722,0.27504583293232043,False,,,,,0.1051483042161295,,,,,,,,,,,,-0.30369607313641594,,,,,0.1008882837560984,,,,,,,,,,,,,387.0,
pre_event,pre_event[HKG40],-0.02399186393171297,387,0.5572139303482587,0.945273631840796,-0.16592003974431538,0.11793631188088945,False,,,,,0.07241233459826654,,,,,,,,,,,,0.5465371218617635,,,,,-0.06356789287034056,,,,,,,,,,,,,387.0,
pre_event,pre_event[FUNDING_RATE],0.08650065208929802,387,0.472636815920398,0.945273631840796,-0.020369762061881833,0.1933710662404779,False,,,,,0.05452572150570401,,,,,,,,,,,,0.7677445887933365,,,,,0.04463882445324131,,,,,,,,,,,,,387.0,
post_pulse,after_up_pulse|fwd6,0.005287683876562028,185,2.0434698102695552e-05,0.00012260818861617331,,,True,,,,,,4.260087400103287,52.876838765620285,,,,,,,,,,,,,,,,,,,,,,,,,,,,,52.876838765620285
post_pulse,after_down_pulse|fwd6,-0.0020949951462103126,202,0.16523847567375938,0.24785771351063907,,,False,,,,,,-1.3876669786256048,-20.949951462103126,,,,,,,,,,,,,,,,,,,,,,,,,,,,,20.949951462103126
post_pulse,after_up_pulse|fwd24,0.006838850710514921,185,0.001701016636719429,0.0034020332734388584,,,True,,,,,,3.13800553698384,68.3885071051492,,,,,,,,,,,,,,,,,,,,,,,,,,,,,68.3885071051492
post_pulse,after_down_pulse|fwd24,-0.0018855833598608093,202,0.4340323883765169,0.4340323883765169,,,False,,,,,,-0.7823100391007418,-18.855833598608093,,,,,,,,,,,,,,,,,,,,,,,,,,,,,18.855833598608093
post_pulse,after_up_pulse|fwd96,0.008713793706755384,185,0.0001255491459707544,0.0003766474379122632,,,True,,,,,,3.8350296542559987,87.13793706755385,,,,,,,,,,,,,,,,,,,,,,,,,,,,,87.13793706755385
post_pulse,after_down_pulse|fwd96,-0.0027814437253592316,201,0.28681522642272106,0.3441782717072653,,,False,,,,,,-1.065134152050268,-27.814437253592317,,,,,,,,,,,,,,,,,,,,,,,,,,,,,27.814437253592317
