family,name,statistic,n,p_value,q_value,ci_low,ci_high,significant,lag,z,q,note_half_is_random_walk,null_sd,t_hac,mean_bps,note_negative_means_trending,alpha,beta,peak_period_bars,null_max_median,ar1_rho,period_bars,power,linear_corr,z_vs_null,window,horizon,untested_reason,raw_nats,null_mean,excess_bps,raw_mean_bps,uncond_mean_bps,state_id,coverage_frac,states_possible,states_evaluated,spread_bps,up_mean_bps,down_mean_bps,n_up,n_down,ratio,is_placebo,real_minus_placebo_bps,n_events,continuation_bps
autocorrelation,acf_lag_1,-0.02058692130501682,14556,0.01299664088706253,0.0626201788194831,-0.03683193681609411,-0.004341905793939525,False,1.0,,,,,,,,,,,,,,,,,,,,,,,,,,,,,,,,,,,,,,
autocorrelation,acf_lag_2,0.00361430632428796,14555,0.6627825268193097,0.8202809835026493,-0.012630709186789333,0.019859321835365252,False,2.0,,,,,,,,,,,,,,,,,,,,,,,,,,,,,,,,,,,,,,
autocorrelation,acf_lag_3,0.05152130502330717,14554,5.09440147562695e-10,9.000109273607611e-09,0.03527628951222988,0.06776632053438447,True,3.0,,,,,,,,,,,,,,,,,,,,,,,,,,,,,,,,,,,,,,
autocorrelation,acf_lag_4,-0.0012274412102788775,14553,0.882268805820063,0.9948988661375178,-0.01747245672135617,0.015017574300798416,False,4.0,,,,,,,,,,,,,,,,,,,,,,,,,,,,,,,,,,,,,,
autocorrelation,acf_lag_5,-0.014582935998709027,14552,0.0784983683853197,0.2447302073189379,-0.03082795150978632,0.0016620795123682662,False,5.0,,,,,,,,,,,,,,,,,,,,,,,,,,,,,,,,,,,,,,
autocorrelation,acf_lag_6,-0.06095038868111978,14551,1.9263512292188485e-13,5.1048307574299485e-12,-0.07719540419219707,-0.04470537317004249,True,6.0,,,,,,,,,,,,,,,,,,,,,,,,,,,,,,,,,,,,,,
autocorrelation,acf_lag_7,-0.0021236896837588766,14550,0.7977746017028662,0.9538373909075765,-0.01836870519483617,0.014121325827318416,False,7.0,,,,,,,,,,,,,,,,,,,,,,,,,,,,,,,,,,,,,,
autocorrelation,acf_lag_8,0.0041475626598818215,14549,0.6167840472998418,0.8172388626722904,-0.012097452851195472,0.020392578170959116,False,8.0,,,,,,,,,,,,,,,,,,,,,,,,,,,,,,,,,,,,,,
autocorrelation,acf_lag_9,0.005844324431770709,14548,0.4807282621914327,0.7454426486105695,-0.010400691079306584,0.022089339942848,False,9.0,,,,,,,,,,,,,,,,,,,,,,,,,,,,,,,,,,,,,,
autocorrelation,acf_lag_10,0.013353863358529252,14547,0.10714146016665398,0.2988682836227716,-0.002891152152548041,0.029598878869606545,False,10.0,,,,,,,,,,,,,,,,,,,,,,,,,,,,,,,,,,,,,,
autocorrelation,acf_lag_11,0.02482293676302672,14546,0.002744927770356193,0.020783024546982606,0.008577921251949425,0.04106795227410401,True,11.0,,,,,,,,,,,,,,,,,,,,,,,,,,,,,,,,,,,,,,
autocorrelation,acf_lag_12,-0.005691535520001447,14545,0.49227344719565913,0.7454426486105695,-0.02193655103107874,0.010553479991075847,False,12.0,,,,,,,,,,,,,,,,,,,,,,,,,,,,,,,,,,,,,,
autocorrelation,acf_lag_13,9.891906734210983e-06,14544,0.9990477391880084,0.9997440007519639,-0.016235123604343083,0.016254907417811503,False,13.0,,,,,,,,,,,,,,,,,,,,,,,,,,,,,,,,,,,,,,
autocorrelation,acf_lag_14,-0.008824541321239639,14543,0.28701079122453477,0.573016931481284,-0.02506955683231693,0.007420474189837654,False,14.0,,,,,,,,,,,,,,,,,,,,,,,,,,,,,,,,,,,,,,
autocorrelation,acf_lag_15,0.008364048759535976,14542,0.3129062979834537,0.573016931481284,-0.007880966751541317,0.024609064270613268,False,15.0,,,,,,,,,,,,,,,,,,,,,,,,,,,,,,,,,,,,,,
autocorrelation,acf_lag_16,0.005466702173485685,14541,0.5095293617173586,0.7501404491950002,-0.010778313337591609,0.021711717684562978,False,16.0,,,,,,,,,,,,,,,,,,,,,,,,,,,,,,,,,,,,,,
autocorrelation,acf_lag_17,0.00974902698280641,14540,0.2394976112184365,0.5288905581073806,-0.006495988528270883,0.025994042493883703,False,17.0,,,,,,,,,,,,,,,,,,,,,,,,,,,,,,,,,,,,,,
autocorrelation,acf_lag_18,-0.02239513978669058,14539,0.006891812150718839,0.04058511599867761,-0.038640155297767875,-0.0061501242756132855,True,18.0,,,,,,,,,,,,,,,,,,,,,,,,,,,,,,,,,,,,,,
autocorrelation,acf_lag_19,-0.020209091829459198,14538,0.014757530465187614,0.06517909288791196,-0.03645410734053649,-0.003964076318381905,False,19.0,,,,,,,,,,,,,,,,,,,,,,,,,,,,,,,,,,,,,,
autocorrelation,acf_lag_20,0.011706699719331397,14537,0.15782005183908532,0.41822313737357614,-0.004538315791745896,0.02795171523040869,False,20.0,,,,,,,,,,,,,,,,,,,,,,,,,,,,,,,,,,,,,,
autocorrelation,acf_lag_21,0.003920042103363164,14536,0.6362399609406264,0.8202809835026493,-0.01232497340771413,0.020165057614440457,False,21.0,,,,,,,,,,,,,,,,,,,,,,,,,,,,,,,,,,,,,,
autocorrelation,acf_lag_22,-0.005093266758214202,14535,0.5388751803457323,0.7719022853601031,-0.021338282269291495,0.01115174875286309,False,22.0,,,,,,,,,,,,,,,,,,,,,,,,,,,,,,,,,,,,,,
autocorrelation,acf_lag_23,0.04291314125691885,14534,2.2479076195008768e-07,2.978477595838662e-06,0.026668125745841556,0.05915815676799614,True,23.0,,,,,,,,,,,,,,,,,,,,,,,,,,,,,,,,,,,,,,
autocorrelation,acf_lag_24,-0.007288771300154897,14533,0.3791802579228085,0.669885122330295,-0.02353378681123219,0.008956244210922396,False,24.0,,,,,,,,,,,,,,,,,,,,,,,,,,,,,,,,,,,,,,
autocorrelation,acf_lag_25,-0.017827177180872126,14532,0.03148475734332749,0.12836093378433514,-0.034072192691949416,-0.0015821616697948328,False,25.0,,,,,,,,,,,,,,,,,,,,,,,,,,,,,,,,,,,,,,
autocorrelation,acf_lag_26,0.028725138763383073,14531,0.0005287414390338754,0.005604659253759079,0.01248012325230578,0.04497015427446037,True,26.0,,,,,,,,,,,,,,,,,,,,,,,,,,,,,,,,,,,,,,
autocorrelation,acf_lag_27,-0.005804877599005805,14530,0.48369478369271446,0.7454426486105695,-0.022049893110083096,0.010440137912071488,False,27.0,,,,,,,,,,,,,,,,,,,,,,,,,,,,,,,,,,,,,,
autocorrelation,acf_lag_28,0.0045235348751176685,14529,0.5852203978765289,0.7952995150629751,-0.011721480635959625,0.02076855038619496,False,28.0,,,,,,,,,,,,,,,,,,,,,,,,,,,,,,,,,,,,,,
autocorrelation,acf_lag_29,0.0047749081939596726,14528,0.5645448195280545,0.7873914588154444,-0.01147010731711762,0.021019923705036966,False,29.0,,,,,,,,,,,,,,,,,,,,,,,,,,,,,,,,,,,,,,
autocorrelation,acf_lag_30,0.020978629214167994,14527,0.011369835176073824,0.060260126433191265,0.004733613703090701,0.03722364472524529,False,30.0,,,,,,,,,,,,,,,,,,,,,,,,,,,,,,,,,,,,,,
autocorrelation,acf_lag_31,-0.005713045412609942,14526,0.4906391526428071,0.7454426486105695,-0.021958060923687236,0.01053197009846735,False,31.0,,,,,,,,,,,,,,,,,,,,,,,,,,,,,,,,,,,,,,
autocorrelation,acf_lag_32,-0.016881058942584265,14525,0.0416760875387434,0.1577737599681,-0.03312607445366156,-0.0006360434315069718,False,32.0,,,,,,,,,,,,,,,,,,,,,,,,,,,,,,,,,,,,,,
autocorrelation,acf_lag_33,-0.006341078997024701,14524,0.4442320320926266,0.7454426486105695,-0.022586094508101992,0.009903936514052592,False,33.0,,,,,,,,,,,,,,,,,,,,,,,,,,,,,,,,,,,,,,
autocorrelation,acf_lag_34,0.0019941929090336596,14523,0.8098619356762442,0.9538373909075765,-0.014250822602043633,0.018239208420110953,False,34.0,,,,,,,,,,,,,,,,,,,,,,,,,,,,,,,,,,,,,,
autocorrelation,acf_lag_35,0.022699338286712476,14522,0.006167709817458604,0.04058511599867761,0.006454322775635183,0.038944353797789766,True,35.0,,,,,,,,,,,,,,,,,,,,,,,,,,,,,,,,,,,,,,
autocorrelation,acf_lag_36,-0.008528279770128178,14521,0.303499710112315,0.573016931481284,-0.02477329528120547,0.007716735740949115,False,36.0,,,,,,,,,,,,,,,,,,,,,,,,,,,,,,,,,,,,,,
autocorrelation,acf_lag_37,-0.01582163230934537,14520,0.05627269597093477,0.19615427703272229,-0.032066647820422664,0.00042338320173192223,False,37.0,,,,,,,,,,,,,,,,,,,,,,,,,,,,,,,,,,,,,,
autocorrelation,acf_lag_38,0.01563651840744043,14519,0.05921638551931239,0.19615427703272229,-0.0006084971036368625,0.031881533918517724,False,38.0,,,,,,,,,,,,,,,,,,,,,,,,,,,,,,,,,,,,,,
autocorrelation,acf_lag_39,0.010404956551245546,14518,0.2093397903870452,0.5043185859324271,-0.0058400589598317475,0.02664997206232284,False,39.0,,,,,,,,,,,,,,,,,,,,,,,,,,,,,,,,,,,,,,
autocorrelation,acf_lag_40,0.009969639177663952,14517,0.2290301815926269,0.5277652010612707,-0.006275376333413341,0.026214654688741245,False,40.0,,,,,,,,,,,,,,,,,,,,,,,,,,,,,,,,,,,,,,
autocorrelation,acf_lag_41,0.009255833001368802,14516,0.26410619260819435,0.559905128329372,-0.006989182509708491,0.025500848512446096,False,41.0,,,,,,,,,,,,,,,,,,,,,,,,,,,,,,,,,,,,,,
autocorrelation,acf_lag_42,0.0007856977181006769,14515,0.9244766178123396,0.9997440007519639,-0.015459317792976617,0.01703071322917797,False,42.0,,,,,,,,,,,,,,,,,,,,,,,,,,,,,,,,,,,,,,
autocorrelation,acf_lag_43,-0.003583161945048156,14514,0.665510986615357,0.8202809835026493,-0.01982817745612545,0.012661853566029137,False,43.0,,,,,,,,,,,,,,,,,,,,,,,,,,,,,,,,,,,,,,
autocorrelation,acf_lag_44,-0.011462029266491699,14513,0.16668900990074753,0.4206913107018866,-0.027707044777568992,0.004782986244585594,False,44.0,,,,,,,,,,,,,,,,,,,,,,,,,,,,,,,,,,,,,,
autocorrelation,acf_lag_45,-0.014018949344223484,14512,0.09075665533621013,0.2672279296010632,-0.03026396485530078,0.002226066166853809,False,45.0,,,,,,,,,,,,,,,,,,,,,,,,,,,,,,,,,,,,,,
autocorrelation,acf_lag_46,-0.008353144762854136,14511,0.31353756628221197,0.573016931481284,-0.024598160273931427,0.007891870748223158,False,46.0,,,,,,,,,,,,,,,,,,,,,,,,,,,,,,,,,,,,,,
autocorrelation,acf_lag_47,0.0017649089247488048,14510,0.8313733834879181,0.9578867244534708,-0.014480106586328489,0.018009924435826098,False,47.0,,,,,,,,,,,,,,,,,,,,,,,,,,,,,,,,,,,,,,
autocorrelation,acf_lag_48,-0.02541299622529448,14509,0.0021684261676014546,0.019154431147146184,-0.04165801173637178,-0.009167980714217188,True,48.0,,,,,,,,,,,,,,,,,,,,,,,,,,,,,,,,,,,,,,
autocorrelation,ljung_box_24,162.57263398271718,14557,1.4758701413796476e-22,7.822111749312132e-21,,,True,,,,,,,,,,,,,,,,,,,,,,,,,,,,,,,,,,,,,,,
autocorrelation,variance_ratio_2,0.9795426815229503,14557,0.9909293986127515,0.9997440007519639,,,False,,-0.011368557834362655,2.0,,,,,,,,,,,,,,,,,,,,,,,,,,,,,,,,,,,,
autocorrelation,variance_ratio_4,0.998863275342136,14557,0.9997440007519639,0.9997440007519639,,,False,,-0.00032084748221058876,4.0,,,,,,,,,,,,,,,,,,,,,,,,,,,,,,,,,,,,
autocorrelation,variance_ratio_8,0.9915446255747399,14557,0.9988531386246479,0.9997440007519639,,,False,,-0.0014373780702202717,8.0,,,,,,,,,,,,,,,,,,,,,,,,,,,,,,,,,,,,
autocorrelation,variance_ratio_24,0.9865194868526648,14557,0.9988598377043337,0.9997440007519639,,,False,,-0.0014289820103201482,24.0,,,,,,,,,,,,,,,,,,,,,,,,,,,,,,,,,,,,
autocorrelation,hurst_rs,0.5787362800395939,14557,,,,,False,,,,0.5,,,,,,,,,,,,,,,,,,,,,,,,,,,,,,,,,,,
mean_reversion,stretch_ema24_vs_fwd6,0.016803253806176442,14529,0.3554817275747508,0.615330895987722,-0.01794961512636903,0.04881057254276082,False,,,,,0.019084967362028728,,,,,,,,,,,,,,,,,,,,,,,,,,,,,,,,,,
mean_reversion,fwd6|stretch_ema24[d0],0.001261470649993426,1454,0.5173539465273129,0.7113616764750552,,,False,,,,,,0.6474295958964855,12.614706499934261,,,,,,,,,,,,,,,,,,,,,,,,,,,,,,,,
mean_reversion,fwd6|stretch_ema24[d1],-0.0012127827516954482,1453,0.3821930347893643,0.615330895987722,,,False,,,,,,-0.8738626909800674,-12.127827516954483,,,,,,,,,,,,,,,,,,,,,,,,,,,,,,,,
mean_reversion,fwd6|stretch_ema24[d2],4.990135107407642e-06,1451,0.9964845874183818,0.9964845874183818,,,False,,,,,,0.004405930541815769,0.049901351074076415,,,,,,,,,,,,,,,,,,,,,,,,,,,,,,,,
mean_reversion,fwd6|stretch_ema24[d3],0.0002578010590959249,1451,0.8066550194364293,0.8873205213800722,,,False,,,,,,0.24474353167619614,2.5780105909592494,,,,,,,,,,,,,,,,,,,,,,,,,,,,,,,,
mean_reversion,fwd6|stretch_ema24[d4],0.0015270675721980986,1453,0.15329560100853637,0.4581537557244093,,,False,,,,,,1.427986997722886,15.270675721980986,,,,,,,,,,,,,,,,,,,,,,,,,,,,,,,,
mean_reversion,fwd6|stretch_ema24[d5],0.0016735483215872089,1453,0.08622543436595115,0.30487385719999816,,,False,,,,,,1.715653750688019,16.73548321587209,,,,,,,,,,,,,,,,,,,,,,,,,,,,,,,,
mean_reversion,fwd6|stretch_ema24[d6],0.00045570875495528517,1453,0.6635586102979513,0.8059679762585451,,,False,,,,,,0.4350052588189657,4.557087549552851,,,,,,,,,,,,,,,,,,,,,,,,,,,,,,,,
mean_reversion,fwd6|stretch_ema24[d7],0.0011259945098146878,1454,0.37195667058114446,0.615330895987722,,,False,,,,,,0.892814218808181,11.259945098146877,,,,,,,,,,,,,,,,,,,,,,,,,,,,,,,,
mean_reversion,fwd6|stretch_ema24[d8],0.00043815350287748026,1453,0.7004711825629507,0.8059679762585451,,,False,,,,,,0.38468449700787616,4.3815350287748025,,,,,,,,,,,,,,,,,,,,,,,,,,,,,,,,
mean_reversion,fwd6|stretch_ema24[d9],0.002714461404481562,1454,0.06083063202343863,0.30487385719999816,,,False,,,,,,1.8747245184203942,27.14461404481562,,,,,,,,,,,,,,,,,,,,,,,,,,,,,,,,
mean_reversion,stretch_ema96_vs_fwd6,0.024068391429109826,14457,0.2159468438538206,0.5090175605125771,-0.017095182469273038,0.05605057236186895,False,,,,,0.01931262775293336,,,,,,,,,,,,,,,,,,,,,,,,,,,,,,,,,,
mean_reversion,fwd6|stretch_ema96[d0],0.0011919207795349266,1447,0.6171084969859957,0.7832530923283791,,,False,,,,,,0.49995253844249965,11.919207795349266,,,,,,,,,,,,,,,,,,,,,,,,,,,,,,,,
mean_reversion,fwd6|stretch_ema96[d1],0.001293022668552009,1446,0.36618324943561265,0.615330895987722,,,False,,,,,,0.9036457961336644,12.93022668552009,,,,,,,,,,,,,,,,,,,,,,,,,,,,,,,,
mean_reversion,fwd6|stretch_ema96[d2],-0.0020160748756205722,1446,0.07718292798197983,0.30487385719999816,,,False,,,,,,-1.767270558673206,-20.160748756205724,,,,,,,,,,,,,,,,,,,,,,,,,,,,,,,,
mean_reversion,fwd6|stretch_ema96[d3],-5.925178393333102e-05,1446,0.9603629026973112,0.9903742434066022,,,False,,,,,,-0.04969818517182217,-0.5925178393333103,,,,,,,,,,,,,,,,,,,,,,,,,,,,,,,,
mean_reversion,fwd6|stretch_ema96[d4],-0.000188277061713303,1444,0.8817851797238301,0.9386745461576256,,,False,,,,,,-0.14870656626384157,-1.8827706171330298,,,,,,,,,,,,,,,,,,,,,,,,,,,,,,,,
mean_reversion,fwd6|stretch_ema96[d5],0.000983312718466893,1443,0.3995803154979818,0.615330895987722,,,False,,,,,,0.8423710087043287,9.83312718466893,,,,,,,,,,,,,,,,,,,,,,,,,,,,,,,,
mean_reversion,fwd6|stretch_ema96[d6],0.0004518684757212694,1446,0.7082748882272063,0.8059679762585451,,,False,,,,,,0.37417397059280283,4.518684757212694,,,,,,,,,,,,,,,,,,,,,,,,,,,,,,,,
mean_reversion,fwd6|stretch_ema96[d7],0.0010909452535770047,1446,0.41022059732514793,0.615330895987722,,,False,,,,,,0.82350548850697,10.909452535770047,,,,,,,,,,,,,,,,,,,,,,,,,,,,,,,,
mean_reversion,fwd6|stretch_ema96[d8],0.0027626663503437505,1446,0.04947743838112882,0.30487385719999816,,,False,,,,,,1.9644542368050026,27.626663503437506,,,,,,,,,,,,,,,,,,,,,,,,,,,,,,,,
mean_reversion,fwd6|stretch_ema96[d9],0.0035216111142411235,1447,0.022915847571518357,0.24291387842332357,,,False,,,,,,2.2748347035005754,35.216111142411236,,,,,,,,,,,,,,,,,,,,,,,,,,,,,,,,
mean_reversion,stretch_ema200_vs_fwd6,0.026043856144396207,14353,0.26245847176079734,0.5774086378737542,-0.008967231451104063,0.061205434929572415,False,,,,,0.022148504874936924,,,,,,,,,,,,,,,,,,,,,,,,,,,,,,,,,,
mean_reversion,fwd6|stretch_ema200[d0],0.001409899761348138,1436,0.5632212084716818,0.74345199518262,,,False,,,,,,0.5780635593650463,14.09899761348138,,,,,,,,,,,,,,,,,,,,,,,,,,,,,,,,
mean_reversion,fwd6|stretch_ema200[d1],0.0014190808753060799,1436,0.36911367078686175,0.615330895987722,,,False,,,,,,0.8981348325394318,14.190808753060798,,,,,,,,,,,,,,,,,,,,,,,,,,,,,,,,
mean_reversion,fwd6|stretch_ema200[d2],-0.0023161996321787452,1436,0.0682752156050218,0.30487385719999816,,,False,,,,,,-1.8231860602777257,-23.161996321787452,,,,,,,,,,,,,,,,,,,,,,,,,,,,,,,,
mean_reversion,fwd6|stretch_ema200[d3],-0.0017742781597067912,1436,0.16660136571796702,0.4581537557244093,,,False,,,,,,-1.3832071248472162,-17.74278159706791,,,,,,,,,,,,,,,,,,,,,,,,,,,,,,,,
mean_reversion,fwd6|stretch_ema200[d4],-0.002206997640059419,1436,0.09238601733333277,0.30487385719999816,,,False,,,,,,-1.6829435629774887,-22.069976400594193,,,,,,,,,,,,,,,,,,,,,,,,,,,,,,,,
mean_reversion,fwd6|stretch_ema200[d5],0.0033001874180166725,1435,0.014881991893619682,0.24291387842332357,,,False,,,,,,2.43523813849698,33.00187418016672,,,,,,,,,,,,,,,,,,,,,,,,,,,,,,,,
mean_reversion,fwd6|stretch_ema200[d6],0.0009428918222430994,1430,0.4738821687178102,0.6799178942472929,,,False,,,,,,0.7161768288572317,9.428918222430994,,,,,,,,,,,,,,,,,,,,,,,,,,,,,,,,
mean_reversion,fwd6|stretch_ema200[d7],0.003078990831806158,1436,0.022843828114073688,0.24291387842332357,,,False,,,,,,2.2760364497161816,30.78990831806158,,,,,,,,,,,,,,,,,,,,,,,,,,,,,,,,
mean_reversion,fwd6|stretch_ema200[d8],0.0032878457748196158,1436,0.02944410647555437,0.24291387842332357,,,False,,,,,,2.1774889353554308,32.878457748196155,,,,,,,,,,,,,,,,,,,,,,,,,,,,,,,,
mean_reversion,fwd6|stretch_ema200[d9],0.0021199996634765194,1436,0.1960949902482042,0.4977795906300568,,,False,,,,,,1.2927573655971938,21.199996634765196,,,,,,,,,,,,,,,,,,,,,,,,,,,,,,,,
mean_reversion,ou_half_life_bars,4002.4789523821455,14558,,,,,False,,,,,,,,-1.0,,,,,,,,,,,,,,,,,,,,,,,,,,,,,,,
momentum,trail6_vs_fwd6,-0.03724118698340345,14546,0.009966777408637873,0.10963455149501661,-0.07813427922599224,-0.00483631170226012,False,,,,,0.015375369868602344,,,,,,,,,,,,,,,,,,,,,,,,,,,,,,,,,,
momentum,fwd6|trail6[d0],0.004261670963956399,1456,0.019463514342359347,0.16057399332446462,,,False,,,,,,2.3365323359245,42.616709639563986,,,,,,,,,,,,,,,,,,,,,,,,,,,,,,,,
momentum,fwd6|trail6[d1],-0.0004916043851939493,1454,0.6815233626830222,0.8824621298968214,,,False,,,,,,-0.41038525261182246,-4.916043851939493,,,,,,,,,,,,,,,,,,,,,,,,,,,,,,,,
momentum,fwd6|trail6[d2],-0.000252890443740719,1453,0.8000681490969206,0.8824621298968214,,,False,,,,,,-0.25325890635479875,-2.52890443740719,,,,,,,,,,,,,,,,,,,,,,,,,,,,,,,,
momentum,fwd6|trail6[d3],0.001713025429639188,1455,0.06296327218556283,0.34629799702059555,,,False,,,,,,1.8594507627192656,17.13025429639188,,,,,,,,,,,,,,,,,,,,,,,,,,,,,,,,
momentum,fwd6|trail6[d4],0.00015702667086991376,1455,0.8429059531820231,0.8824621298968214,,,False,,,,,,0.19817780365684579,1.5702667086991375,,,,,,,,,,,,,,,,,,,,,,,,,,,,,,,,
momentum,fwd6|trail6[d5],0.000431098498443325,1455,0.6050431095936448,0.8824621298968214,,,False,,,,,,0.5171619521805725,4.31098498443325,,,,,,,,,,,,,,,,,,,,,,,,,,,,,,,,
momentum,fwd6|trail6[d6],0.0002726246863507961,1452,0.7713874351831659,0.8824621298968214,,,False,,,,,,0.29056055027486677,2.726246863507961,,,,,,,,,,,,,,,,,,,,,,,,,,,,,,,,
momentum,fwd6|trail6[d7],0.0010584907709460065,1455,0.3646145413786601,0.8391660053274292,,,False,,,,,,0.9066072218232235,10.584907709460065,,,,,,,,,,,,,,,,,,,,,,,,,,,,,,,,
momentum,fwd6|trail6[d8],0.0002691845964477384,1455,0.8302287234868212,0.8824621298968214,,,False,,,,,,0.21440823102150883,2.6918459644773844,,,,,,,,,,,,,,,,,,,,,,,,,,,,,,,,
momentum,fwd6|trail6[d9],0.0008410837438713614,1456,0.5506069093785038,0.8824621298968214,,,False,,,,,,0.5968509326647304,8.410837438713614,,,,,,,,,,,,,,,,,,,,,,,,,,,,,,,,
momentum,trail24_vs_fwd6,0.00612156532458698,14528,0.7740863787375415,0.8824621298968214,-0.036085308974454645,0.043298636083677906,False,,,,,0.019645775074014594,,,,,,,,,,,,,,,,,,,,,,,,,,,,,,,,,,
momentum,fwd6|trail24[d0],0.0005604645195170652,1454,0.8266403220583729,0.8824621298968214,,,False,,,,,,0.21901248522474032,5.604645195170652,,,,,,,,,,,,,,,,,,,,,,,,,,,,,,,,
momentum,fwd6|trail24[d1],0.0011149327126220468,1453,0.38472467516481057,0.8391660053274292,,,False,,,,,,0.8692239040697768,11.149327126220468,,,,,,,,,,,,,,,,,,,,,,,,,,,,,,,,
momentum,fwd6|trail24[d2],0.00048811658930845905,1448,0.6310018911544091,0.8824621298968214,,,False,,,,,,0.4803171566999276,4.8811658930845905,,,,,,,,,,,,,,,,,,,,,,,,,,,,,,,,
momentum,fwd6|trail24[d3],-0.0008271397018692056,1453,0.41253987602343334,0.8391660053274292,,,False,,,,,,-0.8194321891028565,-8.271397018692056,,,,,,,,,,,,,,,,,,,,,,,,,,,,,,,,
momentum,fwd6|trail24[d4],-0.0010083301275458166,1453,0.266971826620535,0.7747722971716429,,,False,,,,,,-1.1100631232014335,-10.083301275458165,,,,,,,,,,,,,,,,,,,,,,,,,,,,,,,,
momentum,fwd6|trail24[d5],0.002356389852795425,1453,0.008199424321608369,0.10963455149501661,,,False,,,,,,2.643745655477991,23.56389852795425,,,,,,,,,,,,,,,,,,,,,,,,,,,,,,,,
momentum,fwd6|trail24[d6],0.001442127461490908,1454,0.1401383901478911,0.5780708593600508,,,False,,,,,,1.4752758732562596,14.42127461490908,,,,,,,,,,,,,,,,,,,,,,,,,,,,,,,,
momentum,fwd6|trail24[d7],0.0006718931904889063,1453,0.600947330663306,0.8824621298968214,,,False,,,,,,0.5230386880767907,6.718931904889064,,,,,,,,,,,,,,,,,,,,,,,,,,,,,,,,
momentum,fwd6|trail24[d8],0.0008146836337184129,1453,0.5578094266061338,0.8824621298968214,,,False,,,,,,0.5860983476776862,8.146836337184128,,,,,,,,,,,,,,,,,,,,,,,,,,,,,,,,
momentum,fwd6|trail24[d9],0.002636914218962897,1454,0.12205602934472161,0.575406995482259,,,False,,,,,,1.5462010113853502,26.36914218962897,,,,,,,,,,,,,,,,,,,,,,,,,,,,,,,,
momentum,trail96_vs_fwd6,0.02290521587518233,14456,0.24584717607973422,0.7747722971716429,-0.01887339719086362,0.04921240362825328,False,,,,,0.019270302328772644,,,,,,,,,,,,,,,,,,,,,,,,,,,,,,,,,,
momentum,fwd6|trail96[d0],0.00025169554415249094,1447,0.9161883345722909,0.9161883345722909,,,False,,,,,,0.1052362657488722,2.5169554415249094,,,,,,,,,,,,,,,,,,,,,,,,,,,,,,,,
momentum,fwd6|trail96[d1],0.0012967404150969737,1446,0.4322976391080696,0.8391660053274292,,,False,,,,,,0.7852659776168363,12.967404150969736,,,,,,,,,,,,,,,,,,,,,,,,,,,,,,,,
momentum,fwd6|trail96[d2],-0.0016173315714885514,1446,0.2817353807896883,0.7747722971716429,,,False,,,,,,-1.0764291289901575,-16.173315714885515,,,,,,,,,,,,,,,,,,,,,,,,,,,,,,,,
momentum,fwd6|trail96[d3],0.001358142351030396,1446,0.18388397678386892,0.6742412482075193,,,False,,,,,,1.3288908688789702,13.58142351030396,,,,,,,,,,,,,,,,,,,,,,,,,,,,,,,,
momentum,fwd6|trail96[d4],-0.00035857411641012884,1446,0.7143727149623262,0.8824621298968214,,,False,,,,,,-0.365989762214657,-3.585741164101288,,,,,,,,,,,,,,,,,,,,,,,,,,,,,,,,
momentum,fwd6|trail96[d5],-0.0008224610580943888,1440,0.4089148750822549,0.8391660053274292,,,False,,,,,,-0.8258047219342954,-8.224610580943889,,,,,,,,,,,,,,,,,,,,,,,,,,,,,,,,
momentum,fwd6|trail96[d6],0.0002260432076634154,1446,0.8557208532332813,0.8824621298968214,,,False,,,,,,0.18182399484240064,2.260432076634154,,,,,,,,,,,,,,,,,,,,,,,,,,,,,,,,
momentum,fwd6|trail96[d7],0.0003396647205162837,1446,0.8052025022172858,0.8824621298968214,,,False,,,,,,0.2466197707712441,3.3966472051628367,,,,,,,,,,,,,,,,,,,,,,,,,,,,,,,,
momentum,fwd6|trail96[d8],0.004346344244007976,1446,0.002688309864137338,0.08871422551653216,,,False,,,,,,3.001298395867438,43.46344244007977,,,,,,,,,,,,,,,,,,,,,,,,,,,,,,,,
momentum,fwd6|trail96[d9],0.004102662608582293,1447,0.031448328748258945,0.20755896973850904,,,False,,,,,,2.15135324298851,41.02662608582293,,,,,,,,,,,,,,,,,,,,,,,,,,,,,,,,
seasonality,fwd6|hour_utc[0],0.0008236048660121556,2425,0.20348909156755168,0.27210981056392075,,,False,,,,,,1.2716736641167512,8.236048660121556,,,,,,,,,,,,,,,,,,,,,,,,,,,,,,,,
seasonality,fwd6|hour_utc[4],0.0008309359193397722,2425,0.2024051462117996,0.27210981056392075,,,False,,,,,,1.2747290914940717,8.309359193397722,,,,,,,,,,,,,,,,,,,,,,,,,,,,,,,,
seasonality,fwd6|hour_utc[8],0.0008197762777405614,2425,0.20931523889532366,0.27210981056392075,,,False,,,,,,1.2554505767657693,8.197762777405615,,,,,,,,,,,,,,,,,,,,,,,,,,,,,,,,
seasonality,fwd6|hour_utc[12],0.0008258788842151483,2425,0.20283479244113045,0.27210981056392075,,,False,,,,,,1.2735165813813054,8.258788842151484,,,,,,,,,,,,,,,,,,,,,,,,,,,,,,,,
seasonality,fwd6|hour_utc[16],0.0008242024991150285,2426,0.2021054318775537,0.27210981056392075,,,False,,,,,,1.275576030061475,8.242024991150284,,,,,,,,,,,,,,,,,,,,,,,,,,,,,,,,
seasonality,fwd6|hour_utc[20],0.0008218231799777807,2426,0.20710322774787948,0.27210981056392075,,,False,,,,,,1.2615709140863542,8.218231799777806,,,,,,,,,,,,,,,,,,,,,,,,,,,,,,,,
seasonality,fwd6|dayofweek[0],0.0019917710685657293,2082,0.12412015861365804,0.27210981056392075,,,False,,,,,,1.5377074608002699,19.917710685657294,,,,,,,,,,,,,,,,,,,,,,,,,,,,,,,,
seasonality,fwd6|dayofweek[1],0.0024725328710785113,2082,0.0462377835844739,0.27210981056392075,,,False,,,,,,1.9932161483431567,24.725328710785114,,,,,,,,,,,,,,,,,,,,,,,,,,,,,,,,
seasonality,fwd6|dayofweek[2],0.00048545765060701424,2082,0.7260401818742213,0.7550817891491901,,,False,,,,,,0.3503977937956304,4.854576506070142,,,,,,,,,,,,,,,,,,,,,,,,,,,,,,,,
seasonality,fwd6|dayofweek[3],-0.001613241295037296,2076,0.23375884682471393,0.2894157151163125,,,False,,,,,,-1.1907319096201356,-16.13241295037296,,,,,,,,,,,,,,,,,,,,,,,,,,,,,,,,
seasonality,fwd6|dayofweek[4],0.0010363159083528054,2076,0.3401347592612113,0.36847932253297894,,,False,,,,,,0.9538990206565415,10.363159083528053,,,,,,,,,,,,,,,,,,,,,,,,,,,,,,,,
seasonality,fwd6|dayofweek[5],4.330614539562079e-05,2076,0.9598937096872182,0.9598937096872182,,,False,,,,,,0.050286966711836835,0.4330614539562079,,,,,,,,,,,,,,,,,,,,,,,,,,,,,,,,
seasonality,fwd6|dayofweek[6],0.0013467869988993055,2078,0.317801919692816,0.3592543440005746,,,False,,,,,,0.998985078494132,13.467869988993055,,,,,,,,,,,,,,,,,,,,,,,,,,,,,,,,
seasonality,fwd6|session[not_tokyo],0.0008239679252028157,7277,0.16650842472176464,0.27210981056392075,,,False,,,,,,1.3835103867855953,8.239679252028157,,,,,,,,,,,,,,,,,,,,,,,,,,,,,,,,
seasonality,fwd6|session[tokyo],0.000824772354364163,7275,0.16452404612999338,0.27210981056392075,,,False,,,,,,1.3900159100747422,8.24772354364163,,,,,,,,,,,,,,,,,,,,,,,,,,,,,,,,
seasonality,fwd6|session[london],0.0008228275809778548,4850,0.18292720208955726,0.27210981056392075,,,False,,,,,,1.3317960932583173,8.228275809778548,,,,,,,,,,,,,,,,,,,,,,,,,,,,,,,,
seasonality,fwd6|session[not_london],0.0008251411772786621,9702,0.151614950943195,0.27210981056392075,,,False,,,,,,1.4338504273632688,8.251411772786621,,,,,,,,,,,,,,,,,,,,,,,,,,,,,,,,
seasonality,fwd6|session[newyork],0.0008239679252028157,7277,0.16650842472176464,0.27210981056392075,,,False,,,,,,1.3835103867855953,8.239679252028157,,,,,,,,,,,,,,,,,,,,,,,,,,,,,,,,
seasonality,fwd6|session[not_newyork],0.000824772354364163,7275,0.16452404612999338,0.27210981056392075,,,False,,,,,,1.3900159100747422,8.24772354364163,,,,,,,,,,,,,,,,,,,,,,,,,,,,,,,,
seasonality,fwd6|session[london_ny_overlap],0.0008258788842151483,2425,0.20283479244113045,0.27210981056392075,,,False,,,,,,1.2735165813813054,8.258788842151484,,,,,,,,,,,,,,,,,,,,,,,,,,,,,,,,
seasonality,fwd6|session[not_london_ny_overlap],0.0008240683743282296,12127,0.14197539977609022,0.27210981056392075,,,False,,,,,,1.4684744195127022,8.240683743282297,,,,,,,,,,,,,,,,,,,,,,,,,,,,,,,,
seasonality,fwd6|session[not_asia_quiet],0.0008243700845038603,14552,0.13032225016948787,0.27210981056392075,,,False,,,,,,1.5128323464997526,8.243700845038603,,,,,,,,,,,,,,,,,,,,,,,,,,,,,,,,
seasonality,fwd6|funding_hour[funding_hour],0.0008225281111123417,7276,0.16586841674353825,0.27210981056392075,,,False,,,,,,1.38560216513568,8.225281111123417,,,,,,,,,,,,,,,,,,,,,,,,,,,,,,,,
seasonality,fwd6|funding_hour[other],0.0008262120578953791,7276,0.16591852240541993,0.27210981056392075,,,False,,,,,,1.385438182844531,8.262120578953791,,,,,,,,,,,,,,,,,,,,,,,,,,,,,,,,
seasonality,fwd6|turn_of_month[mid_month],0.0006518900614643254,11492,0.2998282468273744,0.35434247352326065,,,False,,,,,,1.0368017778740923,6.518900614643254,,,,,,,,,,,,,,,,,,,,,,,,,,,,,,,,
seasonality,fwd6|turn_of_month[turn_of_month],0.0014721283932523361,3060,0.14891753401204338,0.27210981056392075,,,False,,,,,,1.4433655119053563,14.721283932523361,,,,,,,,,,,,,,,,,,,,,,,,,,,,,,,,
volatility_clustering,abs_ret_acf_lag_1,0.2242927591059755,14556,2.800163683388205e-161,8.400491050164616e-161,,,True,1.0,,,,,,,,,,,,,,,,,,,,,,,,,,,,,,,,,,,,,,
volatility_clustering,abs_ret_acf_lag_6,0.16661158812463175,14551,7.075484518632788e-90,1.4150969037265577e-89,,,True,6.0,,,,,,,,,,,,,,,,,,,,,,,,,,,,,,,,,,,,,,
volatility_clustering,abs_ret_acf_lag_24,0.14760750775752285,14533,5.996169529129429e-71,8.994254293694144e-71,,,True,24.0,,,,,,,,,,,,,,,,,,,,,,,,,,,,,,,,,,,,,,
volatility_clustering,abs_ret_acf_lag_96,0.07408332032655879,14461,3.950960723892187e-19,4.741152868670625e-19,,,True,96.0,,,,,,,,,,,,,,,,,,,,,,,,,,,,,,,,,,,,,,
volatility_clustering,abs_ret_acf_lag_240,0.049991893330663034,14317,1.6230244626315718e-09,1.6230244626315718e-09,,,True,240.0,,,,,,,,,,,,,,,,,,,,,,,,,,,,,,,,,,,,,,
volatility_clustering,arch_lm_12,1684.118783071646,14557,0.0,0.0,,,True,,,,,,,,,,,,,,,,,,,,,,,,,,,,,,,,,,,,,,,
volatility_clustering,garch11_persistence,0.9891146377173277,14557,,,,,False,,,,,,,,,0.06972000503963344,0.9193946326776943,,,,,,,,,,,,,,,,,,,,,,,,,,,,,
volatility_clustering,vol_of_vol,0.5508314855339241,14546,,,,,False,,,,,,,,,,,,,,,,,,,,,,,,,,,,,,,,,,,,,,,
regime,trail24_vs_fwd6|vol=vol_low,0.03753915462301924,4844,0.24378109452736318,0.6890364947785597,-0.03776398450814775,0.10331936057409113,False,,,,,0.030922941091203193,,,,,,,,,,,,,,,,,,,,,,,,,,,,,,,,,,
regime,trail24_vs_fwd6|vol=vol_mid,0.029250855626019322,4835,0.42786069651741293,0.8557213930348258,-0.034375884972823,0.08058433282995088,False,,,,,0.0338494256737588,,,,,,,,,,,,,,,,,,,,,,,,,,,,,,,,,,
regime,trail24_vs_fwd6|vol=vol_high,-0.0075512705983464285,4849,0.7562189054726368,1.0,-0.0724984840413094,0.05368302117805749,False,,,,,0.026131402338808576,,,,,,,,,,,,,,,,,,,,,,,,,,,,,,,,,,
regime,fwd6|vol_regime[vol_low],0.000778685649339781,4844,0.27561459791142384,0.6890364947785597,,,False,,,,,,1.0902237408115214,7.786856493397811,,,,,,,,,,,,,,,,,,,,,,,,,,,,,,,,
regime,fwd6|vol_regime[vol_mid],5.4638565976150496e-05,4847,0.9442316704025694,1.0,,,False,,,,,,0.06995224379270847,0.546385659761505,,,,,,,,,,,,,,,,,,,,,,,,,,,,,,,,
regime,fwd6|vol_regime[vol_high],0.0016729187399148722,4849,0.15438524580592292,0.6890364947785597,,,False,,,,,,1.4242115383292244,16.72918739914872,,,,,,,,,,,,,,,,,,,,,,,,,,,,,,,,
regime,trail24_vs_fwd6|trend=trend_down,0.00021049535748568713,6912,1.0,1.0,-0.07984937012662646,0.054333283226785274,False,,,,,0.028408646059922684,,,,,,,,,,,,,,,,,,,,,,,,,,,,,,,,,,
regime,trail24_vs_fwd6|trend=trend_up,-0.013997266900784101,7616,0.5870646766169154,0.9784411276948589,-0.06570800877629389,0.04146199652733252,False,,,,,0.02736668079963253,,,,,,,,,,,,,,,,,,,,,,,,,,,,,,,,,,
regime,fwd6|trend_regime[trend_down],-0.00016846665029996395,6936,0.8389059681065323,1.0,,,False,,,,,,-0.20329307469670377,-1.6846665029996395,,,,,,,,,,,,,,,,,,,,,,,,,,,,,,,,
regime,fwd6|trend_regime[trend_up],0.0017285606822716288,7616,0.014613651972824394,0.14613651972824393,,,False,,,,,,2.4418145356242316,17.28560682271629,,,,,,,,,,,,,,,,,,,,,,,,,,,,,,,,
cycles,spectral_peak_global,2.1213385578679276,14557,0.014925373134328358,0.014925373134328358,,,True,,,,,,,,,,,13.128205128205128,1.7209829755950905,-0.02058692130501682,,,,,,,,,,,,,,,,,,,,,,,,,,
cycles,spectral_peak_rank1_period_13.1_bars,2.1213385578679276,14557,,,,,False,,,,,,,,,,,,,,13.128205128205128,0.0006843218699530344,,,,,,,,,,,,,,,,,,,,,,,,
cycles,spectral_peak_rank2_period_3.8_bars,2.0363655934426537,14557,,,,,False,,,,,,,,,,,,,,3.750915750915751,0.0006620880162439405,,,,,,,,,,,,,,,,,,,,,,,,
cycles,spectral_peak_rank3_period_3.7_bars,1.8600237121126397,14557,,,,,False,,,,,,,,,,,,,,3.7372262773722627,0.0006113224282601541,,,,,,,,,,,,,,,,,,,,,,,,
cycles,spectral_peak_rank4_period_78.8_bars,1.779110794196008,14557,,,,,False,,,,,,,,,,,,,,78.76923076923077,0.0005600551630056628,,,,,,,,,,,,,,,,,,,,,,,,
cycles,spectral_peak_rank5_period_10.2_bars,1.7766622142403787,14557,,,,,False,,,,,,,,,,,,,,10.24,0.0005605450141056554,,,,,,,,,,,,,,,,,,,,,,,,
nonlinear_lag,mutual_info_lag_1,0.02311222058583695,14527,,,,,False,1.0,,,,,,,,,,,,,,,-0.009620576342284469,,,,,,,,,,,,,,,,,,,,,,,
nonlinear_lag,mutual_info_lag_2,0.013835357397054437,14527,,,,,False,2.0,,,,,,,,,,,,,,,-0.0093779591944004,,,,,,,,,,,,,,,,,,,,,,,
nonlinear_lag,mutual_info_lag_3,0.014628077617024893,14527,,,,,False,3.0,,,,,,,,,,,,,,,-0.027938994884480216,,,,,,,,,,,,,,,,,,,,,,,
nonlinear_lag,mutual_info_lag_6,0.00730096542598524,14527,,,,,False,6.0,,,,,,,,,,,,,,,0.016408231134784172,,,,,,,,,,,,,,,,,,,,,,,
nonlinear_lag,mutual_info_lag_12,0.010029758798131283,14527,,,,,False,12.0,,,,,,,,,,,,,,,-0.003081484264207307,,,,,,,,,,,,,,,,,,,,,,,
nonlinear_lag,mutual_info_lag_24,0.009029655209501719,14527,,,,,False,24.0,,,,,,,,,,,,,,,0.014331684524998004,,,,,,,,,,,,,,,,,,,,,,,
lead_lag,DXY|trail1->fwd1,-0.0056260766940597244,14556,0.5062962680302221,0.9100401019678177,-0.022030585941152044,0.010778432553032596,False,,,,,0.008369647575047103,,,,,,,,,,,,-0.672199951504895,1.0,1.0,,,,,,,,,,,,,,,,,,,,
lead_lag,DXY|trail1->fwd6,0.008503960600178046,14551,0.2918002748511223,0.9100401019678177,-0.007282308327277517,0.024290229527633607,False,,,,,0.008054218840538552,,,,,,,,,,,,1.0558392773456626,1.0,6.0,,,,,,,,,,,,,,,,,,,,
lead_lag,DXY|trail1->fwd24,0.0021708470815828655,14533,0.7809967894817306,0.9107709936731636,-0.013735368010010903,0.018077062173176634,False,,,,,0.008115415863058046,,,,,,,,,,,,0.26749671467419395,1.0,24.0,,,,,,,,,,,,,,,,,,,,
lead_lag,DXY|trail6->fwd1,0.01617944513952074,14551,0.037715681783478394,0.9100401019678177,0.0008380658674097922,0.03152082441163169,False,,,,,0.007827234322505585,,,,,,,,,,,,2.067070496790943,6.0,1.0,,,,,,,,,,,,,,,,,,,,
lead_lag,DXY|trail6->fwd6,0.014675565686680351,14546,0.3404872832811426,0.9100401019678177,-0.015813505974739385,0.045164637348100084,False,,,,,0.015555648806846803,,,,,,,,,,,,0.9434235671495049,6.0,6.0,,,,,,,,,,,,,,,,,,,,
lead_lag,DXY|trail6->fwd24,0.006376946924293917,14528,0.7290662996100022,0.9100401019678177,-0.03062749866211958,0.04338139251070741,False,,,,,0.018879819176741582,,,,,,,,,,,,0.33776525424299625,6.0,24.0,,,,,,,,,,,,,,,,,,,,
lead_lag,DXY|trail24->fwd1,-6.886372229077022e-06,14533,0.9994649136217704,0.9994649136217704,-0.014786147726163585,0.014772374981705432,False,,,,,0.0075404394662931164,,,,,,,,,,,,-0.0009132587377513112,24.0,1.0,,,,,,,,,,,,,,,,,,,,
lead_lag,DXY|trail24->fwd6,0.0022513580793061933,14528,0.9002064693737095,0.9464787645284328,-0.033070188991052865,0.037572905149665256,False,,,,,0.018021197484877072,,,,,,,,,,,,0.12492832849734184,24.0,6.0,,,,,,,,,,,,,,,,,,,,
lead_lag,DXY|trail24->fwd24,0.0138204355309322,14510,0.6493377229921139,0.9100401019678177,-0.045743505451080406,0.0733843765129448,False,,,,,0.03038976580714929,,,,,,,,,,,,0.4547726895506677,24.0,24.0,,,,,,,,,,,,,,,,,,,,
lead_lag,DXY|trail96->fwd1,-0.004568268993319965,14461,0.5383374308543332,0.9100401019678177,-0.018687795602887008,0.009551257616247078,False,,,,,0.00720384010692196,,,,,,,,,,,,-0.6341435852984089,96.0,1.0,,,,,,,,,,,,,,,,,,,,
lead_lag,DXY|trail96->fwd6,-0.005023660951985373,14456,0.7864443249058634,0.9107709936731636,-0.04031044191198067,0.030263120008009924,False,,,,,0.018003459673466986,,,,,,,,,,,,-0.27903864274426704,96.0,6.0,,,,,,,,,,,,,,,,,,,,
lead_lag,DXY|trail96->fwd24,-0.019990577244130753,14438,0.5825959836885435,0.9100401019678177,-0.09099919924220284,0.05101804475394134,False,,,,,0.036228888774526576,,,,,,,,,,,,-0.5517855479516286,96.0,24.0,,,,,,,,,,,,,,,,,,,,
lead_lag,EURUSD|trail1->fwd1,0.0037418895113152622,14556,0.6548881935434633,0.9100401019678177,-0.012722370284846012,0.020206149307476537,False,,,,,0.008400132549061875,,,,,,,,,,,,0.44545600792134593,1.0,1.0,,,,,,,,,,,,,,,,,,,,
lead_lag,EURUSD|trail1->fwd6,-0.004916687770351956,14551,0.5419911436860589,0.9100401019678177,-0.02064947013979275,0.01081609459908884,False,,,,,0.008026929780326935,,,,,,,,,,,,-0.6125240789326676,1.0,6.0,,,,,,,,,,,,,,,,,,,,
lead_lag,EURUSD|trail1->fwd24,-0.0013538068051665473,14533,0.8621770371502828,0.9326434296096809,-0.017541701977469574,0.01483408836713648,False,,,,,0.008259130189950524,,,,,,,,,,,,-0.16391638998666241,1.0,24.0,,,,,,,,,,,,,,,,,,,,
lead_lag,EURUSD|trail6->fwd1,-0.014353915374443246,14551,0.06970529851885784,0.9100401019678177,-0.029832433911972878,0.0011246031630863882,False,,,,,0.007897203335474303,,,,,,,,,,,,-1.8175947566102721,6.0,1.0,,,,,,,,,,,,,,,,,,,,
lead_lag,EURUSD|trail6->fwd6,-0.008036410657742467,14546,0.6134575727487971,0.9100401019678177,-0.0387695503981819,0.022696729082696966,False,,,,,0.015680173336958893,,,,,,,,,,,,-0.5125205241704998,6.0,6.0,,,,,,,,,,,,,,,,,,,,
lead_lag,EURUSD|trail6->fwd24,-0.004882261684218084,14528,0.7974306033493921,0.9107709936731636,-0.042453214541299834,0.03268869117286367,False,,,,,0.019168853498511097,,,,,,,,,,,,-0.25469763669471956,6.0,24.0,,,,,,,,,,,,,,,,,,,,
lead_lag,EURUSD|trail24->fwd1,0.0004300865208495271,14533,0.9536003669163736,0.9761296857763316,-0.014560881683516698,0.01542105472521575,False,,,,,0.007648453165492971,,,,,,,,,,,,0.05623183035099444,24.0,1.0,,,,,,,,,,,,,,,,,,,,
lead_lag,EURUSD|trail24->fwd6,-0.002222168647507018,14528,0.8989829471591344,0.9464787645284328,-0.0378660369953825,0.033421699700368464,False,,,,,0.018185647116263002,,,,,,,,,,,,-0.12219354270433326,24.0,6.0,,,,,,,,,,,,,,,,,,,,
lead_lag,EURUSD|trail24->fwd24,-0.012509849575626989,14510,0.6794273026567644,0.9100401019678177,-0.07244083600055778,0.047421136849303804,False,,,,,0.030577033890270812,,,,,,,,,,,,-0.4091256732265143,24.0,24.0,,,,,,,,,,,,,,,,,,,,
lead_lag,EURUSD|trail96->fwd1,0.0033532205808179056,14461,0.6483558696988322,0.9100401019678177,-0.010879091193381117,0.017585532355016927,False,,,,,0.007261383558264807,,,,,,,,,,,,0.46178810882415317,96.0,1.0,,,,,,,,,,,,,,,,,,,,
lead_lag,EURUSD|trail96->fwd6,0.004004112700012015,14456,0.828325520633213,0.9226398125864996,-0.031204637944497782,0.039212863344521814,False,,,,,0.017963648288015204,,,,,,,,,,,,0.22290086266515452,96.0,6.0,,,,,,,,,,,,,,,,,,,,
lead_lag,EURUSD|trail96->fwd24,0.018402120132559152,14438,0.623605447410941,0.9100401019678177,-0.053098650665408656,0.08990289093052696,False,,,,,0.03647998510100398,,,,,,,,,,,,0.5044442886039638,96.0,24.0,,,,,,,,,,,,,,,,,,,,
lead_lag,GBPUSD|trail1->fwd1,0.0030654342149173423,14556,0.7122796306189422,0.9100401019678177,-0.013189588160149281,0.019320456589983968,False,,,,,0.008293378762789095,,,,,,,,,,,,0.36962428734973457,1.0,1.0,,,,,,,,,,,,,,,,,,,,
lead_lag,GBPUSD|trail1->fwd6,-0.01138234515218283,14551,0.1514735074057108,0.9100401019678177,-0.02692990014569361,0.004165209841327951,False,,,,,0.007932426017097337,,,,,,,,,,,,-1.4349134965330441,1.0,6.0,,,,,,,,,,,,,,,,,,,,
lead_lag,GBPUSD|trail1->fwd24,-0.0073521317318666,14533,0.34474850940223206,0.9100401019678177,-0.02235145414337166,0.0076471906796384635,False,,,,,0.007652715516074012,,,,,,,,,,,,-0.9607219445730008,1.0,24.0,,,,,,,,,,,,,,,,,,,,
lead_lag,GBPUSD|trail6->fwd1,-0.013865564176212954,14551,0.07062146892655367,0.9100401019678177,-0.02899881035678167,0.0012676820043557614,False,,,,,0.0077210439696779164,,,,,,,,,,,,-1.7958146891360542,6.0,1.0,,,,,,,,,,,,,,,,,,,,
lead_lag,GBPUSD|trail6->fwd6,-0.029516526214904016,14546,0.05292904605514397,0.9100401019678177,-0.05919045000057119,0.00015739757076315905,False,,,,,0.015139757033503662,,,,,,,,,,,,-1.9496036924228806,6.0,6.0,,,,,,,,,,,,,,,,,,,,
lead_lag,GBPUSD|trail6->fwd24,-0.021711431359100704,14528,0.25143381509520535,0.9100401019678177,-0.05787958991811743,0.014456727199916024,False,,,,,0.01845314212194731,,,,,,,,,,,,-1.176570971795537,6.0,24.0,,,,,,,,,,,,,,,,,,,,
lead_lag,GBPUSD|trail24->fwd1,-0.004690735889670892,14533,0.5271365234673597,0.9100401019678177,-0.019267701721625022,0.009886229942283237,False,,,,,0.00743722746528272,,,,,,,,,,,,-0.6307102897642217,24.0,1.0,,,,,,,,,,,,,,,,,,,,
lead_lag,GBPUSD|trail24->fwd6,-0.020477366085488564,14528,0.25854553796742374,0.9100401019678177,-0.05577412448774399,0.014819392316766863,False,,,,,0.01800855020523236,,,,,,,,,,,,-1.1370913178529436,24.0,6.0,,,,,,,,,,,,,,,,,,,,
lead_lag,GBPUSD|trail24->fwd24,-0.032040513802200125,14510,0.28673149069749637,0.9100401019678177,-0.09159188572370619,0.02751085811930594,False,,,,,0.030383353021176566,,,,,,,,,,,,-1.0545417347410126,24.0,24.0,,,,,,,,,,,,,,,,,,,,
lead_lag,GBPUSD|trail96->fwd1,0.0005596853120491439,14461,0.9406115550092194,0.9708146783352035,-0.013563957667356704,0.014683328291454993,False,,,,,0.007205940295615229,,,,,,,,,,,,0.07766999018708343,96.0,1.0,,,,,,,,,,,,,,,,,,,,
lead_lag,GBPUSD|trail96->fwd6,-0.0018364960286233565,14456,0.924460155229386,0.9585416356065062,-0.03782596295563434,0.03415297089838763,False,,,,,0.018361972921944383,,,,,,,,,,,,-0.10001626929906651,96.0,6.0,,,,,,,,,,,,,,,,,,,,
lead_lag,GBPUSD|trail96->fwd24,0.008918206205543667,14438,0.8164191736554589,0.9226398125864996,-0.06388430627833984,0.08172071868942717,False,,,,,0.03714413902238954,,,,,,,,,,,,0.24009726541697465,96.0,24.0,,,,,,,,,,,,,,,,,,,,
lead_lag,USDJPY|trail1->fwd1,-0.004847372021651379,14556,0.5698694955353736,0.9100401019678177,-0.021164603129325908,0.011469859086023153,False,,,,,0.008325117912078843,,,,,,,,,,,,-0.5822586626212666,1.0,1.0,,,,,,,,,,,,,,,,,,,,
lead_lag,USDJPY|trail1->fwd6,0.00797253693501885,14551,0.3399755687891281,0.9100401019678177,-0.008246659915703707,0.024191733785741406,False,,,,,0.00827510043404212,,,,,,,,,,,,0.9634368789315735,1.0,6.0,,,,,,,,,,,,,,,,,,,,
lead_lag,USDJPY|trail1->fwd24,-0.009115201657892702,14533,0.26953065280538147,0.9100401019678177,-0.025536053729873456,0.007305650414088052,False,,,,,0.00837798575101059,,,,,,,,,,,,-1.0879944092520313,1.0,24.0,,,,,,,,,,,,,,,,,,,,
lead_lag,USDJPY|trail6->fwd1,0.010461821514753803,14551,0.18193617346159718,0.9100401019678177,-0.00494674442739915,0.025870387456906757,False,,,,,0.007861513235792324,,,,,,,,,,,,1.3307643453581754,6.0,1.0,,,,,,,,,,,,,,,,,,,,
lead_lag,USDJPY|trail6->fwd6,0.004825715132061652,14546,0.7617047277171007,0.9107709936731636,-0.026062043969176146,0.03571347423329945,False,,,,,0.015759060765937652,,,,,,,,,,,,0.30621844815093113,6.0,6.0,,,,,,,,,,,,,,,,,,,,
lead_lag,USDJPY|trail6->fwd24,-0.006198863559415784,14528,0.7251663225510439,0.9100401019678177,-0.04195982950253011,0.029562102383698545,False,,,,,0.01824539078730323,,,,,,,,,,,,-0.3397495636941636,6.0,24.0,,,,,,,,,,,,,,,,,,,,
lead_lag,USDJPY|trail24->fwd1,-0.0042987825971847245,14533,0.5806451612903226,0.9100401019678177,-0.019164714111106457,0.01056714891673701,False,,,,,0.007584658935674354,,,,,,,,,,,,-0.5667733557491229,24.0,1.0,,,,,,,,,,,,,,,,,,,,
lead_lag,USDJPY|trail24->fwd6,-0.010685451194730088,14528,0.5573908388774184,0.9100401019678177,-0.04576396318168299,0.02439306079222282,False,,,,,0.01789719999334332,,,,,,,,,,,,-0.5970459735994699,24.0,6.0,,,,,,,,,,,,,,,,,,,,
lead_lag,USDJPY|trail24->fwd24,-0.007754542191000694,14510,0.7824056350968532,0.9107709936731636,-0.0671665845170587,0.05165750013505732,False,,,,,0.030312266492886743,,,,,,,,,,,,-0.25582191924910735,24.0,24.0,,,,,,,,,,,,,,,,,,,,
lead_lag,USDJPY|trail96->fwd1,-0.011627585814693768,14461,0.13099262446220036,0.9100401019678177,-0.026646187240449384,0.0033910156110618477,False,,,,,0.007662551747834498,,,,,,,,,,,,-1.5174560900002825,96.0,1.0,,,,,,,,,,,,,,,,,,,,
lead_lag,USDJPY|trail96->fwd6,-0.019517445360171557,14456,0.2863290555598248,0.9100401019678177,-0.05489418436717032,0.015859293646827203,False,,,,,0.018049356636223857,,,,,,,,,,,,-1.0813374544886183,96.0,6.0,,,,,,,,,,,,,,,,,,,,
lead_lag,USDJPY|trail96->fwd24,-0.04206191359927502,14438,0.23166884665692083,0.9100401019678177,-0.11313079589400113,0.029006968695451087,False,,,,,0.03625963382383985,,,,,,,,,,,,-1.16002036323986,96.0,24.0,,,,,,,,,,,,,,,,,,,,
lead_lag,USDCHF|trail1->fwd1,0.009558131370300803,14556,0.2509349004044875,0.9100401019678177,-0.00679268133059468,0.025908944071196288,False,,,,,0.0083422513780079,,,,,,,,,,,,1.1457496228773738,1.0,1.0,,,,,,,,,,,,,,,,,,,,
lead_lag,USDCHF|trail1->fwd6,0.016267716686467214,14551,0.044357917239273174,0.9100401019678177,0.00035817169911268876,0.03217726167382174,False,,,,,0.008117114789466594,,,,,,,,,,,,2.0041254938980884,1.0,6.0,,,,,,,,,,,,,,,,,,,,
lead_lag,USDCHF|trail1->fwd24,-0.0021164040688815273,14533,0.7939153034704174,0.9107709936731636,-0.01823270597695525,0.013999897839192196,False,,,,,0.00822260301432333,,,,,,,,,,,,-0.25738857454201136,1.0,24.0,,,,,,,,,,,,,,,,,,,,
lead_lag,USDCHF|trail6->fwd1,0.015586923101416775,14551,0.04695373339441136,0.9100401019678177,0.0002039008929826374,0.030969945309850914,False,,,,,0.007848480718588846,,,,,,,,,,,,1.9859796641278236,6.0,1.0,,,,,,,,,,,,,,,,,,,,
lead_lag,USDCHF|trail6->fwd6,0.00228904294072897,14546,0.8868861223554572,0.9457316470615065,-0.02839748261108055,0.032975568492538486,False,,,,,0.015656390587657918,,,,,,,,,,,,0.1462050226655334,6.0,6.0,,,,,,,,,,,,,,,,,,,,
lead_lag,USDCHF|trail6->fwd24,-0.018986886060143024,14528,0.31260992582396574,0.9100401019678177,-0.05589219985721598,0.017918427736929934,False,,,,,0.01882924173320049,,,,,,,,,,,,-1.0083723141471261,6.0,24.0,,,,,,,,,,,,,,,,,,,,
lead_lag,USDCHF|trail24->fwd1,-0.0035959369458425637,14533,0.6416450084085003,0.9100401019678177,-0.0185585327604086,0.011366658868723472,False,,,,,0.007633977456411242,,,,,,,,,,,,-0.47104369463687484,24.0,1.0,,,,,,,,,,,,,,,,,,,,
lead_lag,USDCHF|trail24->fwd6,-0.013068332994941503,14528,0.4803854094975912,0.9100401019678177,-0.048676304433941345,0.022539638444058336,False,,,,,0.018167332366836653,,,,,,,,,,,,-0.7193314203243697,24.0,6.0,,,,,,,,,,,,,,,,,,,,
lead_lag,USDCHF|trail24->fwd24,-0.013077467542787768,14510,0.6858586631957737,0.9100401019678177,-0.07434755311929259,0.04819261803371704,False,,,,,0.0312602477431147,,,,,,,,,,,,-0.4183417754796322,24.0,24.0,,,,,,,,,,,,,,,,,,,,
lead_lag,USDCHF|trail96->fwd1,0.0025751935370892714,14461,0.7281038721573448,0.9100401019678177,-0.01237443218273325,0.01752481925691179,False,,,,,0.007627360061133939,,,,,,,,,,,,0.337625799286893,96.0,1.0,,,,,,,,,,,,,,,,,,,,
lead_lag,USDCHF|trail96->fwd6,0.010979093212016726,14456,0.5526012449089373,0.9100401019678177,-0.024894966646350283,0.046853153070383735,False,,,,,0.018303091764472965,,,,,,,,,,,,0.599849104910657,96.0,6.0,,,,,,,,,,,,,,,,,,,,
lead_lag,USDCHF|trail96->fwd24,0.012321881723539636,14438,0.7246287604831885,0.9100401019678177,-0.06010581753256443,0.0847495809796437,False,,,,,0.03695290778372656,,,,,,,,,,,,0.3334482308038012,96.0,24.0,,,,,,,,,,,,,,,,,,,,
lead_lag,USDCAD|trail1->fwd1,0.007371079048746114,14556,0.3708311073799893,0.9100401019678177,-0.008859820149265025,0.023601978246757253,False,,,,,0.008281071019393437,,,,,,,,,,,,0.8901118021429579,1.0,1.0,,,,,,,,,,,,,,,,,,,,
lead_lag,USDCAD|trail1->fwd6,0.013792185998651367,14551,0.08535654298366163,0.9100401019678177,-0.0019670309559623508,0.029551402953265082,False,,,,,0.008040416813578427,,,,,,,,,,,,1.7153570913586862,1.0,6.0,,,,,,,,,,,,,,,,,,,,
lead_lag,USDCAD|trail1->fwd24,0.007303586003689147,14533,0.3589665188809051,0.9100401019678177,-0.008282986486834046,0.02289015849421234,False,,,,,0.00795233290332816,,,,,,,,,,,,0.9184205556375157,1.0,24.0,,,,,,,,,,,,,,,,,,,,
lead_lag,USDCAD|trail6->fwd1,0.015177985770655877,14551,0.05222171323866239,0.9100401019678177,-6.11860168911408e-05,0.030417157558202894,False,,,,,0.007775087646707662,,,,,,,,,,,,1.9521305045458812,6.0,1.0,,,,,,,,,,,,,,,,,,,,
lead_lag,USDCAD|trail6->fwd6,0.020124518146152483,14546,0.18796303368212022,0.9100401019678177,-0.010019990334326413,0.05026902662663138,False,,,,,0.015379851265550458,,,,,,,,,,,,1.3084988793896641,6.0,6.0,,,,,,,,,,,,,,,,,,,,
lead_lag,USDCAD|trail6->fwd24,0.020569211850652098,14528,0.23904565267263134,0.9100401019678177,-0.013507887935082962,0.054646311636387154,False,,,,,0.017386275400885234,,,,,,,,,,,,1.1830717837130775,6.0,24.0,,,,,,,,,,,,,,,,,,,,
lead_lag,USDCAD|trail24->fwd1,0.0048712944825564305,14533,0.49617795444121693,0.9100401019678177,-0.00925355867430264,0.0189961476394155,False,,,,,0.0072065577330913625,,,,,,,,,,,,0.675953022646058,24.0,1.0,,,,,,,,,,,,,,,,,,,,
lead_lag,USDCAD|trail24->fwd6,0.008135044278456958,14528,0.6371491932400397,0.9100401019678177,-0.0256568838821392,0.04192697243905312,False,,,,,0.017240779673773552,,,,,,,,,,,,0.47184897854891567,24.0,6.0,,,,,,,,,,,,,,,,,,,,
lead_lag,USDCAD|trail24->fwd24,0.031183604785547228,14510,0.3266978026184825,0.9100401019678177,-0.027735936688184512,0.09010314625927897,False,,,,,0.030060990547822318,,,,,,,,,,,,1.0373445524337932,24.0,24.0,,,,,,,,,,,,,,,,,,,,
lead_lag,USDCAD|trail96->fwd1,0.0007317526723372055,14461,0.9187922556853104,0.9570752663388651,-0.012362259143330697,0.013825764488005108,False,,,,,0.0066806182732999505,,,,,,,,,,,,0.10953367523807789,96.0,1.0,,,,,,,,,,,,,,,,,,,,
lead_lag,USDCAD|trail96->fwd6,0.0008496046157765252,14456,0.9592714977330362,0.9766338777825029,-0.031728775039249604,0.03342798427080265,False,,,,,0.016621622272972515,,,,,,,,,,,,0.05111442203556866,96.0,6.0,,,,,,,,,,,,,,,,,,,,
lead_lag,USDCAD|trail96->fwd24,-0.007088535780521642,14438,0.8473493883203816,0.9282637948216086,-0.07331271337354531,0.05913564181250203,False,,,,,0.033787845710726364,,,,,,,,,,,,-0.20979543476106557,96.0,24.0,,,,,,,,,,,,,,,,,,,,
lead_lag,AUDUSD|trail1->fwd1,0.009072218597596318,14556,0.274059375715485,0.9100401019678177,-0.007157051591624811,0.02530148878681745,False,,,,,0.00828023989245976,,,,,,,,,,,,1.0956468309399776,1.0,1.0,,,,,,,,,,,,,,,,,,,,
lead_lag,AUDUSD|trail1->fwd6,-0.008173688233573777,14551,0.3148572301114674,0.9100401019678177,-0.024229681065284836,0.007882304598137282,False,,,,,0.008191833077403602,,,,,,,,,,,,-0.9977850081101047,1.0,6.0,,,,,,,,,,,,,,,,,,,,
lead_lag,AUDUSD|trail1->fwd24,-0.008977371064865767,14533,0.26463843449013913,0.9100401019678177,-0.024866808638239455,0.006912066508507921,False,,,,,0.008106855904782493,,,,,,,,,,,,-1.1073801200252897,1.0,24.0,,,,,,,,,,,,,,,,,,,,
lead_lag,AUDUSD|trail6->fwd1,-0.010868717031016033,14551,0.1656741487249962,0.9100401019678177,-0.026270959466630148,0.004533525404598081,False,,,,,0.007858286956945976,,,,,,,,,,,,-1.383089863040586,6.0,1.0,,,,,,,,,,,,,,,,,,,,
lead_lag,AUDUSD|trail6->fwd6,-0.031218119829529233,14546,0.04620789734972886,0.9100401019678177,-0.061506091931074106,-0.0009301477279843595,False,,,,,0.01545304699058412,,,,,,,,,,,,-2.0201918656269613,6.0,6.0,,,,,,,,,,,,,,,,,,,,
lead_lag,AUDUSD|trail6->fwd24,-0.024441864123149085,14528,0.17894012388162422,0.9100401019678177,-0.05988177802826308,0.010998049781964916,False,,,,,0.01808158872709898,,,,,,,,,,,,-1.351754234212723,6.0,24.0,,,,,,,,,,,,,,,,,,,,
lead_lag,AUDUSD|trail24->fwd1,-0.004165612684338396,14533,0.573765479284513,0.9100401019678177,-0.018678012329782286,0.010346786961105492,False,,,,,0.007404285533389739,,,,,,,,,,,,-0.5625948196559278,24.0,1.0,,,,,,,,,,,,,,,,,,,,
lead_lag,AUDUSD|trail24->fwd6,-0.014594275339418959,14528,0.4105681731283934,0.9100401019678177,-0.049743917922316624,0.020555367243478704,False,,,,,0.017933491113723297,,,,,,,,,,,,-0.8138000151153468,24.0,6.0,,,,,,,,,,,,,,,,,,,,
lead_lag,AUDUSD|trail24->fwd24,-0.022516356333338244,14510,0.4765331904142102,0.9100401019678177,-0.08513227425525251,0.04009956158857601,False,,,,,0.031946896898935845,,,,,,,,,,,,-0.7048057407443621,24.0,24.0,,,,,,,,,,,,,,,,,,,,
lead_lag,AUDUSD|trail96->fwd1,0.004164895949801912,14461,0.5560848186846957,0.9100401019678177,-0.009275806877477553,0.017605598777081375,False,,,,,0.006857501442489523,,,,,,,,,,,,0.6073488988271948,96.0,1.0,,,,,,,,,,,,,,,,,,,,
lead_lag,AUDUSD|trail96->fwd6,-0.0023224428597882706,14456,0.8919541996465074,0.9464787645284328,-0.03609320210149876,0.03144831638192222,False,,,,,0.01722997920495433,,,,,,,,,,,,-0.13479081037546883,96.0,6.0,,,,,,,,,,,,,,,,,,,,
lead_lag,AUDUSD|trail96->fwd24,0.012271111376694467,14438,0.7303223820881742,0.9100401019678177,-0.05574685256301014,0.08028907531639908,False,,,,,0.034703042826379905,,,,,,,,,,,,0.353603326315998,96.0,24.0,,,,,,,,,,,,,,,,,,,,
lead_lag,NZDUSD|trail1->fwd1,0.007137486015374335,14556,0.3866290162558193,0.9100401019678177,-0.009095069581120475,0.023370041611869147,False,,,,,0.008281916120660617,,,,,,,,,,,,0.8618157816847105,1.0,1.0,,,,,,,,,,,,,,,,,,,,
lead_lag,NZDUSD|trail1->fwd6,-0.016565275463656354,14551,0.044739654909146435,0.9100401019678177,-0.032652173078804456,-0.0004783778485082518,False,,,,,0.008207600824055155,,,,,,,,,,,,-2.0182847361565397,1.0,6.0,,,,,,,,,,,,,,,,,,,,
lead_lag,NZDUSD|trail1->fwd24,-0.013382606470128464,14533,0.09195841614432045,0.9100401019678177,-0.02911855597511156,0.0023533430348546287,False,,,,,0.0080285456658077,,,,,,,,,,,,-1.6668780408290953,1.0,24.0,,,,,,,,,,,,,,,,,,,,
lead_lag,NZDUSD|trail6->fwd1,-0.015395628013845543,14551,0.04878607420980302,0.9100401019678177,-0.03071095967975169,-8.029634793939658e-05,False,,,,,0.007813944727503136,,,,,,,,,,,,-1.9702760322397437,6.0,1.0,,,,,,,,,,,,,,,,,,,,
lead_lag,NZDUSD|trail6->fwd6,-0.03807808627862476,14546,0.01298403727182464,0.9100401019678177,-0.06838489082701822,-0.0077712817302313004,False,,,,,0.015462655381833397,,,,,,,,,,,,-2.462583905437196,6.0,6.0,,,,,,,,,,,,,,,,,,,,
lead_lag,NZDUSD|trail6->fwd24,-0.03298343824776747,14528,0.06759960235528026,0.9100401019678177,-0.06876491220017328,0.002798035704638345,False,,,,,0.018255854057349905,,,,,,,,,,,,-1.8067321388608582,6.0,24.0,,,,,,,,,,,,,,,,,,,,
lead_lag,NZDUSD|trail24->fwd1,-0.00954243484283926,14533,0.19446567803088213,0.9100401019678177,-0.0240560931683053,0.004971223482626783,False,,,,,0.007404927717074511,,,,,,,,,,,,-1.288660093310029,24.0,1.0,,,,,,,,,,,,,,,,,,,,
lead_lag,NZDUSD|trail24->fwd6,-0.022640924977176232,14528,0.19790471820753996,0.9100401019678177,-0.057377019847919375,0.012095169893566907,False,,,,,0.017722497383032214,,,,,,,,,,,,-1.2775245208303991,24.0,6.0,,,,,,,,,,,,,,,,,,,,
lead_lag,NZDUSD|trail24->fwd24,-0.03015250540456701,14510,0.32539621774749256,0.9100401019678177,-0.09184983286701438,0.03154482205788035,False,,,,,0.031478228297167024,,,,,,,,,,,,-0.9578844501639463,24.0,24.0,,,,,,,,,,,,,,,,,,,,
lead_lag,NZDUSD|trail96->fwd1,0.0012956304841760112,14461,0.8498770743700061,0.9282637948216086,-0.012728956734100237,0.015320217702452258,False,,,,,0.007155401641977677,,,,,,,,,,,,0.18107026677232232,96.0,1.0,,,,,,,,,,,,,,,,,,,,
lead_lag,NZDUSD|trail96->fwd6,-0.002731471529185532,14456,0.8610620149081688,0.9326434296096809,-0.03735749239070559,0.03189454933233452,False,,,,,0.017666337174244928,,,,,,,,,,,,-0.15461447963121858,96.0,6.0,,,,,,,,,,,,,,,,,,,,
lead_lag,NZDUSD|trail96->fwd24,0.01775430084692012,14438,0.5852889128260368,0.9100401019678177,-0.051698042390763047,0.08720664408460328,False,,,,,0.03543486899881794,,,,,,,,,,,,0.5010403974546197,96.0,24.0,,,,,,,,,,,,,,,,,,,,
lead_lag,EURJPY|trail1->fwd1,0.000480956906217598,14556,0.954437914981302,0.9761296857763316,-0.015843427761320843,0.01680534157375604,False,,,,,0.008328767687519613,,,,,,,,,,,,0.0577464667358049,1.0,1.0,,,,,,,,,,,,,,,,,,,,
lead_lag,EURJPY|trail1->fwd6,0.005105294404606077,14551,0.5359596885020614,0.9100401019678177,-0.011004648797465846,0.021215237606678,False,,,,,0.008219358776567308,,,,,,,,,,,,0.6211304973279468,1.0,6.0,,,,,,,,,,,,,,,,,,,,
lead_lag,EURJPY|trail1->fwd24,-0.006434710812711896,14533,0.4446567803088213,0.9100401019678177,-0.02307316982626581,0.010203748200842017,False,,,,,0.008489009700792813,,,,,,,,,,,,-0.7580048839042957,1.0,24.0,,,,,,,,,,,,,,,,,,,,
lead_lag,EURJPY|trail6->fwd1,0.0046928423434888684,14551,0.5516872805008398,0.9100401019678177,-0.010852591134284864,0.0202382758212626,False,,,,,0.007931343611109047,,,,,,,,,,,,0.5916831464615695,6.0,1.0,,,,,,,,,,,,,,,,,,,,
lead_lag,EURJPY|trail6->fwd6,0.006383410889570161,14546,0.689070495684717,0.9100401019678177,-0.024928519071480734,0.037695340850621054,False,,,,,0.015975474469923926,,,,,,,,,,,,0.39957566841522163,6.0,6.0,,,,,,,,,,,,,,,,,,,,
lead_lag,EURJPY|trail6->fwd24,-0.010938785404026825,14528,0.5800259998470597,0.9100401019678177,-0.04822622092039699,0.026348650112343337,False,,,,,0.01902420179406641,,,,,,,,,,,,-0.5749931336114505,6.0,24.0,,,,,,,,,,,,,,,,,,,,
lead_lag,EURJPY|trail24->fwd1,-0.00206690690020078,14533,0.7893288487998777,0.9107709936731636,-0.017014187368176524,0.012880373567774963,False,,,,,0.007626163504069257,,,,,,,,,,,,-0.2710284009906024,24.0,1.0,,,,,,,,,,,,,,,,,,,,
lead_lag,EURJPY|trail24->fwd6,-0.008768316353428016,14528,0.6446432668043129,0.9100401019678177,-0.04463610090920012,0.027099468202344094,False,,,,,0.018299890079475568,,,,,,,,,,,,-0.4791458481634386,24.0,6.0,,,,,,,,,,,,,,,,,,,,
lead_lag,EURJPY|trail24->fwd24,-0.017142871895026782,14510,0.5730801623152898,0.9100401019678177,-0.08020742610311586,0.045921682313062304,False,,,,,0.03217579296331076,,,,,,,,,,,,-0.5327878605687936,24.0,24.0,,,,,,,,,,,,,,,,,,,,
lead_lag,EURJPY|trail96->fwd1,-0.0067614075928849274,14461,0.3996619545175169,0.9100401019678177,-0.022466368607025562,0.008943553421255709,False,,,,,0.008012735211296243,,,,,,,,,,,,-0.8438326507224136,96.0,1.0,,,,,,,,,,,,,,,,,,,,
lead_lag,EURJPY|trail96->fwd6,-0.01677617717049421,14456,0.37646968416199184,0.9100401019678177,-0.05366657014274506,0.02011421580175665,False,,,,,0.018821629067474928,,,,,,,,,,,,-0.8913243965414556,96.0,6.0,,,,,,,,,,,,,,,,,,,,
lead_lag,EURJPY|trail96->fwd24,-0.028010165742243503,14438,0.48349619142879124,0.9100401019678177,-0.10343389857918305,0.04741356709469603,False,,,,,0.038481496345377314,,,,,,,,,,,,-0.7278866053140964,96.0,24.0,,,,,,,,,,,,,,,,,,,,
lead_lag,EURGBP|trail1->fwd1,0.0009087611839902231,14556,0.9164313515988705,0.9570752663388651,-0.015478564069307251,0.017296086437287698,False,,,,,0.008360880231274221,,,,,,,,,,,,0.10869204663295666,1.0,1.0,,,,,,,,,,,,,,,,,,,,
lead_lag,EURGBP|trail1->fwd6,0.003251705444615397,14551,0.6801038326462056,0.9100401019678177,-0.012308682051096797,0.01881209294032759,False,,,,,0.007938973212098058,,,,,,,,,,,,0.40958765796818436,1.0,6.0,,,,,,,,,,,,,,,,,,,,
lead_lag,EURGBP|trail1->fwd24,0.007271549761276362,14533,0.32839015441064057,0.9100401019678177,-0.0074382420268083605,0.021981341549361086,False,,,,,0.007504995810247307,,,,,,,,,,,,0.9688945797075331,1.0,24.0,,,,,,,,,,,,,,,,,,,,
lead_lag,EURGBP|trail6->fwd1,0.006652657412181442,14551,0.39181554435791727,0.9100401019678177,-0.00890473896681242,0.022210053791175306,False,,,,,0.007937447132139726,,,,,,,,,,,,0.8381356500938433,6.0,1.0,,,,,,,,,,,,,,,,,,,,
lead_lag,EURGBP|trail6->fwd6,0.02755097412420217,14546,0.08134117467348966,0.9100401019678177,-0.0030325315573084717,0.058134479805712805,False,,,,,0.015603829429342164,,,,,,,,,,,,1.765654658618226,6.0,6.0,,,,,,,,,,,,,,,,,,,,
lead_lag,EURGBP|trail6->fwd24,0.015485641430727268,14528,0.3750860289057123,0.9100401019678177,-0.019001455885576703,0.04997273874703124,False,,,,,0.0175954578144408,,,,,,,,,,,,0.8800931236934351,6.0,24.0,,,,,,,,,,,,,,,,,,,,
lead_lag,EURGBP|trail24->fwd1,0.00830565802979923,14533,0.27717474392294755,0.9100401019678177,-0.006731769183063618,0.023343085242662077,False,,,,,0.0076721567412565556,,,,,,,,,,,,1.0825714736947512,24.0,1.0,,,,,,,,,,,,,,,,,,,,
lead_lag,EURGBP|trail24->fwd6,0.023489345512608645,14528,0.20134587443603272,0.9100401019678177,-0.012213298481877861,0.05919198950709515,False,,,,,0.018215634691064544,,,,,,,,,,,,1.2895156227595548,24.0,6.0,,,,,,,,,,,,,,,,,,,,
lead_lag,EURGBP|trail24->fwd24,0.029523028951134792,14510,0.3210320802388791,0.9100401019678177,-0.029990232481641645,0.08903629038391123,False,,,,,0.030363908894273692,,,,,,,,,,,,0.9723065977418514,24.0,24.0,,,,,,,,,,,,,,,,,,,,
lead_lag,EURGBP|trail96->fwd1,0.0023847292117582775,14461,0.7401659496004918,0.9100401019678177,-0.011278712890766596,0.01604817131428315,False,,,,,0.006971143929859629,,,,,,,,,,,,0.3420857804332117,96.0,1.0,,,,,,,,,,,,,,,,,,,,
lead_lag,EURGBP|trail96->fwd6,0.009947382375577074,14456,0.57235072619688,0.9100401019678177,-0.02339237113614849,0.04328713588730264,False,,,,,0.017010078322308962,,,,,,,,,,,,0.5847934493359116,96.0,6.0,,,,,,,,,,,,,,,,,,,,
lead_lag,EURGBP|trail96->fwd24,0.008056980193162094,14438,0.8424251750403939,0.9282637948216086,-0.06027008840468908,0.07638404879101326,False,,,,,0.03486074928461795,,,,,,,,,,,,0.2311189621135647,96.0,24.0,,,,,,,,,,,,,,,,,,,,
lead_lag,EURCHF|trail1->fwd1,0.004585180973951353,14556,0.5764328779668778,0.9100401019678177,-0.011674687793807656,0.020845049741710364,False,,,,,0.008295851412121944,,,,,,,,,,,,0.5527077024609507,1.0,1.0,,,,,,,,,,,,,,,,,,,,
lead_lag,EURCHF|trail1->fwd6,0.01113640493807785,14551,0.15605435944418997,0.9100401019678177,-0.004220565691626509,0.02649337556778221,False,,,,,0.007835189096787938,,,,,,,,,,,,1.4213319934605353,1.0,6.0,,,,,,,,,,,,,,,,,,,,
lead_lag,EURCHF|trail1->fwd24,-0.002655216801042233,14533,0.729246292615808,0.9100401019678177,-0.017699802080902476,0.01238936847881801,False,,,,,0.007675808816255227,,,,,,,,,,,,-0.3459201322757314,1.0,24.0,,,,,,,,,,,,,,,,,,,,
lead_lag,EURCHF|trail6->fwd1,0.0019150670990829648,14551,0.8062299587723316,0.9161704076958315,-0.013186618385088507,0.017016752583254437,False,,,,,0.007704941573556874,,,,,,,,,,,,0.24855050240165574,6.0,1.0,,,,,,,,,,,,,,,,,,,,
lead_lag,EURCHF|trail6->fwd6,-0.002991686022614775,14546,0.8415183685939052,0.9282637948216086,-0.032511401738286934,0.026528029693057384,False,,,,,0.01506107944677151,,,,,,,,,,,,-0.1986368927398542,6.0,6.0,,,,,,,,,,,,,,,,,,,,
lead_lag,EURCHF|trail6->fwd24,-0.02685193521452307,14528,0.11332874512502868,0.9100401019678177,-0.060478833290365144,0.006774962861319001,False,,,,,0.01715658065093983,,,,,,,,,,,,-1.565109957563259,6.0,24.0,,,,,,,,,,,,,,,,,,,,
lead_lag,EURCHF|trail24->fwd1,-0.008827612788271244,14533,0.23169240177342915,0.9100401019678177,-0.023176383344667227,0.005521157768124741,False,,,,,0.007320801304283666,,,,,,,,,,,,-1.205826032063715,24.0,1.0,,,,,,,,,,,,,,,,,,,,
lead_lag,EURCHF|trail24->fwd6,-0.02883017864591076,14528,0.10002294104152329,0.9100401019678177,-0.06329399366599747,0.0056336363741759515,False,,,,,0.017583579091880977,,,,,,,,,,,,-1.6396080965804496,24.0,6.0,,,,,,,,,,,,,,,,,,,,
lead_lag,EURCHF|trail24->fwd24,-0.01741909074540068,14510,0.5636628129545976,0.9100401019678177,-0.0770218752212513,0.04218369373044993,False,,,,,0.030409583916250316,,,,,,,,,,,,-0.5728158199524802,24.0,24.0,,,,,,,,,,,,,,,,,,,,
lead_lag,EURCHF|trail96->fwd1,0.0067505850489793205,14461,0.382759680393362,0.9100401019678177,-0.00829836971234338,0.02179953981030202,False,,,,,0.00767803814353199,,,,,,,,,,,,0.8792070217397969,96.0,1.0,,,,,,,,,,,,,,,,,,,,
lead_lag,EURCHF|trail96->fwd6,0.015964429254020293,14456,0.37992776454314914,0.9100401019678177,-0.020928143334019503,0.05285700184206009,False,,,,,0.018822741116346835,,,,,,,,,,,,0.8481458229352044,96.0,6.0,,,,,,,,,,,,,,,,,,,,
lead_lag,EURCHF|trail96->fwd24,0.019979614303220792,14438,0.5933677002385166,0.9100401019678177,-0.055307275268724185,0.09526650387516576,False,,,,,0.03841167835303315,,,,,,,,,,,,0.5201442675738515,96.0,24.0,,,,,,,,,,,,,,,,,,,,
lead_lag,XAUUSD|trail1->fwd1,-0.005132043693260744,14556,0.5472029306265741,0.9100401019678177,-0.021487352745410256,0.011223265358888769,False,,,,,0.00834454543477016,,,,,,,,,,,,-0.6150177662016769,1.0,1.0,,,,,,,,,,,,,,,,,,,,
lead_lag,XAUUSD|trail1->fwd6,-0.007884655602996421,14551,0.34028095892502674,0.9100401019678177,-0.023916959522764132,0.00814764831677129,False,,,,,0.00817974689784067,,,,,,,,,,,,-0.963924153335093,1.0,6.0,,,,,,,,,,,,,,,,,,,,
lead_lag,XAUUSD|trail1->fwd24,-0.0028169153230007777,14533,0.7311573153951995,0.9100401019678177,-0.01930150826808737,0.013667677622085813,False,,,,,0.008410506604636016,,,,,,,,,,,,-0.3349281387458926,1.0,24.0,,,,,,,,,,,,,,,,,,,,
lead_lag,XAUUSD|trail6->fwd1,-0.00841682566290933,14551,0.28477630172545426,0.9100401019678177,-0.023915501880624204,0.007081850554805546,False,,,,,0.007907487866181059,,,,,,,,,,,,-1.0644120870430442,6.0,1.0,,,,,,,,,,,,,,,,,,,,
lead_lag,XAUUSD|trail6->fwd6,-0.019489225904286176,14546,0.21354922477659818,0.9100401019678177,-0.049909686719139715,0.010931234910567366,False,,,,,0.01552064327288446,,,,,,,,,,,,-1.2556970456459804,6.0,6.0,,,,,,,,,,,,,,,,,,,,
lead_lag,XAUUSD|trail6->fwd24,-0.011986919509713765,14528,0.5065381968341363,0.9100401019678177,-0.04792283534374434,0.023948996324316817,False,,,,,0.018334650935729887,,,,,,,,,,,,-0.6537849862390399,6.0,24.0,,,,,,,,,,,,,,,,,,,,
lead_lag,XAUUSD|trail24->fwd1,0.004495119090685878,14533,0.5480048922183153,0.9100401019678177,-0.010494899379194338,0.019485137560566093,False,,,,,0.007647968607081742,,,,,,,,,,,,0.5877533396938319,24.0,1.0,,,,,,,,,,,,,,,,,,,,
lead_lag,XAUUSD|trail24->fwd6,-0.006767669135443744,14528,0.7010782289515944,0.9100401019678177,-0.04212251490264934,0.02858717663176185,False,,,,,0.01803818661592122,,,,,,,,,,,,-0.37518567024194827,24.0,6.0,,,,,,,,,,,,,,,,,,,,
lead_lag,XAUUSD|trail24->fwd24,-0.028574669906763737,14510,0.3560217441237271,0.9100401019678177,-0.08930787427460372,0.03215853446107625,False,,,,,0.030986328759102035,,,,,,,,,,,,-0.922170229616831,24.0,24.0,,,,,,,,,,,,,,,,,,,,
lead_lag,XAUUSD|trail96->fwd1,0.005460672459348327,14461,0.45520897357098955,0.9100401019678177,-0.008796607440643658,0.01971795235934031,False,,,,,0.007274122397955094,,,,,,,,,,,,0.7506984568864877,96.0,1.0,,,,,,,,,,,,,,,,,,,,
lead_lag,XAUUSD|trail96->fwd6,0.009963283192013797,14456,0.563743948359333,0.9100401019678177,-0.024538059158979074,0.04446462554300667,False,,,,,0.01760272568928208,,,,,,,,,,,,0.5660079789847674,96.0,6.0,,,,,,,,,,,,,,,,,,,,
lead_lag,XAUUSD|trail96->fwd24,0.023053680526429924,14438,0.5198892052012003,0.9100401019678177,-0.04737059420152169,0.09347795525438153,False,,,,,0.03593075241222021,,,,,,,,,,,,0.6416141878116992,96.0,24.0,,,,,,,,,,,,,,,,,,,,
lead_lag,XAGUSD|trail1->fwd1,-0.004388821063312215,14556,0.5975730748683508,0.9100401019678177,-0.020758856387583572,0.011981214260959144,False,,,,,0.008352058838913958,,,,,,,,,,,,-0.5254777472189008,1.0,1.0,,,,,,,,,,,,,,,,,,,,
lead_lag,XAGUSD|trail1->fwd6,-0.013123880624716684,14551,0.10841349824400671,0.9100401019678177,-0.029013699757355238,0.0027659385079218685,False,,,,,0.008107050577876813,,,,,,,,,,,,-1.6188230847517109,1.0,6.0,,,,,,,,,,,,,,,,,,,,
lead_lag,XAGUSD|trail1->fwd24,-0.0036044868701967194,14533,0.6492890995260664,0.9100401019678177,-0.019582569476506374,0.012373595736112934,False,,,,,0.008152082962402885,,,,,,,,,,,,-0.4421553223661344,1.0,24.0,,,,,,,,,,,,,,,,,,,,
lead_lag,XAGUSD|trail6->fwd1,-0.01642812786909807,14551,0.03794472438540235,0.9100401019678177,-0.03190020263010083,-0.0009560531080953106,False,,,,,0.007893915694389162,,,,,,,,,,,,-2.0811126575338084,6.0,1.0,,,,,,,,,,,,,,,,,,,,
lead_lag,XAGUSD|trail6->fwd6,-0.04423966639261052,14546,0.0028259375238677154,0.6358359428702359,-0.07414072587638312,-0.014338606908837915,False,,,,,0.015255642593761533,,,,,,,,,,,,-2.8998887539946288,6.0,6.0,,,,,,,,,,,,,,,,,,,,
lead_lag,XAGUSD|trail6->fwd24,-0.023097712563037862,14528,0.20088705360556702,0.9100401019678177,-0.05911964204796816,0.01292421692189243,False,,,,,0.018378535451495048,,,,,,,,,,,,-1.2567765600255663,6.0,24.0,,,,,,,,,,,,,,,,,,,,
lead_lag,XAGUSD|trail24->fwd1,-0.006404015836147334,14533,0.3957345971563981,0.9100401019678177,-0.021265768528170317,0.008457736855875647,False,,,,,0.0075825268836851945,,,,,,,,,,,,-0.8445754211470609,24.0,1.0,,,,,,,,,,,,,,,,,,,,
lead_lag,XAGUSD|trail24->fwd6,-0.024190630812484026,14528,0.17075781907165252,0.9100401019678177,-0.05975203465885083,0.011370773033882783,False,,,,,0.018143573391003472,,,,,,,,,,,,-1.3332892198886797,24.0,6.0,,,,,,,,,,,,,,,,,,,,
lead_lag,XAGUSD|trail24->fwd24,-0.0542063986055728,14510,0.07924354949850701,0.9100401019678177,-0.11485278938115516,0.006439992170009554,False,,,,,0.030942036109990998,,,,,,,,,,,,-1.751869153435248,24.0,24.0,,,,,,,,,,,,,,,,,,,,
lead_lag,XAGUSD|trail96->fwd1,0.005910781803509917,14461,0.40588506453595574,0.9100401019678177,-0.007781605478761314,0.01960316908578115,False,,,,,0.0069859118787098115,,,,,,,,,,,,0.8461002523555372,96.0,1.0,,,,,,,,,,,,,,,,,,,,
lead_lag,XAGUSD|trail96->fwd6,0.006314407623015766,14456,0.6989933143779298,0.9100401019678177,-0.02758946984619559,0.04021828509222712,False,,,,,0.01729789666796498,,,,,,,,,,,,0.3650390416951559,96.0,6.0,,,,,,,,,,,,,,,,,,,,
lead_lag,XAGUSD|trail96->fwd24,0.02678766148770347,14438,0.45548972839886126,0.9100401019678177,-0.042308299380277234,0.09588362235568416,False,,,,,0.03525304125917383,,,,,,,,,,,,0.7598681001949745,96.0,24.0,,,,,,,,,,,,,,,,,,,,
lead_lag,COPPER|trail1->fwd1,0.007682055488444585,14556,0.35014882088071436,0.9100401019678177,-0.008454069565542422,0.023818180542431594,False,,,,,0.008232716864279085,,,,,,,,,,,,0.9331130433716526,1.0,1.0,,,,,,,,,,,,,,,,,,,,
lead_lag,COPPER|trail1->fwd6,-0.004473691891161249,14551,0.5811574286150557,0.9100401019678177,-0.020219656619235908,0.011272272836913408,False,,,,,0.008033655473507479,,,,,,,,,,,,-0.5568687761024986,1.0,6.0,,,,,,,,,,,,,,,,,,,,
lead_lag,COPPER|trail1->fwd24,-0.009411486301168838,14533,0.2286347653264027,0.9100401019678177,-0.024410568101293842,0.005587595498956164,False,,,,,0.007652592755165818,,,,,,,,,,,,-1.2298428261213423,1.0,24.0,,,,,,,,,,,,,,,,,,,,
lead_lag,COPPER|trail6->fwd1,-0.012296874709788606,14551,0.11856772026263551,0.9100401019678177,-0.027666358729894626,0.0030726093103174163,False,,,,,0.00784157347964593,,,,,,,,,,,,-1.5681641881832937,6.0,1.0,,,,,,,,,,,,,,,,,,,,
lead_lag,COPPER|trail6->fwd6,-0.028907832029191914,14546,0.052547162605972655,0.9100401019678177,-0.05858360904666972,0.0007679449882858902,False,,,,,0.015140702559937656,,,,,,,,,,,,-1.9092794350033746,6.0,6.0,,,,,,,,,,,,,,,,,,,,
lead_lag,COPPER|trail6->fwd24,-0.030877133210939163,14528,0.08128775713084041,0.9100401019678177,-0.06510574741905262,0.0033514809971742845,False,,,,,0.017463578677608903,,,,,,,,,,,,-1.768087388098098,6.0,24.0,,,,,,,,,,,,,,,,,,,,
lead_lag,COPPER|trail24->fwd1,-0.0061020277318162425,14533,0.4065127656321663,0.9100401019678177,-0.020407331181900676,0.00820327571826819,False,,,,,0.007298624209226751,,,,,,,,,,,,-0.8360517759089722,24.0,1.0,,,,,,,,,,,,,,,,,,,,
lead_lag,COPPER|trail24->fwd6,-0.02052505543571591,14528,0.23269863118452244,0.9100401019678177,-0.05391704338409507,0.012866932512663253,False,,,,,0.01703672854509141,,,,,,,,,,,,-1.2047533293373716,24.0,6.0,,,,,,,,,,,,,,,,,,,,
lead_lag,COPPER|trail24->fwd24,-0.019105336549279567,14510,0.542301508307174,0.9100401019678177,-0.07771160632546568,0.03950093322690655,False,,,,,0.02990115804907455,,,,,,,,,,,,-0.6389497195367282,24.0,24.0,,,,,,,,,,,,,,,,,,,,
lead_lag,COPPER|trail96->fwd1,0.0002308503510644454,14461,0.9795636140135218,0.9839366658617965,-0.013547330990297748,0.01400903169242664,False,,,,,0.007029684357837854,,,,,,,,,,,,0.03283936224064673,96.0,1.0,,,,,,,,,,,,,,,,,,,,
lead_lag,COPPER|trail96->fwd6,-0.012226414552998839,14456,0.482210097594713,0.9100401019678177,-0.04568738894079736,0.02123455983479968,False,,,,,0.01707192570806047,,,,,,,,,,,,-0.716170791864808,96.0,6.0,,,,,,,,,,,,,,,,,,,,
lead_lag,COPPER|trail96->fwd24,-0.018248476910363704,14438,0.5800569362160498,0.9100401019678177,-0.0857849333817383,0.0492879795610109,False,,,,,0.034457375750701326,,,,,,,,,,,,-0.5295956674817955,96.0,24.0,,,,,,,,,,,,,,,,,,,,
lead_lag,WTI|trail1->fwd1,-0.007874223095733832,14556,0.3410669312371213,0.9100401019678177,-0.02398479190715054,0.008236345715682875,False,,,,,0.008219677965008524,,,,,,,,,,,,-0.957972213662712,1.0,1.0,,,,,,,,,,,,,,,,,,,,
lead_lag,WTI|trail1->fwd6,-0.008581393448328147,14551,0.2958466941517789,0.9100401019678177,-0.024649416964768404,0.0074866300681121125,False,,,,,0.008197971181857276,,,,,,,,,,,,-1.0467703847653689,1.0,6.0,,,,,,,,,,,,,,,,,,,,
lead_lag,WTI|trail1->fwd24,-0.0064881770424277205,14533,0.39940376089282986,0.9100401019678177,-0.021841437247692733,0.008865083162837292,False,,,,,0.007833296023094394,,,,,,,,,,,,-0.8282818654240887,1.0,24.0,,,,,,,,,,,,,,,,,,,,
lead_lag,WTI|trail6->fwd1,-0.0041982533922145645,14551,0.5974194533516567,0.9100401019678177,-0.01970903714296127,0.01131253035853214,False,,,,,0.0079136651789524,,,,,,,,,,,,-0.5305068255074097,6.0,1.0,,,,,,,,,,,,,,,,,,,,
lead_lag,WTI|trail6->fwd6,-0.005390027887539023,14546,0.7361185366226227,0.9100401019678177,-0.03577378246377554,0.0249937266886975,False,,,,,0.015501915600120675,,,,,,,,,,,,-0.3477007633493414,6.0,6.0,,,,,,,,,,,,,,,,,,,,
lead_lag,WTI|trail6->fwd24,0.004728498411933807,14528,0.7911600519996941,0.9107709936731636,-0.030360426368093548,0.03981742319196116,False,,,,,0.0179025126428711,,,,,,,,,,,,0.2641248469564258,6.0,24.0,,,,,,,,,,,,,,,,,,,,
lead_lag,WTI|trail24->fwd1,0.005782297116420441,14533,0.42615807980431125,0.9100401019678177,-0.008610769267542392,0.02017536350038327,False,,,,,0.007343401216307568,,,,,,,,,,,,0.787414026021026,24.0,1.0,,,,,,,,,,,,,,,,,,,,
lead_lag,WTI|trail24->fwd6,0.01258829215509798,14528,0.44819148122658103,0.9100401019678177,-0.020969129761829543,0.0461457140720255,False,,,,,0.017121133631085472,,,,,,,,,,,,0.7352487531691492,24.0,6.0,,,,,,,,,,,,,,,,,,,,
lead_lag,WTI|trail24->fwd24,-0.01383112054734387,14510,0.6318811729576602,0.9100401019678177,-0.0729078141418427,0.04524557304715496,False,,,,,0.030141170201274915,,,,,,,,,,,,-0.4588780214896514,24.0,24.0,,,,,,,,,,,,,,,,,,,,
lead_lag,WTI|trail96->fwd1,-0.004860653165079845,14461,0.5219729563614014,0.9100401019678177,-0.0194137100163444,0.009692403686184708,False,,,,,0.007425029005747222,,,,,,,,,,,,-0.654630865592247,96.0,1.0,,,,,,,,,,,,,,,,,,,,
lead_lag,WTI|trail96->fwd6,-0.005295698838150648,14456,0.770383462691155,0.9107709936731636,-0.04091262906729142,0.030321231390990126,False,,,,,0.01817190317813305,,,,,,,,,,,,-0.29142235605366673,96.0,6.0,,,,,,,,,,,,,,,,,,,,
lead_lag,WTI|trail96->fwd24,-0.04529835303539966,14438,0.23082249749942294,0.9100401019678177,-0.11893118620692858,0.028334480136129263,False,,,,,0.03756777202629027,,,,,,,,,,,,-1.2057769357123298,96.0,24.0,,,,,,,,,,,,,,,,,,,,
lead_lag,BRENT|trail1->fwd1,-0.0026234019010115527,14556,0.7555521636266503,0.9107709936731636,-0.018904631407179566,0.013657827605156462,False,,,,,0.008306749748044906,,,,,,,,,,,,-0.3158156897201582,1.0,1.0,,,,,,,,,,,,,,,,,,,,
lead_lag,BRENT|trail1->fwd6,-0.01437159018639254,14551,0.08131012368300504,0.9100401019678177,-0.030460025580539618,0.0017168452077545374,False,,,,,0.008208385405177081,,,,,,,,,,,,-1.7508425198125184,1.0,6.0,,,,,,,,,,,,,,,,,,,,
lead_lag,BRENT|trail1->fwd24,-0.00812453707175402,14533,0.2980431126739031,0.9100401019678177,-0.023573352217659924,0.007324278074151881,False,,,,,0.007882048543829541,,,,,,,,,,,,-1.0307646580170216,1.0,24.0,,,,,,,,,,,,,,,,,,,,
lead_lag,BRENT|trail6->fwd1,-0.005193868074676173,14551,0.5099251794167048,0.9100401019678177,-0.02072095193244227,0.010333215783089926,False,,,,,0.007921981560084744,,,,,,,,,,,,-0.6556273875775864,6.0,1.0,,,,,,,,,,,,,,,,,,,,
lead_lag,BRENT|trail6->fwd6,-0.006227532749098946,14546,0.6880012220270374,0.9100401019678177,-0.036616266445900617,0.024161200947702723,False,,,,,0.015504455967755954,,,,,,,,,,,,-0.40166083621702797,6.0,6.0,,,,,,,,,,,,,,,,,,,,
lead_lag,BRENT|trail6->fwd24,-0.0038212279022525625,14528,0.8214422268104306,0.9226398125864996,-0.03862261934278458,0.03098016353827946,False,,,,,0.017755811959455112,,,,,,,,,,,,-0.2152099780611682,6.0,24.0,,,,,,,,,,,,,,,,,,,,
lead_lag,BRENT|trail24->fwd1,0.004635792839947936,14533,0.5271365234673597,0.9100401019678177,-0.009839144597976024,0.019110730277871895,False,,,,,0.007385172162206102,,,,,,,,,,,,0.6277162858398592,24.0,1.0,,,,,,,,,,,,,,,,,,,,
lead_lag,BRENT|trail24->fwd6,0.009333617475506428,14528,0.5824730442762102,0.9100401019678177,-0.024661583090839836,0.04332881804185269,False,,,,,0.017344490084870545,,,,,,,,,,,,0.5381315581971513,24.0,6.0,,,,,,,,,,,,,,,,,,,,
lead_lag,BRENT|trail24->fwd24,-0.016970928300329258,14510,0.5707066840211316,0.9100401019678177,-0.07693727044763396,0.04299541384697544,False,,,,,0.03059507252413505,,,,,,,,,,,,-0.5546948217541132,24.0,24.0,,,,,,,,,,,,,,,,,,,,
lead_lag,BRENT|trail96->fwd1,-0.006318608534138023,14461,0.40050706822372467,0.9100401019678177,-0.020858420418146072,0.008221203349870029,False,,,,,0.007418271369391862,,,,,,,,,,,,-0.8517629269008545,96.0,1.0,,,,,,,,,,,,,,,,,,,,
lead_lag,BRENT|trail96->fwd6,-0.009547417638340955,14456,0.6174594636133097,0.9100401019678177,-0.04490209484764625,0.02580725957096434,False,,,,,0.0180381006169925,,,,,,,,,,,,-0.5292917386959781,96.0,6.0,,,,,,,,,,,,,,,,,,,,
lead_lag,BRENT|trail96->fwd24,-0.055242016685136355,14438,0.13941678848965144,0.9100401019678177,-0.12829970784276784,0.017815674472495144,False,,,,,0.03727433222328138,,,,,,,,,,,,-1.4820390705921873,96.0,24.0,,,,,,,,,,,,,,,,,,,,
lead_lag,HSI|trail1->fwd1,-0.005357534086756915,6063,0.6626969585928911,0.9100401019678177,-0.029995669264891812,0.019280601091377983,False,,,,,0.012570477131701478,,,,,,,,,,,,-0.4261997401232888,1.0,1.0,,,,,,,,,,,,,,,,,,,,
lead_lag,HSI|trail1->fwd6,-0.005183885605221631,6058,0.675160403299725,0.9100401019678177,-0.030023184860999322,0.019655413650556064,False,,,,,0.012673111865192701,,,,,,,,,,,,-0.4090459912580285,1.0,6.0,,,,,,,,,,,,,,,,,,,,
lead_lag,HSI|trail1->fwd24,0.007662639156402642,6040,0.5541659003126724,0.9100401019678177,-0.016337044376616153,0.031662322689421436,False,,,,,0.012244736496438162,,,,,,,,,,,,0.6257904495234835,1.0,24.0,,,,,,,,,,,,,,,,,,,,
lead_lag,HSI|trail6->fwd1,-0.0035710227221038833,6058,0.7615032080659945,0.9107709936731636,-0.026737745135536804,0.019595699691329037,False,,,,,0.011819756333384144,,,,,,,,,,,,-0.3021232097668341,6.0,1.0,,,,,,,,,,,,,,,,,,,,
lead_lag,HSI|trail6->fwd6,-0.005691283366639332,6053,0.8260550458715596,0.9226398125864996,-0.051901585005034195,0.040519018271755525,False,,,,,0.023576684509385132,,,,,,,,,,,,-0.24139455928902184,6.0,6.0,,,,,,,,,,,,,,,,,,,,
lead_lag,HSI|trail6->fwd24,0.016199272810242405,6035,0.5636731689363268,0.9100401019678177,-0.038903856976332266,0.07130240259681707,False,,,,,0.02811384172784422,,,,,,,,,,,,0.5762027462151673,6.0,24.0,,,,,,,,,,,,,,,,,,,,
lead_lag,HSI|trail24->fwd1,0.005856001075403383,6040,0.6097112378149715,0.9100401019678177,-0.016782844483247197,0.028494846634053966,False,,,,,0.011550431407474786,,,,,,,,,,,,0.506994143232928,24.0,1.0,,,,,,,,,,,,,,,,,,,,
lead_lag,HSI|trail24->fwd6,0.01162618100297806,6035,0.6711446448288554,0.9100401019678177,-0.04290861713192309,0.0661609791378792,False,,,,,0.027823876599439364,,,,,,,,,,,,0.41784907151336065,24.0,6.0,,,,,,,,,,,,,,,,,,,,
lead_lag,HSI|trail24->fwd24,0.006499589306167702,6017,0.8748615725359912,0.9373516848599905,-0.08406943879257606,0.09706861740491146,False,,,,,0.04620868780548151,,,,,,,,,,,,0.14065730092852122,24.0,24.0,,,,,,,,,,,,,,,,,,,,
lead_lag,HSI|trail96->fwd1,-0.010314168635225223,5968,0.3469197841057138,0.9100401019678177,-0.03289000316770915,0.012261665897258708,False,,,,,0.0115182829247367,,,,,,,,,,,,-0.8954606083754448,96.0,1.0,,,,,,,,,,,,,,,,,,,,
lead_lag,HSI|trail96->fwd6,-0.030432371618334886,5963,0.26844262295081966,0.9100401019678177,-0.08240221092500262,0.021537467688332843,False,,,,,0.026515224136054966,,,,,,,,,,,,-1.147732014716536,96.0,6.0,,,,,,,,,,,,,,,,,,,,
lead_lag,HSI|trail96->fwd24,-0.022784397735487457,5945,0.6816143497757847,0.9100401019678177,-0.12645835180216566,0.08088955633119074,False,,,,,0.05289487452381541,,,,,,,,,,,,-0.4307486867225481,96.0,24.0,,,,,,,,,,,,,,,,,,,,
lead_lag,HKG40|trail1->fwd1,-0.00020722447806247675,14556,0.9793940319010913,0.9839366658617965,-0.016569673934872357,0.016155224978747402,False,,,,,0.008348188498372388,,,,,,,,,,,,-0.0248226879523478,1.0,1.0,,,,,,,,,,,,,,,,,,,,
lead_lag,HKG40|trail1->fwd6,-0.01248075655595064,14551,0.12704229653382196,0.9100401019678177,-0.02854528347690629,0.003583770365005007,False,,,,,0.008196187204569208,,,,,,,,,,,,-1.5227515239028304,1.0,6.0,,,,,,,,,,,,,,,,,,,,
lead_lag,HKG40|trail1->fwd24,-0.0036650004615449575,14533,0.6591499770677266,0.9100401019678177,-0.019935296733762414,0.0126052958106725,False,,,,,0.008301171567457886,,,,,,,,,,,,-0.4415040011836921,1.0,24.0,,,,,,,,,,,,,,,,,,,,
lead_lag,HKG40|trail6->fwd1,-0.007398945324408863,14551,0.3518857840891739,0.9100401019678177,-0.023025727156379516,0.008227836507561788,False,,,,,0.007972847873454415,,,,,,,,,,,,-0.9280178728912715,6.0,1.0,,,,,,,,,,,,,,,,,,,,
lead_lag,HKG40|trail6->fwd6,-0.02593372129643768,14546,0.09516535553349117,0.9100401019678177,-0.05629277201045727,0.004425329417581912,False,,,,,0.015489311588785507,,,,,,,,,,,,-1.6742978632577887,6.0,6.0,,,,,,,,,,,,,,,,,,,,
lead_lag,HKG40|trail6->fwd24,-0.008289139210981076,14528,0.6450256174963677,0.9100401019678177,-0.04451021430088689,0.027931935878924743,False,,,,,0.018480140351992764,,,,,,,,,,,,-0.44854308750351213,6.0,24.0,,,,,,,,,,,,,,,,,,,,
lead_lag,HKG40|trail24->fwd1,-0.0025591173689966423,14533,0.7308515517504969,0.9100401019678177,-0.017077623868714458,0.011959389130721174,False,,,,,0.0074074012753662325,,,,,,,,,,,,-0.3454811308126568,24.0,1.0,,,,,,,,,,,,,,,,,,,,
lead_lag,HKG40|trail24->fwd6,-0.005928094758876485,14528,0.7383191863577273,0.9100401019678177,-0.041112850118640236,0.029256660600887267,False,,,,,0.017951405795797834,,,,,,,,,,,,-0.3302301126892339,24.0,6.0,,,,,,,,,,,,,,,,,,,,
lead_lag,HKG40|trail24->fwd24,-0.030765099568797614,14510,0.33795268356174873,0.9100401019678177,-0.09292788513872921,0.03139768600113399,False,,,,,0.03171570692343449,,,,,,,,,,,,-0.9700272373896077,24.0,24.0,,,,,,,,,,,,,,,,,,,,
lead_lag,HKG40|trail96->fwd1,-0.012360133716768544,14461,0.07045175169022741,0.9100401019678177,-0.026018218337300628,0.0012979509037635388,False,,,,,0.006968410520679634,,,,,,,,,,,,-1.7737378818438285,96.0,1.0,,,,,,,,,,,,,,,,,,,,
lead_lag,HKG40|trail96->fwd6,-0.017235409874140427,14456,0.32037193575655115,0.9100401019678177,-0.0511243016939213,0.016653481945640446,False,,,,,0.01729025092845963,,,,,,,,,,,,-0.9968282094605733,96.0,6.0,,,,,,,,,,,,,,,,,,,,
lead_lag,HKG40|trail96->fwd24,-0.012743117332728596,14438,0.7507117027006233,0.9107709936731636,-0.08208909495969578,0.0566028602942386,False,,,,,0.035380600830085304,,,,,,,,,,,,-0.3601724400873571,96.0,24.0,,,,,,,,,,,,,,,,,,,,
lead_lag,FUNDING_RATE|trail1->fwd1,-0.0036404388381699212,14008,0.7447061622650488,0.9106461223349782,-0.022612500521719467,0.015331622845379624,False,,,,,0.009679623307933441,,,,,,,,,,,,-0.37609302783365645,1.0,1.0,,,,,,,,,,,,,,,,,,,,
lead_lag,FUNDING_RATE|trail1->fwd6,-0.019461130826906287,14003,0.42573786099650907,0.9100401019678177,-0.06229407797326091,0.02337181631944834,False,,,,,0.02185354446242583,,,,,,,,,,,,-0.890525143889909,1.0,6.0,,,,,,,,,,,,,,,,,,,,
lead_lag,FUNDING_RATE|trail1->fwd24,-0.033833025777614975,13985,0.44312043215761043,0.9100401019678177,-0.11136810011367325,0.0437020485584433,False,,,,,0.0395587113959481,,,,,,,,,,,,-0.8552610685160086,1.0,24.0,,,,,,,,,,,,,,,,,,,,
lead_lag,FUNDING_RATE|trail6->fwd1,-0.0019344314451496033,14006,0.8717379233759023,0.9373516848599905,-0.02104794470454225,0.01717908181424304,False,,,,,0.009751792479281962,,,,,,,,,,,,-0.19836675659981212,6.0,1.0,,,,,,,,,,,,,,,,,,,,
lead_lag,FUNDING_RATE|trail6->fwd6,-0.011520361306630865,14001,0.6720361847325821,0.9100401019678177,-0.0571079347412059,0.03406721212794417,False,,,,,0.023258966038048487,,,,,,,,,,,,-0.49530840226453443,6.0,6.0,,,,,,,,,,,,,,,,,,,,
lead_lag,FUNDING_RATE|trail6->fwd24,-0.02812037920740038,13983,0.5499761639917369,0.9100401019678177,-0.1120524708177335,0.05581171240293274,False,,,,,0.042822495719557714,,,,,,,,,,,,-0.6566730578142683,6.0,24.0,,,,,,,,,,,,,,,,,,,,
lead_lag,FUNDING_RATE|trail24->fwd1,0.0036897055104186277,13997,0.7717460317460317,0.9107709936731636,-0.015475066966171755,0.02285447798700901,False,,,,,0.009777945141117543,,,,,,,,,,,,0.377349786398671,24.0,1.0,,,,,,,,,,,,,,,,,,,,
lead_lag,FUNDING_RATE|trail24->fwd6,0.0012655084948136387,13992,0.9672886065899167,0.9803600742465371,-0.04496240472035622,0.0474934217099835,False,,,,,0.02358567000773972,,,,,,,,,,,,0.05365582128463417,24.0,6.0,,,,,,,,,,,,,,,,,,,,
lead_lag,FUNDING_RATE|trail24->fwd24,-0.028717229581315278,13974,0.5656252484299229,0.9100401019678177,-0.11739288141259896,0.0599584222499684,False,,,,,0.04524267950575698,,,,,,,,,,,,-0.6347375950105056,24.0,24.0,,,,,,,,,,,,,,,,,,,,
lead_lag,FUNDING_RATE|trail96->fwd1,,13961,,,,,False,,,,,,,,,,,,,,,,,,96.0,1.0,1.0,,,,,,,,,,,,,,,,,,,
lead_lag,FUNDING_RATE|trail96->fwd6,,13956,,,,,False,,,,,,,,,,,,,,,,,,96.0,6.0,1.0,,,,,,,,,,,,,,,,,,,
lead_lag,FUNDING_RATE|trail96->fwd24,,13938,,,,,False,,,,,,,,,,,,,,,,,,96.0,24.0,1.0,,,,,,,,,,,,,,,,,,,
contemporaneous,DXY|contemporaneous_w1_NOT_TRADEABLE,0.003937497068866068,14557,,,,,False,,,,,,,,,,,,,,,,,,1.0,,,,,,,,,,,,,,,,,,,,,
contemporaneous,DXY|contemporaneous_w6_NOT_TRADEABLE,-0.1280216530638511,14552,,,,,False,,,,,,,,,,,,,,,,,,6.0,,,,,,,,,,,,,,,,,,,,,
contemporaneous,DXY|contemporaneous_w24_NOT_TRADEABLE,-0.1528272078340194,14534,,,,,False,,,,,,,,,,,,,,,,,,24.0,,,,,,,,,,,,,,,,,,,,,
contemporaneous,DXY|contemporaneous_w96_NOT_TRADEABLE,-0.16212440456902197,14462,,,,,False,,,,,,,,,,,,,,,,,,96.0,,,,,,,,,,,,,,,,,,,,,
contemporaneous,EURUSD|contemporaneous_w1_NOT_TRADEABLE,-0.0044170959059088724,14557,,,,,False,,,,,,,,,,,,,,,,,,1.0,,,,,,,,,,,,,,,,,,,,,
contemporaneous,EURUSD|contemporaneous_w6_NOT_TRADEABLE,0.12012856785174622,14552,,,,,False,,,,,,,,,,,,,,,,,,6.0,,,,,,,,,,,,,,,,,,,,,
contemporaneous,EURUSD|contemporaneous_w24_NOT_TRADEABLE,0.14273108269074106,14534,,,,,False,,,,,,,,,,,,,,,,,,24.0,,,,,,,,,,,,,,,,,,,,,
contemporaneous,EURUSD|contemporaneous_w96_NOT_TRADEABLE,0.1404494791760157,14462,,,,,False,,,,,,,,,,,,,,,,,,96.0,,,,,,,,,,,,,,,,,,,,,
contemporaneous,GBPUSD|contemporaneous_w1_NOT_TRADEABLE,0.007657453711563077,14557,,,,,False,,,,,,,,,,,,,,,,,,1.0,,,,,,,,,,,,,,,,,,,,,
contemporaneous,GBPUSD|contemporaneous_w6_NOT_TRADEABLE,0.15911096154736196,14552,,,,,False,,,,,,,,,,,,,,,,,,6.0,,,,,,,,,,,,,,,,,,,,,
contemporaneous,GBPUSD|contemporaneous_w24_NOT_TRADEABLE,0.18755667998816075,14534,,,,,False,,,,,,,,,,,,,,,,,,24.0,,,,,,,,,,,,,,,,,,,,,
contemporaneous,GBPUSD|contemporaneous_w96_NOT_TRADEABLE,0.24600685336437836,14462,,,,,False,,,,,,,,,,,,,,,,,,96.0,,,,,,,,,,,,,,,,,,,,,
contemporaneous,USDJPY|contemporaneous_w1_NOT_TRADEABLE,-0.003816044195362816,14557,,,,,False,,,,,,,,,,,,,,,,,,1.0,,,,,,,,,,,,,,,,,,,,,
contemporaneous,USDJPY|contemporaneous_w6_NOT_TRADEABLE,-0.019495354818643246,14552,,,,,False,,,,,,,,,,,,,,,,,,6.0,,,,,,,,,,,,,,,,,,,,,
contemporaneous,USDJPY|contemporaneous_w24_NOT_TRADEABLE,-0.021051214982438227,14534,,,,,False,,,,,,,,,,,,,,,,,,24.0,,,,,,,,,,,,,,,,,,,,,
contemporaneous,USDJPY|contemporaneous_w96_NOT_TRADEABLE,-0.04349238956743758,14462,,,,,False,,,,,,,,,,,,,,,,,,96.0,,,,,,,,,,,,,,,,,,,,,
contemporaneous,USDCHF|contemporaneous_w1_NOT_TRADEABLE,-0.0021311819112912944,14557,,,,,False,,,,,,,,,,,,,,,,,,1.0,,,,,,,,,,,,,,,,,,,,,
contemporaneous,USDCHF|contemporaneous_w6_NOT_TRADEABLE,-0.05693571848548534,14552,,,,,False,,,,,,,,,,,,,,,,,,6.0,,,,,,,,,,,,,,,,,,,,,
contemporaneous,USDCHF|contemporaneous_w24_NOT_TRADEABLE,-0.05524645136041183,14534,,,,,False,,,,,,,,,,,,,,,,,,24.0,,,,,,,,,,,,,,,,,,,,,
contemporaneous,USDCHF|contemporaneous_w96_NOT_TRADEABLE,-0.043984329208734504,14462,,,,,False,,,,,,,,,,,,,,,,,,96.0,,,,,,,,,,,,,,,,,,,,,
contemporaneous,USDCAD|contemporaneous_w1_NOT_TRADEABLE,-0.007679821666574943,14557,,,,,False,,,,,,,,,,,,,,,,,,1.0,,,,,,,,,,,,,,,,,,,,,
contemporaneous,USDCAD|contemporaneous_w6_NOT_TRADEABLE,-0.1883762724625126,14552,,,,,False,,,,,,,,,,,,,,,,,,6.0,,,,,,,,,,,,,,,,,,,,,
contemporaneous,USDCAD|contemporaneous_w24_NOT_TRADEABLE,-0.22644684505038956,14534,,,,,False,,,,,,,,,,,,,,,,,,24.0,,,,,,,,,,,,,,,,,,,,,
contemporaneous,USDCAD|contemporaneous_w96_NOT_TRADEABLE,-0.21181001289177692,14462,,,,,False,,,,,,,,,,,,,,,,,,96.0,,,,,,,,,,,,,,,,,,,,,
contemporaneous,AUDUSD|contemporaneous_w1_NOT_TRADEABLE,0.005549721206361091,14557,,,,,False,,,,,,,,,,,,,,,,,,1.0,,,,,,,,,,,,,,,,,,,,,
contemporaneous,AUDUSD|contemporaneous_w6_NOT_TRADEABLE,0.21009449851370582,14552,,,,,False,,,,,,,,,,,,,,,,,,6.0,,,,,,,,,,,,,,,,,,,,,
contemporaneous,AUDUSD|contemporaneous_w24_NOT_TRADEABLE,0.24767519255102072,14534,,,,,False,,,,,,,,,,,,,,,,,,24.0,,,,,,,,,,,,,,,,,,,,,
contemporaneous,AUDUSD|contemporaneous_w96_NOT_TRADEABLE,0.2959114660099105,14462,,,,,False,,,,,,,,,,,,,,,,,,96.0,,,,,,,,,,,,,,,,,,,,,
contemporaneous,NZDUSD|contemporaneous_w1_NOT_TRADEABLE,0.0032279137444309867,14557,,,,,False,,,,,,,,,,,,,,,,,,1.0,,,,,,,,,,,,,,,,,,,,,
contemporaneous,NZDUSD|contemporaneous_w6_NOT_TRADEABLE,0.1801496111566124,14552,,,,,False,,,,,,,,,,,,,,,,,,6.0,,,,,,,,,,,,,,,,,,,,,
contemporaneous,NZDUSD|contemporaneous_w24_NOT_TRADEABLE,0.20266320357258094,14534,,,,,False,,,,,,,,,,,,,,,,,,24.0,,,,,,,,,,,,,,,,,,,,,
contemporaneous,NZDUSD|contemporaneous_w96_NOT_TRADEABLE,0.2431305660362378,14462,,,,,False,,,,,,,,,,,,,,,,,,96.0,,,,,,,,,,,,,,,,,,,,,
contemporaneous,EURJPY|contemporaneous_w1_NOT_TRADEABLE,-0.0077954693154316775,14557,,,,,False,,,,,,,,,,,,,,,,,,1.0,,,,,,,,,,,,,,,,,,,,,
contemporaneous,EURJPY|contemporaneous_w6_NOT_TRADEABLE,0.08229027915993267,14552,,,,,False,,,,,,,,,,,,,,,,,,6.0,,,,,,,,,,,,,,,,,,,,,
contemporaneous,EURJPY|contemporaneous_w24_NOT_TRADEABLE,0.10156843579345443,14534,,,,,False,,,,,,,,,,,,,,,,,,24.0,,,,,,,,,,,,,,,,,,,,,
contemporaneous,EURJPY|contemporaneous_w96_NOT_TRADEABLE,0.07911236592156247,14462,,,,,False,,,,,,,,,,,,,,,,,,96.0,,,,,,,,,,,,,,,,,,,,,
contemporaneous,EURGBP|contemporaneous_w1_NOT_TRADEABLE,-0.0031620519643477383,14557,,,,,False,,,,,,,,,,,,,,,,,,1.0,,,,,,,,,,,,,,,,,,,,,
contemporaneous,EURGBP|contemporaneous_w6_NOT_TRADEABLE,-0.06626070924928328,14552,,,,,False,,,,,,,,,,,,,,,,,,6.0,,,,,,,,,,,,,,,,,,,,,
contemporaneous,EURGBP|contemporaneous_w24_NOT_TRADEABLE,-0.09664743393224398,14534,,,,,False,,,,,,,,,,,,,,,,,,24.0,,,,,,,,,,,,,,,,,,,,,
contemporaneous,EURGBP|contemporaneous_w96_NOT_TRADEABLE,-0.1959764910038819,14462,,,,,False,,,,,,,,,,,,,,,,,,96.0,,,,,,,,,,,,,,,,,,,,,
contemporaneous,EURCHF|contemporaneous_w1_NOT_TRADEABLE,0.0020917095387845202,14557,,,,,False,,,,,,,,,,,,,,,,,,1.0,,,,,,,,,,,,,,,,,,,,,
contemporaneous,EURCHF|contemporaneous_w6_NOT_TRADEABLE,0.0819497592766616,14552,,,,,False,,,,,,,,,,,,,,,,,,6.0,,,,,,,,,,,,,,,,,,,,,
contemporaneous,EURCHF|contemporaneous_w24_NOT_TRADEABLE,0.121565656511565,14534,,,,,False,,,,,,,,,,,,,,,,,,24.0,,,,,,,,,,,,,,,,,,,,,
contemporaneous,EURCHF|contemporaneous_w96_NOT_TRADEABLE,0.12809822787141928,14462,,,,,False,,,,,,,,,,,,,,,,,,96.0,,,,,,,,,,,,,,,,,,,,,
contemporaneous,XAUUSD|contemporaneous_w1_NOT_TRADEABLE,0.0014142293046610123,14557,,,,,False,,,,,,,,,,,,,,,,,,1.0,,,,,,,,,,,,,,,,,,,,,
contemporaneous,XAUUSD|contemporaneous_w6_NOT_TRADEABLE,0.09970567017935973,14552,,,,,False,,,,,,,,,,,,,,,,,,6.0,,,,,,,,,,,,,,,,,,,,,
contemporaneous,XAUUSD|contemporaneous_w24_NOT_TRADEABLE,0.09640097161308452,14534,,,,,False,,,,,,,,,,,,,,,,,,24.0,,,,,,,,,,,,,,,,,,,,,
contemporaneous,XAUUSD|contemporaneous_w96_NOT_TRADEABLE,0.11143017503159576,14462,,,,,False,,,,,,,,,,,,,,,,,,96.0,,,,,,,,,,,,,,,,,,,,,
contemporaneous,XAGUSD|contemporaneous_w1_NOT_TRADEABLE,0.006542051916515899,14557,,,,,False,,,,,,,,,,,,,,,,,,1.0,,,,,,,,,,,,,,,,,,,,,
contemporaneous,XAGUSD|contemporaneous_w6_NOT_TRADEABLE,0.14621076244803025,14552,,,,,False,,,,,,,,,,,,,,,,,,6.0,,,,,,,,,,,,,,,,,,,,,
contemporaneous,XAGUSD|contemporaneous_w24_NOT_TRADEABLE,0.17186590606781874,14534,,,,,False,,,,,,,,,,,,,,,,,,24.0,,,,,,,,,,,,,,,,,,,,,
contemporaneous,XAGUSD|contemporaneous_w96_NOT_TRADEABLE,0.19888930902110552,14462,,,,,False,,,,,,,,,,,,,,,,,,96.0,,,,,,,,,,,,,,,,,,,,,
contemporaneous,COPPER|contemporaneous_w1_NOT_TRADEABLE,0.02730531545305403,14557,,,,,False,,,,,,,,,,,,,,,,,,1.0,,,,,,,,,,,,,,,,,,,,,
contemporaneous,COPPER|contemporaneous_w6_NOT_TRADEABLE,0.17178894113872026,14552,,,,,False,,,,,,,,,,,,,,,,,,6.0,,,,,,,,,,,,,,,,,,,,,
contemporaneous,COPPER|contemporaneous_w24_NOT_TRADEABLE,0.19314201109190893,14534,,,,,False,,,,,,,,,,,,,,,,,,24.0,,,,,,,,,,,,,,,,,,,,,
contemporaneous,COPPER|contemporaneous_w96_NOT_TRADEABLE,0.19518630574882959,14462,,,,,False,,,,,,,,,,,,,,,,,,96.0,,,,,,,,,,,,,,,,,,,,,
contemporaneous,WTI|contemporaneous_w1_NOT_TRADEABLE,-0.009690599577705116,14557,,,,,False,,,,,,,,,,,,,,,,,,1.0,,,,,,,,,,,,,,,,,,,,,
contemporaneous,WTI|contemporaneous_w6_NOT_TRADEABLE,0.06417826671482983,14552,,,,,False,,,,,,,,,,,,,,,,,,6.0,,,,,,,,,,,,,,,,,,,,,
contemporaneous,WTI|contemporaneous_w24_NOT_TRADEABLE,0.09234042093698058,14534,,,,,False,,,,,,,,,,,,,,,,,,24.0,,,,,,,,,,,,,,,,,,,,,
contemporaneous,WTI|contemporaneous_w96_NOT_TRADEABLE,0.06074766531093182,14462,,,,,False,,,,,,,,,,,,,,,,,,96.0,,,,,,,,,,,,,,,,,,,,,
contemporaneous,BRENT|contemporaneous_w1_NOT_TRADEABLE,-0.003677698497678143,14557,,,,,False,,,,,,,,,,,,,,,,,,1.0,,,,,,,,,,,,,,,,,,,,,
contemporaneous,BRENT|contemporaneous_w6_NOT_TRADEABLE,0.06364433366007065,14552,,,,,False,,,,,,,,,,,,,,,,,,6.0,,,,,,,,,,,,,,,,,,,,,
contemporaneous,BRENT|contemporaneous_w24_NOT_TRADEABLE,0.09474540253421979,14534,,,,,False,,,,,,,,,,,,,,,,,,24.0,,,,,,,,,,,,,,,,,,,,,
contemporaneous,BRENT|contemporaneous_w96_NOT_TRADEABLE,0.0788991005088374,14462,,,,,False,,,,,,,,,,,,,,,,,,96.0,,,,,,,,,,,,,,,,,,,,,
contemporaneous,HSI|contemporaneous_w1_NOT_TRADEABLE,-0.0017379367954614652,6064,,,,,False,,,,,,,,,,,,,,,,,,1.0,,,,,,,,,,,,,,,,,,,,,
contemporaneous,HSI|contemporaneous_w6_NOT_TRADEABLE,0.07690099332450528,6059,,,,,False,,,,,,,,,,,,,,,,,,6.0,,,,,,,,,,,,,,,,,,,,,
contemporaneous,HSI|contemporaneous_w24_NOT_TRADEABLE,0.13209702354375272,6041,,,,,False,,,,,,,,,,,,,,,,,,24.0,,,,,,,,,,,,,,,,,,,,,
contemporaneous,HSI|contemporaneous_w96_NOT_TRADEABLE,0.10475299175094807,5969,,,,,False,,,,,,,,,,,,,,,,,,96.0,,,,,,,,,,,,,,,,,,,,,
contemporaneous,HKG40|contemporaneous_w1_NOT_TRADEABLE,0.008674582738114243,14557,,,,,False,,,,,,,,,,,,,,,,,,1.0,,,,,,,,,,,,,,,,,,,,,
contemporaneous,HKG40|contemporaneous_w6_NOT_TRADEABLE,0.1611410504969953,14552,,,,,False,,,,,,,,,,,,,,,,,,6.0,,,,,,,,,,,,,,,,,,,,,
contemporaneous,HKG40|contemporaneous_w24_NOT_TRADEABLE,0.18061122260562662,14534,,,,,False,,,,,,,,,,,,,,,,,,24.0,,,,,,,,,,,,,,,,,,,,,
contemporaneous,HKG40|contemporaneous_w96_NOT_TRADEABLE,0.18034587513270536,14462,,,,,False,,,,,,,,,,,,,,,,,,96.0,,,,,,,,,,,,,,,,,,,,,
contemporaneous,FUNDING_RATE|contemporaneous_w1_NOT_TRADEABLE,-0.003944691227527729,11984,,,,,False,,,,,,,,,,,,,,,,,,1.0,,,,,,,,,,,,,,,,,,,,,
contemporaneous,FUNDING_RATE|contemporaneous_w6_NOT_TRADEABLE,0.08075073998165265,11318,,,,,False,,,,,,,,,,,,,,,,,,6.0,,,,,,,,,,,,,,,,,,,,,
contemporaneous,FUNDING_RATE|contemporaneous_w24_NOT_TRADEABLE,0.24628392011849376,11102,,,,,False,,,,,,,,,,,,,,,,,,24.0,,,,,,,,,,,,,,,,,,,,,
contemporaneous,FUNDING_RATE|contemporaneous_w96_NOT_TRADEABLE,0.37790092390204977,10871,,,,,False,,,,,,,,,,,,,,,,,,96.0,,,,,,,,,,,,,,,,,,,,,
transfer_entropy,DXY|transfer_entropy_w6->fwd6,0.00046409652746191377,14546,0.19801980198019803,0.513051305130513,,,False,,,,,,,,,,,,,,,,,,,,,0.002251143822772671,0.0017870472953107571,,,,,,,,,,,,,,,,,
transfer_entropy,EURUSD|transfer_entropy_w6->fwd6,0.0002927303800243095,14546,0.15841584158415842,0.513051305130513,,,False,,,,,,,,,,,,,,,,,,,,,0.0018880869612545037,0.0015953565812301942,,,,,,,,,,,,,,,,,
transfer_entropy,GBPUSD|transfer_entropy_w6->fwd6,8.456854297324247e-05,14546,0.33663366336633666,0.5240452616690241,,,False,,,,,,,,,,,,,,,,,,,,,0.0018078976927922317,0.0017233291498189893,,,,,,,,,,,,,,,,,
transfer_entropy,USDJPY|transfer_entropy_w6->fwd6,0.00041356284976483957,14546,0.1485148514851485,0.513051305130513,,,False,,,,,,,,,,,,,,,,,,,,,0.002035819564635803,0.0016222567148709633,,,,,,,,,,,,,,,,,
transfer_entropy,USDCHF|transfer_entropy_w6->fwd6,0.0002335687504722377,14546,0.2376237623762376,0.513051305130513,,,False,,,,,,,,,,,,,,,,,,,,,0.0019333832323383073,0.0016998144818660696,,,,,,,,,,,,,,,,,
transfer_entropy,USDCAD|transfer_entropy_w6->fwd6,7.631205469161347e-06,14546,0.37623762376237624,0.5240452616690241,,,False,,,,,,,,,,,,,,,,,,,,,0.0017027993918172274,0.001695168186348066,,,,,,,,,,,,,,,,,
transfer_entropy,AUDUSD|transfer_entropy_w6->fwd6,0.00023725977661286307,14546,0.24752475247524752,0.513051305130513,,,False,,,,,,,,,,,,,,,,,,,,,0.0019152295076480083,0.0016779697310351453,,,,,,,,,,,,,,,,,
transfer_entropy,NZDUSD|transfer_entropy_w6->fwd6,0.0001285206744104793,14546,0.27722772277227725,0.513051305130513,,,False,,,,,,,,,,,,,,,,,,,,,0.001715655190319478,0.0015871345159089987,,,,,,,,,,,,,,,,,
transfer_entropy,EURJPY|transfer_entropy_w6->fwd6,-0.00010344147220106136,14546,0.5346534653465347,0.6349009900990099,,,False,,,,,,,,,,,,,,,,,,,,,0.0015973419728671327,0.001700783445068194,,,,,,,,,,,,,,,,,
transfer_entropy,EURGBP|transfer_entropy_w6->fwd6,0.0001880079931774112,14546,0.2871287128712871,0.513051305130513,,,False,,,,,,,,,,,,,,,,,,,,,0.002020376769755562,0.001832368776578151,,,,,,,,,,,,,,,,,
transfer_entropy,EURCHF|transfer_entropy_w6->fwd6,0.0002194842626927569,14546,0.26732673267326734,0.513051305130513,,,False,,,,,,,,,,,,,,,,,,,,,0.0018825548709587325,0.0016630706082659756,,,,,,,,,,,,,,,,,
transfer_entropy,XAUUSD|transfer_entropy_w6->fwd6,-2.9520646641682802e-05,14546,0.38613861386138615,0.5240452616690241,,,False,,,,,,,,,,,,,,,,,,,,,0.001732914278095199,0.001762434924736882,,,,,,,,,,,,,,,,,
transfer_entropy,XAGUSD|transfer_entropy_w6->fwd6,-0.0002997441472900825,14546,0.6732673267326733,0.7524752475247525,,,False,,,,,,,,,,,,,,,,,,,,,0.0013631302587603002,0.0016628744060503827,,,,,,,,,,,,,,,,,
transfer_entropy,COPPER|transfer_entropy_w6->fwd6,0.00045531006487784724,14546,0.15841584158415842,0.513051305130513,,,False,,,,,,,,,,,,,,,,,,,,,0.002040171163458142,0.0015848610985802947,,,,,,,,,,,,,,,,,
transfer_entropy,WTI|transfer_entropy_w6->fwd6,-0.0004857951075640198,14546,0.7821782178217822,0.8256325632563256,,,False,,,,,,,,,,,,,,,,,,,,,0.0012940809174204837,0.0017798760249845035,,,,,,,,,,,,,,,,,
transfer_entropy,BRENT|transfer_entropy_w6->fwd6,7.364519891336083e-05,14546,0.297029702970297,0.513051305130513,,,False,,,,,,,,,,,,,,,,,,,,,0.0018774385331540354,0.0018037933342406746,,,,,,,,,,,,,,,,,
transfer_entropy,HSI|transfer_entropy_w6->fwd6,-0.0017834165107833786,6053,0.9306930693069307,0.9306930693069306,,,False,,,,,,,,,,,,,,,,,,,,,0.0026038073974179923,0.004387223908201371,,,,,,,,,,,,,,,,,
transfer_entropy,HKG40|transfer_entropy_w6->fwd6,-3.5651105724193548e-06,14546,0.4158415841584158,0.5267326732673268,,,False,,,,,,,,,,,,,,,,,,,,,0.001826054444642862,0.0018296195552152813,,,,,,,,,,,,,,,,,
transfer_entropy,FUNDING_RATE|transfer_entropy_w6->fwd6,0.00032460977111459493,11317,0.2079207920792079,0.513051305130513,,,False,,,,,,,,,,,,,,,,,,,,,0.0019858098440459927,0.0016612000729313977,,,,,,,,,,,,,,,,,
confluence,state[DXY-|XAUUSD-],0.007307214182296375,1471,0.17422525620145646,0.67512050352878,,,False,,,,,,1.35875178550895,,,,,,,,,,,,,,,,,73.07214182296376,110.27683731290097,37.204695489937194,0.0,0.10262313380772987,4.0,4.0,,,,,,,,,,
confluence,state[DXY-|XAUUSD+],-0.0032385541050075546,5666,0.33756025176439,0.67512050352878,,,False,,,,,,-0.9589970094111058,,,,,,,,,,,,,,,,,-32.385541050075545,4.819154439861655,37.204695489937194,1.0,0.3952839402818474,4.0,4.0,,,,,,,,,,
confluence,state[DXY+|XAUUSD-],0.001104455414682919,4087,0.7733310015717463,0.7989185427144925,,,False,,,,,,0.2880205587573978,,,,,,,,,,,,,,,,,11.044554146829189,48.249249636766415,37.204695489937194,2.0,0.2851262731965955,4.0,4.0,,,,,,,,,,
confluence,state[DXY+|XAUUSD+],0.0009925486228314214,3110,0.7989185427144925,0.7989185427144925,,,False,,,,,,0.2547469611965898,,,,,,,,,,,,,,,,,9.925486228314215,47.1301817182514,37.204695489937194,3.0,0.21696665271382726,4.0,4.0,,,,,,,,,,
marginal,marginal[DXY_up_minus_down],0.00212107399869868,14334,0.6098152528657081,0.6098152528657081,,,False,,,,,,0.5103371891540104,,,,,,,,,,,,,,,,,,,,,,,,21.2107399869868,47.765672976132585,26.554932989145787,7197.0,7137.0,,,,,
marginal,marginal[XAUUSD_up_minus_down],-0.004485254222968248,14334,0.28632918228580206,0.5726583645716041,,,False,,,,,,-1.066208983059559,,,,,,,,,,,,,,,,,,,,,,,,-44.852542229682484,19.81314883774134,64.66569106742382,8776.0,5558.0,,,,,
structure_label,struct_label|HH|fwd1,-0.00020684225984971965,3828,0.28857391117784015,0.990812008493469,,,False,,,,,,-1.0612552621869846,,,,,,,,,,,,,1.0,,,,-2.0684225984971967,-0.6953977756485772,1.373024822848619,,,,,,,,,,,,,,
structure_label,struct_label|HL|fwd1,0.0002368445450024265,3562,0.23054535917823715,0.990812008493469,,,False,,,,,,1.1989552176103786,,,,,,,,,,,,,1.0,,,,2.368445450024265,3.741470272872884,1.373024822848619,,,,,,,,,,,,,,
structure_label,struct_label|LH|fwd1,-0.00029688953405256405,3604,0.18507348196795848,0.990812008493469,,,False,,,,,,-1.3252945317295433,,,,,,,,,,,,,1.0,,,,-2.9688953405256404,-1.5958705176770223,1.373024822848619,,,,,,,,,,,,,,
structure_label,struct_label|LL|fwd1,0.0002886726086169108,3554,0.21313098176734646,0.990812008493469,,,False,,,,,,1.2450020905948467,,,,,,,,,,,,,1.0,,,,2.8867260861691078,4.259750909017726,1.373024822848619,,,,,,,,,,,,,,
structure_label,leg|impulse_up|fwd1,-0.00022768232695252107,6462,0.14517578715194973,0.990812008493469,,,False,,,,,,-1.4567848210447245,,,,,,,,,,,,,1.0,,,,-2.276823269525211,-0.9037984466765908,1.373024822848619,,,,,,,,,,,,,,
structure_label,leg|impulse_down|fwd1,0.00022283270405207533,965,0.669912660463995,0.990812008493469,,,False,,,,,,0.4262678794441974,,,,,,,,,,,,,1.0,,,,2.228327040520753,3.6013518633693735,1.373024822848619,,,,,,,,,,,,,,
structure_label,leg|correction_up|fwd1,-0.0003791893208314458,968,0.40017682606741267,0.990812008493469,,,False,,,,,,-0.8413054717450091,,,,,,,,,,,,,1.0,,,,-3.791893208314458,-2.4188683854658404,1.373024822848619,,,,,,,,,,,,,,
structure_label,leg|correction_down|fwd1,0.00027050022007253557,6135,0.0829399690887643,0.990812008493469,,,False,,,,,,1.7338766647878345,,,,,,,,,,,,,1.0,,,,2.705002200725356,4.078027023573974,1.373024822848619,,,,,,,,,,,,,,
structure_label,struct_label|HH|fwd6,0.0003304917217321556,3828,0.6783992888559656,0.990812008493469,,,False,,,,,,0.41464843072164487,,,,,,,,,,,,,6.0,,,,3.3049172173215564,11.548618062360175,8.243700845038603,,,,,,,,,,,,,,
structure_label,struct_label|HL|fwd6,-0.000371487287211545,3560,0.71083023215519,0.990812008493469,,,False,,,,,,-0.37074129180727805,,,,,,,,,,,,,6.0,,,,-3.7148728721154503,4.528827972923175,8.243700845038603,,,,,,,,,,,,,,
structure_label,struct_label|LH|fwd6,5.942276010513531e-06,3603,0.9950528489466532,0.9950528489466532,,,False,,,,,,0.0062003740828893246,,,,,,,,,,,,,6.0,,,,0.059422760105135315,8.303123605143758,8.243700845038603,,,,,,,,,,,,,,
structure_label,struct_label|LL|fwd6,3.915613260861087e-05,3552,0.9655730214118754,0.9950528489466532,,,False,,,,,,0.043161215996110815,,,,,,,,,,,,,6.0,,,,0.39156132608610866,8.63526217112473,8.243700845038603,,,,,,,,,,,,,,
structure_label,leg|impulse_up|fwd6,0.00045958737077385125,6461,0.5028655178918296,0.990812008493469,,,False,,,,,,0.6699878776758419,,,,,,,,,,,,,6.0,,,,4.595873707738512,12.839574552777131,8.243700845038603,,,,,,,,,,,,,,
structure_label,leg|impulse_down|fwd6,0.0005440123708131228,965,0.8234599209063016,0.990812008493469,,,False,,,,,,0.22309711855339517,,,,,,,,,,,,,6.0,,,,5.440123708131228,13.68382455316985,8.243700845038603,,,,,,,,,,,,,,
structure_label,leg|correction_up|fwd6,-0.001563427733475099,968,0.4330775544331037,0.990812008493469,,,False,,,,,,-0.7839361878128521,,,,,,,,,,,,,6.0,,,,-15.63427733475099,-7.39057648971236,8.243700845038603,,,,,,,,,,,,,,
structure_label,leg|correction_down|fwd6,-0.00032555732873129075,6131,0.641163414275897,0.990812008493469,,,False,,,,,,-0.46607276884042936,,,,,,,,,,,,,6.0,,,,-3.2555732873129073,4.988127557725716,8.243700845038603,,,,,,,,,,,,,,
structure_label,struct_label|HH|fwd24,0.0005410508175136198,3822,0.8500702416198431,0.990812008493469,,,False,,,,,,0.18902880373918457,,,,,,,,,,,,,24.0,,,,5.410508175136198,38.71406404630226,33.30355587116608,,,,,,,,,,,,,,
structure_label,struct_label|HL|fwd24,0.00046818907377414986,3560,0.8831571885757087,0.990812008493469,,,False,,,,,,0.14696811368254337,,,,,,,,,,,,,24.0,,,,4.681890737741498,37.985446608907566,33.30355587116608,,,,,,,,,,,,,,
structure_label,struct_label|LH|fwd24,0.0008249541926926482,3600,0.7677757799791372,0.990812008493469,,,False,,,,,,0.29528551609586573,,,,,,,,,,,,,24.0,,,,8.249541926926483,41.55309779809256,33.30355587116608,,,,,,,,,,,,,,
structure_label,struct_label|LL|fwd24,-0.0018832517466741802,3543,0.5340701137049617,0.990812008493469,,,False,,,,,,-0.621804976392397,,,,,,,,,,,,,24.0,,,,-18.832517466741802,14.471038404424254,33.30355587116608,,,,,,,,,,,,,,
structure_label,leg|impulse_up|fwd24,0.0010463324197497114,6452,0.6694891007348613,0.990812008493469,,,False,,,,,,0.4268492928344642,,,,,,,,,,,,,24.0,,,,10.463324197497114,43.766880068663184,33.30355587116608,,,,,,,,,,,,,,
structure_label,leg|impulse_down|fwd24,-0.0010194872703342545,965,0.9082443411190131,0.990812008493469,,,False,,,,,,-0.11525331475819577,,,,,,,,,,,,,24.0,,,,-10.194872703342545,23.108683167823514,33.30355587116608,,,,,,,,,,,,,,
structure_label,leg|correction_up|fwd24,-0.0031720193616168327,968,0.6672410876766366,0.990812008493469,,,False,,,,,,-0.42993752519115885,,,,,,,,,,,,,24.0,,,,-31.720193616168327,1.5833622549977402,33.30355587116608,,,,,,,,,,,,,,
structure_label,leg|correction_down|fwd24,-0.00044219324192019884,6122,0.8686582671277929,0.990812008493469,,,False,,,,,,-0.16536300927408615,,,,,,,,,,,,,24.0,,,,-4.421932419201989,28.88162345196407,33.30355587116608,,,,,,,,,,,,,,
fibonacci_placebo,fib_zone|0.236|fwd6,-0.00022405629950685317,3908,0.7643415745003355,0.9564749762937589,,,False,,,,,,-0.29978445357072137,,,,,,,,,,,,,6.0,,,,-2.2405629950685317,6.0031378499700905,8.243700845038603,,0.25868112970434554,,,,,,,,0.236,0.0,0.0022066892567564186,,
fibonacci_placebo,fib_zone|0.382|fwd6,0.0002223750208457073,4196,0.7432924837451588,0.9564749762937589,,,False,,,,,,0.3274963756930518,,,,,,,,,,,,,6.0,,,,2.223750208457073,10.46745105349569,8.243700845038603,,0.2777961505390568,,,,,,,,0.382,0.0,0.0022066892567564186,,
fibonacci_placebo,fib_zone|0.500|fwd6,-0.00031665591211690056,3888,0.675936690800566,0.9564749762937589,,,False,,,,,,-0.4180142605897986,,,,,,,,,,,,,6.0,,,,-3.1665591211690054,5.077141723869616,8.243700845038603,,0.2572260070110457,,,,,,,,0.5,0.0,0.0022066892567564186,,
fibonacci_placebo,fib_zone|0.618|fwd6,-0.00016349502468913528,3404,0.8364127023096561,0.9564749762937589,,,False,,,,,,-0.20648420395154246,,,,,,,,,,,,,6.0,,,,-1.6349502468913528,6.608750598147266,8.243700845038603,,0.2251471658178451,,,,,,,,0.618,0.0,0.0022066892567564186,,
fibonacci_placebo,fib_zone|0.786|fwd6,-0.00044376960219875565,2528,0.6367052202253614,0.9564749762937589,,,False,,,,,,-0.472310439120972,,,,,,,,,,,,,6.0,,,,-4.4376960219875565,3.806004823051061,8.243700845038603,,0.16733910972947946,,,,,,,,0.786,0.0,0.0022066892567564186,,
fibonacci_placebo,placebo_zone|0.150|fwd6,-0.0001232835963280653,3206,0.877317064886227,0.9564749762937589,,,False,,,,,,-0.1543711944464431,,,,,,,,,,,,,6.0,,,,-1.232835963280653,7.010864881757965,8.243700845038603,,0.21218334545935577,,,,,,,,0.15,1.0,0.0022066892567564186,,
fibonacci_placebo,placebo_zone|0.310|fwd6,-0.0005102590330698692,4130,0.4680268204275264,0.9564749762937589,,,False,,,,,,-0.7256932830773726,,,,,,,,,,,,,6.0,,,,-5.102590330698692,3.14111051433993,8.243700845038603,,0.2733646405185528,,,,,,,,0.31,1.0,0.0022066892567564186,,
fibonacci_placebo,placebo_zone|0.440|fwd6,0.00013335695013679398,4049,0.8503317089991327,0.9564749762937589,,,False,,,,,,0.18869520619239494,,,,,,,,,,,,,6.0,,,,1.3335695013679398,9.577270346406559,8.243700845038603,,0.2680732852701898,,,,,,,,0.44,1.0,0.0022066892567564186,,
fibonacci_placebo,placebo_zone|0.550|fwd6,-0.0003098545296380304,3697,0.6955011325452128,0.9564749762937589,,,False,,,,,,-0.3914006221137786,,,,,,,,,,,,,6.0,,,,-3.098545296380304,5.145155548658318,8.243700845038603,,0.24452675441497454,,,,,,,,0.55,1.0,0.0022066892567564186,,
fibonacci_placebo,placebo_zone|0.690|fwd6,-7.180966761048633e-05,3074,0.9355013486863688,0.9564749762937589,,,False,,,,,,-0.0809253135452141,,,,,,,,,,,,,6.0,,,,-0.7180966761048633,7.525604168933753,8.243700845038603,,0.2033864673589523,,,,,,,,0.69,1.0,0.0022066892567564186,,
fibonacci_placebo,placebo_zone|0.870|fwd6,-0.0004945344408915229,2108,0.622124942744355,0.9564749762937589,,,False,,,,,,-0.49284099371112794,,,,,,,,,,,,,6.0,,,,-4.945344408915228,3.2983564361233904,8.243700845038603,,0.13955949467557377,,,,,,,,0.87,1.0,0.0022066892567564186,,
fibonacci_placebo,fib_zone|0.236|fwd24,-0.0011143069683450877,3904,0.6538944906884001,0.9564749762937589,,,False,,,,,,-0.44835849533331373,,,,,,,,,,,,,24.0,,,,-11.143069683450877,22.160486187715204,33.30355587116608,,0.25868112970434554,,,,,,,,0.236,0.0,0.1642985007652164,,
fibonacci_placebo,fib_zone|0.382|fwd24,-0.0008301658317466812,4194,0.7185335686972201,0.9564749762937589,,,False,,,,,,-0.36041933625326156,,,,,,,,,,,,,24.0,,,,-8.301658317466812,25.001897553699266,33.30355587116608,,0.2777961505390568,,,,,,,,0.382,0.0,0.1642985007652164,,
fibonacci_placebo,fib_zone|0.500|fwd24,-0.0007096661579685736,3886,0.76881343864401,0.9564749762937589,,,False,,,,,,-0.29392732357698664,,,,,,,,,,,,,24.0,,,,-7.096661579685736,26.206894291480335,33.30355587116608,,0.2572260070110457,,,,,,,,0.5,0.0,0.1642985007652164,,
fibonacci_placebo,fib_zone|0.618|fwd24,0.000696724960213217,3400,0.7783765143859779,0.9564749762937589,,,False,,,,,,0.2814353415982738,,,,,,,,,,,,,24.0,,,,6.96724960213217,40.27080547329825,33.30355587116608,,0.2251471658178451,,,,,,,,0.618,0.0,0.1642985007652164,,
fibonacci_placebo,fib_zone|0.786|fwd24,0.0009972156355618682,2523,0.7029021959725461,0.9564749762937589,,,False,,,,,,0.38140574872225075,,,,,,,,,,,,,24.0,,,,9.972156355618681,43.27571222678477,33.30355587116608,,0.16733910972947946,,,,,,,,0.786,0.0,0.1642985007652164,,
fibonacci_placebo,placebo_zone|0.150|fwd24,-0.0007452011865897787,3203,0.7851637398911029,0.9564749762937589,,,False,,,,,,-0.27259606137172704,,,,,,,,,,,,,24.0,,,,-7.452011865897787,25.85154400526829,33.30355587116608,,0.21218334545935577,,,,,,,,0.15,1.0,0.1642985007652164,,
fibonacci_placebo,placebo_zone|0.310|fwd24,-0.0014275635306374931,4127,0.5366093685361935,0.9564749762937589,,,False,,,,,,-0.6179483764718916,,,,,,,,,,,,,24.0,,,,-14.275635306374932,19.02792056479115,33.30355587116608,,0.2733646405185528,,,,,,,,0.31,1.0,0.1642985007652164,,
fibonacci_placebo,placebo_zone|0.440|fwd24,0.000127164441027676,4047,0.956474976293759,0.9564749762937589,,,False,,,,,,0.05457761063252316,,,,,,,,,,,,,24.0,,,,1.27164441027676,34.57520028144284,33.30355587116608,,0.2680732852701898,,,,,,,,0.44,1.0,0.1642985007652164,,
fibonacci_placebo,placebo_zone|0.550|fwd24,-0.0002959572334992547,3696,0.9048445113239945,0.9564749762937589,,,False,,,,,,-0.11954383799466542,,,,,,,,,,,,,24.0,,,,-2.959572334992547,30.343983536173532,33.30355587116608,,0.24452675441497454,,,,,,,,0.55,1.0,0.1642985007652164,,
fibonacci_placebo,placebo_zone|0.690|fwd24,0.0010408039506014323,3070,0.6890157691713963,0.9564749762937589,,,False,,,,,,0.40019110019094095,,,,,,,,,,,,,24.0,,,,10.408039506014322,43.71159537718041,33.30355587116608,,0.2033864673589523,,,,,,,,0.69,1.0,0.1642985007652164,,
fibonacci_placebo,placebo_zone|0.870|fwd24,0.001482426021787748,2102,0.5759522339540019,0.9564749762937589,,,False,,,,,,0.5593069778733997,,,,,,,,,,,,,24.0,,,,14.82426021787748,48.12781608904357,33.30355587116608,,0.13955949467557377,,,,,,,,0.87,1.0,0.1642985007652164,,
support_resistance,near_support|fwd6,-0.00030149669425741046,10678,0.6016008586681776,0.9550402587687259,,,False,,,,,,-0.5220997814195465,,,,,,,,,,,,,6.0,,,,-3.014966942574105,5.228733902464517,8.243700845038603,,0.7129439777763079,,,,,,,,,,,,
support_resistance,near_resistance|fwd6,-0.00019951369703193837,11298,0.7162801940765444,0.9550402587687259,,,False,,,,,,-0.36343468708876076,,,,,,,,,,,,,6.0,,,,-1.9951369703193838,6.248563874719237,8.243700845038603,,0.7541504067729348,,,,,,,,,,,,
support_resistance,sr_asym|resistance_close|fwd6,-0.00010069015603133996,5360,0.8843327215287052,0.9608579597257737,,,False,,,,,,-0.14547896630449908,,,,,,,,,,,,,6.0,,,,-1.0069015603133997,7.236799284725219,8.243700845038603,,,,,,,,,,,,,,
support_resistance,sr_asym|support_close|fwd6,-0.0005359443651678844,4506,0.47848458652024595,0.9550402587687259,,,False,,,,,,-0.708742015506186,,,,,,,,,,,,,6.0,,,,-5.359443651678844,2.8842571933597734,8.243700845038603,,,,,,,,,,,,,,
support_resistance,near_support|fwd24,-0.0011031739704394322,10668,0.6232582285424388,0.9550402587687259,,,False,,,,,,-0.4912378539928545,,,,,,,,,,,,,24.0,,,,-11.031739704394322,22.271816166771746,33.30355587116608,,0.7129439777763079,,,,,,,,,,,,
support_resistance,near_resistance|fwd24,-0.0008680428603800257,11281,0.6949332479848856,0.9550402587687259,,,False,,,,,,-0.39216913492110667,,,,,,,,,,,,,24.0,,,,-8.680428603800257,24.62312726736579,33.30355587116608,,0.7541504067729348,,,,,,,,,,,,
support_resistance,sr_asym|resistance_close|fwd24,-0.00013452897884266949,5352,0.9608579597257737,0.9608579597257737,,,False,,,,,,-0.049076966033181256,,,,,,,,,,,,,24.0,,,,-1.3452897884266948,31.958266082739364,33.30355587116608,,,,,,,,,,,,,,
support_resistance,sr_asym|support_close|fwd24,-0.0012591907395057577,4502,0.6621583310310457,0.9550402587687259,,,False,,,,,,-0.4369352167311992,,,,,,,,,,,,,24.0,,,,-12.591907395057577,20.7116484761085,33.30355587116608,,,,,,,,,,,,,,
structure_confluence,struct_state[BTCUSDT-|DXY-|XAUUSD-|ETHUSDT-],0.0022159789510599365,755,0.7061997926592984,0.869168975580675,,,False,,,,,,0.3769647614448537,,,,,,,,,,,,,,,,,22.159789510599364,61.95929722362301,39.79950771302365,0.0,0.05375195785276947,16.0,,,,,,,,,,,
structure_confluence,struct_state[BTCUSDT-|DXY-|XAUUSD-|ETHUSDT+],-0.004517534586542493,374,0.20976624043824244,0.8185978468252163,,,False,,,,,,-1.2542084744418929,,,,,,,,,,,,,,,,,-45.17534586542493,-5.37583815240128,39.79950771302365,1.0,0.026626797664815606,16.0,,,,,,,,,,,
structure_confluence,struct_state[BTCUSDT-|DXY-|XAUUSD+|ETHUSDT-],0.0026100442778990885,1302,0.5627860196923362,0.8185978468252163,,,False,,,,,,0.5787082924544491,,,,,,,,,,,,,,,,,26.100442778990885,65.89995049201454,39.79950771302365,2.0,0.09269542930371637,16.0,,,,,,,,,,,
structure_confluence,struct_state[BTCUSDT-|DXY-|XAUUSD+|ETHUSDT+],0.006061539562347658,632,0.2550780390561792,0.8185978468252163,,,False,,,,,,1.1381016504295665,,,,,,,,,,,,,,,,,60.61539562347658,100.41490333650023,39.79950771302365,3.0,0.04499501637476862,16.0,,,,,,,,,,,
structure_confluence,struct_state[BTCUSDT-|DXY+|XAUUSD-|ETHUSDT-],-0.003923358467259974,1522,0.4859280976629974,0.8185978468252163,,,False,,,,,,-0.6967997898222638,,,,,,,,,,,,,,,,,-39.23358467259974,0.5659230404238887,39.79950771302365,4.0,0.10835825145949024,16.0,,,,,,,,,,,
structure_confluence,struct_state[BTCUSDT-|DXY+|XAUUSD-|ETHUSDT+],-0.001314711082230144,565,0.7802552633778618,0.8917203010032706,,,False,,,,,,-0.2789863979339171,,,,,,,,,,,,,,,,,-13.14711082230144,26.65239689072221,39.79950771302365,5.0,0.040224975081873844,16.0,,,,,,,,,,,
structure_confluence,struct_state[BTCUSDT-|DXY+|XAUUSD+|ETHUSDT-],-0.005017314608148084,1179,0.2187907189425653,0.8185978468252163,,,False,,,,,,-1.229750048085427,,,,,,,,,,,,,,,,,-50.173146081480844,-10.373638368457192,39.79950771302365,6.0,0.0839384878257155,16.0,,,,,,,,,,,
structure_confluence,struct_state[BTCUSDT-|DXY+|XAUUSD+|ETHUSDT+],0.004404291762131023,519,0.31961131041538005,0.8185978468252163,,,False,,,,,,0.9952569488010131,,,,,,,,,,,,,,,,,44.042917621310224,83.84242533433388,39.79950771302365,7.0,0.03695002135839385,16.0,,,,,,,,,,,
structure_confluence,struct_state[BTCUSDT+|DXY-|XAUUSD-|ETHUSDT-],-0.00436892277518156,333,0.5298599266974706,0.8185978468252163,,,False,,,,,,-0.6282198527451868,,,,,,,,,,,,,,,,,-43.6892277518156,-3.8897200387919635,39.79950771302365,8.0,0.023707817172148656,16.0,,,,,,,,,,,
structure_confluence,struct_state[BTCUSDT+|DXY-|XAUUSD-|ETHUSDT+],-0.004434034257573241,909,0.4489789029070803,0.8185978468252163,,,False,,,,,,-0.7571184476019523,,,,,,,,,,,,,,,,,-44.340342575732414,-4.540834862708777,39.79950771302365,9.0,0.0647159333618112,16.0,,,,,,,,,,,
structure_confluence,struct_state[BTCUSDT+|DXY-|XAUUSD+|ETHUSDT-],0.003467635236923753,566,0.5232173258358057,0.8185978468252163,,,False,,,,,,0.6383938614930347,,,,,,,,,,,,,,,,,34.67635236923753,74.47586008226118,39.79950771302365,10.0,0.04029616972803645,16.0,,,,,,,,,,,
structure_confluence,struct_state[BTCUSDT+|DXY-|XAUUSD+|ETHUSDT+],0.0007923412872269248,1653,0.8727467892829716,0.9008230241644753,,,False,,,,,,0.16017047163375656,,,,,,,,,,,,,,,,,7.923412872269248,47.72292058529288,39.79950771302365,11.0,0.11768475010679197,16.0,,,,,,,,,,,
structure_confluence,struct_state[BTCUSDT+|DXY+|XAUUSD-|ETHUSDT-],0.0031767481499076497,502,0.4129487191668748,0.8185978468252163,,,False,,,,,,0.818715556045839,,,,,,,,,,,,,,,,,31.767481499076496,71.56698921210015,39.79950771302365,12.0,0.0357397123736295,16.0,,,,,,,,,,,
structure_confluence,struct_state[BTCUSDT+|DXY+|XAUUSD-|ETHUSDT+],0.004014204299332692,1388,0.3541045666047352,0.8185978468252163,,,False,,,,,,0.9266571606124971,,,,,,,,,,,,,,,,,40.14204299332692,79.94155070635057,39.79950771302365,13.0,0.09881816887370069,16.0,,,,,,,,,,,
structure_confluence,struct_state[BTCUSDT+|DXY+|XAUUSD+|ETHUSDT-],-0.0023791896221500796,492,0.6765676414227608,0.869168975580675,,,False,,,,,,-0.4171514400649178,,,,,,,,,,,,,,,,,-23.791896221500796,16.00761149152285,39.79950771302365,14.0,0.03502776591200342,16.0,,,,,,,,,,,
structure_confluence,struct_state[BTCUSDT+|DXY+|XAUUSD+|ETHUSDT+],-0.0004810642738497194,1355,0.9008230241644753,0.9008230241644753,,,False,,,,,,-0.12462173036870955,,,,,,,,,,,,,,,,,-4.810642738497194,34.98886497452646,39.79950771302365,15.0,0.09646874555033462,16.0,,,,,,,,,,,
pre_event,pre_event[DXY],-0.07698628437115061,88,0.6467661691542289,0.9841966637401228,-0.3773086227399228,0.22333605399762158,False,,,,,0.1532256828412103,,,,,,,,,,,,-0.45875007619448765,,,,,-0.00669399069279299,,,,,,,,,,,,,,,,88.0,
pre_event,pre_event[EURUSD],0.1356189003030692,88,0.7860696517412935,0.9841966637401228,-0.16294638666319747,0.43418418726933583,False,,,,,0.1523292280440136,,,,,,,,,,,,0.26846584156521897,,,,,0.09472370590125292,,,,,,,,,,,,,,,,88.0,
pre_event,pre_event[GBPUSD],0.280189990969663,88,0.5024875621890548,0.9841966637401228,-0.008908732665333707,0.5692887146046597,False,,,,,0.14749934879336568,,,,,,,,,,,,0.6191806813865228,,,,,0.18886124367971846,,,,,,,,,,,,,,,,88.0,
pre_event,pre_event[USDJPY],0.34090135485448625,88,0.582089552238806,0.9841966637401228,0.05205890494896431,0.6297438047600081,False,,,,,0.1473685968905724,,,,,,,,,,,,-0.5120507204584455,,,,,0.4163615510652541,,,,,,,,,,,,,,,,88.0,
pre_event,pre_event[USDCHF],-0.4350865444043945,88,0.6965174129353234,0.9841966637401228,-0.7213068123259139,-0.1488662764828751,False,,,,,0.1460307489395507,,,,,,,,,,,,-0.3924981481422361,,,,,-0.377769745873797,,,,,,,,,,,,,,,,88.0,
pre_event,pre_event[USDCAD],-0.008834796394621647,88,0.8606965174129353,0.9841966637401228,-0.2966441242833541,0.27897453149411083,False,,,,,0.14684149382078188,,,,,,,,,,,,-0.15795289978240212,,,,,0.014359243362750532,,,,,,,,,,,,,,,,88.0,
pre_event,pre_event[AUDUSD],0.12794104041594426,88,0.8805970149253731,0.9841966637401228,-0.15670343689173213,0.4125855177236206,False,,,,,0.1452267741365696,,,,,,,,,,,,-0.15483613251120637,,,,,0.15042739246032918,,,,,,,,,,,,,,,,88.0,
pre_event,pre_event[NZDUSD],-0.03733778417872576,88,0.7661691542288557,0.9841966637401228,-0.34491660315692124,0.27024103479946976,False,,,,,0.1569279688664263,,,,,,,,,,,,-0.3085934111008626,,,,,0.011089153030894687,,,,,,,,,,,,,,,,88.0,
pre_event,pre_event[EURJPY],0.6845391789861578,88,0.8009950248756219,0.9841966637401228,0.4193189893398608,0.9497593686324548,False,,,,,0.13531642328892704,,,,,,,,,,,,0.2425127743256216,,,,,0.6517232177625399,,,,,,,,,,,,,,,,88.0,
pre_event,pre_event[EURGBP],-0.1767809771945559,88,0.9353233830845771,0.9872857932559425,-0.4638341139511386,0.11027215956202677,False,,,,,0.14645568201866463,,,,,,,,,,,,-0.08170882582464443,,,,,-0.16481425538146333,,,,,,,,,,,,,,,,88.0,
pre_event,pre_event[EURCHF],-0.41165568854900586,88,0.7910447761194029,0.9841966637401228,-0.6820634177829872,-0.14124795931502454,False,,,,,0.13796312716019454,,,,,,,,,,,,-0.2820521498071907,,,,,-0.3727428919393502,,,,,,,,,,,,,,,,88.0,
pre_event,pre_event[XAUUSD],0.6393135019094013,88,0.21393034825870647,0.9841966637401228,0.37982850787816874,0.8987984959406339,False,,,,,0.13239030307715946,,,,,,,,,,,,-1.240997275681485,,,,,0.8036095073548023,,,,,,,,,,,,,,,,88.0,
pre_event,pre_event[XAGUSD],0.4082304137223014,88,0.8109452736318408,0.9841966637401228,0.16662454836860316,0.6498362790759996,False,,,,,0.12326829864984604,,,,,,,,,,,,-0.20182075536267652,,,,,0.4331085148680853,,,,,,,,,,,,,,,,88.0,
pre_event,pre_event[COPPER],0.5667710714712869,88,0.6268656716417911,0.9841966637401228,0.3255567845269314,0.8079853584156425,False,,,,,0.12306851374712018,,,,,,,,,,,,0.40702217856216377,,,,,0.5166794568935265,,,,,,,,,,,,,,,,88.0,
pre_event,pre_event[WTI],0.13518041214043025,88,0.23383084577114427,0.9841966637401228,-0.13965386343392283,0.41001468771478333,False,,,,,0.1402215691705883,,,,,,,,,,,,1.240905347832363,,,,,-0.03882128292479838,,,,,,,,,,,,,,,,88.0,
pre_event,pre_event[BRENT],0.14325856546255494,88,0.16417910447761194,0.9841966637401228,-0.13722030305183136,0.42373743397694125,False,,,,,0.1431014635277481,,,,,,,,,,,,1.3696822584494563,,,,,-0.05274497028955358,,,,,,,,,,,,,,,,88.0,
pre_event,pre_event[HSI],0.4320718060669692,88,0.5223880597014925,0.9841966637401228,0.012607667446984827,0.8515359446869536,False,,,,,0.21401231562244102,,,,,,,,,,,,0.664738136426795,,,,,0.2898096582077247,,,,,,,,,,,,,,,,88.0,
pre_event,pre_event[HKG40],-0.0472398198621604,88,0.9900497512437811,0.9900497512437811,-0.33357121990440003,0.2390915801800792,False,,,,,0.14608744900114265,,,,,,,,,,,,-0.0029098368940080345,,,,,-0.04681472921330536,,,,,,,,,,,,,,,,88.0,
pre_event,pre_event[FUNDING_RATE],0.13480628565955904,88,0.1890547263681592,0.9841966637401228,-0.070446472477667,0.3400590437967851,False,,,,,0.10472079496797247,,,,,,,,,,,,1.3280166566413814,,,,,-0.004264674354635332,,,,,,,,,,,,,,,,88.0,
post_pulse,after_up_pulse|fwd6,0.003921185692952411,40,0.46374464651439506,0.6268233651665119,,,False,,,,,,0.7326947175899977,39.21185692952412,,,,,,,,,,,,,,,,,,,,,,,,,,,,,,,,39.21185692952412
post_pulse,after_down_pulse|fwd6,-0.005125423547089743,48,0.5223528043054266,0.6268233651665119,,,False,,,,,,-0.6397228393453138,-51.25423547089743,,,,,,,,,,,,,,,,,,,,,,,,,,,,,,,,51.25423547089743
post_pulse,after_up_pulse|fwd24,0.016045327989767655,40,0.05153187987628132,0.15459563962884396,,,False,,,,,,1.947023812694251,160.45327989767654,,,,,,,,,,,,,,,,,,,,,,,,,,,,,,,,160.45327989767654
post_pulse,after_down_pulse|fwd24,0.00220198488016717,48,0.7457705939014239,0.7457705939014239,,,False,,,,,,0.3242211723443655,22.019848801671703,,,,,,,,,,,,,,,,,,,,,,,,,,,,,,,,-22.019848801671703
post_pulse,after_up_pulse|fwd96,0.04394960406478558,40,0.018661505248331392,0.11196903148998835,,,False,,,,,,2.3522245557848267,439.4960406478558,,,,,,,,,,,,,,,,,,,,,,,,,,,,,,,,439.4960406478558
post_pulse,after_down_pulse|fwd96,-0.008964398195827653,48,0.34567664986379,0.6268233651665119,,,False,,,,,,-0.9430083149768692,-89.64398195827653,,,,,,,,,,,,,,,,,,,,,,,,,,,,,,,,89.64398195827653
